Sale_ID,Product_ID,Customer_ID,Date,Quantity,Sale_Price,Channel,Revenue
1,200,2799,2025-05-31,5,241.01,In-Store,241.01
2,119,2596,2025-04-16,4,212.28,In-Store,212.28
3,177,2978,2025-01-09,2,246.12,In-Store,246.12
4,159,2683,2025-08-03,3,49.51,In-Store,49.51
5,190,2562,2025-04-19,2,197.23,Online,197.23
6,184,2130,2025-08-12,5,195.07,In-Store,195.07
7,137,2803,2025-11-16,5,67.81,In-Store,67.81
8,153,2368,2025-10-01,5,55.98,Online,55.98
9,162,2699,2024-04-27,2,55.58,In-Store,55.58
10,171,2685,2025-08-14,3,104.99,Online,104.99
11,137,2634,2025-12-30,2,67.81,In-Store,67.81
12,193,2721,2024-10-10,3,74.03,In-Store,74.03
13,159,2669,2025-12-10,4,49.51,In-Store,49.51
14,171,2182,2025-11-25,4,104.99,Online,104.99
15,105,2968,2025-06-20,1,57.72,Online,57.72
16,133,2139,2024-08-13,2,212.0,Online,212.0
17,134,2622,2025-11-11,1,99.74,Online,99.74
18,102,2341,2023-09-24,2,186.75,In-Store,186.75
19,168,2917,2024-06-01,2,152.68,Online,152.68
20,167,2758,2025-07-28,3,235.98,Online,235.98
21,124,2842,2025-08-03,1,112.82,In-Store,112.82
22,109,2888,2025-07-04,1,101.18,Online,101.18
23,110,2447,2025-09-30,5,73.49,In-Store,73.49
24,193,2113,2023-10-13,5,74.03,In-Store,74.03
25,143,2143,2025-10-21,1,39.04,In-Store,39.04
26,151,2292,2025-01-05,4,108.66,In-Store,108.66
27,174,2972,2024-12-10,1,139.03,Online,139.03
28,164,2667,2023-12-11,2,22.03,In-Store,22.03
29,158,2694,2023-08-30,3,126.55,Online,126.55
30,149,2559,2024-01-17,3,198.31,In-Store,198.31
31,199,2265,2024-07-11,1,37.68,Online,37.68
32,175,2282,2023-03-16,5,233.98,Online,233.98
33,120,2632,2025-06-19,1,203.21,In-Store,203.21
34,130,2638,2024-12-16,5,190.21,In-Store,190.21
35,153,2689,2023-03-29,2,55.98,In-Store,55.98
36,135,2245,2024-05-14,3,87.8,In-Store,87.8
37,106,2770,2023-11-05,1,117.81,Online,117.81
38,143,2755,2024-04-13,5,39.04,Online,39.04
39,141,2805,2024-06-25,4,232.94,In-Store,232.94
40,188,2408,2024-11-21,3,20.04,Online,20.04
41,195,2548,2023-01-25,5,93.92,Online,93.92
42,184,2733,2025-05-29,2,195.07,In-Store,195.07
43,107,2211,2024-11-09,5,177.55,In-Store,177.55
44,153,2165,2023-09-09,3,55.98,Online,55.98
45,191,2416,2024-10-06,3,217.51,In-Store,217.51
46,157,2267,2024-06-18,3,232.33,Online,232.33
47,105,2485,2025-10-24,5,57.72,Online,57.72
48,160,2635,2023-09-09,3,232.36,In-Store,232.36
49,113,2857,2025-04-02,5,56.15,Online,56.15
50,190,2013,2024-07-09,3,197.23,In-Store,197.23
51,107,2830,2022-10-23,4,177.55,In-Store,177.55
52,168,2593,2024-09-06,1,152.68,In-Store,152.68
53,193,2456,2025-08-27,5,74.03,In-Store,74.03
54,153,2635,2025-10-10,1,55.98,In-Store,55.98
55,198,2629,2025-10-25,2,105.92,In-Store,105.92
56,157,2297,2025-06-21,1,232.33,Online,232.33
57,189,2063,2024-10-28,5,60.42,Online,60.42
58,104,2067,2025-08-03,1,65.84,Online,65.84
59,181,2631,2025-12-02,2,175.0,In-Store,175.0
60,179,2577,2024-06-03,2,37.7,In-Store,37.7
61,141,2634,2025-12-23,1,232.94,Online,232.94
62,149,2510,2023-11-09,4,198.31,In-Store,198.31
63,164,2127,2024-12-16,1,22.03,Online,22.03
64,145,2320,2023-01-28,2,62.85,In-Store,62.85
65,137,2263,2025-10-09,1,67.81,Online,67.81
66,135,2839,2025-12-06,3,87.8,In-Store,87.8
67,138,2489,2024-10-25,4,185.66,In-Store,185.66
68,189,2123,2024-08-19,3,60.42,Online,60.42
69,161,2296,2025-07-01,1,177.18,Online,177.18
70,173,2689,2025-12-23,1,159.08,Online,159.08
71,180,2352,2025-08-15,1,77.62,In-Store,77.62
72,181,2889,2024-10-27,1,175.0,In-Store,175.0
73,129,2654,2025-10-28,3,216.59,Online,216.59
74,141,2621,2024-07-15,4,232.94,In-Store,232.94
75,134,2383,2025-03-27,1,99.74,In-Store,99.74
76,183,2650,2024-08-04,5,209.04,Online,209.04
77,169,2095,2023-01-24,4,167.77,In-Store,167.77
78,155,2852,2023-11-21,3,219.88,In-Store,219.88
79,155,2913,2022-09-25,5,219.88,Online,219.88
80,157,2270,2025-01-12,1,232.33,Online,232.33
81,173,2461,2025-07-31,5,159.08,In-Store,159.08
82,105,2702,2025-08-29,5,57.72,Online,57.72
83,198,2563,2024-06-05,2,105.92,In-Store,105.92
84,154,2362,2023-08-14,4,111.25,Online,111.25
85,153,2649,2022-12-15,2,55.98,Online,55.98
86,171,2418,2023-12-17,2,104.99,Online,104.99
87,177,2334,2023-05-25,5,246.12,Online,246.12
88,152,2136,2025-11-24,5,106.63,In-Store,106.63
89,123,2100,2025-08-21,1,73.57,In-Store,73.57
90,129,2170,2022-12-22,3,216.59,Online,216.59
91,161,2842,2024-08-16,5,177.18,In-Store,177.18
92,153,2678,2025-01-15,3,55.98,Online,55.98
93,200,2303,2024-03-23,1,241.01,In-Store,241.01
94,115,2113,2025-12-03,1,101.23,Online,101.23
95,197,2593,2024-11-16,4,217.44,In-Store,217.44
96,104,2212,2024-10-25,5,65.84,In-Store,65.84
97,195,2024,2025-11-16,5,93.92,Online,93.92
98,109,2830,2025-05-06,5,101.18,In-Store,101.18
99,193,2213,2025-03-31,4,74.03,Online,74.03
100,193,2689,2022-07-15,3,74.03,Online,74.03
101,181,2697,2024-01-16,4,175.0,In-Store,175.0
102,188,2152,2025-03-28,2,20.04,In-Store,20.04
103,190,2913,2025-05-12,4,197.23,In-Store,197.23
104,186,2934,2024-04-14,3,28.06,In-Store,28.06
105,106,2365,2023-08-27,2,117.81,Online,117.81
106,153,2470,2024-02-09,2,55.98,Online,55.98
107,162,2637,2025-02-10,1,55.58,Online,55.58
108,185,2712,2023-01-27,5,142.4,Online,142.4
109,195,2734,2025-12-29,5,93.92,In-Store,93.92
110,144,2055,2025-05-18,5,15.05,Online,15.05
111,173,2935,2022-04-30,5,159.08,In-Store,159.08
112,183,2427,2025-03-15,5,209.04,In-Store,209.04
113,139,2430,2025-07-29,2,168.34,In-Store,168.34
114,150,2233,2024-11-19,2,33.26,In-Store,33.26
115,186,2738,2024-09-16,4,28.06,Online,28.06
116,110,2505,2025-05-19,3,73.49,Online,73.49
117,109,2496,2025-12-22,2,101.18,Online,101.18
118,194,2231,2025-07-13,2,216.06,In-Store,216.06
119,187,2600,2023-10-22,2,149.8,Online,149.8
120,185,2559,2025-09-02,3,142.4,Online,142.4
121,147,2850,2023-06-04,4,133.4,Online,133.4
122,176,2561,2022-08-04,3,78.4,In-Store,78.4
123,141,2144,2024-06-17,1,232.94,Online,232.94
124,159,2104,2025-05-12,3,49.51,In-Store,49.51
125,124,2833,2024-10-20,4,112.82,Online,112.82
126,129,2323,2023-04-27,3,216.59,Online,216.59
127,138,2127,2025-11-22,5,185.66,In-Store,185.66
128,109,2131,2023-08-22,5,101.18,Online,101.18
129,173,2218,2024-04-14,4,159.08,In-Store,159.08
130,172,2281,2025-10-19,1,232.96,In-Store,232.96
131,185,2495,2025-05-30,2,142.4,In-Store,142.4
132,108,2551,2024-07-30,3,61.68,In-Store,61.68
133,167,2439,2025-10-16,4,235.98,Online,235.98
134,197,2882,2025-05-14,2,217.44,In-Store,217.44
135,121,2415,2024-01-08,2,60.64,Online,60.64
136,104,2978,2024-10-04,3,65.84,Online,65.84
137,154,2355,2024-11-09,2,111.25,Online,111.25
138,104,2760,2024-04-28,5,65.84,Online,65.84
139,107,2817,2025-10-18,2,177.55,In-Store,177.55
140,165,2420,2025-12-28,3,240.59,Online,240.59
141,195,2480,2025-04-25,4,93.92,In-Store,93.92
142,117,2234,2024-12-17,5,156.19,Online,156.19
143,191,2213,2025-07-06,1,217.51,Online,217.51
144,156,2801,2023-05-08,2,22.14,Online,22.14
145,190,2346,2024-10-28,5,197.23,Online,197.23
146,136,2127,2025-09-16,2,220.89,Online,220.89
147,168,2863,2023-11-24,3,152.68,Online,152.68
148,141,2207,2025-04-16,4,232.94,Online,232.94
149,160,2947,2025-12-10,3,232.36,Online,232.36
150,126,2837,2024-12-29,4,191.39,In-Store,191.39
151,194,2352,2025-01-03,2,216.06,Online,216.06
152,189,2652,2025-03-29,5,60.42,Online,60.42
153,122,2730,2025-09-12,2,167.31,In-Store,167.31
154,178,2818,2023-06-09,3,81.85,In-Store,81.85
155,178,2795,2024-12-30,5,81.85,Online,81.85
156,158,2428,2024-07-02,4,126.55,In-Store,126.55
157,169,2979,2024-11-18,1,167.77,Online,167.77
158,197,2781,2024-07-20,5,217.44,In-Store,217.44
159,104,2198,2024-09-15,5,65.84,Online,65.84
160,106,2851,2025-01-05,4,117.81,Online,117.81
161,114,2698,2025-11-25,5,195.54,Online,195.54
162,105,2543,2022-10-17,4,57.72,Online,57.72
163,117,2937,2025-12-17,5,156.19,Online,156.19
164,164,2140,2025-12-06,4,22.03,In-Store,22.03
165,170,2447,2024-12-21,1,59.02,In-Store,59.02
166,142,2786,2024-12-28,4,248.84,In-Store,248.84
167,199,2849,2024-08-28,5,37.68,Online,37.68
168,184,2303,2025-04-18,2,195.07,In-Store,195.07
169,193,2098,2025-06-21,2,74.03,Online,74.03
170,187,2544,2024-05-11,5,149.8,In-Store,149.8
171,110,2255,2024-08-17,2,73.49,Online,73.49
172,161,2766,2025-09-11,1,177.18,Online,177.18
173,143,2659,2024-11-04,1,39.04,In-Store,39.04
174,151,2638,2024-10-02,3,108.66,In-Store,108.66
175,180,2936,2025-01-25,1,77.62,Online,77.62
176,184,2276,2025-08-29,5,195.07,In-Store,195.07
177,126,2731,2024-10-01,5,191.39,In-Store,191.39
178,128,2490,2025-01-04,3,101.59,In-Store,101.59
179,114,2388,2025-04-30,2,195.54,In-Store,195.54
180,104,2088,2025-10-07,5,65.84,In-Store,65.84
181,194,2131,2023-03-02,3,216.06,In-Store,216.06
182,118,2900,2023-07-26,3,120.94,In-Store,120.94
183,164,2302,2024-12-19,2,22.03,Online,22.03
184,151,2966,2024-10-09,4,108.66,Online,108.66
185,127,2524,2022-10-13,2,200.1,In-Store,200.1
186,140,2359,2025-01-01,5,136.64,Online,136.64
187,170,2671,2023-09-13,4,59.02,Online,59.02
188,170,2292,2023-05-09,2,59.02,In-Store,59.02
189,173,2560,2025-07-16,4,159.08,Online,159.08
190,105,2492,2024-07-21,3,57.72,Online,57.72
191,119,2368,2025-04-09,1,212.28,Online,212.28
192,129,2926,2025-03-23,4,216.59,In-Store,216.59
193,145,2206,2023-06-26,2,62.85,In-Store,62.85
194,133,2199,2025-04-22,1,212.0,Online,212.0
195,147,2883,2025-05-31,3,133.4,Online,133.4
196,155,2020,2024-06-01,5,219.88,Online,219.88
197,109,2568,2023-09-26,1,101.18,In-Store,101.18
198,171,2904,2024-09-05,1,104.99,Online,104.99
199,177,2166,2023-11-09,3,246.12,In-Store,246.12
200,183,2278,2024-04-18,4,209.04,In-Store,209.04
201,160,2223,2025-08-28,2,232.36,Online,232.36
202,172,2186,2024-05-28,1,232.96,In-Store,232.96
203,134,2592,2025-06-12,5,99.74,In-Store,99.74
204,116,2608,2025-05-06,3,98.84,Online,98.84
205,114,2357,2023-11-22,4,195.54,In-Store,195.54
206,106,2330,2025-09-14,1,117.81,In-Store,117.81
207,180,2827,2023-05-25,4,77.62,Online,77.62
208,152,2185,2025-10-17,1,106.63,In-Store,106.63
209,142,2010,2025-04-24,1,248.84,In-Store,248.84
210,158,2321,2025-10-17,5,126.55,In-Store,126.55
211,132,2372,2025-07-28,4,243.25,In-Store,243.25
212,165,2445,2025-06-24,4,240.59,Online,240.59
213,183,2076,2025-06-21,3,209.04,In-Store,209.04
214,191,2108,2025-03-03,4,217.51,Online,217.51
215,153,2132,2025-08-04,1,55.98,In-Store,55.98
216,163,2016,2022-11-08,4,186.58,Online,186.58
217,144,2955,2023-11-06,3,15.05,In-Store,15.05
218,106,2822,2025-05-05,5,117.81,Online,117.81
219,112,2889,2025-05-18,3,80.36,Online,80.36
220,101,2780,2023-10-11,1,187.97,In-Store,187.97
221,177,2686,2025-11-28,3,246.12,Online,246.12
222,156,2446,2025-10-16,2,22.14,In-Store,22.14
223,200,2520,2025-05-30,3,241.01,Online,241.01
224,139,2518,2025-10-08,5,168.34,In-Store,168.34
225,169,2137,2023-11-02,2,167.77,In-Store,167.77
226,133,2822,2024-11-29,2,212.0,Online,212.0
227,140,2266,2025-10-23,3,136.64,Online,136.64
228,130,2021,2024-10-17,2,190.21,Online,190.21
229,181,2438,2025-02-27,2,175.0,Online,175.0
230,127,2901,2023-10-16,1,200.1,In-Store,200.1
231,166,2070,2025-11-05,1,152.81,Online,152.81
232,163,2374,2025-08-20,4,186.58,In-Store,186.58
233,174,2525,2024-12-15,3,139.03,In-Store,139.03
234,150,2839,2025-11-29,5,33.26,In-Store,33.26
235,122,2028,2025-05-08,2,167.31,In-Store,167.31
236,186,2824,2025-03-30,2,28.06,Online,28.06
237,103,2381,2022-09-19,5,111.26,In-Store,111.26
238,160,2905,2025-09-11,5,232.36,Online,232.36
239,128,2259,2025-05-24,3,101.59,In-Store,101.59
240,108,2953,2023-07-19,4,61.68,Online,61.68
241,123,2259,2025-12-11,5,73.57,In-Store,73.57
242,160,2347,2024-10-14,1,232.36,Online,232.36
243,139,2892,2025-08-01,2,168.34,In-Store,168.34
244,132,2589,2025-07-30,1,243.25,In-Store,243.25
245,150,2245,2025-05-14,5,33.26,In-Store,33.26
246,128,2558,2024-12-05,5,101.59,In-Store,101.59
247,122,2531,2024-02-17,3,167.31,In-Store,167.31
248,110,2273,2024-10-12,3,73.49,Online,73.49
249,103,2043,2025-09-21,4,111.26,Online,111.26
250,122,2420,2025-06-10,3,167.31,In-Store,167.31
251,179,2430,2025-11-09,4,37.7,In-Store,37.7
252,123,2315,2025-01-15,2,73.57,Online,73.57
253,130,2589,2025-07-27,2,190.21,Online,190.21
254,103,2693,2025-02-14,2,111.26,In-Store,111.26
255,111,2175,2025-01-16,2,243.55,Online,243.55
256,174,2501,2024-10-18,4,139.03,Online,139.03
257,150,2865,2023-10-29,4,33.26,In-Store,33.26
258,180,2450,2024-11-15,5,77.62,In-Store,77.62
259,143,2962,2025-09-22,4,39.04,In-Store,39.04
260,147,2209,2024-02-09,5,133.4,Online,133.4
261,120,2804,2024-07-25,1,203.21,Online,203.21
262,130,2532,2022-11-20,2,190.21,In-Store,190.21
263,176,2692,2024-09-18,1,78.4,In-Store,78.4
264,187,2609,2025-06-15,3,149.8,In-Store,149.8
265,172,2957,2024-09-01,5,232.96,In-Store,232.96
266,119,2916,2025-07-13,1,212.28,In-Store,212.28
267,105,2730,2023-02-10,3,57.72,Online,57.72
268,177,2813,2025-03-30,5,246.12,Online,246.12
269,104,2328,2024-05-26,3,65.84,In-Store,65.84
270,159,2214,2025-03-21,4,49.51,In-Store,49.51
271,182,2520,2025-01-30,4,227.28,In-Store,227.28
272,193,2789,2024-10-24,2,74.03,Online,74.03
273,117,2045,2025-09-28,3,156.19,In-Store,156.19
274,159,2017,2025-02-01,5,49.51,In-Store,49.51
275,110,2270,2024-12-16,1,73.49,Online,73.49
276,196,2140,2025-04-29,2,168.41,In-Store,168.41
277,168,2892,2024-07-31,3,152.68,In-Store,152.68
278,144,2804,2025-09-22,4,15.05,In-Store,15.05
279,193,2235,2024-12-30,3,74.03,In-Store,74.03
280,140,2269,2024-09-30,2,136.64,Online,136.64
281,132,2155,2022-07-07,2,243.25,Online,243.25
282,108,2117,2025-07-25,3,61.68,Online,61.68
283,116,2706,2025-03-13,2,98.84,In-Store,98.84
284,181,2698,2023-07-01,1,175.0,Online,175.0
285,159,2509,2025-06-27,5,49.51,Online,49.51
286,140,2956,2023-09-14,4,136.64,Online,136.64
287,103,2150,2023-05-23,3,111.26,Online,111.26
288,189,2422,2025-01-11,4,60.42,In-Store,60.42
289,153,2751,2024-06-08,2,55.98,In-Store,55.98
290,183,2644,2025-06-02,2,209.04,Online,209.04
291,110,2698,2025-11-15,2,73.49,Online,73.49
292,152,2190,2022-05-03,3,106.63,In-Store,106.63
293,138,2362,2025-02-06,4,185.66,In-Store,185.66
294,154,2925,2025-08-18,4,111.25,Online,111.25
295,199,2696,2025-08-19,5,37.68,Online,37.68
296,148,2068,2025-02-28,5,139.42,In-Store,139.42
297,131,2191,2025-01-04,5,114.34,In-Store,114.34
298,109,2335,2025-07-08,5,101.18,In-Store,101.18
299,154,2942,2024-01-01,4,111.25,Online,111.25
300,148,2618,2025-12-07,1,139.42,In-Store,139.42
301,114,2109,2024-07-10,3,195.54,In-Store,195.54
302,135,2855,2023-11-01,2,87.8,In-Store,87.8
303,199,2514,2024-10-17,1,37.68,Online,37.68
304,102,2349,2025-05-06,3,186.75,In-Store,186.75
305,153,2757,2025-05-07,1,55.98,In-Store,55.98
306,155,2556,2025-02-16,3,219.88,Online,219.88
307,140,2401,2025-12-17,4,136.64,In-Store,136.64
308,120,2015,2025-06-28,2,203.21,Online,203.21
309,163,2185,2025-10-06,3,186.58,Online,186.58
310,119,2903,2024-05-26,5,212.28,In-Store,212.28
311,151,2182,2024-07-19,2,108.66,Online,108.66
312,123,2548,2025-08-28,4,73.57,In-Store,73.57
313,158,2558,2024-12-22,3,126.55,Online,126.55
314,111,2615,2024-12-16,2,243.55,In-Store,243.55
315,184,2856,2025-01-09,5,195.07,In-Store,195.07
316,142,2981,2024-05-31,2,248.84,Online,248.84
317,169,2065,2023-11-18,2,167.77,In-Store,167.77
318,142,2829,2023-02-21,4,248.84,In-Store,248.84
319,116,2668,2024-04-25,5,98.84,In-Store,98.84
320,176,2490,2023-12-15,3,78.4,Online,78.4
321,143,2888,2023-10-28,1,39.04,Online,39.04
322,153,2776,2023-05-28,1,55.98,In-Store,55.98
323,155,2677,2025-05-16,2,219.88,In-Store,219.88
324,131,2314,2024-07-17,2,114.34,Online,114.34
325,103,2992,2023-11-06,1,111.26,In-Store,111.26
326,200,2452,2023-10-30,3,241.01,In-Store,241.01
327,167,2241,2024-10-04,4,235.98,In-Store,235.98
328,111,2348,2025-06-09,1,243.55,In-Store,243.55
329,186,2043,2023-05-18,2,28.06,Online,28.06
330,131,2881,2025-03-31,4,114.34,Online,114.34
331,146,2726,2025-07-18,4,26.18,Online,26.18
332,115,2623,2023-08-16,3,101.23,In-Store,101.23
333,179,2291,2024-03-14,1,37.7,Online,37.7
334,134,2589,2025-04-21,4,99.74,Online,99.74
335,168,2062,2025-11-14,1,152.68,Online,152.68
336,166,2787,2024-09-09,1,152.81,Online,152.81
337,144,2126,2025-12-01,4,15.05,In-Store,15.05
338,143,2845,2024-05-09,2,39.04,Online,39.04
339,194,2109,2025-11-17,5,216.06,Online,216.06
340,189,2151,2024-12-26,4,60.42,In-Store,60.42
341,129,2123,2023-04-27,3,216.59,Online,216.59
342,127,2245,2024-12-18,1,200.1,Online,200.1
343,130,2931,2025-10-21,4,190.21,In-Store,190.21
344,131,2333,2023-06-19,2,114.34,In-Store,114.34
345,167,2565,2023-06-25,4,235.98,Online,235.98
346,140,2118,2023-01-25,1,136.64,In-Store,136.64
347,154,2608,2024-10-21,3,111.25,Online,111.25
348,176,2472,2024-11-05,2,78.4,In-Store,78.4
349,191,2282,2022-09-29,5,217.51,In-Store,217.51
350,171,2901,2025-08-01,1,104.99,Online,104.99
351,167,2392,2024-06-13,2,235.98,Online,235.98
352,175,2372,2023-12-24,4,233.98,Online,233.98
353,114,2230,2024-04-18,5,195.54,In-Store,195.54
354,138,2911,2025-02-13,2,185.66,Online,185.66
355,103,2009,2025-08-03,4,111.26,In-Store,111.26
356,164,2401,2025-11-25,2,22.03,In-Store,22.03
357,166,2954,2023-10-09,4,152.81,In-Store,152.81
358,124,2173,2025-03-06,3,112.82,In-Store,112.82
359,138,2585,2023-02-18,5,185.66,Online,185.66
360,141,2036,2025-05-17,3,232.94,In-Store,232.94
361,187,2849,2025-09-23,4,149.8,In-Store,149.8
362,165,2774,2025-10-07,5,240.59,Online,240.59
363,113,2412,2022-06-07,5,56.15,Online,56.15
364,135,2323,2024-06-20,3,87.8,In-Store,87.8
365,111,2738,2025-11-07,3,243.55,In-Store,243.55
366,138,2774,2024-02-02,5,185.66,In-Store,185.66
367,154,2879,2025-11-10,2,111.25,Online,111.25
368,180,2522,2025-12-01,3,77.62,Online,77.62
369,107,2690,2024-12-29,1,177.55,In-Store,177.55
370,166,2531,2023-12-31,5,152.81,In-Store,152.81
371,131,2548,2025-02-16,2,114.34,In-Store,114.34
372,135,2668,2024-06-16,4,87.8,In-Store,87.8
373,154,2947,2025-02-01,1,111.25,Online,111.25
374,171,2560,2023-12-24,2,104.99,Online,104.99
375,197,2652,2023-02-11,2,217.44,Online,217.44
376,128,2489,2025-02-02,2,101.59,Online,101.59
377,161,2821,2022-03-09,5,177.18,In-Store,177.18
378,145,2482,2025-11-14,4,62.85,In-Store,62.85
379,139,2855,2022-08-26,3,168.34,Online,168.34
380,173,2308,2024-09-01,1,159.08,Online,159.08
381,171,2640,2025-09-21,1,104.99,In-Store,104.99
382,144,2504,2024-07-09,3,15.05,In-Store,15.05
383,191,2037,2025-05-22,1,217.51,In-Store,217.51
384,178,2273,2025-10-28,1,81.85,Online,81.85
385,179,2465,2024-05-02,1,37.7,Online,37.7
386,122,2494,2025-01-23,1,167.31,Online,167.31
387,144,2301,2025-12-20,2,15.05,In-Store,15.05
388,168,2378,2024-04-07,2,152.68,Online,152.68
389,160,2538,2024-12-22,2,232.36,In-Store,232.36
390,113,2664,2022-12-04,5,56.15,In-Store,56.15
391,173,2987,2025-10-27,4,159.08,Online,159.08
392,115,2321,2023-09-18,2,101.23,In-Store,101.23
393,117,2645,2025-07-25,3,156.19,Online,156.19
394,156,2147,2025-08-19,5,22.14,In-Store,22.14
395,195,2141,2024-08-29,3,93.92,In-Store,93.92
396,131,2552,2025-02-28,4,114.34,In-Store,114.34
397,122,2174,2025-12-10,3,167.31,Online,167.31
398,142,2928,2025-11-18,5,248.84,Online,248.84
399,128,2911,2024-10-06,5,101.59,In-Store,101.59
400,123,2323,2024-03-20,4,73.57,In-Store,73.57
401,162,2605,2024-08-12,1,55.58,Online,55.58
402,200,2378,2024-07-13,5,241.01,Online,241.01
403,182,2210,2025-01-17,2,227.28,In-Store,227.28
404,110,2172,2023-09-03,3,73.49,Online,73.49
405,170,2930,2024-04-09,3,59.02,Online,59.02
406,157,2037,2025-02-16,5,232.33,Online,232.33
407,116,2464,2024-12-16,1,98.84,In-Store,98.84
408,156,2351,2024-07-27,2,22.14,Online,22.14
409,154,2850,2023-09-06,3,111.25,Online,111.25
410,186,2520,2025-04-19,3,28.06,In-Store,28.06
411,200,2517,2024-05-14,5,241.01,In-Store,241.01
412,145,2062,2025-08-20,2,62.85,Online,62.85
413,128,2906,2024-07-15,4,101.59,Online,101.59
414,196,2535,2025-07-21,5,168.41,Online,168.41
415,171,2215,2025-09-17,3,104.99,Online,104.99
416,149,2024,2025-12-05,5,198.31,In-Store,198.31
417,181,2911,2023-02-06,1,175.0,In-Store,175.0
418,191,2105,2024-08-04,4,217.51,In-Store,217.51
419,193,2788,2025-12-07,1,74.03,Online,74.03
420,108,2488,2025-12-25,5,61.68,Online,61.68
421,175,2204,2025-09-03,4,233.98,Online,233.98
422,112,2985,2024-02-08,5,80.36,Online,80.36
423,127,2458,2024-09-10,5,200.1,Online,200.1
424,154,2806,2024-12-17,5,111.25,Online,111.25
425,172,2395,2024-02-14,1,232.96,In-Store,232.96
426,174,2634,2024-11-06,5,139.03,Online,139.03
427,189,2284,2025-02-23,4,60.42,In-Store,60.42
428,149,2846,2025-06-04,2,198.31,Online,198.31
429,160,2702,2025-02-04,1,232.36,In-Store,232.36
430,113,2136,2025-07-04,1,56.15,In-Store,56.15
431,159,2809,2025-03-08,1,49.51,In-Store,49.51
432,130,2587,2025-08-16,4,190.21,Online,190.21
433,133,2474,2024-05-24,4,212.0,Online,212.0
434,199,2764,2025-11-25,4,37.68,Online,37.68
435,186,2974,2025-10-26,2,28.06,Online,28.06
436,106,2031,2023-10-21,3,117.81,In-Store,117.81
437,106,2515,2025-01-16,5,117.81,Online,117.81
438,112,2646,2023-08-08,4,80.36,In-Store,80.36
439,190,2204,2024-03-02,3,197.23,Online,197.23
440,153,2294,2025-02-04,3,55.98,Online,55.98
441,127,2445,2025-10-08,3,200.1,Online,200.1
442,192,2865,2024-04-24,5,53.05,In-Store,53.05
443,101,2767,2025-08-02,2,187.97,In-Store,187.97
444,171,2571,2024-05-07,2,104.99,Online,104.99
445,198,2761,2024-09-15,2,105.92,Online,105.92
446,159,2234,2024-09-08,1,49.51,Online,49.51
447,191,2536,2024-10-03,3,217.51,Online,217.51
448,148,2599,2024-08-05,1,139.42,In-Store,139.42
449,174,2781,2025-03-30,4,139.03,Online,139.03
450,111,2463,2024-07-10,2,243.55,Online,243.55
451,134,2599,2024-03-15,5,99.74,In-Store,99.74
452,169,2972,2024-12-06,4,167.77,Online,167.77
453,139,2432,2025-11-29,1,168.34,In-Store,168.34
454,138,2577,2025-10-06,5,185.66,Online,185.66
455,106,2101,2024-08-13,2,117.81,Online,117.81
456,138,2981,2023-09-10,2,185.66,In-Store,185.66
457,125,2583,2022-06-11,4,62.64,Online,62.64
458,138,2871,2024-08-30,4,185.66,In-Store,185.66
459,152,2093,2025-12-27,3,106.63,Online,106.63
460,173,2724,2023-02-03,3,159.08,In-Store,159.08
461,188,2072,2024-08-20,4,20.04,Online,20.04
462,146,2582,2025-05-27,4,26.18,Online,26.18
463,142,2882,2024-06-25,2,248.84,In-Store,248.84
464,116,2057,2025-04-26,1,98.84,Online,98.84
465,112,2979,2025-03-16,5,80.36,In-Store,80.36
466,116,2710,2023-12-09,4,98.84,In-Store,98.84
467,191,2098,2024-07-28,1,217.51,In-Store,217.51
468,181,2835,2025-09-17,3,175.0,In-Store,175.0
469,115,2296,2025-10-30,3,101.23,Online,101.23
470,177,2790,2025-12-20,5,246.12,In-Store,246.12
471,184,2960,2022-11-13,3,195.07,In-Store,195.07
472,133,2325,2022-06-07,5,212.0,In-Store,212.0
473,136,2726,2025-02-05,2,220.89,In-Store,220.89
474,131,2243,2025-05-07,2,114.34,Online,114.34
475,138,2079,2025-05-30,4,185.66,Online,185.66
476,133,2020,2025-06-29,2,212.0,Online,212.0
477,199,2452,2025-01-01,3,37.68,In-Store,37.68
478,172,2475,2025-03-07,5,232.96,Online,232.96
479,117,2607,2023-12-30,2,156.19,Online,156.19
480,157,2909,2024-02-09,3,232.33,Online,232.33
481,160,2455,2025-01-21,2,232.36,Online,232.36
482,180,2715,2025-02-14,1,77.62,Online,77.62
483,199,2236,2025-02-07,3,37.68,Online,37.68
484,145,2758,2025-09-03,1,62.85,In-Store,62.85
485,119,2907,2025-05-06,4,212.28,In-Store,212.28
486,159,2943,2025-01-18,3,49.51,Online,49.51
487,117,2459,2025-06-26,2,156.19,Online,156.19
488,121,2569,2024-04-22,2,60.64,Online,60.64
489,106,2676,2025-04-26,5,117.81,Online,117.81
490,117,2975,2024-03-24,2,156.19,Online,156.19
491,167,2263,2024-08-28,1,235.98,In-Store,235.98
492,123,2534,2023-01-03,5,73.57,In-Store,73.57
493,176,2470,2024-08-18,2,78.4,In-Store,78.4
494,165,2527,2025-05-31,4,240.59,Online,240.59
495,132,2749,2022-12-21,2,243.25,Online,243.25
496,119,2963,2023-02-12,4,212.28,Online,212.28
497,196,2416,2024-12-03,4,168.41,Online,168.41
498,195,2596,2025-12-16,2,93.92,Online,93.92
499,121,2075,2023-07-16,2,60.64,In-Store,60.64
500,126,2838,2025-11-27,3,191.39,In-Store,191.39
501,108,2773,2025-09-25,2,61.68,In-Store,61.68
502,132,2655,2025-05-06,1,243.25,In-Store,243.25
503,157,2542,2024-01-31,4,232.33,Online,232.33
504,182,2662,2025-06-05,1,227.28,In-Store,227.28
505,159,2231,2025-05-15,1,49.51,Online,49.51
506,115,2895,2025-04-07,5,101.23,In-Store,101.23
507,194,2732,2023-02-26,5,216.06,In-Store,216.06
508,157,2168,2025-10-28,1,232.33,Online,232.33
509,197,2211,2024-02-25,4,217.44,In-Store,217.44
510,124,2321,2024-06-26,3,112.82,In-Store,112.82
511,121,2806,2024-07-06,4,60.64,In-Store,60.64
512,114,2541,2023-02-02,5,195.54,Online,195.54
513,184,2050,2024-09-15,4,195.07,Online,195.07
514,114,2258,2025-07-13,1,195.54,Online,195.54
515,146,2162,2023-09-28,4,26.18,In-Store,26.18
516,147,2607,2024-04-28,4,133.4,Online,133.4
517,178,2291,2024-09-01,4,81.85,Online,81.85
518,194,2755,2025-01-09,1,216.06,In-Store,216.06
519,194,2682,2025-06-26,2,216.06,Online,216.06
520,180,2407,2025-01-05,1,77.62,In-Store,77.62
521,141,2275,2025-08-03,3,232.94,Online,232.94
522,199,2333,2024-11-21,4,37.68,Online,37.68
523,122,2555,2024-06-04,5,167.31,In-Store,167.31
524,167,2615,2022-11-02,2,235.98,In-Store,235.98
525,142,2508,2024-10-20,2,248.84,Online,248.84
526,200,2445,2025-11-27,2,241.01,Online,241.01
527,171,2571,2024-05-14,4,104.99,In-Store,104.99
528,161,2861,2024-10-17,4,177.18,In-Store,177.18
529,108,2052,2025-09-26,2,61.68,Online,61.68
530,112,2949,2024-12-19,2,80.36,Online,80.36
531,168,2105,2025-05-12,3,152.68,Online,152.68
532,153,2532,2025-02-14,4,55.98,In-Store,55.98
533,142,2961,2025-09-08,1,248.84,In-Store,248.84
534,117,2513,2024-04-25,2,156.19,In-Store,156.19
535,156,2442,2025-05-08,4,22.14,In-Store,22.14
536,186,2199,2024-04-19,5,28.06,Online,28.06
537,142,2387,2025-04-02,5,248.84,In-Store,248.84
538,132,2641,2025-12-13,5,243.25,Online,243.25
539,145,2064,2024-07-26,2,62.85,Online,62.85
540,166,2819,2022-05-16,3,152.81,Online,152.81
541,153,2824,2024-11-21,1,55.98,In-Store,55.98
542,127,2327,2023-12-13,1,200.1,Online,200.1
543,171,2020,2024-08-17,4,104.99,Online,104.99
544,153,2546,2025-01-03,3,55.98,Online,55.98
545,105,2354,2025-10-13,5,57.72,In-Store,57.72
546,131,2672,2024-06-03,1,114.34,In-Store,114.34
547,144,2408,2025-03-29,3,15.05,In-Store,15.05
548,141,2296,2025-01-17,4,232.94,Online,232.94
549,159,2585,2023-09-17,4,49.51,Online,49.51
550,130,2359,2024-05-24,3,190.21,In-Store,190.21
551,176,2945,2025-08-13,4,78.4,Online,78.4
552,184,2953,2023-09-28,5,195.07,Online,195.07
553,153,2876,2023-09-10,5,55.98,Online,55.98
554,187,2612,2025-03-10,5,149.8,In-Store,149.8
555,190,2795,2024-07-10,5,197.23,In-Store,197.23
556,149,2080,2025-05-04,5,198.31,In-Store,198.31
557,187,2700,2024-11-04,5,149.8,In-Store,149.8
558,125,2805,2025-09-16,4,62.64,In-Store,62.64
559,112,2932,2023-10-05,5,80.36,Online,80.36
560,159,2506,2023-10-25,2,49.51,Online,49.51
561,152,2569,2024-04-09,1,106.63,In-Store,106.63
562,171,2367,2024-10-30,2,104.99,In-Store,104.99
563,169,2509,2025-05-27,1,167.77,In-Store,167.77
564,164,2741,2024-03-26,5,22.03,Online,22.03
565,145,2241,2023-01-28,2,62.85,In-Store,62.85
566,180,2933,2024-06-25,1,77.62,In-Store,77.62
567,116,2073,2024-05-29,5,98.84,In-Store,98.84
568,179,2982,2022-03-27,1,37.7,In-Store,37.7
569,182,2118,2024-12-06,4,227.28,Online,227.28
570,187,2566,2024-03-02,2,149.8,In-Store,149.8
571,147,2266,2025-09-13,3,133.4,In-Store,133.4
572,154,2534,2024-11-30,1,111.25,Online,111.25
573,158,2353,2025-09-27,2,126.55,In-Store,126.55
574,114,2404,2025-04-17,3,195.54,In-Store,195.54
575,146,2161,2025-06-20,1,26.18,In-Store,26.18
576,107,2057,2025-04-30,3,177.55,Online,177.55
577,134,2864,2024-11-01,5,99.74,In-Store,99.74
578,170,2499,2024-09-11,1,59.02,Online,59.02
579,186,2054,2024-04-12,1,28.06,In-Store,28.06
580,142,2821,2024-02-10,5,248.84,Online,248.84
581,127,2159,2025-07-07,5,200.1,In-Store,200.1
582,145,2235,2024-04-10,5,62.85,Online,62.85
583,188,2158,2025-11-15,3,20.04,In-Store,20.04
584,101,2729,2024-06-30,3,187.97,In-Store,187.97
585,190,2936,2024-04-18,4,197.23,Online,197.23
586,110,2905,2025-02-05,4,73.49,In-Store,73.49
587,111,2230,2023-09-25,5,243.55,In-Store,243.55
588,190,2481,2023-06-10,1,197.23,In-Store,197.23
589,186,2001,2022-06-04,2,28.06,Online,28.06
590,136,2242,2025-03-18,5,220.89,Online,220.89
591,158,2470,2025-03-29,5,126.55,Online,126.55
592,122,2367,2025-01-12,3,167.31,In-Store,167.31
593,108,2914,2025-09-23,5,61.68,In-Store,61.68
594,142,2208,2023-11-07,2,248.84,Online,248.84
595,150,2785,2025-05-21,2,33.26,Online,33.26
596,183,2248,2022-06-25,4,209.04,In-Store,209.04
597,143,2238,2025-07-10,1,39.04,Online,39.04
598,109,2655,2025-03-19,1,101.18,Online,101.18
599,159,2278,2024-03-08,4,49.51,Online,49.51
600,127,2799,2024-01-08,5,200.1,In-Store,200.1
601,141,2248,2022-05-28,5,232.94,In-Store,232.94
602,138,2745,2025-06-30,2,185.66,In-Store,185.66
603,114,2171,2024-07-29,2,195.54,In-Store,195.54
604,173,2405,2025-02-13,5,159.08,In-Store,159.08
605,198,2283,2025-10-01,4,105.92,Online,105.92
606,134,2590,2025-03-15,2,99.74,Online,99.74
607,175,2251,2025-04-04,1,233.98,Online,233.98
608,143,2292,2025-12-24,5,39.04,Online,39.04
609,183,2610,2024-10-28,5,209.04,In-Store,209.04
610,170,2393,2024-12-19,3,59.02,Online,59.02
611,164,2493,2023-12-05,5,22.03,Online,22.03
612,164,2113,2023-05-30,1,22.03,In-Store,22.03
613,193,2505,2025-01-20,5,74.03,In-Store,74.03
614,121,2404,2022-07-26,2,60.64,Online,60.64
615,129,2915,2025-05-30,1,216.59,Online,216.59
616,142,2632,2025-06-25,1,248.84,Online,248.84
617,192,2843,2024-09-02,4,53.05,Online,53.05
618,131,2791,2025-08-19,5,114.34,In-Store,114.34
619,159,2827,2025-11-14,3,49.51,In-Store,49.51
620,146,2490,2024-05-11,2,26.18,Online,26.18
621,156,2641,2025-01-31,5,22.14,Online,22.14
622,160,2779,2024-09-09,4,232.36,Online,232.36
623,137,2156,2025-01-23,3,67.81,In-Store,67.81
624,185,2206,2025-10-19,2,142.4,Online,142.4
625,158,2526,2024-02-07,5,126.55,In-Store,126.55
626,157,2187,2024-09-24,4,232.33,Online,232.33
627,136,2658,2025-03-09,3,220.89,In-Store,220.89
628,189,2788,2025-05-09,4,60.42,Online,60.42
629,169,2133,2024-06-20,4,167.77,Online,167.77
630,126,2481,2024-06-05,4,191.39,In-Store,191.39
631,194,2211,2025-09-15,2,216.06,In-Store,216.06
632,152,2800,2024-06-16,5,106.63,Online,106.63
633,194,2244,2025-01-07,1,216.06,In-Store,216.06
634,171,2704,2023-01-27,3,104.99,Online,104.99
635,152,2913,2024-05-13,5,106.63,In-Store,106.63
636,148,2547,2025-04-09,5,139.42,In-Store,139.42
637,116,2994,2024-05-28,5,98.84,Online,98.84
638,192,2754,2025-09-06,2,53.05,In-Store,53.05
639,117,2695,2024-09-22,1,156.19,In-Store,156.19
640,113,2059,2023-12-12,5,56.15,In-Store,56.15
641,108,2570,2025-07-02,4,61.68,In-Store,61.68
642,106,2057,2025-04-09,2,117.81,Online,117.81
643,113,2644,2024-05-24,5,56.15,In-Store,56.15
644,131,2331,2025-02-09,5,114.34,In-Store,114.34
645,138,2629,2024-03-18,5,185.66,Online,185.66
646,121,2003,2025-07-24,2,60.64,In-Store,60.64
647,103,2597,2024-12-07,1,111.26,Online,111.26
648,144,2925,2025-10-06,4,15.05,In-Store,15.05
649,134,2282,2025-01-01,1,99.74,Online,99.74
650,113,2565,2024-01-11,2,56.15,Online,56.15
651,113,2767,2025-12-17,2,56.15,Online,56.15
652,200,2037,2025-08-16,5,241.01,In-Store,241.01
653,148,2451,2024-08-12,5,139.42,In-Store,139.42
654,171,2940,2025-01-14,2,104.99,In-Store,104.99
655,106,2378,2024-07-28,5,117.81,In-Store,117.81
656,150,2269,2024-11-12,3,33.26,Online,33.26
657,129,2011,2023-01-08,5,216.59,In-Store,216.59
658,174,2072,2024-05-06,3,139.03,Online,139.03
659,176,2222,2024-11-09,5,78.4,Online,78.4
660,165,2759,2023-10-31,5,240.59,In-Store,240.59
661,177,2819,2022-09-05,3,246.12,Online,246.12
662,109,2821,2023-04-29,4,101.18,In-Store,101.18
663,189,2659,2025-02-20,3,60.42,In-Store,60.42
664,136,2587,2025-06-28,4,220.89,In-Store,220.89
665,133,2787,2025-03-01,2,212.0,Online,212.0
666,118,2032,2025-02-14,2,120.94,Online,120.94
667,169,2171,2025-07-27,4,167.77,In-Store,167.77
668,188,2184,2024-10-05,2,20.04,In-Store,20.04
669,182,2042,2025-10-06,2,227.28,Online,227.28
670,190,2661,2022-09-21,1,197.23,Online,197.23
671,115,2418,2023-05-08,4,101.23,In-Store,101.23
672,152,2859,2024-09-14,1,106.63,Online,106.63
673,174,2055,2025-01-08,4,139.03,In-Store,139.03
674,104,2737,2025-07-17,5,65.84,Online,65.84
675,103,2052,2024-10-09,5,111.26,In-Store,111.26
676,145,2595,2025-09-05,4,62.85,In-Store,62.85
677,155,2827,2024-05-28,2,219.88,Online,219.88
678,181,2334,2024-10-04,5,175.0,Online,175.0
679,168,2994,2025-11-11,2,152.68,In-Store,152.68
680,183,2528,2025-06-13,5,209.04,In-Store,209.04
681,189,2910,2023-07-22,1,60.42,In-Store,60.42
682,119,2778,2024-04-21,1,212.28,In-Store,212.28
683,129,2996,2024-10-14,2,216.59,In-Store,216.59
684,196,2980,2025-01-28,5,168.41,Online,168.41
685,135,2734,2025-08-02,5,87.8,Online,87.8
686,151,2342,2024-12-02,4,108.66,Online,108.66
687,106,2507,2025-10-19,5,117.81,In-Store,117.81
688,101,2105,2025-05-02,1,187.97,In-Store,187.97
689,178,2942,2025-01-19,1,81.85,In-Store,81.85
690,117,2036,2025-04-01,5,156.19,In-Store,156.19
691,137,2061,2025-10-16,3,67.81,In-Store,67.81
692,122,2800,2024-06-25,3,167.31,In-Store,167.31
693,178,2677,2025-03-25,1,81.85,In-Store,81.85
694,126,2121,2025-09-30,3,191.39,Online,191.39
695,141,2471,2025-07-30,4,232.94,Online,232.94
696,115,2820,2025-08-04,1,101.23,In-Store,101.23
697,130,2217,2025-12-15,5,190.21,Online,190.21
698,153,2637,2025-02-22,4,55.98,Online,55.98
699,154,2664,2023-01-16,5,111.25,Online,111.25
700,186,2051,2025-08-23,3,28.06,In-Store,28.06
701,147,2924,2022-12-15,5,133.4,In-Store,133.4
702,114,2133,2025-01-21,3,195.54,Online,195.54
703,200,2524,2022-11-05,5,241.01,Online,241.01
704,145,2085,2025-12-27,5,62.85,Online,62.85
705,184,2867,2025-08-03,4,195.07,In-Store,195.07
706,114,2829,2023-07-04,3,195.54,Online,195.54
707,152,2768,2024-10-01,2,106.63,Online,106.63
708,142,2072,2024-12-13,1,248.84,Online,248.84
709,141,2887,2025-05-22,2,232.94,In-Store,232.94
710,139,2946,2025-11-05,4,168.34,In-Store,168.34
711,176,2634,2023-09-08,4,78.4,Online,78.4
712,138,2532,2023-09-25,5,185.66,In-Store,185.66
713,146,2804,2022-08-21,3,26.18,Online,26.18
714,147,2210,2022-06-09,2,133.4,In-Store,133.4
715,116,2702,2025-04-09,4,98.84,In-Store,98.84
716,168,2172,2024-12-27,5,152.68,Online,152.68
717,197,2393,2025-04-23,4,217.44,In-Store,217.44
718,194,2538,2024-02-11,2,216.06,In-Store,216.06
719,117,2788,2024-09-25,3,156.19,In-Store,156.19
720,161,2404,2024-06-04,3,177.18,Online,177.18
721,110,2183,2024-03-03,5,73.49,In-Store,73.49
722,145,2216,2025-06-06,5,62.85,In-Store,62.85
723,150,2878,2024-12-29,3,33.26,In-Store,33.26
724,143,2487,2023-04-17,3,39.04,In-Store,39.04
725,152,2514,2025-06-05,2,106.63,Online,106.63
726,175,2047,2025-08-01,3,233.98,Online,233.98
727,123,2689,2024-04-07,5,73.57,Online,73.57
728,137,2942,2025-10-28,1,67.81,Online,67.81
729,190,2274,2024-10-14,4,197.23,Online,197.23
730,174,2979,2025-12-25,1,139.03,In-Store,139.03
731,125,2592,2024-05-24,2,62.64,In-Store,62.64
732,109,2249,2025-03-10,2,101.18,Online,101.18
733,115,2250,2024-07-18,5,101.23,Online,101.23
734,181,2450,2024-10-07,5,175.0,Online,175.0
735,101,2554,2025-10-09,1,187.97,Online,187.97
736,168,2551,2023-01-31,5,152.68,Online,152.68
737,139,2561,2024-05-06,5,168.34,Online,168.34
738,163,2099,2024-09-18,2,186.58,In-Store,186.58
739,187,2259,2024-10-23,4,149.8,Online,149.8
740,143,2017,2025-02-09,4,39.04,In-Store,39.04
741,160,2934,2025-06-08,4,232.36,In-Store,232.36
742,122,2225,2025-04-02,2,167.31,Online,167.31
743,117,2519,2023-11-17,1,156.19,In-Store,156.19
744,129,2531,2024-07-21,3,216.59,Online,216.59
745,159,2516,2025-01-21,3,49.51,Online,49.51
746,111,2128,2025-09-18,1,243.55,In-Store,243.55
747,160,2773,2025-12-28,2,232.36,In-Store,232.36
748,121,2505,2024-02-27,4,60.64,Online,60.64
749,126,2113,2023-04-04,5,191.39,In-Store,191.39
750,107,2938,2023-06-30,5,177.55,Online,177.55
751,125,2855,2024-11-07,3,62.64,Online,62.64
752,146,2656,2022-11-01,1,26.18,Online,26.18
753,135,2842,2025-09-03,3,87.8,In-Store,87.8
754,122,2646,2023-01-28,4,167.31,Online,167.31
755,167,2322,2025-09-09,1,235.98,Online,235.98
756,181,2969,2025-12-26,4,175.0,In-Store,175.0
757,157,2628,2023-09-30,3,232.33,In-Store,232.33
758,141,2826,2025-05-02,1,232.94,In-Store,232.94
759,136,2001,2024-11-23,4,220.89,In-Store,220.89
760,128,2740,2025-12-31,1,101.59,Online,101.59
761,106,2326,2024-07-28,4,117.81,In-Store,117.81
762,124,2722,2023-09-17,5,112.82,In-Store,112.82
763,171,2659,2024-04-27,3,104.99,In-Store,104.99
764,171,2206,2023-06-22,1,104.99,In-Store,104.99
765,186,2599,2025-02-17,3,28.06,Online,28.06
766,172,2006,2025-01-17,3,232.96,Online,232.96
767,142,2781,2024-06-23,5,248.84,Online,248.84
768,158,2682,2025-08-27,2,126.55,In-Store,126.55
769,131,2556,2024-08-21,1,114.34,In-Store,114.34
770,158,2702,2025-07-08,1,126.55,In-Store,126.55
771,153,2822,2024-11-19,2,55.98,Online,55.98
772,105,2770,2024-01-22,1,57.72,Online,57.72
773,106,2718,2025-03-18,4,117.81,Online,117.81
774,111,2151,2025-09-28,5,243.55,In-Store,243.55
775,161,2634,2025-02-25,5,177.18,In-Store,177.18
776,122,2546,2024-08-07,1,167.31,In-Store,167.31
777,124,2769,2022-08-03,3,112.82,Online,112.82
778,104,2628,2025-03-03,1,65.84,Online,65.84
779,167,2873,2025-10-21,5,235.98,In-Store,235.98
780,155,2738,2025-11-02,2,219.88,Online,219.88
781,119,2509,2024-12-03,1,212.28,Online,212.28
782,124,2495,2025-09-22,1,112.82,In-Store,112.82
783,190,2223,2025-09-13,1,197.23,Online,197.23
784,167,2403,2024-11-19,1,235.98,Online,235.98
785,130,2127,2025-10-16,1,190.21,In-Store,190.21
786,156,2239,2025-07-27,1,22.14,In-Store,22.14
787,119,2279,2025-01-24,5,212.28,Online,212.28
788,118,2788,2025-11-11,1,120.94,Online,120.94
789,168,2142,2025-11-24,5,152.68,Online,152.68
790,136,2867,2023-12-02,2,220.89,In-Store,220.89
791,195,2330,2024-05-15,4,93.92,In-Store,93.92
792,112,2876,2023-10-04,5,80.36,Online,80.36
793,153,2221,2024-08-19,2,55.98,Online,55.98
794,154,2409,2025-08-31,2,111.25,In-Store,111.25
795,147,2776,2022-09-19,1,133.4,In-Store,133.4
796,108,2852,2023-11-15,4,61.68,Online,61.68
797,125,2160,2025-06-14,5,62.64,Online,62.64
798,120,2759,2025-01-22,2,203.21,Online,203.21
799,101,2398,2024-11-25,1,187.97,In-Store,187.97
800,197,2123,2023-02-03,1,217.44,In-Store,217.44
801,123,2157,2023-01-06,1,73.57,Online,73.57
802,151,2354,2025-01-03,1,108.66,In-Store,108.66
803,137,2116,2024-09-04,4,67.81,Online,67.81
804,119,2919,2023-06-25,2,212.28,In-Store,212.28
805,148,2770,2025-11-28,4,139.42,In-Store,139.42
806,185,2171,2024-09-06,2,142.4,Online,142.4
807,148,2372,2025-04-19,2,139.42,In-Store,139.42
808,111,2309,2025-09-04,1,243.55,In-Store,243.55
809,133,2306,2025-06-29,4,212.0,Online,212.0
810,184,2019,2024-12-08,2,195.07,Online,195.07
811,108,2970,2024-02-03,5,61.68,Online,61.68
812,161,2676,2025-08-01,5,177.18,Online,177.18
813,104,2850,2024-10-18,2,65.84,In-Store,65.84
814,159,2158,2023-10-30,2,49.51,Online,49.51
815,163,2814,2023-01-07,4,186.58,In-Store,186.58
816,197,2432,2025-03-09,2,217.44,Online,217.44
817,197,2576,2022-09-18,3,217.44,In-Store,217.44
818,158,2526,2024-04-14,4,126.55,In-Store,126.55
819,117,2214,2024-03-25,5,156.19,In-Store,156.19
820,144,2615,2022-11-01,1,15.05,Online,15.05
821,144,2980,2025-04-12,2,15.05,Online,15.05
822,200,2042,2023-12-19,4,241.01,Online,241.01
823,196,2962,2023-09-21,2,168.41,In-Store,168.41
824,143,2339,2025-09-04,5,39.04,In-Store,39.04
825,200,2154,2025-04-28,2,241.01,In-Store,241.01
826,172,2692,2023-05-03,1,232.96,In-Store,232.96
827,185,2439,2024-12-31,1,142.4,Online,142.4
828,110,2104,2025-09-01,4,73.49,Online,73.49
829,144,2015,2025-03-07,2,15.05,Online,15.05
830,112,2646,2025-08-11,5,80.36,In-Store,80.36
831,164,2278,2022-08-15,4,22.03,Online,22.03
832,110,2320,2023-12-25,5,73.49,In-Store,73.49
833,149,2306,2025-01-06,4,198.31,In-Store,198.31
834,104,2735,2023-10-02,4,65.84,Online,65.84
835,149,2522,2025-12-26,3,198.31,In-Store,198.31
836,131,2583,2023-04-13,3,114.34,Online,114.34
837,136,2767,2023-12-05,5,220.89,Online,220.89
838,101,2104,2025-01-10,2,187.97,Online,187.97
839,166,2828,2025-07-06,4,152.81,In-Store,152.81
840,139,2256,2024-02-07,3,168.34,Online,168.34
841,164,2248,2023-12-07,5,22.03,Online,22.03
842,184,2126,2025-01-25,5,195.07,Online,195.07
843,170,2205,2023-03-11,4,59.02,In-Store,59.02
844,104,2687,2024-02-21,5,65.84,In-Store,65.84
845,116,2407,2025-07-14,3,98.84,Online,98.84
846,168,2785,2024-11-21,2,152.68,Online,152.68
847,143,2873,2025-05-07,4,39.04,Online,39.04
848,130,2025,2025-11-24,5,190.21,Online,190.21
849,161,2636,2024-07-31,4,177.18,Online,177.18
850,179,2974,2023-02-08,4,37.7,Online,37.7
851,173,2048,2025-01-09,5,159.08,In-Store,159.08
852,123,2119,2025-06-06,1,73.57,In-Store,73.57
853,187,2343,2024-12-24,2,149.8,Online,149.8
854,181,2661,2025-10-15,1,175.0,In-Store,175.0
855,156,2477,2023-11-18,2,22.14,In-Store,22.14
856,181,2150,2024-06-19,2,175.0,Online,175.0
857,153,2297,2024-01-28,4,55.98,In-Store,55.98
858,188,2028,2024-11-20,4,20.04,Online,20.04
859,118,2917,2025-07-24,4,120.94,Online,120.94
860,187,2783,2025-10-30,4,149.8,Online,149.8
861,122,2808,2025-11-27,3,167.31,In-Store,167.31
862,164,2815,2025-03-18,1,22.03,Online,22.03
863,180,2029,2024-08-19,3,77.62,Online,77.62
864,142,2190,2023-10-21,4,248.84,In-Store,248.84
865,122,2496,2025-11-01,5,167.31,Online,167.31
866,144,2841,2024-05-25,5,15.05,In-Store,15.05
867,128,2458,2025-11-11,1,101.59,In-Store,101.59
868,158,2213,2024-07-03,1,126.55,In-Store,126.55
869,124,2182,2024-06-19,4,112.82,Online,112.82
870,190,2168,2025-05-27,3,197.23,Online,197.23
871,197,2651,2025-08-31,5,217.44,Online,217.44
872,124,2828,2024-01-19,2,112.82,In-Store,112.82
873,178,2472,2024-10-26,5,81.85,Online,81.85
874,197,2995,2025-08-30,5,217.44,Online,217.44
875,163,2132,2024-02-25,3,186.58,In-Store,186.58
876,176,2141,2024-06-03,5,78.4,In-Store,78.4
877,149,2621,2024-07-10,1,198.31,Online,198.31
878,128,2937,2024-06-23,3,101.59,In-Store,101.59
879,171,2574,2025-10-07,5,104.99,Online,104.99
880,120,2275,2025-02-16,5,203.21,In-Store,203.21
881,111,2333,2024-09-08,5,243.55,In-Store,243.55
882,128,2546,2024-09-27,2,101.59,In-Store,101.59
883,168,2498,2023-06-28,1,152.68,In-Store,152.68
884,107,2713,2023-02-05,3,177.55,Online,177.55
885,120,2994,2023-09-06,2,203.21,In-Store,203.21
886,190,2014,2024-10-15,2,197.23,In-Store,197.23
887,152,2832,2024-04-12,2,106.63,Online,106.63
888,129,2465,2024-04-10,4,216.59,Online,216.59
889,158,2148,2024-11-11,3,126.55,In-Store,126.55
890,170,2650,2025-05-25,1,59.02,In-Store,59.02
891,181,2303,2023-12-21,1,175.0,Online,175.0
892,139,2530,2025-11-01,2,168.34,In-Store,168.34
893,109,2878,2025-06-04,5,101.18,In-Store,101.18
894,160,2512,2025-07-10,3,232.36,In-Store,232.36
895,149,2205,2025-09-04,5,198.31,In-Store,198.31
896,155,2381,2024-12-24,3,219.88,Online,219.88
897,179,2910,2025-12-23,3,37.7,Online,37.7
898,152,2865,2025-07-18,3,106.63,Online,106.63
899,119,2103,2024-09-23,3,212.28,In-Store,212.28
900,164,2685,2025-11-07,1,22.03,Online,22.03
901,127,2867,2024-09-24,3,200.1,In-Store,200.1
902,109,2427,2024-02-23,5,101.18,Online,101.18
903,185,2244,2025-03-04,3,142.4,Online,142.4
904,136,2034,2023-11-03,2,220.89,Online,220.89
905,113,2557,2024-12-09,1,56.15,Online,56.15
906,122,2746,2024-12-14,5,167.31,Online,167.31
907,166,2100,2025-01-10,3,152.81,In-Store,152.81
908,199,2803,2024-06-04,2,37.68,Online,37.68
909,146,2371,2025-10-24,3,26.18,In-Store,26.18
910,121,2728,2023-06-28,3,60.64,In-Store,60.64
911,135,2408,2025-07-18,2,87.8,In-Store,87.8
912,137,2814,2022-11-11,1,67.81,In-Store,67.81
913,158,2697,2025-08-07,2,126.55,In-Store,126.55
914,176,2468,2024-11-16,2,78.4,Online,78.4
915,184,2001,2025-04-11,5,195.07,In-Store,195.07
916,171,2252,2024-04-12,4,104.99,In-Store,104.99
917,160,2338,2025-09-28,5,232.36,Online,232.36
918,144,2718,2025-08-21,4,15.05,In-Store,15.05
919,120,2604,2023-10-22,4,203.21,Online,203.21
920,195,2273,2023-08-22,5,93.92,Online,93.92
921,141,2747,2024-03-28,1,232.94,In-Store,232.94
922,102,2328,2024-01-16,4,186.75,In-Store,186.75
923,197,2296,2025-01-30,3,217.44,Online,217.44
924,162,2142,2025-01-18,5,55.58,Online,55.58
925,129,2503,2025-09-26,3,216.59,Online,216.59
926,152,2376,2024-02-02,1,106.63,In-Store,106.63
927,159,2687,2023-06-01,5,49.51,In-Store,49.51
928,163,2972,2023-12-10,4,186.58,In-Store,186.58
929,110,2707,2025-11-20,5,73.49,Online,73.49
930,110,2549,2025-10-31,3,73.49,In-Store,73.49
931,139,2679,2024-01-02,4,168.34,In-Store,168.34
932,194,2780,2024-04-30,3,216.06,Online,216.06
933,196,2251,2025-04-09,3,168.41,In-Store,168.41
934,140,2630,2024-10-04,4,136.64,Online,136.64
935,183,2193,2024-11-22,4,209.04,In-Store,209.04
936,195,2467,2025-07-11,3,93.92,Online,93.92
937,194,2377,2025-02-07,4,216.06,Online,216.06
938,117,2850,2025-06-27,5,156.19,Online,156.19
939,109,2235,2024-02-26,2,101.18,In-Store,101.18
940,195,2021,2025-06-26,5,93.92,In-Store,93.92
941,128,2220,2024-09-02,5,101.59,In-Store,101.59
942,170,2492,2024-08-15,1,59.02,In-Store,59.02
943,180,2138,2025-09-29,3,77.62,In-Store,77.62
944,145,2262,2024-10-04,5,62.85,In-Store,62.85
945,156,2387,2025-11-26,5,22.14,Online,22.14
946,188,2251,2025-02-25,2,20.04,In-Store,20.04
947,135,2430,2025-01-24,5,87.8,In-Store,87.8
948,117,2590,2024-07-22,3,156.19,In-Store,156.19
949,155,2857,2025-08-09,5,219.88,In-Store,219.88
950,132,2914,2024-04-20,1,243.25,Online,243.25
951,186,2798,2023-12-02,3,28.06,In-Store,28.06
952,195,2444,2025-10-23,1,93.92,In-Store,93.92
953,172,2476,2025-06-11,2,232.96,In-Store,232.96
954,153,2715,2024-12-01,1,55.98,Online,55.98
955,109,2991,2024-05-04,4,101.18,Online,101.18
956,186,2320,2024-10-18,5,28.06,In-Store,28.06
957,167,2373,2025-06-03,3,235.98,In-Store,235.98
958,129,2312,2023-03-31,3,216.59,Online,216.59
959,198,2484,2024-07-25,2,105.92,Online,105.92
960,194,2497,2023-07-26,3,216.06,In-Store,216.06
961,150,2188,2025-12-06,2,33.26,In-Store,33.26
962,115,2055,2023-09-06,1,101.23,In-Store,101.23
963,156,2130,2025-06-20,4,22.14,In-Store,22.14
964,157,2318,2022-09-24,3,232.33,In-Store,232.33
965,105,2882,2025-06-12,1,57.72,Online,57.72
966,189,2314,2025-01-12,1,60.42,Online,60.42
967,153,2117,2025-05-26,3,55.98,In-Store,55.98
968,118,2811,2024-09-02,3,120.94,In-Store,120.94
969,126,2089,2022-11-04,5,191.39,In-Store,191.39
970,158,2552,2023-11-19,1,126.55,Online,126.55
971,136,2569,2025-05-23,3,220.89,In-Store,220.89
972,199,2262,2025-08-17,4,37.68,In-Store,37.68
973,165,2168,2024-10-31,1,240.59,Online,240.59
974,145,2009,2024-02-03,5,62.85,Online,62.85
975,170,2050,2023-03-01,5,59.02,Online,59.02
976,124,2705,2024-06-27,4,112.82,Online,112.82
977,157,2682,2024-11-26,2,232.33,Online,232.33
978,165,2733,2025-04-07,3,240.59,In-Store,240.59
979,195,2199,2025-02-03,2,93.92,In-Store,93.92
980,183,2383,2025-12-14,3,209.04,Online,209.04
981,176,2806,2024-11-24,1,78.4,Online,78.4
982,127,2322,2023-04-11,2,200.1,Online,200.1
983,110,2483,2025-10-19,2,73.49,In-Store,73.49
984,181,2348,2024-12-18,2,175.0,Online,175.0
985,194,2402,2023-07-30,4,216.06,Online,216.06
986,104,2472,2024-05-14,1,65.84,In-Store,65.84
987,104,2868,2024-12-20,1,65.84,Online,65.84
988,117,2781,2024-04-14,1,156.19,Online,156.19
989,193,2021,2025-06-20,1,74.03,In-Store,74.03
990,193,2316,2022-05-23,1,74.03,In-Store,74.03
991,111,2696,2025-07-19,1,243.55,Online,243.55
992,134,2758,2025-10-30,1,99.74,Online,99.74
993,176,2779,2024-12-27,2,78.4,In-Store,78.4
994,195,2750,2024-03-10,1,93.92,Online,93.92
995,195,2991,2024-05-05,5,93.92,In-Store,93.92
996,178,2638,2025-03-01,2,81.85,Online,81.85
997,200,2981,2024-12-06,5,241.01,Online,241.01
998,188,2696,2023-12-15,5,20.04,Online,20.04
999,168,2609,2025-12-31,2,152.68,Online,152.68
1000,188,2742,2023-12-20,2,20.04,Online,20.04
1001,191,2541,2023-05-04,2,217.51,In-Store,217.51
1002,131,2420,2025-05-14,5,114.34,Online,114.34
1003,165,2333,2024-08-27,1,240.59,Online,240.59
1004,120,2250,2025-06-22,4,203.21,In-Store,203.21
1005,124,2612,2023-09-05,5,112.82,Online,112.82
1006,169,2549,2024-05-18,1,167.77,In-Store,167.77
1007,197,2999,2023-09-08,4,217.44,Online,217.44
1008,110,2570,2024-10-04,2,73.49,In-Store,73.49
1009,135,2003,2025-02-02,3,87.8,Online,87.8
1010,149,2242,2024-03-13,3,198.31,In-Store,198.31
1011,118,2587,2025-01-31,4,120.94,In-Store,120.94
1012,116,2245,2025-08-19,5,98.84,In-Store,98.84
1013,178,2075,2025-04-12,4,81.85,Online,81.85
1014,199,2199,2025-08-18,4,37.68,In-Store,37.68
1015,144,2659,2025-10-13,4,15.05,Online,15.05
1016,194,2699,2023-08-02,4,216.06,In-Store,216.06
1017,158,2704,2023-06-24,1,126.55,In-Store,126.55
1018,187,2484,2025-09-21,1,149.8,In-Store,149.8
1019,120,2923,2025-08-19,5,203.21,Online,203.21
1020,131,2388,2023-10-09,2,114.34,In-Store,114.34
1021,147,2037,2025-06-24,5,133.4,Online,133.4
1022,117,2108,2025-05-04,2,156.19,Online,156.19
1023,106,2993,2024-09-18,2,117.81,In-Store,117.81
1024,127,2792,2023-11-13,5,200.1,In-Store,200.1
1025,116,2163,2023-09-11,2,98.84,In-Store,98.84
1026,133,2818,2025-04-18,3,212.0,In-Store,212.0
1027,135,2850,2025-10-21,4,87.8,In-Store,87.8
1028,112,2952,2025-03-04,5,80.36,In-Store,80.36
1029,150,2929,2025-01-27,5,33.26,In-Store,33.26
1030,114,2058,2024-07-07,4,195.54,Online,195.54
1031,190,2896,2024-03-01,3,197.23,In-Store,197.23
1032,120,2016,2025-04-06,2,203.21,Online,203.21
1033,175,2168,2024-06-17,1,233.98,Online,233.98
1034,163,2062,2024-12-06,4,186.58,Online,186.58
1035,147,2965,2024-12-15,4,133.4,In-Store,133.4
1036,116,2253,2024-02-27,3,98.84,Online,98.84
1037,155,2318,2022-11-20,5,219.88,In-Store,219.88
1038,138,2486,2025-12-21,4,185.66,Online,185.66
1039,186,2271,2024-06-22,4,28.06,In-Store,28.06
1040,101,2400,2025-05-08,3,187.97,In-Store,187.97
1041,196,2885,2025-07-13,5,168.41,Online,168.41
1042,163,2312,2022-10-02,4,186.58,Online,186.58
1043,101,2518,2024-05-03,4,187.97,In-Store,187.97
1044,154,2001,2024-04-28,4,111.25,In-Store,111.25
1045,120,2714,2023-07-27,1,203.21,Online,203.21
1046,143,2782,2025-02-17,3,39.04,Online,39.04
1047,154,2654,2024-12-30,4,111.25,Online,111.25
1048,143,2996,2025-06-09,4,39.04,In-Store,39.04
1049,194,2974,2023-06-30,5,216.06,In-Store,216.06
1050,196,2132,2025-12-29,5,168.41,In-Store,168.41
1051,117,2772,2025-06-14,5,156.19,Online,156.19
1052,126,2303,2025-10-01,1,191.39,In-Store,191.39
1053,114,2475,2024-02-21,4,195.54,In-Store,195.54
1054,106,2822,2025-05-05,3,117.81,In-Store,117.81
1055,122,2059,2023-07-14,1,167.31,Online,167.31
1056,157,2149,2024-10-29,3,232.33,In-Store,232.33
1057,188,2009,2025-12-04,5,20.04,Online,20.04
1058,150,2314,2025-06-23,4,33.26,Online,33.26
1059,120,2714,2024-09-01,3,203.21,In-Store,203.21
1060,199,2887,2024-05-11,3,37.68,Online,37.68
1061,108,2063,2025-01-15,2,61.68,Online,61.68
1062,194,2537,2025-08-31,3,216.06,Online,216.06
1063,129,2868,2022-12-02,3,216.59,Online,216.59
1064,165,2409,2025-04-22,2,240.59,Online,240.59
1065,168,2089,2025-04-28,3,152.68,Online,152.68
1066,111,2574,2025-08-16,4,243.55,In-Store,243.55
1067,114,2258,2024-03-21,1,195.54,In-Store,195.54
1068,156,2844,2024-12-01,1,22.14,In-Store,22.14
1069,119,2548,2024-02-26,5,212.28,In-Store,212.28
1070,192,2826,2023-12-03,5,53.05,Online,53.05
1071,112,2718,2025-03-17,1,80.36,Online,80.36
1072,109,2190,2024-01-10,4,101.18,In-Store,101.18
1073,136,2719,2024-01-28,5,220.89,In-Store,220.89
1074,171,2105,2024-08-20,4,104.99,Online,104.99
1075,199,2583,2024-12-06,1,37.68,Online,37.68
1076,140,2647,2024-06-04,3,136.64,Online,136.64
1077,163,2853,2024-02-08,5,186.58,In-Store,186.58
1078,147,2079,2025-08-14,2,133.4,Online,133.4
1079,155,2733,2025-10-26,1,219.88,In-Store,219.88
1080,101,2307,2025-01-04,1,187.97,In-Store,187.97
1081,111,2139,2024-09-29,2,243.55,In-Store,243.55
1082,190,2187,2023-02-15,3,197.23,In-Store,197.23
1083,140,2139,2024-10-05,5,136.64,In-Store,136.64
1084,145,2949,2025-01-23,4,62.85,In-Store,62.85
1085,127,2130,2025-02-28,5,200.1,In-Store,200.1
1086,145,2464,2025-10-07,5,62.85,Online,62.85
1087,194,2878,2023-03-22,5,216.06,Online,216.06
1088,196,2185,2025-11-04,4,168.41,Online,168.41
1089,140,2748,2025-11-02,4,136.64,In-Store,136.64
1090,154,2275,2025-08-07,5,111.25,In-Store,111.25
1091,122,2225,2024-09-12,5,167.31,Online,167.31
1092,137,2088,2025-07-03,4,67.81,Online,67.81
1093,114,2031,2024-04-11,2,195.54,In-Store,195.54
1094,186,2252,2025-01-23,4,28.06,In-Store,28.06
1095,132,2482,2024-03-16,2,243.25,In-Store,243.25
1096,135,2294,2024-12-11,3,87.8,Online,87.8
1097,129,2335,2024-01-08,5,216.59,Online,216.59
1098,121,2883,2024-10-13,2,60.64,Online,60.64
1099,152,2436,2025-01-08,2,106.63,Online,106.63
1100,178,2383,2024-05-24,3,81.85,In-Store,81.85
1101,152,2527,2025-05-19,5,106.63,In-Store,106.63
1102,170,2351,2024-12-10,1,59.02,Online,59.02
1103,112,2980,2024-03-21,3,80.36,Online,80.36
1104,109,2096,2023-10-14,3,101.18,In-Store,101.18
1105,147,2039,2025-07-09,5,133.4,Online,133.4
1106,179,2098,2025-12-09,1,37.7,In-Store,37.7
1107,108,2214,2022-06-20,1,61.68,Online,61.68
1108,164,2929,2024-08-05,5,22.03,In-Store,22.03
1109,157,2063,2024-07-14,4,232.33,In-Store,232.33
1110,192,2090,2023-03-19,4,53.05,Online,53.05
1111,199,2200,2023-12-26,1,37.68,Online,37.68
1112,161,2674,2025-07-13,5,177.18,In-Store,177.18
1113,115,2877,2024-12-19,1,101.23,Online,101.23
1114,200,2835,2025-08-05,1,241.01,In-Store,241.01
1115,140,2430,2025-02-13,5,136.64,In-Store,136.64
1116,106,2972,2025-08-27,2,117.81,In-Store,117.81
1117,123,2520,2025-04-11,2,73.57,Online,73.57
1118,140,2443,2024-03-01,2,136.64,In-Store,136.64
1119,121,2140,2025-06-18,4,60.64,In-Store,60.64
1120,149,2756,2023-01-23,4,198.31,In-Store,198.31
1121,106,2365,2023-09-05,3,117.81,In-Store,117.81
1122,169,2989,2024-12-19,2,167.77,In-Store,167.77
1123,125,2755,2023-04-15,3,62.64,In-Store,62.64
1124,148,2988,2025-04-01,3,139.42,In-Store,139.42
1125,131,2539,2024-10-07,5,114.34,Online,114.34
1126,115,2549,2025-10-22,1,101.23,Online,101.23
1127,175,2365,2024-06-18,5,233.98,In-Store,233.98
1128,153,2634,2024-02-01,3,55.98,Online,55.98
1129,151,2204,2025-02-12,2,108.66,In-Store,108.66
1130,136,2387,2025-06-14,1,220.89,In-Store,220.89
1131,159,2073,2024-04-13,3,49.51,Online,49.51
1132,151,2392,2023-10-11,3,108.66,Online,108.66
1133,179,2351,2023-06-23,4,37.7,In-Store,37.7
1134,139,2465,2024-11-28,1,168.34,In-Store,168.34
1135,165,2999,2023-06-11,4,240.59,In-Store,240.59
1136,170,2519,2024-08-21,3,59.02,In-Store,59.02
1137,158,2983,2023-12-27,2,126.55,In-Store,126.55
1138,117,2619,2025-06-01,1,156.19,In-Store,156.19
1139,102,2127,2025-06-30,5,186.75,In-Store,186.75
1140,127,2441,2025-04-04,1,200.1,Online,200.1
1141,102,2855,2025-12-21,2,186.75,In-Store,186.75
1142,198,2783,2025-08-06,2,105.92,Online,105.92
1143,190,2178,2025-08-05,2,197.23,In-Store,197.23
1144,150,2617,2024-12-23,5,33.26,Online,33.26
1145,146,2841,2024-06-25,2,26.18,Online,26.18
1146,144,2266,2024-10-23,2,15.05,In-Store,15.05
1147,109,2789,2025-09-26,3,101.18,In-Store,101.18
1148,182,2907,2025-09-15,2,227.28,In-Store,227.28
1149,156,2916,2025-01-19,5,22.14,In-Store,22.14
1150,193,2580,2024-10-22,2,74.03,Online,74.03
1151,181,2909,2024-11-18,3,175.0,Online,175.0
1152,121,2722,2024-06-21,4,60.64,Online,60.64
1153,164,2257,2024-10-25,1,22.03,Online,22.03
1154,187,2636,2024-10-25,4,149.8,Online,149.8
1155,158,2775,2024-03-09,2,126.55,Online,126.55
1156,131,2392,2024-09-14,5,114.34,In-Store,114.34
1157,138,2557,2025-12-15,3,185.66,Online,185.66
1158,167,2261,2022-12-08,3,235.98,Online,235.98
1159,118,2754,2025-09-16,1,120.94,Online,120.94
1160,191,2043,2025-11-15,4,217.51,In-Store,217.51
1161,181,2193,2025-09-04,1,175.0,Online,175.0
1162,165,2122,2025-10-11,2,240.59,Online,240.59
1163,166,2300,2023-12-05,3,152.81,In-Store,152.81
1164,147,2828,2025-01-16,2,133.4,In-Store,133.4
1165,104,2189,2024-08-29,5,65.84,Online,65.84
1166,103,2312,2024-02-29,2,111.26,In-Store,111.26
1167,183,2125,2025-02-19,4,209.04,Online,209.04
1168,138,2184,2022-08-01,3,185.66,In-Store,185.66
1169,185,2372,2024-04-15,5,142.4,In-Store,142.4
1170,189,2487,2024-02-18,3,60.42,In-Store,60.42
1171,101,2728,2023-02-21,1,187.97,In-Store,187.97
1172,125,2953,2023-04-25,3,62.64,In-Store,62.64
1173,176,2465,2023-10-27,4,78.4,In-Store,78.4
1174,121,2323,2025-04-09,5,60.64,In-Store,60.64
1175,154,2576,2022-10-27,1,111.25,Online,111.25
1176,198,2529,2023-12-13,3,105.92,Online,105.92
1177,194,2968,2025-05-25,3,216.06,Online,216.06
1178,152,2115,2022-07-17,3,106.63,In-Store,106.63
1179,159,2918,2024-09-17,4,49.51,In-Store,49.51
1180,148,2763,2023-06-02,5,139.42,Online,139.42
1181,117,2369,2025-09-01,2,156.19,In-Store,156.19
1182,108,2977,2025-01-29,5,61.68,In-Store,61.68
1183,193,2837,2025-12-30,3,74.03,In-Store,74.03
1184,186,2448,2022-12-23,1,28.06,In-Store,28.06
1185,185,2969,2025-03-26,4,142.4,Online,142.4
1186,135,2519,2023-10-14,1,87.8,In-Store,87.8
1187,196,2706,2024-12-18,2,168.41,In-Store,168.41
1188,125,2188,2025-11-29,3,62.64,In-Store,62.64
1189,101,2392,2024-11-12,3,187.97,In-Store,187.97
1190,131,2554,2025-10-23,3,114.34,In-Store,114.34
1191,175,2511,2024-11-30,2,233.98,In-Store,233.98
1192,151,2160,2025-10-17,2,108.66,In-Store,108.66
1193,177,2162,2023-04-12,2,246.12,Online,246.12
1194,198,2124,2023-07-26,2,105.92,Online,105.92
1195,126,2852,2023-04-13,4,191.39,In-Store,191.39
1196,109,2922,2024-11-21,4,101.18,In-Store,101.18
1197,114,2704,2023-02-14,4,195.54,Online,195.54
1198,122,2959,2025-03-30,3,167.31,In-Store,167.31
1199,146,2439,2025-04-28,4,26.18,Online,26.18
1200,162,2967,2022-12-29,1,55.58,In-Store,55.58
1201,179,2691,2023-07-13,2,37.7,In-Store,37.7
1202,192,2694,2023-05-30,2,53.05,In-Store,53.05
1203,178,2388,2024-04-16,5,81.85,Online,81.85
1204,115,2491,2024-09-11,5,101.23,Online,101.23
1205,149,2270,2025-06-11,1,198.31,Online,198.31
1206,136,2127,2025-12-25,4,220.89,Online,220.89
1207,186,2648,2025-06-13,1,28.06,In-Store,28.06
1208,159,2991,2023-06-21,4,49.51,In-Store,49.51
1209,127,2582,2024-10-24,3,200.1,Online,200.1
1210,133,2402,2023-06-09,1,212.0,In-Store,212.0
1211,174,2350,2025-09-13,4,139.03,In-Store,139.03
1212,197,2123,2025-07-15,1,217.44,In-Store,217.44
1213,189,2827,2022-08-29,5,60.42,In-Store,60.42
1214,194,2463,2024-07-03,5,216.06,Online,216.06
1215,196,2533,2024-04-28,1,168.41,In-Store,168.41
1216,143,2651,2025-03-18,1,39.04,Online,39.04
1217,125,2622,2025-09-09,5,62.64,In-Store,62.64
1218,174,2236,2024-12-22,4,139.03,In-Store,139.03
1219,178,2273,2023-11-09,2,81.85,In-Store,81.85
1220,140,2450,2024-10-23,1,136.64,Online,136.64
1221,199,2348,2025-01-06,4,37.68,In-Store,37.68
1222,200,2131,2023-10-05,2,241.01,Online,241.01
1223,147,2733,2024-04-01,4,133.4,In-Store,133.4
1224,139,2217,2025-12-14,3,168.34,Online,168.34
1225,170,2993,2024-09-09,1,59.02,In-Store,59.02
1226,118,2569,2025-05-17,2,120.94,In-Store,120.94
1227,120,2846,2025-07-27,4,203.21,In-Store,203.21
1228,102,2234,2025-02-14,5,186.75,In-Store,186.75
1229,144,2948,2024-07-20,4,15.05,In-Store,15.05
1230,196,2793,2025-01-26,2,168.41,In-Store,168.41
1231,189,2767,2025-08-09,4,60.42,Online,60.42
1232,114,2517,2024-03-22,5,195.54,In-Store,195.54
1233,146,2949,2025-06-07,2,26.18,Online,26.18
1234,195,2949,2025-06-23,5,93.92,Online,93.92
1235,190,2243,2025-01-22,4,197.23,In-Store,197.23
1236,116,2949,2024-11-22,4,98.84,In-Store,98.84
1237,135,2901,2023-11-15,2,87.8,In-Store,87.8
1238,192,2363,2024-10-02,5,53.05,In-Store,53.05
1239,149,2792,2024-02-18,5,198.31,Online,198.31
1240,104,2666,2025-03-09,1,65.84,Online,65.84
1241,178,2929,2025-02-25,1,81.85,In-Store,81.85
1242,102,2245,2025-07-05,1,186.75,In-Store,186.75
1243,131,2248,2025-12-25,5,114.34,In-Store,114.34
1244,197,2995,2025-04-26,3,217.44,Online,217.44
1245,198,2149,2025-11-17,1,105.92,Online,105.92
1246,166,2248,2025-12-26,4,152.81,Online,152.81
1247,170,2633,2025-05-29,2,59.02,In-Store,59.02
1248,165,2483,2024-11-24,1,240.59,In-Store,240.59
1249,136,2308,2025-04-21,3,220.89,In-Store,220.89
1250,112,2303,2025-06-07,5,80.36,In-Store,80.36
1251,112,2229,2025-02-19,2,80.36,Online,80.36
1252,181,2277,2024-03-20,1,175.0,In-Store,175.0
1253,136,2052,2022-10-27,4,220.89,Online,220.89
1254,164,2530,2024-08-14,4,22.03,Online,22.03
1255,162,2842,2024-02-09,2,55.58,In-Store,55.58
1256,173,2233,2025-04-07,4,159.08,In-Store,159.08
1257,151,2069,2024-05-31,5,108.66,In-Store,108.66
1258,182,2096,2025-08-22,4,227.28,In-Store,227.28
1259,187,2201,2024-04-21,2,149.8,Online,149.8
1260,152,2741,2023-04-17,2,106.63,Online,106.63
1261,102,2172,2025-12-10,1,186.75,Online,186.75
1262,109,2195,2022-09-11,2,101.18,In-Store,101.18
1263,175,2540,2023-10-04,2,233.98,In-Store,233.98
1264,111,2286,2025-10-01,5,243.55,Online,243.55
1265,122,2064,2024-09-02,3,167.31,In-Store,167.31
1266,151,2342,2024-08-24,4,108.66,In-Store,108.66
1267,125,2968,2024-10-07,1,62.64,Online,62.64
1268,110,2622,2025-02-19,4,73.49,In-Store,73.49
1269,192,2863,2025-08-10,1,53.05,In-Store,53.05
1270,195,2940,2025-03-03,2,93.92,In-Store,93.92
1271,157,2107,2025-04-22,1,232.33,In-Store,232.33
1272,103,2292,2022-11-20,1,111.26,In-Store,111.26
1273,162,2594,2024-11-14,4,55.58,In-Store,55.58
1274,106,2780,2022-05-16,4,117.81,In-Store,117.81
1275,178,2793,2024-09-17,5,81.85,In-Store,81.85
1276,133,2833,2024-02-20,1,212.0,Online,212.0
1277,110,2938,2024-08-20,5,73.49,In-Store,73.49
1278,126,2448,2025-05-04,1,191.39,In-Store,191.39
1279,164,2988,2025-09-30,4,22.03,In-Store,22.03
1280,170,2292,2023-07-01,4,59.02,In-Store,59.02
1281,132,2860,2025-01-28,4,243.25,Online,243.25
1282,127,2189,2024-07-14,3,200.1,Online,200.1
1283,127,2910,2024-10-10,3,200.1,In-Store,200.1
1284,111,2436,2025-02-19,5,243.55,Online,243.55
1285,144,2056,2024-11-03,5,15.05,In-Store,15.05
1286,125,2640,2023-09-14,3,62.64,In-Store,62.64
1287,172,2921,2025-03-23,3,232.96,In-Store,232.96
1288,194,2609,2024-12-20,5,216.06,Online,216.06
1289,125,2019,2024-03-01,1,62.64,In-Store,62.64
1290,164,2453,2023-01-03,2,22.03,Online,22.03
1291,181,2157,2023-06-10,5,175.0,In-Store,175.0
1292,124,2171,2024-04-18,4,112.82,In-Store,112.82
1293,181,2118,2024-09-19,2,175.0,Online,175.0
1294,148,2570,2024-11-11,1,139.42,Online,139.42
1295,106,2610,2025-04-02,3,117.81,In-Store,117.81
1296,146,2707,2024-08-22,2,26.18,Online,26.18
1297,149,2578,2024-05-12,3,198.31,In-Store,198.31
1298,141,2041,2024-10-05,5,232.94,Online,232.94
1299,157,2765,2023-05-08,5,232.33,Online,232.33
1300,166,2814,2024-11-28,3,152.81,In-Store,152.81
1301,121,2678,2025-03-06,1,60.64,In-Store,60.64
1302,118,2132,2023-09-26,5,120.94,Online,120.94
1303,108,2614,2024-05-19,4,61.68,In-Store,61.68
1304,127,2493,2022-12-17,1,200.1,Online,200.1
1305,118,2545,2025-12-31,1,120.94,Online,120.94
1306,139,2663,2023-09-20,1,168.34,Online,168.34
1307,111,2308,2025-06-26,2,243.55,In-Store,243.55
1308,152,2672,2025-07-24,5,106.63,In-Store,106.63
1309,167,2403,2024-10-18,2,235.98,In-Store,235.98
1310,105,2861,2024-11-12,2,57.72,Online,57.72
1311,113,2115,2023-08-24,4,56.15,In-Store,56.15
1312,164,2712,2023-01-02,2,22.03,In-Store,22.03
1313,117,2349,2025-05-03,3,156.19,Online,156.19
1314,143,2504,2024-08-03,3,39.04,In-Store,39.04
1315,105,2561,2024-07-25,3,57.72,Online,57.72
1316,177,2123,2023-01-21,5,246.12,In-Store,246.12
1317,166,2810,2025-12-26,2,152.81,Online,152.81
1318,193,2296,2025-07-21,4,74.03,In-Store,74.03
1319,139,2700,2025-10-07,5,168.34,In-Store,168.34
1320,193,2305,2025-12-23,1,74.03,In-Store,74.03
1321,156,2685,2024-02-07,1,22.14,Online,22.14
1322,105,2435,2023-04-29,3,57.72,In-Store,57.72
1323,199,2977,2025-05-28,2,37.68,In-Store,37.68
1324,125,2083,2023-06-04,4,62.64,Online,62.64
1325,114,2806,2025-11-24,2,195.54,Online,195.54
1326,137,2509,2025-09-16,5,67.81,In-Store,67.81
1327,141,2788,2025-04-21,4,232.94,In-Store,232.94
1328,136,2795,2025-05-07,3,220.89,In-Store,220.89
1329,112,2524,2022-04-07,3,80.36,Online,80.36
1330,133,2231,2025-03-22,4,212.0,Online,212.0
1331,124,2348,2025-07-20,5,112.82,In-Store,112.82
1332,198,2437,2024-04-14,4,105.92,Online,105.92
1333,168,2338,2025-12-02,3,152.68,Online,152.68
1334,114,2288,2024-03-11,5,195.54,In-Store,195.54
1335,177,2566,2024-10-08,2,246.12,In-Store,246.12
1336,109,2230,2023-09-20,1,101.18,In-Store,101.18
1337,189,2605,2025-04-23,3,60.42,Online,60.42
1338,197,2219,2024-06-15,1,217.44,In-Store,217.44
1339,135,2841,2024-11-06,3,87.8,In-Store,87.8
1340,125,2476,2025-09-09,1,62.64,Online,62.64
1341,187,2862,2025-11-25,3,149.8,In-Store,149.8
1342,130,2062,2025-09-19,5,190.21,In-Store,190.21
1343,179,2915,2023-06-19,1,37.7,Online,37.7
1344,172,2666,2024-11-24,3,232.96,Online,232.96
1345,109,2469,2025-07-11,3,101.18,Online,101.18
1346,200,2720,2025-12-03,5,241.01,Online,241.01
1347,109,2909,2024-09-13,3,101.18,In-Store,101.18
1348,149,2416,2025-10-09,2,198.31,In-Store,198.31
1349,194,2067,2025-06-10,2,216.06,Online,216.06
1350,140,2900,2023-12-25,5,136.64,Online,136.64
1351,144,2265,2025-01-15,4,15.05,Online,15.05
1352,139,2276,2024-11-16,4,168.34,In-Store,168.34
1353,120,2182,2023-09-02,1,203.21,Online,203.21
1354,159,2946,2025-05-21,2,49.51,In-Store,49.51
1355,111,2180,2024-12-05,4,243.55,Online,243.55
1356,129,2025,2024-06-07,5,216.59,In-Store,216.59
1357,191,2268,2025-07-21,5,217.51,In-Store,217.51
1358,145,2983,2024-06-12,5,62.85,In-Store,62.85
1359,174,2511,2025-06-23,4,139.03,In-Store,139.03
1360,149,2738,2025-09-15,4,198.31,Online,198.31
1361,144,2457,2024-11-13,5,15.05,Online,15.05
1362,141,2126,2025-12-13,4,232.94,Online,232.94
1363,147,2480,2025-12-30,5,133.4,Online,133.4
1364,166,2393,2024-05-16,4,152.81,In-Store,152.81
1365,168,2043,2023-02-09,2,152.68,In-Store,152.68
1366,116,2877,2022-11-07,5,98.84,In-Store,98.84
1367,157,2008,2024-08-06,1,232.33,In-Store,232.33
1368,193,2513,2024-08-09,1,74.03,Online,74.03
1369,197,2991,2023-06-13,3,217.44,In-Store,217.44
1370,191,2785,2024-08-03,3,217.51,In-Store,217.51
1371,131,2246,2025-06-08,1,114.34,Online,114.34
1372,161,2009,2024-01-21,5,177.18,In-Store,177.18
1373,152,2880,2022-06-11,3,106.63,In-Store,106.63
1374,152,2903,2023-11-07,2,106.63,In-Store,106.63
1375,107,2942,2022-01-24,1,177.55,In-Store,177.55
1376,144,2792,2023-06-30,1,15.05,In-Store,15.05
1377,145,2006,2025-02-08,5,62.85,In-Store,62.85
1378,146,2367,2025-10-08,3,26.18,In-Store,26.18
1379,127,2255,2025-11-06,5,200.1,Online,200.1
1380,132,2069,2025-09-13,2,243.25,In-Store,243.25
1381,144,2472,2025-05-30,4,15.05,Online,15.05
1382,189,2296,2025-12-21,3,60.42,Online,60.42
1383,147,2055,2025-06-19,5,133.4,In-Store,133.4
1384,123,2166,2024-09-12,2,73.57,In-Store,73.57
1385,145,2272,2024-05-21,5,62.85,Online,62.85
1386,158,2283,2025-08-10,4,126.55,In-Store,126.55
1387,170,2782,2025-05-19,1,59.02,Online,59.02
1388,136,2162,2023-02-13,5,220.89,In-Store,220.89
1389,124,2939,2025-04-04,1,112.82,Online,112.82
1390,102,2589,2025-01-12,5,186.75,Online,186.75
1391,123,2428,2025-06-15,5,73.57,Online,73.57
1392,189,2940,2025-10-28,5,60.42,Online,60.42
1393,132,2526,2024-01-14,5,243.25,Online,243.25
1394,193,2491,2025-12-02,1,74.03,In-Store,74.03
1395,198,2444,2024-04-25,2,105.92,In-Store,105.92
1396,108,2644,2024-05-31,5,61.68,In-Store,61.68
1397,102,2937,2024-07-23,5,186.75,Online,186.75
1398,116,2810,2025-02-26,1,98.84,In-Store,98.84
1399,194,2165,2024-08-27,2,216.06,In-Store,216.06
1400,177,2451,2023-08-03,5,246.12,In-Store,246.12
1401,117,2899,2024-11-11,3,156.19,Online,156.19
1402,167,2260,2022-11-17,1,235.98,Online,235.98
1403,186,2948,2025-02-05,2,28.06,Online,28.06
1404,167,2432,2025-04-18,1,235.98,Online,235.98
1405,117,2794,2025-01-14,4,156.19,Online,156.19
1406,138,2442,2024-10-18,5,185.66,In-Store,185.66
1407,111,2570,2023-10-23,1,243.55,Online,243.55
1408,129,2443,2024-07-05,4,216.59,Online,216.59
1409,159,2586,2024-04-08,2,49.51,In-Store,49.51
1410,134,2951,2024-04-25,3,99.74,In-Store,99.74
1411,199,2989,2025-12-15,1,37.68,Online,37.68
1412,103,2420,2025-02-19,2,111.26,Online,111.26
1413,171,2705,2024-11-29,5,104.99,In-Store,104.99
1414,187,2539,2024-11-24,3,149.8,Online,149.8
1415,132,2622,2025-05-14,4,243.25,In-Store,243.25
1416,165,2561,2022-08-10,4,240.59,Online,240.59
1417,108,2658,2024-05-14,2,61.68,Online,61.68
1418,114,2459,2024-01-21,5,195.54,Online,195.54
1419,165,2624,2023-10-04,5,240.59,Online,240.59
1420,177,2461,2025-03-15,5,246.12,In-Store,246.12
1421,162,2086,2025-08-03,1,55.58,Online,55.58
1422,138,2097,2024-09-24,3,185.66,Online,185.66
1423,116,2153,2025-05-02,5,98.84,In-Store,98.84
1424,174,2808,2025-04-01,4,139.03,Online,139.03
1425,180,2088,2024-12-29,4,77.62,In-Store,77.62
1426,152,2206,2024-02-06,1,106.63,Online,106.63
1427,114,2041,2025-10-17,3,195.54,In-Store,195.54
1428,103,2542,2024-06-17,3,111.26,Online,111.26
1429,197,2401,2025-09-15,5,217.44,In-Store,217.44
1430,106,2232,2022-08-04,2,117.81,Online,117.81
1431,187,2587,2025-05-05,1,149.8,In-Store,149.8
1432,165,2705,2022-11-02,2,240.59,In-Store,240.59
1433,177,2141,2024-11-19,2,246.12,In-Store,246.12
1434,145,2229,2025-11-24,3,62.85,In-Store,62.85
1435,139,2764,2025-10-20,3,168.34,Online,168.34
1436,149,2642,2024-06-18,3,198.31,Online,198.31
1437,103,2822,2025-08-22,5,111.26,In-Store,111.26
1438,128,2720,2023-11-17,2,101.59,Online,101.59
1439,179,2312,2025-12-27,4,37.7,Online,37.7
1440,149,2752,2024-10-08,2,198.31,In-Store,198.31
1441,103,2782,2025-02-16,4,111.26,In-Store,111.26
1442,138,2323,2024-09-19,1,185.66,Online,185.66
1443,167,2312,2025-08-06,1,235.98,In-Store,235.98
1444,162,2159,2023-01-02,3,55.58,In-Store,55.58
1445,140,2521,2025-10-01,5,136.64,In-Store,136.64
1446,198,2366,2024-10-30,2,105.92,Online,105.92
1447,122,2697,2023-07-02,4,167.31,In-Store,167.31
1448,181,2187,2023-10-11,4,175.0,Online,175.0
1449,190,2759,2024-06-13,1,197.23,In-Store,197.23
1450,155,2394,2025-12-26,3,219.88,Online,219.88
1451,175,2236,2024-12-21,5,233.98,In-Store,233.98
1452,127,2794,2024-10-18,2,200.1,In-Store,200.1
1453,170,2548,2024-01-27,1,59.02,In-Store,59.02
1454,130,2054,2025-06-21,5,190.21,Online,190.21
1455,144,2117,2024-08-24,2,15.05,In-Store,15.05
1456,166,2251,2025-01-10,3,152.81,In-Store,152.81
1457,188,2459,2023-10-12,5,20.04,Online,20.04
1458,170,2785,2025-08-30,5,59.02,Online,59.02
1459,175,2137,2023-03-06,5,233.98,Online,233.98
1460,152,2679,2025-09-05,1,106.63,Online,106.63
1461,160,2013,2025-02-19,5,232.36,Online,232.36
1462,147,2942,2024-12-26,3,133.4,Online,133.4
1463,135,2890,2025-12-02,1,87.8,In-Store,87.8
1464,109,2476,2025-11-04,4,101.18,Online,101.18
1465,145,2115,2024-11-27,1,62.85,In-Store,62.85
1466,119,2436,2025-06-02,4,212.28,In-Store,212.28
1467,138,2887,2022-09-25,5,185.66,In-Store,185.66
1468,132,2489,2025-02-12,3,243.25,Online,243.25
1469,102,2700,2025-02-09,1,186.75,In-Store,186.75
1470,183,2402,2025-12-06,4,209.04,In-Store,209.04
1471,117,2830,2023-12-12,1,156.19,In-Store,156.19
1472,137,2238,2024-08-09,3,67.81,Online,67.81
1473,122,2751,2023-04-17,2,167.31,In-Store,167.31
1474,186,2107,2023-07-12,2,28.06,Online,28.06
1475,150,2922,2024-11-22,3,33.26,In-Store,33.26
1476,150,2654,2023-10-18,1,33.26,Online,33.26
1477,152,2483,2025-07-04,4,106.63,Online,106.63
1478,141,2126,2025-07-12,3,232.94,Online,232.94
1479,109,2729,2024-09-16,4,101.18,Online,101.18
1480,149,2224,2024-07-20,1,198.31,In-Store,198.31
1481,149,2939,2025-01-09,2,198.31,Online,198.31
1482,189,2307,2025-09-19,5,60.42,In-Store,60.42
1483,101,2564,2025-11-27,1,187.97,In-Store,187.97
1484,170,2307,2025-06-10,1,59.02,Online,59.02
1485,171,2914,2023-11-05,1,104.99,In-Store,104.99
1486,175,2258,2024-06-24,1,233.98,Online,233.98
1487,159,2273,2023-03-16,4,49.51,Online,49.51
1488,127,2833,2024-05-01,5,200.1,In-Store,200.1
1489,126,2088,2025-01-31,1,191.39,Online,191.39
1490,172,2545,2025-12-25,1,232.96,In-Store,232.96
1491,106,2865,2025-09-18,4,117.81,In-Store,117.81
1492,195,2976,2023-08-15,5,93.92,In-Store,93.92
1493,143,2569,2024-08-04,5,39.04,Online,39.04
1494,132,2566,2024-12-12,4,243.25,In-Store,243.25
1495,144,2177,2024-12-10,5,15.05,Online,15.05
1496,187,2960,2024-06-04,1,149.8,In-Store,149.8
1497,116,2105,2025-01-24,3,98.84,Online,98.84
1498,135,2633,2023-07-04,1,87.8,Online,87.8
1499,133,2192,2025-06-08,1,212.0,Online,212.0
1500,128,2897,2025-04-12,2,101.59,In-Store,101.59
1501,140,2364,2024-07-22,4,136.64,In-Store,136.64
1502,139,2109,2025-04-16,2,168.34,Online,168.34
1503,143,2485,2023-12-03,1,39.04,Online,39.04
1504,135,2930,2024-01-11,3,87.8,In-Store,87.8
1505,168,2664,2025-03-17,3,152.68,In-Store,152.68
1506,126,2194,2025-06-25,5,191.39,Online,191.39
1507,111,2732,2023-10-05,4,243.55,In-Store,243.55
1508,101,2063,2025-04-26,3,187.97,In-Store,187.97
1509,108,2106,2024-07-26,5,61.68,Online,61.68
1510,112,2667,2022-11-09,2,80.36,Online,80.36
1511,124,2895,2024-09-21,3,112.82,Online,112.82
1512,157,2975,2024-01-19,2,232.33,Online,232.33
1513,156,2668,2024-07-05,2,22.14,In-Store,22.14
1514,109,2503,2025-06-29,4,101.18,In-Store,101.18
1515,108,2488,2025-07-26,5,61.68,In-Store,61.68
1516,177,2146,2025-07-05,3,246.12,In-Store,246.12
1517,184,2467,2024-11-20,2,195.07,Online,195.07
1518,112,2600,2024-08-19,1,80.36,In-Store,80.36
1519,181,2453,2023-07-07,1,175.0,Online,175.0
1520,120,2208,2025-11-25,2,203.21,In-Store,203.21
1521,198,2493,2025-11-01,2,105.92,Online,105.92
1522,105,2539,2025-05-31,3,57.72,In-Store,57.72
1523,106,2135,2024-03-18,4,117.81,Online,117.81
1524,173,2779,2024-06-12,3,159.08,Online,159.08
1525,149,2174,2024-11-20,3,198.31,Online,198.31
1526,163,2715,2025-10-15,1,186.58,Online,186.58
1527,177,2655,2025-03-08,4,246.12,Online,246.12
1528,124,2146,2025-07-21,5,112.82,In-Store,112.82
1529,151,2040,2023-05-11,1,108.66,Online,108.66
1530,194,2941,2023-12-21,3,216.06,Online,216.06
1531,126,2736,2024-10-05,3,191.39,Online,191.39
1532,126,2143,2024-10-24,5,191.39,Online,191.39
1533,191,2263,2023-08-24,2,217.51,Online,217.51
1534,113,2595,2024-08-16,3,56.15,Online,56.15
1535,192,2776,2022-06-24,2,53.05,In-Store,53.05
1536,115,2058,2025-12-09,1,101.23,In-Store,101.23
1537,175,2861,2024-07-08,3,233.98,In-Store,233.98
1538,159,2057,2024-06-01,3,49.51,In-Store,49.51
1539,157,2580,2025-11-14,2,232.33,In-Store,232.33
1540,128,2569,2025-12-07,1,101.59,Online,101.59
1541,142,2232,2023-02-22,2,248.84,Online,248.84
1542,115,2973,2024-09-11,5,101.23,In-Store,101.23
1543,173,2911,2024-10-04,3,159.08,In-Store,159.08
1544,105,2916,2025-04-02,1,57.72,Online,57.72
1545,174,2601,2025-09-14,3,139.03,Online,139.03
1546,162,2972,2024-04-24,2,55.58,Online,55.58
1547,119,2369,2025-12-11,3,212.28,Online,212.28
1548,125,2508,2025-08-08,5,62.64,In-Store,62.64
1549,110,2707,2024-10-13,1,73.49,In-Store,73.49
1550,156,2306,2024-09-12,2,22.14,In-Store,22.14
1551,179,2928,2025-07-30,3,37.7,In-Store,37.7
1552,133,2948,2025-10-02,4,212.0,Online,212.0
1553,197,2622,2025-05-16,3,217.44,In-Store,217.44
1554,120,2939,2024-11-19,4,203.21,In-Store,203.21
1555,169,2428,2025-06-27,4,167.77,Online,167.77
1556,140,2177,2023-09-15,2,136.64,Online,136.64
1557,175,2147,2025-05-27,2,233.98,In-Store,233.98
1558,176,2345,2024-06-21,3,78.4,In-Store,78.4
1559,129,2597,2024-11-08,5,216.59,Online,216.59
1560,178,2969,2024-05-10,3,81.85,Online,81.85
1561,173,2320,2023-07-11,1,159.08,In-Store,159.08
1562,116,2164,2025-10-31,5,98.84,In-Store,98.84
1563,112,2679,2024-03-26,5,80.36,Online,80.36
1564,121,2681,2024-11-17,5,60.64,In-Store,60.64
1565,176,2635,2025-06-08,4,78.4,In-Store,78.4
1566,154,2201,2025-04-09,4,111.25,In-Store,111.25
1567,194,2136,2025-10-31,4,216.06,In-Store,216.06
1568,158,2845,2024-01-28,4,126.55,Online,126.55
1569,140,2242,2024-06-20,4,136.64,Online,136.64
1570,109,2620,2023-12-20,1,101.18,In-Store,101.18
1571,152,2472,2024-05-19,3,106.63,Online,106.63
1572,146,2919,2023-11-16,2,26.18,Online,26.18
1573,146,2265,2024-05-12,1,26.18,In-Store,26.18
1574,167,2694,2022-08-12,5,235.98,Online,235.98
1575,103,2477,2024-07-12,2,111.26,In-Store,111.26
1576,116,2464,2025-03-06,3,98.84,In-Store,98.84
1577,185,2093,2023-05-11,5,142.4,Online,142.4
1578,195,2735,2025-10-07,5,93.92,In-Store,93.92
1579,161,2350,2023-01-22,3,177.18,In-Store,177.18
1580,195,2238,2025-01-11,4,93.92,In-Store,93.92
1581,106,2836,2025-04-09,1,117.81,In-Store,117.81
1582,179,2303,2025-10-13,2,37.7,In-Store,37.7
1583,151,2449,2025-02-12,2,108.66,Online,108.66
1584,121,2511,2025-01-08,2,60.64,In-Store,60.64
1585,103,2128,2025-10-09,3,111.26,Online,111.26
1586,172,2749,2023-10-23,2,232.96,In-Store,232.96
1587,122,2964,2024-09-02,2,167.31,In-Store,167.31
1588,197,2686,2025-04-13,5,217.44,Online,217.44
1589,117,2910,2024-07-05,2,156.19,Online,156.19
1590,121,2739,2024-02-24,1,60.64,In-Store,60.64
1591,162,2246,2025-12-02,3,55.58,In-Store,55.58
1592,128,2287,2025-04-03,4,101.59,In-Store,101.59
1593,191,2327,2025-12-08,4,217.51,In-Store,217.51
1594,183,2193,2025-03-15,5,209.04,Online,209.04
1595,135,2250,2024-07-26,2,87.8,Online,87.8
1596,139,2385,2024-09-16,5,168.34,In-Store,168.34
1597,106,2228,2024-07-01,2,117.81,In-Store,117.81
1598,105,2651,2024-11-05,5,57.72,In-Store,57.72
1599,160,2162,2024-01-14,4,232.36,Online,232.36
1600,103,2632,2025-04-30,5,111.26,In-Store,111.26
1601,163,2763,2024-05-20,1,186.58,Online,186.58
1602,175,2244,2022-10-03,5,233.98,Online,233.98
1603,153,2234,2024-06-17,5,55.98,In-Store,55.98
1604,104,2872,2024-10-02,2,65.84,Online,65.84
1605,106,2871,2024-09-02,4,117.81,In-Store,117.81
1606,106,2099,2024-12-24,2,117.81,In-Store,117.81
1607,152,2770,2025-11-30,1,106.63,In-Store,106.63
1608,189,2562,2024-09-29,3,60.42,Online,60.42
1609,158,2255,2024-02-23,3,126.55,In-Store,126.55
1610,175,2180,2025-06-04,2,233.98,Online,233.98
1611,196,2939,2022-11-01,5,168.41,In-Store,168.41
1612,133,2443,2025-01-05,1,212.0,In-Store,212.0
1613,179,2839,2025-12-29,2,37.7,Online,37.7
1614,132,2430,2025-11-17,2,243.25,In-Store,243.25
1615,182,2807,2025-06-06,4,227.28,Online,227.28
1616,128,2106,2025-05-31,5,101.59,Online,101.59
1617,102,2590,2025-11-05,4,186.75,In-Store,186.75
1618,178,2110,2024-04-15,1,81.85,Online,81.85
1619,168,2951,2024-12-30,1,152.68,In-Store,152.68
1620,110,2802,2025-07-22,2,73.49,In-Store,73.49
1621,185,2456,2025-12-17,4,142.4,In-Store,142.4
1622,158,2439,2025-04-30,5,126.55,Online,126.55
1623,184,2998,2024-09-06,3,195.07,In-Store,195.07
1624,190,2411,2025-04-05,3,197.23,In-Store,197.23
1625,166,2370,2024-12-26,4,152.81,Online,152.81
1626,178,2651,2025-01-03,5,81.85,In-Store,81.85
1627,167,2577,2025-05-31,4,235.98,Online,235.98
1628,192,2464,2025-10-21,5,53.05,Online,53.05
1629,178,2878,2025-04-27,1,81.85,Online,81.85
1630,119,2778,2023-02-15,3,212.28,In-Store,212.28
1631,119,2503,2025-05-31,1,212.28,Online,212.28
1632,136,2400,2025-04-27,4,220.89,Online,220.89
1633,130,2344,2025-01-13,1,190.21,Online,190.21
1634,137,2636,2025-12-24,3,67.81,In-Store,67.81
1635,152,2503,2024-10-22,2,106.63,In-Store,106.63
1636,180,2634,2023-07-07,5,77.62,Online,77.62
1637,133,2076,2024-08-23,1,212.0,Online,212.0
1638,133,2802,2025-08-26,4,212.0,In-Store,212.0
1639,199,2623,2024-06-21,4,37.68,Online,37.68
1640,117,2679,2024-09-13,1,156.19,Online,156.19
1641,127,2765,2024-01-29,1,200.1,Online,200.1
1642,185,2303,2024-09-28,4,142.4,In-Store,142.4
1643,144,2416,2025-06-17,1,15.05,Online,15.05
1644,189,2579,2025-08-03,2,60.42,In-Store,60.42
1645,112,2062,2025-01-12,4,80.36,In-Store,80.36
1646,119,2546,2025-01-03,2,212.28,Online,212.28
1647,144,2570,2025-01-01,1,15.05,Online,15.05
1648,115,2736,2024-12-21,1,101.23,In-Store,101.23
1649,102,2826,2023-01-21,1,186.75,Online,186.75
1650,140,2566,2025-07-29,3,136.64,Online,136.64
1651,157,2232,2024-10-21,3,232.33,Online,232.33
1652,106,2356,2024-11-18,1,117.81,Online,117.81
1653,171,2026,2025-03-23,1,104.99,Online,104.99
1654,166,2356,2025-05-15,3,152.81,In-Store,152.81
1655,124,2308,2024-08-13,5,112.82,Online,112.82
1656,113,2546,2024-09-09,4,56.15,Online,56.15
1657,160,2942,2023-06-15,3,232.36,Online,232.36
1658,122,2763,2023-10-19,1,167.31,Online,167.31
1659,187,2202,2025-05-31,1,149.8,Online,149.8
1660,187,2465,2024-07-09,2,149.8,Online,149.8
1661,106,2774,2024-09-14,1,117.81,Online,117.81
1662,120,2965,2025-09-20,2,203.21,Online,203.21
1663,123,2759,2024-12-29,5,73.57,Online,73.57
1664,137,2589,2025-11-27,3,67.81,In-Store,67.81
1665,124,2409,2025-08-15,2,112.82,Online,112.82
1666,190,2115,2025-07-20,4,197.23,In-Store,197.23
1667,192,2941,2023-10-03,2,53.05,Online,53.05
1668,179,2312,2023-03-03,3,37.7,In-Store,37.7
1669,155,2867,2024-03-24,1,219.88,In-Store,219.88
1670,153,2464,2025-09-28,3,55.98,Online,55.98
1671,161,2048,2024-12-03,2,177.18,In-Store,177.18
1672,163,2420,2025-02-28,1,186.58,In-Store,186.58
1673,132,2288,2025-11-29,5,243.25,In-Store,243.25
1674,185,2910,2023-08-01,1,142.4,Online,142.4
1675,117,2674,2025-03-21,3,156.19,In-Store,156.19
1676,194,2957,2023-03-22,5,216.06,Online,216.06
1677,158,2439,2025-01-12,1,126.55,In-Store,126.55
1678,200,2553,2025-04-08,4,241.01,Online,241.01
1679,145,2745,2024-08-20,2,62.85,In-Store,62.85
1680,121,2731,2025-11-20,4,60.64,Online,60.64
1681,131,2808,2024-08-19,1,114.34,In-Store,114.34
1682,196,2603,2024-04-18,5,168.41,Online,168.41
1683,191,2807,2025-08-18,5,217.51,Online,217.51
1684,131,2763,2023-12-25,1,114.34,Online,114.34
1685,146,2563,2024-06-09,2,26.18,In-Store,26.18
1686,137,2330,2023-11-05,5,67.81,Online,67.81
1687,139,2130,2024-08-16,2,168.34,In-Store,168.34
1688,197,2196,2025-12-10,3,217.44,Online,217.44
1689,192,2316,2022-12-31,4,53.05,Online,53.05
1690,107,2758,2025-06-08,1,177.55,Online,177.55
1691,146,2838,2025-08-24,3,26.18,Online,26.18
1692,138,2952,2024-01-24,3,185.66,Online,185.66
1693,189,2462,2024-12-20,4,60.42,In-Store,60.42
1694,155,2227,2022-08-31,2,219.88,In-Store,219.88
1695,151,2606,2025-04-12,2,108.66,Online,108.66
1696,142,2338,2025-06-10,1,248.84,Online,248.84
1697,190,2238,2025-12-26,2,197.23,In-Store,197.23
1698,112,2398,2025-06-11,3,80.36,Online,80.36
1699,115,2168,2025-08-13,1,101.23,Online,101.23
1700,132,2834,2025-10-08,4,243.25,Online,243.25
1701,199,2616,2025-12-01,2,37.68,Online,37.68
1702,166,2160,2024-10-23,2,152.81,Online,152.81
1703,167,2496,2024-05-16,2,235.98,Online,235.98
1704,165,2553,2024-02-28,5,240.59,Online,240.59
1705,198,2010,2025-07-21,4,105.92,In-Store,105.92
1706,138,2192,2024-10-31,2,185.66,Online,185.66
1707,152,2591,2025-04-23,2,106.63,Online,106.63
1708,173,2739,2024-02-19,3,159.08,In-Store,159.08
1709,117,2809,2025-01-05,3,156.19,In-Store,156.19
1710,120,2553,2023-09-21,3,203.21,In-Store,203.21
1711,170,2150,2024-12-04,2,59.02,In-Store,59.02
1712,103,2423,2025-07-04,4,111.26,In-Store,111.26
1713,136,2424,2025-12-01,2,220.89,In-Store,220.89
1714,179,2195,2022-08-28,4,37.7,In-Store,37.7
1715,155,2572,2025-12-04,1,219.88,In-Store,219.88
1716,131,2939,2025-06-12,5,114.34,Online,114.34
1717,167,2027,2025-08-09,2,235.98,In-Store,235.98
1718,151,2350,2025-02-22,4,108.66,In-Store,108.66
1719,141,2985,2024-07-09,3,232.94,In-Store,232.94
1720,177,2249,2025-10-31,1,246.12,In-Store,246.12
1721,155,2332,2024-10-28,4,219.88,Online,219.88
1722,145,2537,2024-04-13,2,62.85,Online,62.85
1723,152,2282,2022-04-21,5,106.63,In-Store,106.63
1724,146,2498,2025-10-03,4,26.18,In-Store,26.18
1725,148,2180,2025-06-08,3,139.42,In-Store,139.42
1726,176,2868,2025-04-18,3,78.4,Online,78.4
1727,124,2549,2024-05-21,1,112.82,Online,112.82
1728,124,2933,2025-03-19,5,112.82,Online,112.82
1729,163,2932,2023-11-03,4,186.58,In-Store,186.58
1730,186,2138,2025-12-05,3,28.06,In-Store,28.06
1731,113,2033,2024-11-28,1,56.15,In-Store,56.15
1732,165,2537,2025-01-14,2,240.59,Online,240.59
1733,136,2280,2025-05-29,1,220.89,In-Store,220.89
1734,181,2685,2025-06-18,1,175.0,Online,175.0
1735,120,2191,2023-12-22,5,203.21,In-Store,203.21
1736,185,2840,2025-12-18,2,142.4,In-Store,142.4
1737,134,2983,2024-05-26,5,99.74,Online,99.74
1738,151,2632,2024-06-10,1,108.66,Online,108.66
1739,194,2073,2025-05-16,4,216.06,In-Store,216.06
1740,171,2128,2024-09-14,5,104.99,Online,104.99
1741,179,2339,2024-09-22,2,37.7,In-Store,37.7
1742,158,2635,2024-06-18,3,126.55,In-Store,126.55
1743,181,2384,2025-08-22,3,175.0,In-Store,175.0
1744,173,2741,2025-05-12,1,159.08,Online,159.08
1745,146,2247,2025-09-07,3,26.18,Online,26.18
1746,163,2995,2025-01-28,2,186.58,In-Store,186.58
1747,139,2678,2024-11-29,1,168.34,Online,168.34
1748,155,2039,2025-12-17,4,219.88,Online,219.88
1749,155,2307,2024-10-06,1,219.88,In-Store,219.88
1750,163,2252,2025-07-26,4,186.58,In-Store,186.58
1751,191,2199,2025-04-14,2,217.51,Online,217.51
1752,179,2703,2024-11-19,2,37.7,Online,37.7
1753,187,2906,2023-10-30,4,149.8,Online,149.8
1754,196,2399,2025-08-16,1,168.41,In-Store,168.41
1755,153,2260,2025-06-01,2,55.98,Online,55.98
1756,166,2893,2023-09-13,1,152.81,Online,152.81
1757,154,2882,2024-07-01,3,111.25,In-Store,111.25
1758,110,2800,2024-12-22,5,73.49,Online,73.49
1759,113,2398,2025-12-06,2,56.15,Online,56.15
1760,108,2147,2024-12-16,1,61.68,In-Store,61.68
1761,130,2421,2022-12-01,3,190.21,Online,190.21
1762,162,2207,2024-10-19,1,55.58,Online,55.58
1763,168,2943,2025-03-30,4,152.68,Online,152.68
1764,147,2016,2022-07-12,1,133.4,In-Store,133.4
1765,142,2077,2025-10-21,1,248.84,Online,248.84
1766,172,2654,2023-11-22,2,232.96,Online,232.96
1767,106,2178,2025-07-10,5,117.81,In-Store,117.81
1768,186,2699,2025-12-02,4,28.06,In-Store,28.06
1769,193,2026,2025-06-14,4,74.03,In-Store,74.03
1770,103,2389,2024-09-26,3,111.26,In-Store,111.26
1771,128,2035,2024-12-30,3,101.59,In-Store,101.59
1772,156,2596,2024-12-08,5,22.14,Online,22.14
1773,189,2343,2024-03-14,3,60.42,Online,60.42
1774,129,2027,2024-10-31,4,216.59,In-Store,216.59
1775,187,2407,2025-11-26,2,149.8,Online,149.8
1776,109,2716,2025-08-27,1,101.18,In-Store,101.18
1777,179,2536,2025-01-14,3,37.7,In-Store,37.7
1778,175,2234,2025-09-14,5,233.98,In-Store,233.98
1779,129,2045,2025-11-08,2,216.59,Online,216.59
1780,109,2806,2025-11-01,3,101.18,Online,101.18
1781,134,2906,2024-09-26,1,99.74,In-Store,99.74
1782,129,2392,2024-12-11,2,216.59,In-Store,216.59
1783,193,2745,2024-10-28,5,74.03,Online,74.03
1784,119,2429,2024-09-13,4,212.28,In-Store,212.28
1785,110,2026,2025-12-27,1,73.49,In-Store,73.49
1786,109,2430,2025-01-26,5,101.18,Online,101.18
1787,140,2155,2023-03-10,5,136.64,Online,136.64
1788,108,2449,2024-11-01,4,61.68,Online,61.68
1789,104,2967,2023-11-08,5,65.84,In-Store,65.84
1790,136,2343,2023-02-23,4,220.89,Online,220.89
1791,159,2208,2024-09-19,5,49.51,Online,49.51
1792,152,2920,2024-07-15,2,106.63,Online,106.63
1793,196,2782,2025-09-06,1,168.41,Online,168.41
1794,106,2995,2025-07-17,1,117.81,Online,117.81
1795,113,2381,2024-03-30,4,56.15,In-Store,56.15
1796,138,2284,2025-02-21,3,185.66,In-Store,185.66
1797,107,2448,2025-12-30,1,177.55,Online,177.55
1798,142,2060,2025-09-03,4,248.84,Online,248.84
1799,198,2337,2024-11-05,2,105.92,Online,105.92
1800,181,2149,2025-06-06,4,175.0,In-Store,175.0
1801,127,2510,2025-08-15,5,200.1,In-Store,200.1
1802,105,2004,2025-02-05,2,57.72,In-Store,57.72
1803,158,2900,2022-10-16,3,126.55,Online,126.55
1804,196,2387,2025-01-24,1,168.41,In-Store,168.41
1805,198,2765,2025-12-28,2,105.92,Online,105.92
1806,163,2757,2025-07-24,3,186.58,Online,186.58
1807,139,2058,2024-12-24,4,168.34,Online,168.34
1808,123,2073,2024-06-09,1,73.57,Online,73.57
1809,121,2599,2024-09-20,4,60.64,In-Store,60.64
1810,138,2179,2024-10-13,2,185.66,Online,185.66
1811,171,2491,2023-07-10,4,104.99,Online,104.99
1812,192,2209,2024-11-30,4,53.05,In-Store,53.05
1813,104,2435,2023-08-30,3,65.84,Online,65.84
1814,173,2996,2025-12-18,4,159.08,Online,159.08
1815,199,2444,2024-10-01,2,37.68,Online,37.68
1816,154,2003,2024-11-10,3,111.25,Online,111.25
1817,142,2413,2024-04-01,5,248.84,In-Store,248.84
1818,130,2045,2025-09-09,2,190.21,In-Store,190.21
1819,119,2900,2023-10-11,4,212.28,Online,212.28
1820,136,2039,2025-12-11,3,220.89,Online,220.89
1821,125,2865,2025-08-26,2,62.64,Online,62.64
1822,123,2994,2023-05-13,2,73.57,In-Store,73.57
1823,153,2378,2025-10-09,4,55.98,In-Store,55.98
1824,114,2201,2025-11-28,2,195.54,Online,195.54
1825,163,2233,2025-10-04,4,186.58,In-Store,186.58
1826,145,2161,2025-06-29,4,62.85,In-Store,62.85
1827,142,2605,2024-07-31,4,248.84,Online,248.84
1828,142,2229,2025-05-26,3,248.84,In-Store,248.84
1829,168,2681,2023-05-14,5,152.68,In-Store,152.68
1830,191,2103,2022-07-24,2,217.51,In-Store,217.51
1831,147,2050,2025-05-12,1,133.4,In-Store,133.4
1832,129,2121,2025-02-25,2,216.59,Online,216.59
1833,133,2897,2024-11-29,4,212.0,In-Store,212.0
1834,191,2243,2024-08-26,2,217.51,Online,217.51
1835,120,2605,2023-06-26,1,203.21,In-Store,203.21
1836,187,2603,2025-05-18,1,149.8,Online,149.8
1837,188,2772,2024-11-23,4,20.04,Online,20.04
1838,173,2815,2025-11-01,1,159.08,Online,159.08
1839,184,2097,2025-05-01,4,195.07,Online,195.07
1840,186,2652,2023-03-26,1,28.06,In-Store,28.06
1841,138,2142,2025-09-20,2,185.66,In-Store,185.66
1842,121,2679,2024-04-10,1,60.64,Online,60.64
1843,127,2689,2023-11-11,4,200.1,In-Store,200.1
1844,110,2346,2025-04-18,5,73.49,Online,73.49
1845,178,2610,2025-04-19,1,81.85,In-Store,81.85
1846,111,2557,2025-05-06,3,243.55,In-Store,243.55
1847,164,2898,2024-05-18,1,22.03,Online,22.03
1848,171,2614,2024-07-26,1,104.99,Online,104.99
1849,179,2891,2025-12-11,5,37.7,Online,37.7
1850,168,2877,2022-04-25,5,152.68,In-Store,152.68
1851,162,2447,2024-09-13,1,55.58,Online,55.58
1852,168,2774,2025-03-01,4,152.68,In-Store,152.68
1853,107,2304,2025-04-16,5,177.55,Online,177.55
1854,126,2876,2023-08-21,3,191.39,Online,191.39
1855,105,2491,2025-03-22,5,57.72,Online,57.72
1856,198,2283,2025-03-27,1,105.92,In-Store,105.92
1857,188,2683,2025-12-23,5,20.04,In-Store,20.04
1858,118,2222,2024-01-01,5,120.94,Online,120.94
1859,106,2686,2024-08-08,1,117.81,Online,117.81
1860,183,2564,2025-06-11,2,209.04,Online,209.04
1861,133,2183,2025-06-15,4,212.0,In-Store,212.0
1862,189,2860,2023-04-02,1,60.42,Online,60.42
1863,138,2613,2025-08-08,2,185.66,Online,185.66
1864,136,2223,2024-12-15,5,220.89,In-Store,220.89
1865,158,2125,2025-12-09,1,126.55,Online,126.55
1866,126,2067,2024-11-19,5,191.39,In-Store,191.39
1867,176,2307,2025-02-20,5,78.4,Online,78.4
1868,147,2160,2025-08-08,1,133.4,Online,133.4
1869,134,2707,2025-01-14,1,99.74,In-Store,99.74
1870,103,2962,2025-05-15,5,111.26,In-Store,111.26
1871,176,2064,2024-10-27,5,78.4,In-Store,78.4
1872,132,2460,2025-03-21,5,243.25,In-Store,243.25
1873,163,2239,2024-12-19,5,186.58,Online,186.58
1874,192,2360,2022-09-26,1,53.05,Online,53.05
1875,105,2233,2022-11-22,2,57.72,Online,57.72
1876,136,2004,2025-04-14,2,220.89,Online,220.89
1877,194,2992,2025-02-10,5,216.06,Online,216.06
1878,107,2668,2025-03-18,3,177.55,In-Store,177.55
1879,145,2670,2024-03-01,5,62.85,In-Store,62.85
1880,134,2771,2023-08-11,5,99.74,In-Store,99.74
1881,142,2762,2025-04-01,4,248.84,Online,248.84
1882,182,2946,2025-05-08,4,227.28,Online,227.28
1883,114,2339,2023-10-12,4,195.54,Online,195.54
1884,115,2856,2025-09-23,2,101.23,Online,101.23
1885,148,2433,2025-02-14,3,139.42,Online,139.42
1886,160,2958,2024-11-11,5,232.36,Online,232.36
1887,134,2536,2025-07-08,2,99.74,In-Store,99.74
1888,119,2995,2025-07-16,4,212.28,Online,212.28
1889,105,2056,2024-04-29,1,57.72,In-Store,57.72
1890,151,2122,2024-12-13,5,108.66,Online,108.66
1891,137,2681,2025-05-07,4,67.81,Online,67.81
1892,143,2859,2025-03-31,1,39.04,In-Store,39.04
1893,121,2765,2024-07-17,3,60.64,Online,60.64
1894,121,2607,2025-11-07,2,60.64,In-Store,60.64
1895,195,2910,2023-06-28,1,93.92,In-Store,93.92
1896,134,2856,2024-11-06,4,99.74,Online,99.74
1897,195,2987,2024-11-18,2,93.92,In-Store,93.92
1898,143,2703,2025-07-12,1,39.04,In-Store,39.04
1899,104,2477,2025-11-12,3,65.84,In-Store,65.84
1900,196,2854,2023-05-20,1,168.41,Online,168.41
1901,166,2998,2025-04-26,4,152.81,Online,152.81
1902,191,2084,2024-12-21,5,217.51,In-Store,217.51
1903,127,2197,2025-07-16,5,200.1,Online,200.1
1904,178,2024,2025-04-07,1,81.85,Online,81.85
1905,165,2804,2023-01-15,2,240.59,In-Store,240.59
1906,175,2816,2025-12-21,3,233.98,Online,233.98
1907,117,2042,2025-12-01,3,156.19,Online,156.19
1908,129,2914,2025-07-29,5,216.59,In-Store,216.59
1909,177,2684,2025-09-13,2,246.12,In-Store,246.12
1910,135,2026,2025-12-26,3,87.8,In-Store,87.8
1911,126,2587,2025-08-17,3,191.39,In-Store,191.39
1912,175,2712,2025-05-14,5,233.98,Online,233.98
1913,121,2533,2024-11-07,1,60.64,In-Store,60.64
1914,164,2002,2024-11-24,3,22.03,Online,22.03
1915,109,2556,2022-11-24,1,101.18,Online,101.18
1916,115,2435,2023-05-17,2,101.23,Online,101.23
1917,169,2657,2022-09-16,3,167.77,In-Store,167.77
1918,154,2709,2025-12-07,1,111.25,In-Store,111.25
1919,150,2783,2025-04-11,5,33.26,Online,33.26
1920,182,2932,2025-06-10,4,227.28,Online,227.28
1921,187,2708,2025-05-05,1,149.8,Online,149.8
1922,178,2384,2025-12-25,1,81.85,In-Store,81.85
1923,182,2921,2025-11-19,3,227.28,Online,227.28
1924,115,2456,2025-09-24,5,101.23,Online,101.23
1925,104,2646,2025-06-26,2,65.84,Online,65.84
1926,172,2889,2023-11-27,1,232.96,In-Store,232.96
1927,122,2875,2025-02-15,5,167.31,In-Store,167.31
1928,125,2936,2024-03-13,4,62.64,In-Store,62.64
1929,108,2161,2025-05-16,2,61.68,In-Store,61.68
1930,166,2680,2024-11-16,3,152.81,Online,152.81
1931,109,2426,2025-08-12,1,101.18,In-Store,101.18
1932,111,2780,2023-11-04,4,243.55,In-Store,243.55
1933,170,2163,2024-02-04,2,59.02,Online,59.02
1934,146,2713,2025-08-19,5,26.18,In-Store,26.18
1935,106,2797,2024-07-31,3,117.81,Online,117.81
1936,197,2922,2025-09-24,5,217.44,In-Store,217.44
1937,124,2717,2024-05-31,3,112.82,Online,112.82
1938,177,2762,2025-10-23,3,246.12,In-Store,246.12
1939,189,2738,2025-04-29,1,60.42,Online,60.42
1940,159,2954,2024-08-22,2,49.51,In-Store,49.51
1941,179,2071,2024-10-25,1,37.7,Online,37.7
1942,193,2426,2025-06-17,4,74.03,Online,74.03
1943,195,2438,2023-08-21,5,93.92,Online,93.92
1944,105,2163,2024-07-02,1,57.72,In-Store,57.72
1945,169,2951,2022-07-16,2,167.77,In-Store,167.77
1946,124,2297,2024-08-30,4,112.82,In-Store,112.82
1947,119,2693,2025-06-01,3,212.28,In-Store,212.28
1948,167,2424,2024-12-26,2,235.98,In-Store,235.98
1949,187,2210,2022-10-02,4,149.8,In-Store,149.8
1950,143,2370,2024-12-12,2,39.04,In-Store,39.04
1951,186,2120,2025-07-04,1,28.06,In-Store,28.06
1952,172,2943,2023-09-05,1,232.96,Online,232.96
1953,185,2764,2025-05-01,1,142.4,Online,142.4
1954,140,2819,2024-04-11,4,136.64,In-Store,136.64
1955,158,2723,2024-08-18,2,126.55,Online,126.55
1956,114,2618,2025-06-23,3,195.54,Online,195.54
1957,183,2860,2024-12-03,4,209.04,In-Store,209.04
1958,148,2222,2025-09-25,2,139.42,In-Store,139.42
1959,129,2916,2025-09-08,5,216.59,In-Store,216.59
1960,113,2528,2023-11-19,1,56.15,Online,56.15
1961,155,2781,2024-01-16,2,219.88,Online,219.88
1962,112,2400,2024-11-25,5,80.36,Online,80.36
1963,186,2717,2024-12-01,1,28.06,In-Store,28.06
1964,123,2013,2025-08-12,5,73.57,Online,73.57
1965,122,2461,2025-05-21,4,167.31,In-Store,167.31
1966,179,2041,2025-03-26,4,37.7,Online,37.7
1967,135,2545,2025-04-02,2,87.8,Online,87.8
1968,182,2646,2025-11-02,2,227.28,Online,227.28
1969,161,2688,2024-07-01,1,177.18,In-Store,177.18
1970,187,2391,2025-11-09,2,149.8,In-Store,149.8
1971,127,2074,2023-03-03,4,200.1,Online,200.1
1972,108,2217,2025-11-26,5,61.68,Online,61.68
1973,139,2739,2023-06-30,5,168.34,Online,168.34
1974,136,2188,2024-02-10,1,220.89,Online,220.89
1975,198,2417,2024-09-09,1,105.92,In-Store,105.92
1976,198,2349,2024-12-01,2,105.92,In-Store,105.92
1977,199,2397,2022-06-08,5,37.68,Online,37.68
1978,177,2295,2024-05-14,1,246.12,In-Store,246.12
1979,187,2378,2024-11-16,5,149.8,In-Store,149.8
1980,154,2235,2025-09-17,2,111.25,Online,111.25
1981,181,2199,2025-01-07,4,175.0,In-Store,175.0
1982,151,2977,2024-12-05,5,108.66,In-Store,108.66
1983,113,2603,2025-10-05,1,56.15,In-Store,56.15
1984,153,2844,2023-07-30,3,55.98,In-Store,55.98
1985,198,2706,2025-04-18,3,105.92,In-Store,105.92
1986,109,2127,2025-04-02,3,101.18,Online,101.18
1987,159,2888,2023-12-28,1,49.51,Online,49.51
1988,156,2794,2024-04-28,3,22.14,Online,22.14
1989,116,2171,2024-10-24,4,98.84,In-Store,98.84
1990,195,2365,2023-08-11,4,93.92,Online,93.92
1991,118,2950,2024-01-09,4,120.94,In-Store,120.94
1992,154,2125,2025-05-09,3,111.25,Online,111.25
1993,167,2035,2024-08-06,1,235.98,Online,235.98
1994,169,2087,2024-11-11,3,167.77,In-Store,167.77
1995,184,2602,2025-03-16,2,195.07,In-Store,195.07
1996,159,2621,2024-05-03,5,49.51,In-Store,49.51
1997,134,2775,2023-09-12,1,99.74,Online,99.74
1998,107,2293,2023-06-20,1,177.55,Online,177.55
1999,154,2545,2023-12-06,4,111.25,Online,111.25
2000,164,2834,2023-07-17,5,22.03,In-Store,22.03
2001,145,2888,2024-08-29,4,62.85,Online,62.85
2002,161,2731,2025-07-07,2,177.18,Online,177.18
2003,153,2624,2023-02-03,2,55.98,In-Store,55.98
2004,195,2990,2025-09-06,3,93.92,In-Store,93.92
2005,127,2286,2025-11-24,3,200.1,In-Store,200.1
2006,154,2277,2025-06-18,1,111.25,In-Store,111.25
2007,148,2231,2024-04-12,4,139.42,In-Store,139.42
2008,130,2892,2025-02-28,5,190.21,Online,190.21
2009,154,2118,2023-12-14,5,111.25,In-Store,111.25
2010,148,2305,2025-04-14,2,139.42,In-Store,139.42
2011,198,2208,2022-04-09,5,105.92,Online,105.92
2012,190,2525,2025-06-11,2,197.23,In-Store,197.23
2013,118,2405,2025-09-24,5,120.94,Online,120.94
2014,111,2002,2024-03-22,4,243.55,In-Store,243.55
2015,105,2319,2025-05-12,4,57.72,In-Store,57.72
2016,118,2916,2025-04-30,2,120.94,Online,120.94
2017,193,2814,2022-03-15,2,74.03,Online,74.03
2018,144,2229,2025-06-28,1,15.05,In-Store,15.05
2019,172,2217,2025-08-17,5,232.96,In-Store,232.96
2020,150,2086,2024-10-15,2,33.26,In-Store,33.26
2021,156,2049,2025-02-11,5,22.14,Online,22.14
2022,141,2959,2024-06-26,2,232.94,Online,232.94
2023,162,2655,2025-07-11,2,55.58,In-Store,55.58
2024,196,2305,2023-06-11,2,168.41,In-Store,168.41
2025,110,2665,2023-12-13,3,73.49,Online,73.49
2026,137,2731,2025-10-26,2,67.81,Online,67.81
2027,170,2875,2025-09-08,1,59.02,Online,59.02
2028,172,2291,2025-12-26,3,232.96,In-Store,232.96
2029,149,2937,2024-05-05,1,198.31,In-Store,198.31
2030,131,2894,2025-08-10,2,114.34,In-Store,114.34
2031,161,2239,2025-10-14,5,177.18,In-Store,177.18
2032,194,2099,2025-04-25,1,216.06,Online,216.06
2033,165,2750,2025-02-08,2,240.59,In-Store,240.59
2034,106,2983,2024-03-14,3,117.81,Online,117.81
2035,157,2741,2024-10-04,5,232.33,Online,232.33
2036,107,2172,2025-09-05,4,177.55,In-Store,177.55
2037,149,2799,2025-06-27,5,198.31,Online,198.31
2038,188,2249,2025-09-21,2,20.04,In-Store,20.04
2039,199,2364,2024-04-25,2,37.68,In-Store,37.68
2040,131,2075,2023-10-16,4,114.34,Online,114.34
2041,196,2693,2025-08-01,3,168.41,Online,168.41
2042,154,2464,2025-07-01,1,111.25,In-Store,111.25
2043,151,2877,2023-03-15,4,108.66,Online,108.66
2044,114,2779,2024-12-03,2,195.54,In-Store,195.54
2045,163,2172,2025-09-12,2,186.58,In-Store,186.58
2046,194,2560,2023-12-01,3,216.06,Online,216.06
2047,126,2001,2023-03-18,4,191.39,Online,191.39
2048,144,2383,2023-05-30,2,15.05,Online,15.05
2049,112,2843,2024-09-02,2,80.36,In-Store,80.36
2050,107,2304,2025-08-01,1,177.55,Online,177.55
2051,183,2001,2022-04-13,5,209.04,Online,209.04
2052,131,2898,2024-05-28,4,114.34,Online,114.34
2053,135,2172,2023-12-18,1,87.8,Online,87.8
2054,115,2010,2024-09-23,2,101.23,Online,101.23
2055,101,2742,2023-11-21,2,187.97,Online,187.97
2056,106,2238,2024-02-01,1,117.81,In-Store,117.81
2057,150,2716,2025-10-20,1,33.26,Online,33.26
2058,182,2287,2025-02-18,4,227.28,In-Store,227.28
2059,179,2985,2025-07-15,2,37.7,In-Store,37.7
2060,123,2641,2024-05-02,4,73.57,Online,73.57
2061,170,2346,2025-02-17,1,59.02,In-Store,59.02
2062,146,2728,2025-09-16,1,26.18,Online,26.18
2063,110,2819,2022-04-25,1,73.49,In-Store,73.49
2064,116,2226,2024-10-30,5,98.84,In-Store,98.84
2065,135,2836,2022-10-25,1,87.8,Online,87.8
2066,138,2729,2024-06-22,2,185.66,In-Store,185.66
2067,127,2670,2024-11-19,2,200.1,In-Store,200.1
2068,182,2834,2025-03-03,3,227.28,Online,227.28
2069,183,2157,2024-09-19,1,209.04,In-Store,209.04
2070,148,2148,2023-02-27,1,139.42,Online,139.42
2071,182,2451,2023-10-22,3,227.28,In-Store,227.28
2072,189,2575,2023-11-14,5,60.42,In-Store,60.42
2073,104,2163,2023-09-07,3,65.84,Online,65.84
2074,151,2119,2024-10-26,5,108.66,Online,108.66
2075,170,2223,2025-01-31,4,59.02,In-Store,59.02
2076,157,2481,2025-10-27,2,232.33,In-Store,232.33
2077,106,2650,2024-07-28,3,117.81,In-Store,117.81
2078,119,2867,2024-09-19,1,212.28,In-Store,212.28
2079,109,2167,2025-11-16,3,101.18,In-Store,101.18
2080,187,2335,2023-01-04,1,149.8,Online,149.8
2081,178,2259,2025-10-28,2,81.85,In-Store,81.85
2082,142,2792,2023-09-20,4,248.84,In-Store,248.84
2083,138,2537,2025-11-14,4,185.66,Online,185.66
2084,166,2845,2023-03-06,5,152.81,In-Store,152.81
2085,140,2138,2025-11-13,3,136.64,Online,136.64
2086,183,2781,2024-03-27,3,209.04,Online,209.04
2087,129,2567,2024-09-09,4,216.59,In-Store,216.59
2088,113,2557,2025-03-02,4,56.15,In-Store,56.15
2089,199,2305,2024-09-05,4,37.68,In-Store,37.68
2090,108,2721,2024-11-02,2,61.68,In-Store,61.68
2091,119,2678,2025-07-14,5,212.28,In-Store,212.28
2092,177,2810,2025-04-15,5,246.12,In-Store,246.12
2093,186,2032,2025-04-14,5,28.06,Online,28.06
2094,103,2175,2025-01-19,1,111.26,In-Store,111.26
2095,146,2879,2025-07-27,5,26.18,Online,26.18
2096,175,2770,2023-06-19,2,233.98,In-Store,233.98
2097,199,2616,2023-04-02,2,37.68,Online,37.68
2098,116,2990,2024-08-17,5,98.84,In-Store,98.84
2099,149,2440,2023-09-20,1,198.31,Online,198.31
2100,131,2443,2024-08-26,3,114.34,Online,114.34
2101,143,2731,2024-11-04,4,39.04,Online,39.04
2102,141,2549,2025-03-09,4,232.94,Online,232.94
2103,172,2279,2025-03-06,2,232.96,Online,232.96
2104,185,2502,2025-06-24,2,142.4,Online,142.4
2105,192,2606,2025-10-10,2,53.05,In-Store,53.05
2106,132,2903,2025-04-20,1,243.25,In-Store,243.25
2107,172,2844,2024-04-23,1,232.96,Online,232.96
2108,196,2377,2025-12-27,1,168.41,In-Store,168.41
2109,115,2904,2025-09-04,2,101.23,Online,101.23
2110,114,2084,2023-11-11,3,195.54,Online,195.54
2111,176,2402,2023-07-30,2,78.4,Online,78.4
2112,154,2015,2024-09-02,5,111.25,In-Store,111.25
2113,162,2936,2024-06-22,2,55.58,In-Store,55.58
2114,135,2380,2023-03-14,5,87.8,In-Store,87.8
2115,187,2367,2025-10-26,4,149.8,In-Store,149.8
2116,145,2860,2025-01-19,1,62.85,In-Store,62.85
2117,110,2649,2022-09-04,2,73.49,Online,73.49
2118,126,2818,2022-09-04,5,191.39,Online,191.39
2119,194,2411,2025-06-24,2,216.06,Online,216.06
2120,121,2940,2025-08-07,4,60.64,In-Store,60.64
2121,172,2570,2024-11-08,3,232.96,In-Store,232.96
2122,157,2279,2025-03-23,4,232.33,Online,232.33
2123,141,2963,2024-06-16,1,232.94,In-Store,232.94
2124,199,2687,2023-08-18,2,37.68,In-Store,37.68
2125,141,2217,2025-10-15,1,232.94,Online,232.94
2126,114,2652,2025-02-19,2,195.54,Online,195.54
2127,147,2736,2025-06-17,4,133.4,In-Store,133.4
2128,161,2256,2025-06-14,4,177.18,In-Store,177.18
2129,196,2898,2023-10-23,1,168.41,In-Store,168.41
2130,182,2713,2025-09-20,4,227.28,Online,227.28
2131,156,2846,2025-01-28,1,22.14,Online,22.14
2132,168,2226,2024-10-04,3,152.68,In-Store,152.68
2133,144,2805,2022-12-14,2,15.05,In-Store,15.05
2134,153,2454,2023-10-05,5,55.98,Online,55.98
2135,170,2577,2024-04-24,2,59.02,Online,59.02
2136,191,2922,2025-04-19,2,217.51,Online,217.51
2137,128,2270,2025-10-02,1,101.59,Online,101.59
2138,169,2178,2025-03-23,1,167.77,Online,167.77
2139,166,2902,2025-05-11,4,152.81,Online,152.81
2140,134,2124,2023-07-20,3,99.74,Online,99.74
2141,159,2726,2025-03-20,1,49.51,In-Store,49.51
2142,157,2098,2024-12-04,4,232.33,Online,232.33
2143,171,2684,2024-11-24,4,104.99,In-Store,104.99
2144,189,2115,2023-03-29,1,60.42,In-Store,60.42
2145,135,2001,2024-07-01,5,87.8,Online,87.8
2146,138,2157,2025-05-18,2,185.66,Online,185.66
2147,147,2975,2025-01-25,4,133.4,Online,133.4
2148,127,2605,2024-01-06,2,200.1,Online,200.1
2149,120,2110,2025-08-20,4,203.21,Online,203.21
2150,130,2468,2023-08-10,2,190.21,Online,190.21
2151,190,2857,2025-11-13,2,197.23,Online,197.23
2152,151,2665,2024-12-24,5,108.66,In-Store,108.66
2153,176,2094,2024-11-15,2,78.4,In-Store,78.4
2154,145,2082,2024-07-13,3,62.85,In-Store,62.85
2155,102,2578,2024-04-17,4,186.75,Online,186.75
2156,130,2408,2025-01-29,5,190.21,Online,190.21
2157,114,2288,2024-07-08,5,195.54,In-Store,195.54
2158,149,2031,2023-11-16,1,198.31,Online,198.31
2159,165,2388,2024-11-01,5,240.59,Online,240.59
2160,134,2705,2024-12-11,1,99.74,In-Store,99.74
2161,164,2885,2024-02-22,2,22.03,In-Store,22.03
2162,161,2519,2023-03-25,1,177.18,In-Store,177.18
2163,144,2548,2025-04-08,3,15.05,In-Store,15.05
2164,170,2340,2023-11-23,1,59.02,Online,59.02
2165,178,2576,2024-12-29,3,81.85,In-Store,81.85
2166,117,2381,2023-11-07,4,156.19,Online,156.19
2167,125,2227,2023-03-24,5,62.64,In-Store,62.64
2168,115,2250,2024-08-03,3,101.23,In-Store,101.23
2169,199,2423,2025-06-14,4,37.68,Online,37.68
2170,179,2933,2025-07-11,3,37.7,In-Store,37.7
2171,149,2266,2024-05-30,1,198.31,In-Store,198.31
2172,162,2052,2025-01-23,4,55.58,In-Store,55.58
2173,106,2698,2023-02-28,5,117.81,Online,117.81
2174,187,2751,2024-07-10,5,149.8,Online,149.8
2175,182,2034,2023-09-21,1,227.28,In-Store,227.28
2176,154,2547,2025-03-27,2,111.25,In-Store,111.25
2177,182,2639,2023-01-18,2,227.28,In-Store,227.28
2178,129,2006,2025-01-20,1,216.59,In-Store,216.59
2179,108,2214,2024-12-20,4,61.68,In-Store,61.68
2180,198,2482,2024-05-01,1,105.92,Online,105.92
2181,101,2178,2024-10-09,4,187.97,In-Store,187.97
2182,122,2786,2024-11-28,4,167.31,In-Store,167.31
2183,182,2225,2024-09-17,3,227.28,In-Store,227.28
2184,121,2962,2025-03-20,4,60.64,Online,60.64
2185,115,2652,2025-08-10,1,101.23,In-Store,101.23
2186,101,2206,2025-09-16,1,187.97,Online,187.97
2187,130,2907,2025-08-29,2,190.21,Online,190.21
2188,174,2562,2025-02-10,5,139.03,Online,139.03
2189,145,2845,2025-11-30,4,62.85,Online,62.85
2190,146,2692,2024-01-27,4,26.18,In-Store,26.18
2191,178,2769,2023-06-22,1,81.85,Online,81.85
2192,174,2014,2024-07-16,4,139.03,In-Store,139.03
2193,200,2682,2025-04-14,2,241.01,Online,241.01
2194,199,2397,2023-02-17,1,37.68,In-Store,37.68
2195,142,2025,2024-07-13,1,248.84,In-Store,248.84
2196,162,2294,2025-06-18,4,55.58,Online,55.58
2197,137,2879,2025-10-08,3,67.81,Online,67.81
2198,172,2911,2022-12-18,1,232.96,In-Store,232.96
2199,151,2216,2025-04-21,3,108.66,Online,108.66
2200,137,2173,2023-02-27,3,67.81,In-Store,67.81
2201,153,2189,2025-06-07,4,55.98,Online,55.98
2202,144,2226,2025-10-07,3,15.05,In-Store,15.05
2203,118,2071,2023-11-07,5,120.94,Online,120.94
2204,116,2076,2023-07-26,5,98.84,Online,98.84
2205,103,2330,2024-04-18,3,111.26,Online,111.26
2206,161,2777,2023-05-12,4,177.18,Online,177.18
2207,106,2091,2024-11-13,3,117.81,Online,117.81
2208,115,2432,2025-11-19,4,101.23,In-Store,101.23
2209,120,2078,2025-02-09,1,203.21,In-Store,203.21
2210,156,2757,2023-01-20,4,22.14,Online,22.14
2211,159,2575,2023-10-04,2,49.51,Online,49.51
2212,131,2268,2025-01-30,5,114.34,Online,114.34
2213,107,2433,2025-01-16,4,177.55,Online,177.55
2214,198,2139,2024-07-10,2,105.92,Online,105.92
2215,140,2134,2024-08-17,3,136.64,In-Store,136.64
2216,101,2748,2022-03-23,3,187.97,In-Store,187.97
2217,122,2367,2025-11-28,1,167.31,In-Store,167.31
2218,179,2869,2025-10-05,4,37.7,In-Store,37.7
2219,139,2511,2024-09-05,3,168.34,In-Store,168.34
2220,168,2628,2025-10-30,3,152.68,Online,152.68
2221,191,2025,2025-12-29,2,217.51,In-Store,217.51
2222,179,2184,2024-10-28,3,37.7,Online,37.7
2223,126,2328,2025-11-27,5,191.39,Online,191.39
2224,197,2976,2024-11-14,4,217.44,In-Store,217.44
2225,143,2449,2025-04-11,4,39.04,In-Store,39.04
2226,141,2762,2024-10-18,1,232.94,Online,232.94
2227,129,2931,2025-01-15,1,216.59,In-Store,216.59
2228,142,2697,2023-05-20,4,248.84,Online,248.84
2229,182,2106,2025-10-15,5,227.28,Online,227.28
2230,115,2274,2025-09-14,3,101.23,In-Store,101.23
2231,176,2211,2023-12-05,2,78.4,In-Store,78.4
2232,179,2532,2025-08-23,4,37.7,Online,37.7
2233,160,2461,2025-01-19,4,232.36,Online,232.36
2234,194,2153,2025-06-25,4,216.06,In-Store,216.06
2235,126,2999,2025-03-18,1,191.39,In-Store,191.39
2236,191,2248,2023-07-14,5,217.51,In-Store,217.51
2237,112,2644,2024-12-05,3,80.36,In-Store,80.36
2238,167,2248,2024-08-08,2,235.98,Online,235.98
2239,161,2401,2025-06-20,1,177.18,Online,177.18
2240,197,2740,2024-11-07,2,217.44,In-Store,217.44
2241,167,2477,2025-07-26,5,235.98,In-Store,235.98
2242,189,2151,2025-02-06,2,60.42,In-Store,60.42
2243,101,2574,2024-05-25,5,187.97,In-Store,187.97
2244,111,2301,2025-03-22,5,243.55,In-Store,243.55
2245,120,2727,2024-03-24,5,203.21,In-Store,203.21
2246,122,2706,2025-01-30,4,167.31,Online,167.31
2247,158,2510,2024-12-01,3,126.55,Online,126.55
2248,115,2195,2024-12-30,2,101.23,Online,101.23
2249,138,2663,2023-06-28,5,185.66,Online,185.66
2250,153,2101,2025-05-19,3,55.98,Online,55.98
2251,142,2689,2024-04-26,2,248.84,Online,248.84
2252,109,2736,2024-05-29,1,101.18,In-Store,101.18
2253,178,2797,2024-01-02,5,81.85,Online,81.85
2254,108,2912,2022-07-21,5,61.68,Online,61.68
2255,114,2499,2025-12-02,4,195.54,Online,195.54
2256,150,2996,2024-12-05,4,33.26,In-Store,33.26
2257,190,2274,2025-01-11,2,197.23,Online,197.23
2258,183,2508,2024-01-19,2,209.04,Online,209.04
2259,148,2970,2025-10-18,4,139.42,In-Store,139.42
2260,146,2769,2025-12-21,1,26.18,In-Store,26.18
2261,115,2654,2023-11-07,2,101.23,Online,101.23
2262,185,2578,2025-12-21,5,142.4,Online,142.4
2263,131,2942,2022-09-04,4,114.34,Online,114.34
2264,136,2124,2023-09-18,2,220.89,In-Store,220.89
2265,156,2522,2023-11-29,2,22.14,Online,22.14
2266,138,2150,2023-03-30,4,185.66,In-Store,185.66
2267,193,2201,2024-08-22,4,74.03,Online,74.03
2268,193,2545,2025-08-07,1,74.03,In-Store,74.03
2269,117,2384,2024-12-02,4,156.19,Online,156.19
2270,195,2016,2023-08-27,4,93.92,In-Store,93.92
2271,167,2649,2023-10-24,4,235.98,Online,235.98
2272,176,2686,2024-07-11,3,78.4,Online,78.4
2273,103,2158,2024-03-06,5,111.26,Online,111.26
2274,142,2501,2024-09-15,3,248.84,In-Store,248.84
2275,129,2239,2024-08-16,5,216.59,Online,216.59
2276,124,2935,2023-01-04,5,112.82,In-Store,112.82
2277,105,2437,2023-01-12,2,57.72,Online,57.72
2278,162,2311,2025-04-18,1,55.58,Online,55.58
2279,159,2260,2023-06-13,3,49.51,Online,49.51
2280,155,2679,2024-03-13,1,219.88,In-Store,219.88
2281,168,2652,2023-09-18,2,152.68,Online,152.68
2282,169,2147,2024-06-28,3,167.77,In-Store,167.77
2283,157,2565,2025-07-05,2,232.33,Online,232.33
2284,165,2784,2025-04-14,5,240.59,In-Store,240.59
2285,106,2748,2024-10-01,4,117.81,In-Store,117.81
2286,138,2831,2025-11-14,4,185.66,Online,185.66
2287,162,2300,2023-11-02,2,55.58,Online,55.58
2288,135,2273,2024-06-07,4,87.8,Online,87.8
2289,197,2589,2025-07-31,5,217.44,In-Store,217.44
2290,165,2308,2024-12-07,2,240.59,In-Store,240.59
2291,120,2757,2024-10-11,4,203.21,In-Store,203.21
2292,182,2175,2025-08-24,3,227.28,In-Store,227.28
2293,117,2090,2023-04-24,5,156.19,In-Store,156.19
2294,126,2071,2025-01-09,2,191.39,In-Store,191.39
2295,197,2440,2025-01-24,1,217.44,In-Store,217.44
2296,145,2682,2025-01-17,1,62.85,In-Store,62.85
2297,132,2229,2025-06-25,4,243.25,In-Store,243.25
2298,182,2945,2025-08-20,3,227.28,In-Store,227.28
2299,123,2424,2023-11-14,1,73.57,Online,73.57
2300,147,2380,2024-03-22,4,133.4,Online,133.4
2301,135,2475,2024-09-01,2,87.8,Online,87.8
2302,167,2472,2024-10-02,3,235.98,In-Store,235.98
2303,150,2744,2024-06-22,3,33.26,Online,33.26
2304,129,2721,2024-06-23,3,216.59,Online,216.59
2305,128,2941,2025-06-05,3,101.59,Online,101.59
2306,181,2649,2024-08-30,5,175.0,In-Store,175.0
2307,191,2722,2025-11-21,2,217.51,Online,217.51
2308,151,2838,2025-04-27,3,108.66,Online,108.66
2309,160,2139,2025-01-09,2,232.36,Online,232.36
2310,115,2383,2024-07-30,5,101.23,Online,101.23
2311,142,3000,2025-12-08,4,248.84,In-Store,248.84
2312,194,2884,2024-01-22,3,216.06,Online,216.06
2313,181,2666,2024-03-11,1,175.0,In-Store,175.0
2314,105,2754,2025-08-12,1,57.72,In-Store,57.72
2315,101,2909,2024-11-25,1,187.97,Online,187.97
2316,124,2179,2025-04-11,2,112.82,In-Store,112.82
2317,143,2504,2025-06-04,2,39.04,Online,39.04
2318,121,2463,2024-05-23,1,60.64,Online,60.64
2319,111,2908,2025-02-01,3,243.55,Online,243.55
2320,157,2841,2025-04-20,1,232.33,Online,232.33
2321,124,2863,2024-11-08,1,112.82,Online,112.82
2322,156,2572,2024-11-06,1,22.14,In-Store,22.14
2323,128,2105,2025-08-23,3,101.59,In-Store,101.59
2324,171,2578,2025-01-26,3,104.99,In-Store,104.99
2325,125,2219,2024-08-12,5,62.64,In-Store,62.64
2326,140,2061,2025-09-05,5,136.64,Online,136.64
2327,193,2600,2024-06-17,3,74.03,In-Store,74.03
2328,167,2208,2024-10-12,1,235.98,In-Store,235.98
2329,181,2382,2025-10-07,1,175.0,Online,175.0
2330,101,2711,2024-10-18,1,187.97,Online,187.97
2331,199,2131,2022-12-10,1,37.68,In-Store,37.68
2332,163,2619,2025-11-30,4,186.58,Online,186.58
2333,139,2970,2024-03-28,1,168.34,Online,168.34
2334,141,2133,2025-04-27,5,232.94,Online,232.94
2335,170,2451,2025-06-13,1,59.02,In-Store,59.02
2336,199,2277,2025-11-24,1,37.68,Online,37.68
2337,114,2676,2024-09-14,3,195.54,Online,195.54
2338,192,2843,2024-03-20,3,53.05,In-Store,53.05
2339,116,2856,2024-12-25,2,98.84,Online,98.84
2340,102,2405,2025-12-24,4,186.75,Online,186.75
2341,188,2375,2023-09-06,3,20.04,Online,20.04
2342,177,2635,2025-05-13,4,246.12,Online,246.12
2343,101,2513,2025-11-27,5,187.97,Online,187.97
2344,113,2485,2025-10-30,4,56.15,In-Store,56.15
2345,134,2514,2025-03-25,4,99.74,Online,99.74
2346,162,2401,2025-01-06,3,55.58,In-Store,55.58
2347,135,2963,2023-05-26,3,87.8,Online,87.8
2348,149,2772,2023-12-09,1,198.31,Online,198.31
2349,141,2248,2025-01-18,1,232.94,Online,232.94
2350,168,2603,2022-03-23,2,152.68,In-Store,152.68
2351,193,2325,2024-06-04,2,74.03,In-Store,74.03
2352,165,2827,2023-01-01,3,240.59,Online,240.59
2353,127,2850,2025-07-04,5,200.1,In-Store,200.1
2354,175,2445,2025-10-03,3,233.98,In-Store,233.98
2355,172,2380,2023-04-12,5,232.96,Online,232.96
2356,117,2634,2023-01-30,2,156.19,In-Store,156.19
2357,164,2113,2024-08-11,4,22.03,Online,22.03
2358,169,2154,2025-10-30,4,167.77,Online,167.77
2359,126,2428,2024-01-19,3,191.39,In-Store,191.39
2360,167,2270,2025-02-02,3,235.98,Online,235.98
2361,143,2008,2024-09-13,4,39.04,Online,39.04
2362,186,2476,2024-07-31,2,28.06,Online,28.06
2363,102,2689,2025-02-03,2,186.75,In-Store,186.75
2364,188,2500,2022-04-15,4,20.04,In-Store,20.04
2365,118,2606,2025-04-17,3,120.94,Online,120.94
2366,169,2346,2025-12-28,1,167.77,In-Store,167.77
2367,195,2441,2025-03-12,2,93.92,Online,93.92
2368,132,2468,2025-04-22,5,243.25,In-Store,243.25
2369,133,2074,2024-11-26,3,212.0,Online,212.0
2370,149,2975,2025-05-26,3,198.31,In-Store,198.31
2371,142,2542,2022-11-17,1,248.84,In-Store,248.84
2372,146,2635,2025-06-01,2,26.18,In-Store,26.18
2373,161,2796,2024-07-16,4,177.18,Online,177.18
2374,103,2547,2025-07-17,3,111.26,In-Store,111.26
2375,159,2175,2025-06-06,4,49.51,Online,49.51
2376,111,2781,2025-11-22,1,243.55,Online,243.55
2377,144,2069,2023-11-16,2,15.05,Online,15.05
2378,169,2328,2023-02-07,1,167.77,In-Store,167.77
2379,188,2231,2024-10-04,1,20.04,Online,20.04
2380,190,2140,2025-03-26,2,197.23,In-Store,197.23
2381,109,2340,2024-09-28,4,101.18,Online,101.18
2382,159,2302,2023-12-20,3,49.51,In-Store,49.51
2383,183,2897,2024-04-01,2,209.04,Online,209.04
2384,130,2026,2025-02-02,3,190.21,In-Store,190.21
2385,161,2941,2025-06-22,1,177.18,Online,177.18
2386,162,2887,2023-02-02,5,55.58,In-Store,55.58
2387,135,2088,2025-06-03,2,87.8,Online,87.8
2388,177,2120,2025-03-04,1,246.12,Online,246.12
2389,164,2378,2024-04-04,3,22.03,In-Store,22.03
2390,105,2476,2024-09-02,1,57.72,In-Store,57.72
2391,195,2804,2024-09-24,3,93.92,Online,93.92
2392,185,2259,2024-06-25,3,142.4,Online,142.4
2393,131,2588,2023-09-26,1,114.34,In-Store,114.34
2394,128,2950,2024-08-23,5,101.59,Online,101.59
2395,163,2894,2024-12-14,2,186.58,In-Store,186.58
2396,198,2310,2023-09-25,1,105.92,Online,105.92
2397,137,2723,2025-05-10,2,67.81,Online,67.81
2398,104,2347,2024-04-24,1,65.84,Online,65.84
2399,109,2643,2024-09-24,3,101.18,In-Store,101.18
2400,160,2065,2025-08-10,3,232.36,In-Store,232.36
2401,133,2003,2025-10-17,3,212.0,In-Store,212.0
2402,199,2872,2025-05-11,1,37.68,In-Store,37.68
2403,135,2551,2024-04-15,3,87.8,In-Store,87.8
2404,154,2447,2024-04-01,3,111.25,Online,111.25
2405,171,2401,2025-02-03,4,104.99,Online,104.99
2406,175,2216,2025-09-30,2,233.98,In-Store,233.98
2407,108,2808,2025-02-01,1,61.68,Online,61.68
2408,194,2160,2025-08-16,3,216.06,Online,216.06
2409,184,2318,2022-12-16,2,195.07,In-Store,195.07
2410,117,2126,2024-11-22,3,156.19,In-Store,156.19
2411,127,2820,2025-05-02,2,200.1,In-Store,200.1
2412,154,2909,2025-08-16,3,111.25,In-Store,111.25
2413,196,2480,2025-03-10,5,168.41,In-Store,168.41
2414,152,2678,2024-09-25,3,106.63,Online,106.63
2415,163,2460,2024-06-16,5,186.58,In-Store,186.58
2416,133,2529,2025-07-09,1,212.0,In-Store,212.0
2417,134,2505,2025-09-15,5,99.74,In-Store,99.74
2418,158,2313,2024-02-01,1,126.55,Online,126.55
2419,139,2413,2024-11-17,2,168.34,In-Store,168.34
2420,138,2449,2024-11-24,5,185.66,In-Store,185.66
2421,173,2590,2024-11-22,3,159.08,In-Store,159.08
2422,183,2645,2024-12-16,1,209.04,In-Store,209.04
2423,132,2523,2023-02-26,4,243.25,Online,243.25
2424,124,2098,2024-09-28,3,112.82,Online,112.82
2425,137,2264,2023-04-05,4,67.81,In-Store,67.81
2426,166,2889,2023-06-06,4,152.81,In-Store,152.81
2427,184,2704,2022-06-23,1,195.07,In-Store,195.07
2428,103,2753,2023-12-16,3,111.26,In-Store,111.26
2429,153,2438,2025-12-23,5,55.98,Online,55.98
2430,166,2817,2024-03-09,3,152.81,Online,152.81
2431,128,2345,2025-11-30,2,101.59,In-Store,101.59
2432,197,2466,2024-10-18,3,217.44,Online,217.44
2433,120,2486,2024-11-27,4,203.21,In-Store,203.21
2434,151,2432,2025-04-15,4,108.66,In-Store,108.66
2435,172,2486,2025-06-03,1,232.96,In-Store,232.96
2436,176,2635,2024-09-27,5,78.4,In-Store,78.4
2437,197,2498,2023-12-21,5,217.44,In-Store,217.44
2438,149,2813,2025-10-25,3,198.31,Online,198.31
2439,160,2003,2024-03-08,3,232.36,Online,232.36
2440,145,2298,2025-05-06,5,62.85,Online,62.85
2441,151,2755,2024-02-29,3,108.66,Online,108.66
2442,116,2304,2025-04-15,5,98.84,In-Store,98.84
2443,124,2317,2025-07-31,2,112.82,In-Store,112.82
2444,105,2769,2024-09-21,1,57.72,Online,57.72
2445,189,2425,2025-02-25,4,60.42,In-Store,60.42
2446,161,2648,2025-12-09,3,177.18,In-Store,177.18
2447,112,2140,2025-05-05,4,80.36,In-Store,80.36
2448,139,2996,2025-09-28,4,168.34,In-Store,168.34
2449,125,2976,2023-06-06,5,62.64,Online,62.64
2450,155,2531,2025-08-13,4,219.88,Online,219.88
2451,121,2676,2024-12-17,5,60.64,In-Store,60.64
2452,179,2443,2025-11-17,2,37.7,In-Store,37.7
2453,165,2740,2024-12-29,5,240.59,In-Store,240.59
2454,141,2073,2023-09-19,4,232.94,Online,232.94
2455,116,2755,2024-09-25,1,98.84,In-Store,98.84
2456,182,2728,2025-07-25,4,227.28,Online,227.28
2457,102,2733,2023-01-19,1,186.75,In-Store,186.75
2458,113,2122,2025-12-09,1,56.15,In-Store,56.15
2459,155,2943,2025-11-24,1,219.88,In-Store,219.88
2460,184,2638,2025-10-06,4,195.07,In-Store,195.07
2461,179,2958,2023-02-12,1,37.7,Online,37.7
2462,176,2704,2023-08-15,5,78.4,Online,78.4
2463,110,2321,2025-12-06,4,73.49,Online,73.49
2464,192,2467,2024-04-18,2,53.05,In-Store,53.05
2465,156,2620,2024-03-22,1,22.14,In-Store,22.14
2466,132,2773,2024-12-29,2,243.25,Online,243.25
2467,183,2532,2022-12-05,1,209.04,Online,209.04
2468,114,2289,2025-08-03,1,195.54,Online,195.54
2469,126,2523,2024-06-15,2,191.39,Online,191.39
2470,175,2650,2025-06-25,1,233.98,In-Store,233.98
2471,146,2894,2024-09-05,1,26.18,Online,26.18
2472,163,2999,2024-09-03,4,186.58,In-Store,186.58
2473,173,2050,2023-02-20,2,159.08,In-Store,159.08
2474,164,2412,2025-06-24,4,22.03,Online,22.03
2475,123,2926,2025-06-29,2,73.57,Online,73.57
2476,155,2625,2023-09-06,2,219.88,Online,219.88
2477,159,2023,2024-11-10,5,49.51,Online,49.51
2478,110,2409,2025-07-02,4,73.49,In-Store,73.49
2479,107,2433,2024-03-03,1,177.55,In-Store,177.55
2480,177,2411,2025-04-16,3,246.12,In-Store,246.12
2481,101,2838,2025-04-28,1,187.97,In-Store,187.97
2482,176,2169,2024-11-10,4,78.4,Online,78.4
2483,182,2630,2023-03-11,3,227.28,In-Store,227.28
2484,188,2338,2024-11-07,5,20.04,In-Store,20.04
2485,152,2684,2023-03-13,5,106.63,In-Store,106.63
2486,190,2108,2023-05-10,5,197.23,In-Store,197.23
2487,124,2197,2023-02-08,3,112.82,Online,112.82
2488,179,2497,2025-05-15,4,37.7,In-Store,37.7
2489,143,2616,2023-04-09,2,39.04,In-Store,39.04
2490,188,2419,2025-06-14,5,20.04,Online,20.04
2491,118,2792,2024-04-13,5,120.94,In-Store,120.94
2492,123,2715,2025-09-02,1,73.57,Online,73.57
2493,185,2424,2025-08-16,2,142.4,In-Store,142.4
2494,103,2287,2025-11-09,5,111.26,In-Store,111.26
2495,154,2282,2024-10-22,2,111.25,In-Store,111.25
2496,137,2713,2025-10-14,3,67.81,In-Store,67.81
2497,109,2072,2024-03-06,4,101.18,In-Store,101.18
2498,167,2584,2025-03-02,5,235.98,Online,235.98
2499,177,2908,2025-09-23,5,246.12,In-Store,246.12
2500,123,2473,2024-03-18,3,73.57,In-Store,73.57
2501,153,2768,2025-01-11,5,55.98,In-Store,55.98
2502,194,2660,2023-08-31,1,216.06,Online,216.06
2503,138,2799,2025-10-14,2,185.66,Online,185.66
2504,135,2937,2023-09-14,1,87.8,In-Store,87.8
2505,157,2833,2025-05-23,4,232.33,In-Store,232.33
2506,175,2451,2025-08-26,2,233.98,Online,233.98
2507,132,2231,2024-05-20,2,243.25,In-Store,243.25
2508,135,2821,2024-05-12,1,87.8,Online,87.8
2509,197,2553,2025-03-19,3,217.44,Online,217.44
2510,171,2091,2022-04-12,1,104.99,In-Store,104.99
2511,153,2687,2025-01-09,5,55.98,Online,55.98
2512,190,2847,2023-04-26,3,197.23,Online,197.23
2513,199,2196,2025-10-21,4,37.68,Online,37.68
2514,157,2157,2025-10-12,5,232.33,Online,232.33
2515,149,2161,2024-11-09,3,198.31,In-Store,198.31
2516,158,2685,2024-12-02,3,126.55,Online,126.55
2517,170,2448,2023-05-14,2,59.02,In-Store,59.02
2518,143,2195,2025-07-05,2,39.04,Online,39.04
2519,174,2293,2022-12-05,1,139.03,Online,139.03
2520,124,2934,2023-05-17,2,112.82,Online,112.82
2521,194,2401,2025-05-23,4,216.06,Online,216.06
2522,143,2759,2024-10-13,2,39.04,In-Store,39.04
2523,117,2751,2024-03-20,2,156.19,In-Store,156.19
2524,103,2031,2025-01-02,3,111.26,In-Store,111.26
2525,156,2576,2025-11-17,5,22.14,Online,22.14
2526,175,2347,2024-02-02,4,233.98,In-Store,233.98
2527,105,2422,2025-10-15,4,57.72,Online,57.72
2528,167,2753,2025-03-01,1,235.98,Online,235.98
2529,175,2944,2025-09-01,3,233.98,Online,233.98
2530,194,2139,2023-11-17,4,216.06,Online,216.06
2531,145,2270,2024-12-06,5,62.85,In-Store,62.85
2532,156,2558,2024-09-12,2,22.14,In-Store,22.14
2533,174,2092,2025-12-23,3,139.03,In-Store,139.03
2534,191,2575,2025-08-17,3,217.51,Online,217.51
2535,188,2232,2023-03-22,3,20.04,Online,20.04
2536,173,2618,2025-07-21,5,159.08,Online,159.08
2537,181,2530,2025-10-22,5,175.0,In-Store,175.0
2538,161,2233,2024-12-03,5,177.18,Online,177.18
2539,179,2603,2025-03-19,1,37.7,In-Store,37.7
2540,174,2754,2025-04-13,1,139.03,Online,139.03
2541,101,2952,2024-05-26,4,187.97,In-Store,187.97
2542,146,2425,2024-03-28,3,26.18,Online,26.18
2543,163,2098,2024-07-10,2,186.58,In-Store,186.58
2544,168,2020,2024-06-30,2,152.68,In-Store,152.68
2545,191,2632,2024-08-11,5,217.51,Online,217.51
2546,154,2872,2025-03-15,1,111.25,In-Store,111.25
2547,136,2703,2023-03-28,5,220.89,In-Store,220.89
2548,161,2441,2024-05-07,3,177.18,Online,177.18
2549,135,2442,2024-11-10,1,87.8,In-Store,87.8
2550,187,2876,2025-12-04,2,149.8,In-Store,149.8
2551,134,2628,2025-04-25,4,99.74,In-Store,99.74
2552,122,2110,2025-11-30,2,167.31,Online,167.31
2553,179,2237,2024-10-12,1,37.7,Online,37.7
2554,191,2927,2024-11-22,5,217.51,In-Store,217.51
2555,193,2710,2025-11-21,1,74.03,In-Store,74.03
2556,147,2987,2024-09-06,4,133.4,In-Store,133.4
2557,149,2626,2023-04-25,4,198.31,In-Store,198.31
2558,151,2195,2025-08-17,2,108.66,Online,108.66
2559,128,2933,2025-07-05,1,101.59,In-Store,101.59
2560,196,2717,2025-03-29,2,168.41,In-Store,168.41
2561,178,2257,2025-05-26,1,81.85,Online,81.85
2562,200,2308,2025-02-13,1,241.01,Online,241.01
2563,155,2643,2024-04-19,4,219.88,Online,219.88
2564,167,2029,2025-10-20,1,235.98,Online,235.98
2565,169,2915,2023-02-02,1,167.77,Online,167.77
2566,135,2823,2024-06-23,4,87.8,Online,87.8
2567,135,2323,2024-01-01,1,87.8,In-Store,87.8
2568,198,2666,2024-08-15,5,105.92,Online,105.92
2569,141,2991,2024-06-04,2,232.94,In-Store,232.94
2570,195,2508,2024-07-23,1,93.92,Online,93.92
2571,109,2259,2024-03-14,3,101.18,Online,101.18
2572,101,2747,2024-10-05,3,187.97,Online,187.97
2573,166,2096,2024-12-12,3,152.81,In-Store,152.81
2574,103,2401,2025-12-24,5,111.26,In-Store,111.26
2575,124,2969,2025-12-03,2,112.82,In-Store,112.82
2576,148,2816,2024-07-30,5,139.42,Online,139.42
2577,200,2367,2024-08-26,3,241.01,In-Store,241.01
2578,151,2755,2025-12-17,4,108.66,In-Store,108.66
2579,151,2496,2024-05-03,2,108.66,Online,108.66
2580,169,2605,2025-04-22,2,167.77,In-Store,167.77
2581,197,2380,2025-07-07,2,217.44,Online,217.44
2582,158,2161,2025-05-09,2,126.55,Online,126.55
2583,161,2171,2024-09-02,4,177.18,In-Store,177.18
2584,148,2978,2025-12-27,1,139.42,Online,139.42
2585,168,2688,2025-02-09,1,152.68,In-Store,152.68
2586,180,2124,2024-03-11,5,77.62,In-Store,77.62
2587,142,2755,2024-02-28,1,248.84,Online,248.84
2588,152,2434,2023-09-02,5,106.63,In-Store,106.63
2589,114,2700,2025-11-14,1,195.54,In-Store,195.54
2590,173,2642,2024-10-25,4,159.08,Online,159.08
2591,183,2819,2023-04-28,2,209.04,In-Store,209.04
2592,138,2079,2023-11-18,4,185.66,Online,185.66
2593,150,2305,2025-03-08,3,33.26,Online,33.26
2594,121,2999,2024-12-10,1,60.64,In-Store,60.64
2595,125,2824,2025-12-24,3,62.64,Online,62.64
2596,152,2860,2022-09-19,3,106.63,In-Store,106.63
2597,175,2248,2024-09-03,1,233.98,Online,233.98
2598,196,2263,2025-09-30,4,168.41,In-Store,168.41
2599,153,2767,2025-05-03,4,55.98,In-Store,55.98
2600,167,2496,2025-09-21,5,235.98,In-Store,235.98
2601,190,2286,2023-11-05,4,197.23,In-Store,197.23
2602,149,2685,2025-10-13,2,198.31,Online,198.31
2603,174,2081,2023-11-24,3,139.03,In-Store,139.03
2604,149,2580,2024-04-04,2,198.31,In-Store,198.31
2605,130,2791,2025-02-12,5,190.21,In-Store,190.21
2606,167,2767,2023-12-12,5,235.98,In-Store,235.98
2607,187,2318,2024-06-26,3,149.8,In-Store,149.8
2608,192,2244,2025-10-31,5,53.05,Online,53.05
2609,170,2510,2024-02-20,3,59.02,In-Store,59.02
2610,167,2011,2024-06-16,2,235.98,In-Store,235.98
2611,117,2918,2025-02-28,1,156.19,In-Store,156.19
2612,192,2386,2023-11-01,4,53.05,Online,53.05
2613,102,2008,2025-04-18,4,186.75,Online,186.75
2614,165,2536,2025-06-27,1,240.59,Online,240.59
2615,161,2173,2023-08-06,5,177.18,In-Store,177.18
2616,119,2546,2024-09-25,4,212.28,Online,212.28
2617,157,2984,2025-04-13,3,232.33,In-Store,232.33
2618,151,2520,2025-08-31,2,108.66,Online,108.66
2619,175,2270,2025-09-28,2,233.98,Online,233.98
2620,146,2905,2023-04-17,2,26.18,Online,26.18
2621,167,2692,2025-09-18,1,235.98,Online,235.98
2622,164,2673,2025-05-12,4,22.03,In-Store,22.03
2623,118,2943,2022-10-19,5,120.94,Online,120.94
2624,171,2311,2022-08-19,3,104.99,In-Store,104.99
2625,178,2086,2023-03-07,3,81.85,Online,81.85
2626,135,2240,2025-07-06,2,87.8,In-Store,87.8
2627,126,2135,2023-12-10,1,191.39,In-Store,191.39
2628,178,2742,2023-01-08,5,81.85,Online,81.85
2629,126,2819,2023-05-24,2,191.39,In-Store,191.39
2630,147,2374,2024-11-09,3,133.4,In-Store,133.4
2631,114,2770,2023-05-18,4,195.54,In-Store,195.54
2632,159,2090,2023-07-06,1,49.51,In-Store,49.51
2633,189,2863,2024-12-25,3,60.42,In-Store,60.42
2634,129,2387,2025-10-27,3,216.59,In-Store,216.59
2635,181,2383,2024-09-01,5,175.0,Online,175.0
2636,174,2142,2024-12-14,3,139.03,Online,139.03
2637,197,2328,2024-06-08,2,217.44,Online,217.44
2638,159,2448,2022-10-31,5,49.51,Online,49.51
2639,118,2142,2025-05-19,5,120.94,In-Store,120.94
2640,108,2051,2025-11-22,2,61.68,In-Store,61.68
2641,170,2047,2025-10-04,1,59.02,Online,59.02
2642,112,2797,2025-01-15,1,80.36,Online,80.36
2643,126,2215,2025-03-11,5,191.39,In-Store,191.39
2644,153,2801,2024-09-26,1,55.98,Online,55.98
2645,118,2219,2025-09-18,5,120.94,In-Store,120.94
2646,150,2451,2024-05-29,3,33.26,Online,33.26
2647,123,2881,2025-04-28,2,73.57,In-Store,73.57
2648,133,2952,2023-11-13,3,212.0,Online,212.0
2649,143,2265,2025-04-22,3,39.04,Online,39.04
2650,200,2569,2025-11-18,2,241.01,In-Store,241.01
2651,152,2425,2025-09-24,4,106.63,In-Store,106.63
2652,196,2025,2023-08-15,3,168.41,Online,168.41
2653,188,2432,2025-06-12,4,20.04,Online,20.04
2654,135,2727,2025-05-05,4,87.8,Online,87.8
2655,157,2455,2025-06-13,2,232.33,Online,232.33
2656,101,2591,2025-10-20,4,187.97,Online,187.97
2657,182,2973,2025-11-09,3,227.28,In-Store,227.28
2658,102,2117,2025-02-11,3,186.75,Online,186.75
2659,141,2319,2024-01-06,4,232.94,In-Store,232.94
2660,173,2956,2025-01-17,2,159.08,In-Store,159.08
2661,151,2536,2024-11-23,2,108.66,In-Store,108.66
2662,112,2499,2022-10-19,2,80.36,Online,80.36
2663,157,2991,2025-02-18,3,232.33,In-Store,232.33
2664,173,2353,2024-09-02,2,159.08,Online,159.08
2665,170,2948,2025-07-04,1,59.02,Online,59.02
2666,164,2888,2023-05-19,2,22.03,In-Store,22.03
2667,101,2819,2024-06-06,3,187.97,Online,187.97
2668,188,2077,2025-04-25,5,20.04,Online,20.04
2669,146,2899,2025-10-15,3,26.18,Online,26.18
2670,108,2723,2025-06-26,3,61.68,Online,61.68
2671,149,2312,2022-10-30,1,198.31,In-Store,198.31
2672,102,2923,2025-08-30,4,186.75,In-Store,186.75
2673,139,2837,2025-09-24,4,168.34,In-Store,168.34
2674,107,2926,2025-09-29,2,177.55,Online,177.55
2675,177,2349,2025-10-22,1,246.12,Online,246.12
2676,150,2370,2024-07-07,5,33.26,In-Store,33.26
2677,179,2361,2025-10-17,4,37.7,In-Store,37.7
2678,126,2435,2025-04-23,2,191.39,In-Store,191.39
2679,198,2522,2022-12-26,2,105.92,In-Store,105.92
2680,198,2237,2025-05-24,3,105.92,Online,105.92
2681,168,2828,2025-10-21,5,152.68,In-Store,152.68
2682,115,2485,2024-10-01,3,101.23,In-Store,101.23
2683,184,2655,2025-03-23,2,195.07,Online,195.07
2684,143,2815,2023-05-10,2,39.04,In-Store,39.04
2685,147,2412,2024-12-15,3,133.4,In-Store,133.4
2686,172,2989,2023-11-30,3,232.96,In-Store,232.96
2687,130,2600,2023-10-28,1,190.21,In-Store,190.21
2688,167,2230,2024-01-21,4,235.98,In-Store,235.98
2689,178,2165,2024-01-22,2,81.85,In-Store,81.85
2690,136,2836,2023-06-23,5,220.89,Online,220.89
2691,102,2218,2023-06-22,3,186.75,Online,186.75
2692,111,2845,2023-01-30,2,243.55,Online,243.55
2693,143,2490,2023-07-04,5,39.04,Online,39.04
2694,164,2932,2025-10-11,5,22.03,Online,22.03
2695,133,2571,2024-03-29,4,212.0,Online,212.0
2696,113,2463,2024-08-18,2,56.15,In-Store,56.15
2697,127,2921,2025-04-12,4,200.1,Online,200.1
2698,124,2229,2025-10-28,4,112.82,In-Store,112.82
2699,126,2497,2023-05-12,1,191.39,In-Store,191.39
2700,107,2256,2024-10-31,4,177.55,In-Store,177.55
2701,129,2413,2023-09-22,2,216.59,In-Store,216.59
2702,121,2964,2022-12-25,3,60.64,Online,60.64
2703,182,2791,2025-09-09,2,227.28,Online,227.28
2704,144,2980,2024-09-08,2,15.05,In-Store,15.05
2705,109,2117,2025-01-09,4,101.18,Online,101.18
2706,115,2850,2023-12-17,1,101.23,In-Store,101.23
2707,158,2452,2023-03-05,5,126.55,In-Store,126.55
2708,167,2445,2024-12-15,5,235.98,Online,235.98
2709,136,2579,2022-07-23,2,220.89,Online,220.89
2710,168,2987,2025-08-04,2,152.68,Online,152.68
2711,127,2521,2024-03-04,4,200.1,Online,200.1
2712,119,2114,2025-03-02,2,212.28,In-Store,212.28
2713,119,2577,2024-12-03,2,212.28,Online,212.28
2714,183,2854,2023-04-29,5,209.04,Online,209.04
2715,148,2201,2024-01-26,4,139.42,Online,139.42
2716,178,2545,2025-08-06,5,81.85,Online,81.85
2717,192,2140,2025-11-03,2,53.05,Online,53.05
2718,180,2095,2024-08-23,3,77.62,In-Store,77.62
2719,186,2095,2025-11-02,5,28.06,Online,28.06
2720,149,2914,2025-06-18,3,198.31,In-Store,198.31
2721,109,2895,2025-05-01,2,101.18,In-Store,101.18
2722,190,2449,2025-02-16,3,197.23,In-Store,197.23
2723,153,2440,2025-09-19,4,55.98,In-Store,55.98
2724,157,2573,2024-10-20,4,232.33,In-Store,232.33
2725,200,2699,2023-09-26,2,241.01,Online,241.01
2726,137,2664,2023-12-11,4,67.81,In-Store,67.81
2727,123,2580,2024-12-06,2,73.57,In-Store,73.57
2728,128,2283,2024-10-30,2,101.59,In-Store,101.59
2729,186,2099,2025-04-19,1,28.06,In-Store,28.06
2730,119,2808,2025-08-24,4,212.28,Online,212.28
2731,158,2047,2025-06-25,4,126.55,In-Store,126.55
2732,127,2138,2025-10-23,2,200.1,Online,200.1
2733,186,2284,2025-05-04,3,28.06,Online,28.06
2734,168,2312,2024-11-13,1,152.68,In-Store,152.68
2735,129,2324,2024-05-07,3,216.59,In-Store,216.59
2736,120,2860,2024-10-03,4,203.21,In-Store,203.21
2737,197,2335,2024-10-25,3,217.44,Online,217.44
2738,185,2782,2024-04-27,4,142.4,Online,142.4
2739,111,2326,2025-07-07,1,243.55,In-Store,243.55
2740,188,2953,2025-01-28,4,20.04,Online,20.04
2741,190,2066,2025-09-23,2,197.23,Online,197.23
2742,164,2477,2023-04-11,5,22.03,In-Store,22.03
2743,138,2113,2023-03-05,5,185.66,Online,185.66
2744,166,2541,2022-11-26,4,152.81,Online,152.81
2745,174,2252,2024-06-28,3,139.03,Online,139.03
2746,195,2160,2024-07-21,5,93.92,Online,93.92
2747,196,2842,2025-01-31,5,168.41,Online,168.41
2748,141,2911,2023-07-17,5,232.94,In-Store,232.94
2749,180,2949,2025-12-27,2,77.62,In-Store,77.62
2750,126,2724,2023-11-21,3,191.39,In-Store,191.39
2751,144,2014,2025-08-20,2,15.05,Online,15.05
2752,190,2111,2022-10-09,1,197.23,Online,197.23
2753,184,2987,2024-10-27,5,195.07,In-Store,195.07
2754,149,2408,2025-11-24,4,198.31,Online,198.31
2755,104,2826,2022-12-29,3,65.84,In-Store,65.84
2756,106,2304,2024-07-09,2,117.81,Online,117.81
2757,131,2351,2022-10-07,3,114.34,Online,114.34
2758,189,2659,2025-08-31,4,60.42,In-Store,60.42
2759,167,2579,2023-04-01,3,235.98,Online,235.98
2760,164,2616,2023-06-17,1,22.03,In-Store,22.03
2761,116,2516,2024-05-22,1,98.84,Online,98.84
2762,199,2137,2023-05-07,5,37.68,In-Store,37.68
2763,178,2156,2023-08-06,5,81.85,In-Store,81.85
2764,151,2477,2024-06-21,4,108.66,Online,108.66
2765,168,2004,2025-04-17,3,152.68,In-Store,152.68
2766,116,2625,2023-10-13,1,98.84,In-Store,98.84
2767,163,2746,2025-11-26,5,186.58,In-Store,186.58
2768,183,2971,2024-12-13,3,209.04,In-Store,209.04
2769,168,2642,2023-03-08,2,152.68,In-Store,152.68
2770,172,2362,2025-07-29,3,232.96,In-Store,232.96
2771,135,2299,2024-09-02,5,87.8,Online,87.8
2772,181,2599,2024-09-14,1,175.0,In-Store,175.0
2773,186,2971,2025-12-08,4,28.06,In-Store,28.06
2774,167,2137,2025-11-16,1,235.98,In-Store,235.98
2775,167,2491,2023-11-07,5,235.98,Online,235.98
2776,196,2728,2024-11-20,2,168.41,In-Store,168.41
2777,192,2483,2025-05-09,4,53.05,Online,53.05
2778,197,2605,2025-12-28,3,217.44,In-Store,217.44
2779,192,2567,2024-08-01,1,53.05,Online,53.05
2780,165,2286,2024-12-17,2,240.59,Online,240.59
2781,186,2861,2025-04-20,5,28.06,Online,28.06
2782,188,2268,2024-02-20,2,20.04,In-Store,20.04
2783,170,2235,2025-06-24,4,59.02,Online,59.02
2784,199,2175,2024-02-21,4,37.68,In-Store,37.68
2785,162,2059,2024-07-07,3,55.58,In-Store,55.58
2786,172,2301,2025-03-01,1,232.96,In-Store,232.96
2787,121,2432,2025-11-26,5,60.64,In-Store,60.64
2788,131,2981,2022-02-17,3,114.34,Online,114.34
2789,186,2651,2025-10-25,5,28.06,In-Store,28.06
2790,159,2786,2025-11-17,4,49.51,In-Store,49.51
2791,172,2455,2025-09-05,2,232.96,In-Store,232.96
2792,161,2499,2025-04-19,4,177.18,Online,177.18
2793,185,2992,2023-09-20,4,142.4,Online,142.4
2794,165,2240,2024-04-02,2,240.59,Online,240.59
2795,176,2829,2023-06-06,5,78.4,Online,78.4
2796,162,2505,2024-02-02,2,55.58,In-Store,55.58
2797,168,2840,2025-11-10,1,152.68,Online,152.68
2798,126,2864,2025-06-10,4,191.39,Online,191.39
2799,172,2723,2025-11-27,2,232.96,In-Store,232.96
2800,146,2385,2025-02-04,1,26.18,In-Store,26.18
2801,125,2126,2024-12-02,4,62.64,In-Store,62.64
2802,172,2199,2025-12-21,3,232.96,In-Store,232.96
2803,141,2253,2025-06-14,3,232.94,Online,232.94
2804,120,2580,2024-05-31,3,203.21,Online,203.21
2805,164,2902,2025-08-22,3,22.03,In-Store,22.03
2806,123,2626,2025-04-04,4,73.57,Online,73.57
2807,159,2221,2024-09-06,2,49.51,Online,49.51
2808,114,2828,2025-11-03,4,195.54,Online,195.54
2809,128,2495,2025-03-31,4,101.59,Online,101.59
2810,139,2408,2024-12-30,4,168.34,Online,168.34
2811,143,2593,2023-02-16,3,39.04,Online,39.04
2812,145,2978,2023-11-17,1,62.85,In-Store,62.85
2813,156,2272,2024-05-12,1,22.14,Online,22.14
2814,168,2850,2025-09-12,4,152.68,Online,152.68
2815,101,2416,2024-05-09,3,187.97,Online,187.97
2816,112,2946,2025-04-10,1,80.36,Online,80.36
2817,193,2067,2025-02-04,3,74.03,In-Store,74.03
2818,144,2838,2024-11-15,3,15.05,In-Store,15.05
2819,158,2098,2024-11-05,5,126.55,Online,126.55
2820,162,2607,2023-08-20,5,55.58,Online,55.58
2821,183,2650,2024-06-10,2,209.04,In-Store,209.04
2822,169,2703,2023-10-14,3,167.77,Online,167.77
2823,174,2756,2023-06-17,5,139.03,In-Store,139.03
2824,155,2030,2024-04-07,5,219.88,In-Store,219.88
2825,130,2725,2025-06-04,2,190.21,Online,190.21
2826,200,2659,2023-05-24,2,241.01,Online,241.01
2827,189,2674,2024-04-28,5,60.42,Online,60.42
2828,192,2627,2023-10-08,2,53.05,In-Store,53.05
2829,101,2609,2024-07-08,3,187.97,Online,187.97
2830,120,2666,2023-10-15,2,203.21,In-Store,203.21
2831,107,2602,2025-07-04,4,177.55,In-Store,177.55
2832,125,2391,2024-09-27,5,62.64,Online,62.64
2833,139,2902,2023-07-20,5,168.34,In-Store,168.34
2834,139,2757,2024-06-18,4,168.34,In-Store,168.34
2835,106,2986,2025-02-23,3,117.81,In-Store,117.81
2836,104,2070,2025-08-12,1,65.84,Online,65.84
2837,145,2201,2024-07-11,3,62.85,Online,62.85
2838,110,2832,2025-01-30,5,73.49,In-Store,73.49
2839,164,2704,2025-03-21,3,22.03,Online,22.03
2840,182,2196,2025-10-06,3,227.28,Online,227.28
2841,166,2775,2023-07-10,3,152.81,In-Store,152.81
2842,175,2290,2025-10-03,3,233.98,In-Store,233.98
2843,120,2517,2024-09-15,5,203.21,Online,203.21
2844,179,2769,2024-06-02,3,37.7,Online,37.7
2845,194,2584,2022-07-31,2,216.06,In-Store,216.06
2846,125,2473,2024-11-10,5,62.64,Online,62.64
2847,115,2359,2024-01-26,5,101.23,In-Store,101.23
2848,169,2934,2024-03-14,1,167.77,In-Store,167.77
2849,144,2196,2025-04-03,5,15.05,Online,15.05
2850,110,2948,2025-12-31,3,73.49,Online,73.49
2851,179,2572,2025-05-06,3,37.7,In-Store,37.7
2852,134,2485,2025-05-20,1,99.74,In-Store,99.74
2853,151,2350,2024-07-19,1,108.66,Online,108.66
2854,158,2263,2025-04-14,5,126.55,In-Store,126.55
2855,190,2932,2025-07-02,2,197.23,In-Store,197.23
2856,136,2989,2025-09-26,5,220.89,Online,220.89
2857,103,2192,2024-08-27,3,111.26,Online,111.26
2858,189,2579,2025-12-13,2,60.42,Online,60.42
2859,154,2836,2022-10-04,1,111.25,In-Store,111.25
2860,102,2641,2023-02-22,1,186.75,In-Store,186.75
2861,166,2972,2025-03-07,1,152.81,In-Store,152.81
2862,136,2333,2023-09-11,5,220.89,In-Store,220.89
2863,193,2307,2025-10-28,2,74.03,Online,74.03
2864,161,2582,2025-06-13,3,177.18,Online,177.18
2865,197,2001,2025-07-03,3,217.44,Online,217.44
2866,185,2537,2025-09-17,4,142.4,In-Store,142.4
2867,108,2521,2025-10-11,1,61.68,Online,61.68
2868,125,2343,2023-04-15,5,62.64,Online,62.64
2869,164,2671,2024-04-17,1,22.03,Online,22.03
2870,123,2013,2025-08-27,1,73.57,In-Store,73.57
2871,171,2912,2025-10-23,2,104.99,In-Store,104.99
2872,155,2665,2024-01-23,1,219.88,In-Store,219.88
2873,125,2879,2025-03-20,5,62.64,In-Store,62.64
2874,200,2902,2022-11-10,3,241.01,In-Store,241.01
2875,186,2766,2025-04-19,1,28.06,In-Store,28.06
2876,101,2655,2024-11-25,1,187.97,Online,187.97
2877,119,2756,2023-10-09,1,212.28,Online,212.28
2878,192,2412,2023-10-29,5,53.05,Online,53.05
2879,129,2443,2025-10-28,2,216.59,Online,216.59
2880,102,2148,2023-06-05,3,186.75,In-Store,186.75
2881,146,2428,2024-02-01,2,26.18,In-Store,26.18
2882,150,2727,2025-12-29,2,33.26,Online,33.26
2883,175,2725,2024-07-05,1,233.98,In-Store,233.98
2884,139,2406,2025-09-24,3,168.34,Online,168.34
2885,198,2459,2024-01-31,2,105.92,In-Store,105.92
2886,198,2778,2024-07-23,2,105.92,Online,105.92
2887,116,2190,2023-09-02,2,98.84,Online,98.84
2888,149,2458,2024-08-17,3,198.31,In-Store,198.31
2889,116,2109,2024-04-12,1,98.84,In-Store,98.84
2890,148,2276,2025-06-17,5,139.42,In-Store,139.42
2891,198,2510,2024-10-07,5,105.92,In-Store,105.92
2892,133,2170,2023-07-22,1,212.0,In-Store,212.0
2893,106,2693,2024-10-20,5,117.81,Online,117.81
2894,134,2474,2025-12-26,4,99.74,In-Store,99.74
2895,160,2415,2024-09-16,2,232.36,In-Store,232.36
2896,143,2133,2025-09-12,5,39.04,In-Store,39.04
2897,108,2606,2024-12-04,5,61.68,Online,61.68
2898,105,2926,2024-07-07,2,57.72,In-Store,57.72
2899,114,2876,2024-07-17,1,195.54,Online,195.54
2900,188,2004,2025-11-23,2,20.04,In-Store,20.04
2901,128,2426,2025-01-19,4,101.59,In-Store,101.59
2902,193,2882,2025-01-02,5,74.03,In-Store,74.03
2903,169,2539,2025-08-30,5,167.77,Online,167.77
2904,103,2456,2024-07-30,1,111.26,In-Store,111.26
2905,188,2926,2023-02-11,2,20.04,In-Store,20.04
2906,153,2910,2024-10-16,3,55.98,In-Store,55.98
2907,198,2046,2024-11-13,2,105.92,In-Store,105.92
2908,154,2701,2024-07-02,2,111.25,In-Store,111.25
2909,109,2624,2025-06-10,2,101.18,Online,101.18
2910,169,2590,2025-09-01,5,167.77,In-Store,167.77
2911,171,2451,2025-03-08,5,104.99,In-Store,104.99
2912,175,2293,2025-01-11,4,233.98,Online,233.98
2913,142,2577,2024-11-02,3,248.84,In-Store,248.84
2914,104,2315,2025-03-21,4,65.84,In-Store,65.84
2915,192,2816,2023-01-06,2,53.05,Online,53.05
2916,125,2140,2025-06-08,4,62.64,In-Store,62.64
2917,136,2379,2025-12-03,4,220.89,Online,220.89
2918,193,2248,2023-03-13,5,74.03,Online,74.03
2919,103,2070,2024-12-19,5,111.26,Online,111.26
2920,173,2911,2025-11-05,2,159.08,Online,159.08
2921,124,2820,2024-03-31,1,112.82,Online,112.82
2922,165,2945,2024-05-24,2,240.59,In-Store,240.59
2923,154,2541,2025-05-10,4,111.25,Online,111.25
2924,194,2858,2025-07-29,1,216.06,Online,216.06
2925,154,2845,2023-09-01,2,111.25,In-Store,111.25
2926,161,2790,2024-02-02,1,177.18,Online,177.18
2927,162,2775,2024-02-11,2,55.58,In-Store,55.58
2928,132,2826,2022-08-14,2,243.25,Online,243.25
2929,158,2719,2025-03-28,1,126.55,In-Store,126.55
2930,132,2162,2023-11-16,3,243.25,Online,243.25
2931,177,2847,2024-12-24,5,246.12,In-Store,246.12
2932,123,2061,2025-12-19,2,73.57,In-Store,73.57
2933,108,2771,2025-04-10,4,61.68,In-Store,61.68
2934,193,2598,2025-09-28,2,74.03,Online,74.03
2935,139,2399,2024-12-23,2,168.34,In-Store,168.34
2936,152,2936,2024-06-05,4,106.63,In-Store,106.63
2937,101,2580,2024-10-23,4,187.97,In-Store,187.97
2938,133,2932,2025-09-29,1,212.0,In-Store,212.0
2939,179,2964,2025-01-25,5,37.7,Online,37.7
2940,137,2335,2023-10-29,5,67.81,Online,67.81
2941,193,2011,2024-04-17,3,74.03,In-Store,74.03
2942,193,2321,2024-09-07,5,74.03,Online,74.03
2943,136,2302,2024-12-19,1,220.89,Online,220.89
2944,193,2077,2024-12-11,4,74.03,Online,74.03
2945,129,2882,2024-02-01,2,216.59,In-Store,216.59
2946,147,2688,2024-12-06,1,133.4,In-Store,133.4
2947,145,2996,2025-08-22,2,62.85,In-Store,62.85
2948,151,2473,2024-04-09,3,108.66,In-Store,108.66
2949,190,2524,2024-05-22,4,197.23,Online,197.23
2950,169,2828,2024-05-13,4,167.77,Online,167.77
2951,135,2791,2024-11-15,4,87.8,Online,87.8
2952,105,2895,2024-12-18,1,57.72,In-Store,57.72
2953,185,2519,2022-11-22,4,142.4,Online,142.4
2954,168,2180,2024-10-11,3,152.68,Online,152.68
2955,135,2198,2025-11-24,5,87.8,In-Store,87.8
2956,127,2432,2025-11-25,4,200.1,Online,200.1
2957,158,2320,2025-06-30,4,126.55,In-Store,126.55
2958,173,2436,2025-11-22,1,159.08,In-Store,159.08
2959,104,2147,2025-04-30,3,65.84,Online,65.84
2960,119,2135,2025-04-30,4,212.28,In-Store,212.28
2961,133,2480,2025-09-25,4,212.0,In-Store,212.0
2962,118,2172,2025-02-25,3,120.94,Online,120.94
2963,187,2953,2023-07-28,4,149.8,In-Store,149.8
2964,158,2991,2023-03-27,2,126.55,Online,126.55
2965,119,2237,2025-03-05,5,212.28,In-Store,212.28
2966,117,2010,2024-11-29,5,156.19,In-Store,156.19
2967,183,2507,2024-09-07,1,209.04,In-Store,209.04
2968,116,2171,2024-10-20,1,98.84,Online,98.84
2969,157,2507,2024-12-28,4,232.33,In-Store,232.33
2970,199,2831,2024-07-29,5,37.68,In-Store,37.68
2971,152,2393,2024-08-05,4,106.63,In-Store,106.63
2972,124,2613,2025-11-19,3,112.82,Online,112.82
2973,181,2838,2024-08-28,2,175.0,In-Store,175.0
2974,186,2795,2024-04-29,4,28.06,Online,28.06
2975,184,2325,2024-10-08,3,195.07,In-Store,195.07
2976,162,2688,2025-06-30,1,55.58,Online,55.58
2977,173,2416,2025-03-02,1,159.08,In-Store,159.08
2978,179,2388,2024-06-30,2,37.7,Online,37.7
2979,190,2059,2024-11-10,1,197.23,Online,197.23
2980,120,2006,2025-10-18,2,203.21,In-Store,203.21
2981,142,2645,2025-05-11,3,248.84,In-Store,248.84
2982,137,2383,2025-08-03,5,67.81,Online,67.81
2983,200,2515,2025-08-09,5,241.01,In-Store,241.01
2984,107,2457,2024-09-21,1,177.55,In-Store,177.55
2985,197,2361,2025-07-26,1,217.44,Online,217.44
2986,127,2653,2025-05-06,1,200.1,In-Store,200.1
2987,135,2103,2024-11-20,1,87.8,In-Store,87.8
2988,121,2176,2025-03-11,3,60.64,In-Store,60.64
2989,117,2415,2025-05-03,1,156.19,Online,156.19
2990,174,2931,2025-12-18,3,139.03,Online,139.03
2991,174,2383,2025-06-13,1,139.03,Online,139.03
2992,164,2506,2025-05-22,3,22.03,In-Store,22.03
2993,169,2595,2025-11-09,5,167.77,Online,167.77
2994,124,2057,2025-09-09,1,112.82,In-Store,112.82
2995,176,2304,2025-10-12,2,78.4,In-Store,78.4
2996,146,2851,2025-04-15,2,26.18,In-Store,26.18
2997,141,2304,2025-11-10,1,232.94,In-Store,232.94
2998,163,2820,2023-05-25,3,186.58,In-Store,186.58
2999,172,2528,2023-03-05,4,232.96,Online,232.96
3000,189,2056,2023-01-17,4,60.42,Online,60.42
3001,147,2461,2025-02-28,3,133.4,In-Store,133.4
3002,151,2133,2025-12-19,3,108.66,Online,108.66
3003,119,2077,2025-01-23,2,212.28,Online,212.28
3004,104,2519,2024-02-22,2,65.84,Online,65.84
3005,154,2988,2024-12-16,3,111.25,In-Store,111.25
3006,189,2759,2025-06-24,4,60.42,In-Store,60.42
3007,190,2170,2025-08-19,4,197.23,In-Store,197.23
3008,164,2820,2025-07-04,1,22.03,In-Store,22.03
3009,146,2336,2024-02-27,3,26.18,In-Store,26.18
3010,174,2549,2024-08-02,2,139.03,In-Store,139.03
3011,184,2449,2025-11-16,2,195.07,Online,195.07
3012,195,2865,2025-03-21,4,93.92,In-Store,93.92
3013,190,2930,2024-10-19,1,197.23,Online,197.23
3014,157,2310,2025-11-05,5,232.33,In-Store,232.33
3015,115,2355,2024-09-02,2,101.23,In-Store,101.23
3016,148,2626,2024-04-25,3,139.42,In-Store,139.42
3017,164,2967,2024-09-10,4,22.03,Online,22.03
3018,147,2494,2024-01-17,5,133.4,Online,133.4
3019,177,2464,2025-09-13,3,246.12,In-Store,246.12
3020,181,2523,2025-05-25,1,175.0,In-Store,175.0
3021,125,2911,2025-10-12,4,62.64,Online,62.64
3022,192,2605,2024-06-28,5,53.05,Online,53.05
3023,166,2062,2025-05-14,5,152.81,Online,152.81
3024,143,2610,2024-07-08,4,39.04,Online,39.04
3025,121,2887,2023-03-27,1,60.64,In-Store,60.64
3026,125,2685,2024-03-11,2,62.64,In-Store,62.64
3027,190,2292,2025-12-04,4,197.23,In-Store,197.23
3028,107,2321,2023-12-31,4,177.55,In-Store,177.55
3029,162,2007,2024-07-31,3,55.58,Online,55.58
3030,137,2170,2024-05-18,5,67.81,In-Store,67.81
3031,147,2655,2025-02-03,4,133.4,In-Store,133.4
3032,171,2973,2025-06-17,3,104.99,In-Store,104.99
3033,134,2455,2024-04-16,2,99.74,In-Store,99.74
3034,154,2527,2024-04-10,1,111.25,In-Store,111.25
3035,186,2212,2025-07-30,2,28.06,Online,28.06
3036,126,2053,2025-04-08,5,191.39,In-Store,191.39
3037,193,2841,2025-05-06,4,74.03,Online,74.03
3038,150,2913,2022-11-01,5,33.26,Online,33.26
3039,176,2551,2023-05-18,5,78.4,Online,78.4
3040,179,2879,2025-09-02,5,37.7,In-Store,37.7
3041,107,2516,2024-05-25,3,177.55,Online,177.55
3042,128,2322,2022-12-17,5,101.59,In-Store,101.59
3043,149,2979,2024-10-07,3,198.31,Online,198.31
3044,149,2139,2025-08-18,5,198.31,In-Store,198.31
3045,141,2669,2025-11-02,5,232.94,Online,232.94
3046,182,2805,2023-09-13,4,227.28,In-Store,227.28
3047,120,2346,2025-02-13,2,203.21,In-Store,203.21
3048,164,2805,2023-12-01,3,22.03,Online,22.03
3049,101,2144,2024-08-17,1,187.97,Online,187.97
3050,160,2059,2023-12-10,5,232.36,In-Store,232.36
3051,199,2957,2025-03-23,2,37.68,In-Store,37.68
3052,113,2326,2025-03-29,2,56.15,In-Store,56.15
3053,145,2679,2024-12-28,1,62.85,In-Store,62.85
3054,167,2002,2024-03-16,2,235.98,In-Store,235.98
3055,164,2842,2024-04-07,1,22.03,Online,22.03
3056,114,2772,2025-01-23,5,195.54,In-Store,195.54
3057,135,2598,2024-11-03,1,87.8,In-Store,87.8
3058,124,2718,2023-12-05,5,112.82,Online,112.82
3059,178,2747,2025-05-19,5,81.85,Online,81.85
3060,149,2007,2024-11-30,4,198.31,Online,198.31
3061,136,2607,2024-03-27,4,220.89,Online,220.89
3062,165,2493,2024-05-17,4,240.59,In-Store,240.59
3063,109,2718,2024-11-14,1,101.18,Online,101.18
3064,117,2118,2023-11-01,3,156.19,Online,156.19
3065,128,2077,2025-10-06,2,101.59,In-Store,101.59
3066,142,2656,2024-12-14,3,248.84,Online,248.84
3067,185,2904,2024-09-09,4,142.4,Online,142.4
3068,129,2941,2024-02-27,1,216.59,In-Store,216.59
3069,184,2588,2023-03-12,4,195.07,In-Store,195.07
3070,142,2822,2025-01-14,3,248.84,In-Store,248.84
3071,185,2992,2024-04-02,4,142.4,In-Store,142.4
3072,104,2365,2025-07-27,3,65.84,In-Store,65.84
3073,175,2185,2025-11-22,1,233.98,Online,233.98
3074,123,2827,2023-03-31,5,73.57,In-Store,73.57
3075,137,2525,2023-04-16,2,67.81,In-Store,67.81
3076,141,2638,2025-10-04,3,232.94,In-Store,232.94
3077,105,2952,2024-03-23,2,57.72,In-Store,57.72
3078,175,2663,2025-06-12,4,233.98,In-Store,233.98
3079,172,2859,2024-10-03,2,232.96,Online,232.96
3080,155,2288,2025-10-17,3,219.88,In-Store,219.88
3081,117,2323,2023-12-06,2,156.19,Online,156.19
3082,174,2639,2023-10-29,5,139.03,In-Store,139.03
3083,161,2616,2023-08-29,5,177.18,Online,177.18
3084,150,2703,2024-03-28,3,33.26,In-Store,33.26
3085,154,2778,2024-11-29,5,111.25,Online,111.25
3086,118,2087,2024-12-07,2,120.94,In-Store,120.94
3087,179,2811,2025-12-01,3,37.7,In-Store,37.7
3088,151,2261,2025-02-26,2,108.66,In-Store,108.66
3089,198,2113,2023-06-08,4,105.92,In-Store,105.92
3090,139,2847,2022-06-03,1,168.34,In-Store,168.34
3091,143,2713,2023-05-10,3,39.04,Online,39.04
3092,101,2282,2023-06-28,2,187.97,In-Store,187.97
3093,172,2999,2023-08-30,2,232.96,In-Store,232.96
3094,118,2497,2025-07-17,4,120.94,Online,120.94
3095,110,2398,2025-11-22,5,73.49,Online,73.49
3096,110,2188,2025-07-19,2,73.49,In-Store,73.49
3097,157,2205,2022-11-21,4,232.33,Online,232.33
3098,183,2764,2025-06-16,5,209.04,Online,209.04
3099,149,2683,2025-03-26,5,198.31,Online,198.31
3100,178,2069,2025-10-20,1,81.85,In-Store,81.85
3101,157,2406,2025-05-05,5,232.33,Online,232.33
3102,143,2463,2024-04-12,3,39.04,Online,39.04
3103,178,2752,2025-09-22,2,81.85,Online,81.85
3104,142,2336,2024-10-21,2,248.84,Online,248.84
3105,146,2672,2025-01-25,5,26.18,In-Store,26.18
3106,102,2337,2023-06-30,2,186.75,Online,186.75
3107,186,2686,2024-05-23,5,28.06,In-Store,28.06
3108,126,2590,2024-08-10,2,191.39,Online,191.39
3109,167,2172,2024-05-03,5,235.98,In-Store,235.98
3110,157,2566,2024-12-23,1,232.33,Online,232.33
3111,169,2807,2025-02-10,1,167.77,Online,167.77
3112,160,2723,2025-11-18,1,232.36,In-Store,232.36
3113,155,2521,2023-08-31,4,219.88,Online,219.88
3114,190,2618,2024-12-11,5,197.23,Online,197.23
3115,179,2376,2025-09-13,4,37.7,In-Store,37.7
3116,128,2152,2025-10-28,1,101.59,In-Store,101.59
3117,188,2224,2023-04-08,4,20.04,Online,20.04
3118,158,2147,2025-10-15,5,126.55,In-Store,126.55
3119,120,2302,2022-09-27,3,203.21,In-Store,203.21
3120,113,2816,2024-04-22,4,56.15,Online,56.15
3121,165,2012,2023-11-05,5,240.59,In-Store,240.59
3122,193,2040,2024-09-04,3,74.03,In-Store,74.03
3123,107,2517,2024-11-06,5,177.55,Online,177.55
3124,189,2613,2024-12-12,3,60.42,In-Store,60.42
3125,134,2580,2025-10-09,4,99.74,Online,99.74
3126,183,2456,2023-10-17,4,209.04,Online,209.04
3127,180,2680,2025-03-02,5,77.62,In-Store,77.62
3128,121,2465,2025-05-30,2,60.64,Online,60.64
3129,139,2461,2024-11-13,4,168.34,In-Store,168.34
3130,173,2153,2025-02-14,4,159.08,In-Store,159.08
3131,192,2163,2025-02-20,5,53.05,Online,53.05
3132,122,2439,2024-12-14,1,167.31,Online,167.31
3133,159,2538,2023-12-23,3,49.51,In-Store,49.51
3134,159,2420,2025-04-20,5,49.51,In-Store,49.51
3135,133,2906,2023-04-18,3,212.0,Online,212.0
3136,143,2417,2025-03-02,2,39.04,In-Store,39.04
3137,198,2509,2025-01-16,2,105.92,In-Store,105.92
3138,141,2851,2024-12-30,2,232.94,Online,232.94
3139,163,2066,2025-05-19,5,186.58,In-Store,186.58
3140,116,2181,2025-11-19,5,98.84,In-Store,98.84
3141,163,2228,2025-08-13,3,186.58,Online,186.58
3142,152,2459,2025-12-01,3,106.63,In-Store,106.63
3143,160,2786,2025-03-14,3,232.36,Online,232.36
3144,176,2208,2023-09-25,3,78.4,In-Store,78.4
3145,189,2054,2024-06-22,4,60.42,In-Store,60.42
3146,183,2448,2024-08-15,5,209.04,In-Store,209.04
3147,196,2015,2025-09-21,4,168.41,Online,168.41
3148,102,2689,2024-10-10,1,186.75,In-Store,186.75
3149,145,2806,2025-01-14,2,62.85,In-Store,62.85
3150,115,2880,2023-09-16,1,101.23,Online,101.23
3151,139,2766,2024-04-16,3,168.34,In-Store,168.34
3152,169,2131,2024-04-03,1,167.77,In-Store,167.77
3153,116,2598,2024-12-16,4,98.84,In-Store,98.84
3154,179,2026,2025-05-21,5,37.7,Online,37.7
3155,139,2029,2025-10-15,2,168.34,In-Store,168.34
3156,112,2806,2024-10-24,1,80.36,Online,80.36
3157,191,2492,2025-01-20,2,217.51,In-Store,217.51
3158,184,2100,2025-03-31,5,195.07,In-Store,195.07
3159,126,2170,2022-11-09,4,191.39,In-Store,191.39
3160,196,2787,2023-07-05,3,168.41,In-Store,168.41
3161,125,2349,2024-07-18,1,62.64,Online,62.64
3162,126,2317,2025-09-17,3,191.39,In-Store,191.39
3163,121,2787,2025-02-14,3,60.64,In-Store,60.64
3164,160,2432,2025-05-03,1,232.36,In-Store,232.36
3165,160,2935,2022-11-16,1,232.36,In-Store,232.36
3166,147,2255,2025-07-03,2,133.4,Online,133.4
3167,121,2641,2025-10-12,3,60.64,Online,60.64
3168,105,2937,2025-01-03,1,57.72,In-Store,57.72
3169,114,2887,2023-06-05,3,195.54,In-Store,195.54
3170,150,2187,2025-10-25,5,33.26,In-Store,33.26
3171,193,2729,2024-06-20,2,74.03,Online,74.03
3172,199,2863,2024-09-21,3,37.68,In-Store,37.68
3173,112,2580,2024-08-14,2,80.36,In-Store,80.36
3174,126,2589,2025-06-02,2,191.39,In-Store,191.39
3175,197,2270,2025-05-14,3,217.44,Online,217.44
3176,173,2520,2025-12-02,3,159.08,In-Store,159.08
3177,105,2349,2024-06-11,2,57.72,Online,57.72
3178,138,2569,2025-09-27,4,185.66,In-Store,185.66
3179,175,2029,2024-08-30,4,233.98,Online,233.98
3180,147,2285,2025-06-08,1,133.4,In-Store,133.4
3181,141,2250,2024-07-10,5,232.94,In-Store,232.94
3182,125,2977,2024-11-20,5,62.64,In-Store,62.64
3183,176,2647,2025-11-01,5,78.4,In-Store,78.4
3184,120,2003,2024-08-25,5,203.21,In-Store,203.21
3185,152,2936,2025-10-31,1,106.63,Online,106.63
3186,173,2097,2025-12-01,1,159.08,Online,159.08
3187,191,2741,2024-09-28,2,217.51,Online,217.51
3188,139,2095,2025-07-08,4,168.34,Online,168.34
3189,150,2303,2023-04-27,4,33.26,In-Store,33.26
3190,136,2254,2024-12-01,4,220.89,Online,220.89
3191,113,2968,2025-08-25,3,56.15,Online,56.15
3192,146,2873,2025-02-22,5,26.18,In-Store,26.18
3193,154,2192,2025-03-28,5,111.25,In-Store,111.25
3194,127,2331,2024-12-23,4,200.1,In-Store,200.1
3195,137,2795,2023-05-06,5,67.81,In-Store,67.81
3196,194,2305,2023-05-21,1,216.06,Online,216.06
3197,144,2216,2025-04-11,4,15.05,Online,15.05
3198,182,2485,2024-08-08,2,227.28,In-Store,227.28
3199,146,2863,2025-12-13,4,26.18,Online,26.18
3200,157,2049,2025-12-22,3,232.33,Online,232.33
3201,112,2034,2023-11-30,2,80.36,Online,80.36
3202,171,2426,2025-04-15,2,104.99,Online,104.99
3203,200,2239,2023-05-05,5,241.01,Online,241.01
3204,120,2310,2023-10-31,5,203.21,In-Store,203.21
3205,149,2798,2023-06-11,3,198.31,In-Store,198.31
3206,192,2518,2025-11-12,2,53.05,Online,53.05
3207,164,2571,2024-10-15,3,22.03,Online,22.03
3208,114,2082,2024-11-27,3,195.54,Online,195.54
3209,145,2886,2024-11-26,3,62.85,Online,62.85
3210,109,2189,2024-06-19,4,101.18,Online,101.18
3211,190,2549,2024-03-13,1,197.23,In-Store,197.23
3212,200,2248,2023-06-13,4,241.01,Online,241.01
3213,189,2607,2024-09-01,4,60.42,In-Store,60.42
3214,142,2570,2023-11-10,2,248.84,In-Store,248.84
3215,116,2292,2023-07-17,1,98.84,Online,98.84
3216,161,2263,2025-06-26,5,177.18,Online,177.18
3217,142,2155,2023-04-19,2,248.84,Online,248.84
3218,168,2142,2025-11-15,5,152.68,In-Store,152.68
3219,127,2694,2024-03-04,4,200.1,Online,200.1
3220,151,2972,2023-12-26,1,108.66,In-Store,108.66
3221,127,2493,2025-01-06,3,200.1,Online,200.1
3222,138,2622,2025-07-24,1,185.66,Online,185.66
3223,187,2773,2024-04-24,4,149.8,In-Store,149.8
3224,200,2743,2024-02-12,3,241.01,In-Store,241.01
3225,104,2869,2025-05-09,1,65.84,In-Store,65.84
3226,108,2064,2025-04-09,2,61.68,Online,61.68
3227,175,2676,2025-08-30,4,233.98,Online,233.98
3228,128,2880,2023-09-17,3,101.59,Online,101.59
3229,114,2532,2023-05-05,2,195.54,Online,195.54
3230,152,2929,2025-04-19,1,106.63,Online,106.63
3231,130,2758,2025-02-02,2,190.21,Online,190.21
3232,166,2696,2025-08-16,4,152.81,Online,152.81
3233,122,2129,2023-09-01,5,167.31,Online,167.31
3234,170,2373,2024-08-14,3,59.02,In-Store,59.02
3235,177,2643,2023-11-28,4,246.12,Online,246.12
3236,110,2907,2024-01-02,5,73.49,Online,73.49
3237,127,2863,2023-12-25,3,200.1,Online,200.1
3238,125,2370,2024-12-13,1,62.64,In-Store,62.64
3239,190,2039,2024-03-30,3,197.23,In-Store,197.23
3240,153,2758,2025-05-22,3,55.98,In-Store,55.98
3241,139,2657,2025-09-20,3,168.34,Online,168.34
3242,118,2394,2022-04-25,3,120.94,Online,120.94
3243,161,2243,2025-07-25,1,177.18,Online,177.18
3244,138,2894,2024-09-22,1,185.66,In-Store,185.66
3245,133,2654,2025-10-03,5,212.0,Online,212.0
3246,159,2245,2024-10-17,1,49.51,Online,49.51
3247,122,2951,2024-06-15,2,167.31,Online,167.31
3248,170,2390,2025-04-19,1,59.02,Online,59.02
3249,170,2736,2025-06-25,4,59.02,In-Store,59.02
3250,140,2193,2025-10-17,4,136.64,Online,136.64
3251,200,2794,2025-11-13,1,241.01,In-Store,241.01
3252,106,2576,2025-01-30,4,117.81,In-Store,117.81
3253,137,2323,2023-07-27,3,67.81,In-Store,67.81
3254,153,2164,2024-11-08,4,55.98,In-Store,55.98
3255,163,2433,2025-06-16,5,186.58,Online,186.58
3256,152,2097,2024-09-07,2,106.63,Online,106.63
3257,160,2106,2024-12-11,2,232.36,Online,232.36
3258,152,2850,2022-09-23,4,106.63,In-Store,106.63
3259,170,2839,2025-11-24,5,59.02,Online,59.02
3260,104,2517,2024-10-22,2,65.84,In-Store,65.84
3261,163,2367,2025-01-07,3,186.58,In-Store,186.58
3262,161,2143,2025-11-08,4,177.18,In-Store,177.18
3263,124,2129,2025-08-17,2,112.82,In-Store,112.82
3264,178,2821,2024-05-16,3,81.85,Online,81.85
3265,113,2476,2025-11-24,1,56.15,In-Store,56.15
3266,128,2299,2023-05-07,2,101.59,Online,101.59
3267,103,2724,2023-01-24,2,111.26,Online,111.26
3268,142,2254,2023-08-23,2,248.84,In-Store,248.84
3269,178,2022,2024-08-20,1,81.85,In-Store,81.85
3270,121,2702,2025-07-05,3,60.64,Online,60.64
3271,148,2841,2025-12-07,5,139.42,In-Store,139.42
3272,196,2717,2025-07-09,2,168.41,In-Store,168.41
3273,122,2051,2024-12-31,3,167.31,In-Store,167.31
3274,171,2250,2024-10-22,3,104.99,In-Store,104.99
3275,167,2400,2024-11-18,2,235.98,In-Store,235.98
3276,171,2449,2025-06-08,4,104.99,In-Store,104.99
3277,198,2169,2025-07-21,1,105.92,In-Store,105.92
3278,140,2430,2025-09-23,5,136.64,In-Store,136.64
3279,114,2474,2024-03-11,3,195.54,In-Store,195.54
3280,168,2159,2025-11-30,1,152.68,Online,152.68
3281,148,2867,2024-01-03,2,139.42,In-Store,139.42
3282,185,2048,2024-02-22,1,142.4,In-Store,142.4
3283,128,2136,2024-11-18,3,101.59,In-Store,101.59
3284,145,2691,2024-07-15,4,62.85,Online,62.85
3285,155,2459,2025-09-24,5,219.88,Online,219.88
3286,175,2029,2024-09-01,5,233.98,Online,233.98
3287,169,2138,2025-01-17,2,167.77,Online,167.77
3288,168,2870,2024-11-22,3,152.68,Online,152.68
3289,155,2600,2024-12-08,5,219.88,Online,219.88
3290,125,2868,2025-07-16,3,62.64,Online,62.64
3291,167,2986,2025-08-16,5,235.98,Online,235.98
3292,184,2769,2024-05-16,2,195.07,Online,195.07
3293,111,2040,2025-02-21,2,243.55,Online,243.55
3294,131,2112,2024-09-06,5,114.34,In-Store,114.34
3295,158,2450,2025-11-21,2,126.55,In-Store,126.55
3296,125,2509,2024-11-22,4,62.64,In-Store,62.64
3297,199,2815,2024-05-01,5,37.68,In-Store,37.68
3298,108,2962,2024-11-09,4,61.68,In-Store,61.68
3299,145,2113,2023-03-19,3,62.85,Online,62.85
3300,169,2350,2023-06-07,3,167.77,In-Store,167.77
3301,180,2994,2024-03-28,5,77.62,Online,77.62
3302,133,2139,2023-09-18,4,212.0,Online,212.0
3303,199,2334,2023-03-09,4,37.68,Online,37.68
3304,109,2921,2024-03-31,4,101.18,Online,101.18
3305,105,2519,2025-12-12,4,57.72,In-Store,57.72
3306,132,2775,2025-02-09,2,243.25,Online,243.25
3307,132,2865,2025-09-02,3,243.25,Online,243.25
3308,136,2260,2023-07-04,3,220.89,Online,220.89
3309,190,2045,2024-05-27,1,197.23,Online,197.23
3310,179,2020,2024-11-24,4,37.7,Online,37.7
3311,155,2727,2025-12-20,3,219.88,In-Store,219.88
3312,160,2822,2024-05-20,1,232.36,In-Store,232.36
3313,159,2264,2025-11-25,1,49.51,In-Store,49.51
3314,155,2171,2024-08-30,4,219.88,In-Store,219.88
3315,172,2941,2025-09-20,1,232.96,In-Store,232.96
3316,170,2548,2022-11-24,1,59.02,In-Store,59.02
3317,143,2653,2024-05-26,1,39.04,In-Store,39.04
3318,135,2952,2023-12-09,1,87.8,In-Store,87.8
3319,132,2971,2025-02-02,5,243.25,Online,243.25
3320,127,2415,2025-10-27,3,200.1,Online,200.1
3321,141,2987,2024-10-28,1,232.94,In-Store,232.94
3322,140,2983,2024-05-20,4,136.64,In-Store,136.64
3323,113,2020,2025-07-03,1,56.15,Online,56.15
3324,160,2003,2024-08-20,3,232.36,In-Store,232.36
3325,185,2999,2025-11-03,3,142.4,In-Store,142.4
3326,177,2688,2025-07-31,3,246.12,In-Store,246.12
3327,169,2700,2024-09-18,1,167.77,Online,167.77
3328,128,2243,2025-08-10,2,101.59,In-Store,101.59
3329,157,2018,2024-05-10,5,232.33,In-Store,232.33
3330,157,2801,2025-02-03,3,232.33,Online,232.33
3331,128,2294,2025-07-25,5,101.59,In-Store,101.59
3332,170,2656,2025-07-19,4,59.02,Online,59.02
3333,125,2366,2023-04-07,5,62.64,Online,62.64
3334,137,2488,2025-07-20,1,67.81,Online,67.81
3335,184,2161,2024-12-23,3,195.07,In-Store,195.07
3336,138,2934,2025-07-25,4,185.66,Online,185.66
3337,110,2175,2024-12-12,4,73.49,In-Store,73.49
3338,181,2342,2025-11-03,5,175.0,Online,175.0
3339,145,2780,2024-05-26,4,62.85,Online,62.85
3340,192,2085,2025-01-06,5,53.05,Online,53.05
3341,130,2066,2024-12-16,3,190.21,Online,190.21
3342,176,2016,2024-02-11,4,78.4,Online,78.4
3343,134,2476,2025-07-21,3,99.74,In-Store,99.74
3344,186,2555,2025-08-29,3,28.06,In-Store,28.06
3345,102,2056,2024-05-02,3,186.75,In-Store,186.75
3346,137,2499,2022-12-24,3,67.81,In-Store,67.81
3347,175,2173,2025-12-18,3,233.98,Online,233.98
3348,149,2786,2024-12-08,5,198.31,In-Store,198.31
3349,181,2712,2025-03-20,3,175.0,Online,175.0
3350,198,2684,2025-12-08,1,105.92,In-Store,105.92
3351,148,2965,2025-03-14,5,139.42,Online,139.42
3352,190,2080,2025-06-03,3,197.23,Online,197.23
3353,166,2399,2023-04-25,4,152.81,In-Store,152.81
3354,155,2081,2025-08-06,4,219.88,Online,219.88
3355,104,2665,2025-09-11,4,65.84,Online,65.84
3356,126,2563,2024-04-25,4,191.39,In-Store,191.39
3357,168,2899,2024-09-26,4,152.68,In-Store,152.68
3358,163,2030,2025-06-15,2,186.58,Online,186.58
3359,116,2267,2024-04-02,1,98.84,Online,98.84
3360,189,2670,2024-05-03,5,60.42,In-Store,60.42
3361,128,2673,2025-05-11,5,101.59,In-Store,101.59
3362,188,2020,2025-11-22,5,20.04,Online,20.04
3363,176,2360,2024-05-31,5,78.4,Online,78.4
3364,182,2521,2023-12-27,1,227.28,Online,227.28
3365,181,2938,2025-08-15,4,175.0,In-Store,175.0
3366,151,2059,2023-10-09,3,108.66,In-Store,108.66
3367,146,2024,2025-06-17,2,26.18,In-Store,26.18
3368,200,2840,2024-10-14,3,241.01,Online,241.01
3369,159,2015,2025-02-08,2,49.51,In-Store,49.51
3370,123,2104,2025-10-16,1,73.57,Online,73.57
3371,148,2141,2025-03-18,2,139.42,In-Store,139.42
3372,198,2680,2024-10-03,4,105.92,Online,105.92
3373,175,2994,2024-04-18,2,233.98,Online,233.98
3374,154,2271,2025-04-18,2,111.25,Online,111.25
3375,155,2781,2024-01-07,3,219.88,Online,219.88
3376,144,2183,2023-12-16,5,15.05,In-Store,15.05
3377,197,2384,2025-12-29,4,217.44,In-Store,217.44
3378,191,2287,2025-09-19,5,217.51,Online,217.51
3379,158,2097,2025-06-28,2,126.55,In-Store,126.55
3380,195,2057,2025-07-03,5,93.92,In-Store,93.92
3381,149,2138,2025-11-23,3,198.31,In-Store,198.31
3382,183,2092,2025-10-23,3,209.04,In-Store,209.04
3383,106,2837,2025-03-18,3,117.81,Online,117.81
3384,105,2037,2025-04-02,5,57.72,In-Store,57.72
3385,151,2614,2024-06-15,2,108.66,In-Store,108.66
3386,133,2311,2023-09-04,5,212.0,Online,212.0
3387,131,2472,2024-06-02,5,114.34,In-Store,114.34
3388,185,2517,2025-08-11,3,142.4,Online,142.4
3389,113,2219,2025-01-11,3,56.15,Online,56.15
3390,185,2114,2025-02-10,3,142.4,Online,142.4
3391,125,2024,2025-07-19,5,62.64,In-Store,62.64
3392,152,2453,2025-01-26,5,106.63,In-Store,106.63
3393,194,2388,2023-06-19,2,216.06,Online,216.06
3394,193,2875,2025-09-21,4,74.03,Online,74.03
3395,148,2431,2024-03-27,4,139.42,Online,139.42
3396,175,2112,2024-06-08,3,233.98,Online,233.98
3397,151,2525,2025-11-22,3,108.66,In-Store,108.66
3398,108,2137,2022-12-19,5,61.68,In-Store,61.68
3399,161,2162,2025-05-25,2,177.18,In-Store,177.18
3400,187,2472,2024-10-02,4,149.8,In-Store,149.8
3401,160,2936,2025-07-25,3,232.36,In-Store,232.36
3402,140,2143,2024-07-07,5,136.64,In-Store,136.64
3403,118,2322,2022-11-02,5,120.94,In-Store,120.94
3404,110,2253,2023-09-30,5,73.49,Online,73.49
3405,181,2603,2024-02-28,5,175.0,Online,175.0
3406,112,2062,2025-12-03,1,80.36,Online,80.36
3407,163,2679,2025-01-27,4,186.58,Online,186.58
3408,143,2797,2024-07-08,2,39.04,Online,39.04
3409,196,2191,2025-08-01,2,168.41,Online,168.41
3410,104,2402,2025-03-05,4,65.84,Online,65.84
3411,198,2141,2024-08-08,1,105.92,Online,105.92
3412,176,2780,2024-06-05,5,78.4,In-Store,78.4
3413,147,2123,2024-06-28,4,133.4,In-Store,133.4
3414,196,2913,2023-06-13,3,168.41,Online,168.41
3415,121,2914,2023-12-11,3,60.64,In-Store,60.64
3416,179,2040,2023-09-25,4,37.7,In-Store,37.7
3417,102,2409,2025-07-14,1,186.75,Online,186.75
3418,167,2327,2023-07-21,4,235.98,Online,235.98
3419,149,2785,2023-10-06,3,198.31,Online,198.31
3420,119,2900,2024-01-18,4,212.28,Online,212.28
3421,199,2632,2025-11-16,3,37.68,Online,37.68
3422,131,2627,2025-10-31,5,114.34,Online,114.34
3423,175,2644,2025-09-27,1,233.98,In-Store,233.98
3424,138,2484,2024-02-08,2,185.66,Online,185.66
3425,168,2842,2025-07-21,1,152.68,Online,152.68
3426,156,2359,2024-12-20,4,22.14,In-Store,22.14
3427,137,2265,2024-02-09,5,67.81,In-Store,67.81
3428,165,2278,2022-09-15,2,240.59,Online,240.59
3429,114,2973,2025-12-10,5,195.54,In-Store,195.54
3430,164,2303,2023-12-06,5,22.03,Online,22.03
3431,161,2082,2024-09-07,1,177.18,Online,177.18
3432,145,2716,2025-08-26,3,62.85,Online,62.85
3433,168,2884,2024-09-30,2,152.68,Online,152.68
3434,168,2036,2025-10-02,4,152.68,Online,152.68
3435,115,2833,2025-03-26,1,101.23,Online,101.23
3436,103,2420,2025-12-26,3,111.26,In-Store,111.26
3437,180,2213,2024-08-30,3,77.62,Online,77.62
3438,157,2519,2025-08-19,5,232.33,Online,232.33
3439,157,2027,2024-12-20,4,232.33,Online,232.33
3440,128,2791,2025-06-28,2,101.59,In-Store,101.59
3441,185,2524,2024-10-08,5,142.4,In-Store,142.4
3442,188,2794,2025-06-07,1,20.04,Online,20.04
3443,153,2377,2024-08-15,2,55.98,In-Store,55.98
3444,128,2023,2024-10-11,2,101.59,In-Store,101.59
3445,174,2064,2024-12-15,4,139.03,Online,139.03
3446,182,2234,2025-05-17,1,227.28,In-Store,227.28
3447,194,2236,2025-12-25,5,216.06,Online,216.06
3448,108,2781,2025-06-10,1,61.68,In-Store,61.68
3449,170,2035,2025-10-20,5,59.02,In-Store,59.02
3450,120,2462,2025-02-10,2,203.21,In-Store,203.21
3451,103,2417,2024-06-19,2,111.26,In-Store,111.26
3452,196,2091,2023-03-07,3,168.41,In-Store,168.41
3453,184,2722,2024-07-02,4,195.07,In-Store,195.07
3454,197,2919,2022-10-14,4,217.44,Online,217.44
3455,141,2830,2024-12-05,1,232.94,In-Store,232.94
3456,183,2995,2025-11-23,4,209.04,In-Store,209.04
3457,154,2293,2024-07-04,4,111.25,In-Store,111.25
3458,130,2621,2025-11-28,1,190.21,Online,190.21
3459,142,2471,2024-05-04,1,248.84,In-Store,248.84
3460,134,2559,2023-12-07,3,99.74,Online,99.74
3461,180,2929,2025-03-19,1,77.62,Online,77.62
3462,158,2934,2025-12-27,3,126.55,In-Store,126.55
3463,167,2214,2023-05-31,3,235.98,Online,235.98
3464,176,2739,2024-11-13,5,78.4,Online,78.4
3465,199,2702,2025-07-30,3,37.68,Online,37.68
3466,177,2125,2025-03-08,1,246.12,In-Store,246.12
3467,145,2745,2024-03-23,2,62.85,In-Store,62.85
3468,171,2541,2023-03-12,2,104.99,In-Store,104.99
3469,147,2424,2024-05-13,5,133.4,Online,133.4
3470,141,2447,2024-01-23,4,232.94,Online,232.94
3471,145,2463,2025-07-11,1,62.85,In-Store,62.85
3472,173,2390,2022-12-21,2,159.08,In-Store,159.08
3473,117,2460,2024-11-02,4,156.19,Online,156.19
3474,195,2938,2024-05-09,4,93.92,Online,93.92
3475,117,2008,2024-09-22,2,156.19,Online,156.19
3476,119,2500,2025-08-12,3,212.28,In-Store,212.28
3477,131,2112,2025-11-09,3,114.34,Online,114.34
3478,150,2424,2025-08-14,3,33.26,In-Store,33.26
3479,139,2716,2025-10-11,1,168.34,In-Store,168.34
3480,184,2203,2025-09-16,4,195.07,In-Store,195.07
3481,164,2722,2025-09-24,2,22.03,In-Store,22.03
3482,114,2342,2024-12-10,5,195.54,Online,195.54
3483,181,2199,2025-10-31,4,175.0,Online,175.0
3484,119,2653,2025-08-03,4,212.28,Online,212.28
3485,116,2718,2023-09-20,1,98.84,Online,98.84
3486,194,2203,2024-11-15,2,216.06,In-Store,216.06
3487,149,2030,2023-07-12,2,198.31,In-Store,198.31
3488,175,2060,2023-08-13,3,233.98,In-Store,233.98
3489,156,2355,2025-03-27,5,22.14,In-Store,22.14
3490,163,2212,2024-07-28,5,186.58,In-Store,186.58
3491,161,2298,2023-08-15,1,177.18,In-Store,177.18
3492,194,2856,2024-10-16,1,216.06,In-Store,216.06
3493,139,2373,2024-02-07,2,168.34,Online,168.34
3494,180,2350,2025-08-22,4,77.62,Online,77.62
3495,123,2749,2022-09-05,2,73.57,Online,73.57
3496,116,2095,2024-06-22,2,98.84,Online,98.84
3497,170,2430,2025-09-23,1,59.02,Online,59.02
3498,133,2706,2025-07-07,5,212.0,In-Store,212.0
3499,114,2853,2024-11-23,2,195.54,In-Store,195.54
3500,143,2421,2025-07-25,1,39.04,Online,39.04
3501,170,2702,2024-09-28,3,59.02,Online,59.02
3502,188,2839,2025-06-14,1,20.04,Online,20.04
3503,165,2917,2024-12-04,3,240.59,Online,240.59
3504,149,2056,2024-11-26,4,198.31,Online,198.31
3505,135,2305,2025-11-10,1,87.8,In-Store,87.8
3506,141,2669,2024-11-15,2,232.94,In-Store,232.94
3507,162,2730,2025-04-07,1,55.58,Online,55.58
3508,165,2111,2023-09-23,2,240.59,In-Store,240.59
3509,135,2766,2025-07-20,4,87.8,Online,87.8
3510,106,2979,2025-09-30,1,117.81,Online,117.81
3511,196,2313,2025-11-04,5,168.41,In-Store,168.41
3512,111,2556,2025-07-29,2,243.55,Online,243.55
3513,162,2679,2025-02-14,3,55.58,Online,55.58
3514,142,2186,2024-07-11,1,248.84,In-Store,248.84
3515,114,2661,2025-07-24,5,195.54,Online,195.54
3516,160,2956,2025-05-13,2,232.36,In-Store,232.36
3517,107,2862,2025-03-29,1,177.55,Online,177.55
3518,145,2432,2025-01-31,2,62.85,Online,62.85
3519,173,2947,2025-06-20,1,159.08,Online,159.08
3520,120,2236,2025-12-26,4,203.21,Online,203.21
3521,138,2549,2023-05-09,1,185.66,Online,185.66
3522,170,2215,2024-11-27,4,59.02,In-Store,59.02
3523,158,2916,2025-05-11,5,126.55,In-Store,126.55
3524,166,2042,2025-02-22,2,152.81,In-Store,152.81
3525,113,2621,2025-06-19,3,56.15,In-Store,56.15
3526,176,2983,2025-06-28,4,78.4,In-Store,78.4
3527,121,2730,2023-04-16,4,60.64,In-Store,60.64
3528,104,2393,2024-06-08,2,65.84,In-Store,65.84
3529,127,2533,2024-02-13,4,200.1,In-Store,200.1
3530,162,2147,2024-08-02,3,55.58,Online,55.58
3531,165,2688,2024-12-03,3,240.59,Online,240.59
3532,136,2392,2022-09-11,4,220.89,In-Store,220.89
3533,139,2389,2025-09-09,5,168.34,Online,168.34
3534,104,2446,2024-12-08,2,65.84,In-Store,65.84
3535,181,2040,2023-10-27,4,175.0,In-Store,175.0
3536,157,2987,2025-09-15,4,232.33,In-Store,232.33
3537,128,2153,2025-08-12,4,101.59,In-Store,101.59
3538,179,2373,2025-01-05,3,37.7,In-Store,37.7
3539,147,2418,2024-10-11,2,133.4,Online,133.4
3540,195,2189,2024-10-08,2,93.92,Online,93.92
3541,176,2360,2025-05-15,2,78.4,In-Store,78.4
3542,160,2178,2025-10-08,5,232.36,In-Store,232.36
3543,119,2320,2024-11-14,3,212.28,Online,212.28
3544,195,2343,2024-05-28,2,93.92,In-Store,93.92
3545,117,2345,2024-03-01,5,156.19,In-Store,156.19
3546,135,2356,2025-02-12,5,87.8,In-Store,87.8
3547,192,2399,2023-02-03,2,53.05,Online,53.05
3548,111,2858,2025-05-27,5,243.55,Online,243.55
3549,161,2064,2025-07-04,5,177.18,In-Store,177.18
3550,119,2854,2023-11-03,4,212.28,Online,212.28
3551,146,2165,2025-05-17,2,26.18,In-Store,26.18
3552,126,2683,2024-12-15,3,191.39,Online,191.39
3553,126,2631,2025-10-04,4,191.39,Online,191.39
3554,136,2059,2023-10-14,4,220.89,In-Store,220.89
3555,166,2521,2024-09-28,2,152.81,Online,152.81
3556,148,2325,2024-12-29,3,139.42,Online,139.42
3557,129,2123,2025-12-30,1,216.59,Online,216.59
3558,129,2305,2023-07-28,1,216.59,Online,216.59
3559,171,2997,2022-04-27,3,104.99,Online,104.99
3560,166,2422,2025-05-08,3,152.81,Online,152.81
3561,105,2445,2025-09-24,2,57.72,Online,57.72
3562,136,2968,2025-03-02,1,220.89,In-Store,220.89
3563,176,2861,2025-09-04,3,78.4,In-Store,78.4
3564,101,2793,2024-09-06,3,187.97,Online,187.97
3565,193,2483,2025-03-29,3,74.03,Online,74.03
3566,181,2352,2025-11-27,5,175.0,Online,175.0
3567,107,2783,2025-11-26,2,177.55,Online,177.55
3568,125,2504,2025-07-07,1,62.64,In-Store,62.64
3569,196,2256,2024-01-25,5,168.41,In-Store,168.41
3570,155,2006,2025-09-20,3,219.88,Online,219.88
3571,175,2487,2023-05-18,2,233.98,In-Store,233.98
3572,159,2155,2022-12-05,1,49.51,Online,49.51
3573,195,2077,2025-12-26,4,93.92,In-Store,93.92
3574,147,2690,2025-04-28,4,133.4,Online,133.4
3575,133,2525,2025-05-14,1,212.0,In-Store,212.0
3576,157,2889,2024-08-25,5,232.33,Online,232.33
3577,153,2570,2024-07-22,1,55.98,In-Store,55.98
3578,115,2720,2025-09-18,5,101.23,In-Store,101.23
3579,105,2199,2025-01-10,1,57.72,In-Store,57.72
3580,196,2882,2024-02-26,2,168.41,Online,168.41
3581,109,2614,2025-12-28,3,101.18,In-Store,101.18
3582,125,2899,2024-03-18,1,62.64,Online,62.64
3583,108,2784,2025-03-17,3,61.68,Online,61.68
3584,178,2009,2024-08-26,5,81.85,In-Store,81.85
3585,142,2304,2024-07-01,5,248.84,In-Store,248.84
3586,185,2117,2024-11-15,3,142.4,In-Store,142.4
3587,103,2907,2024-02-07,5,111.26,In-Store,111.26
3588,103,2804,2025-04-01,1,111.26,In-Store,111.26
3589,123,2414,2024-12-11,2,73.57,Online,73.57
3590,114,2850,2025-11-01,2,195.54,In-Store,195.54
3591,130,2058,2024-11-03,4,190.21,In-Store,190.21
3592,125,2812,2024-08-06,1,62.64,In-Store,62.64
3593,200,2107,2025-09-05,1,241.01,In-Store,241.01
3594,166,2415,2023-04-08,2,152.81,Online,152.81
3595,126,2610,2025-11-08,1,191.39,In-Store,191.39
3596,146,2867,2024-10-22,2,26.18,In-Store,26.18
3597,193,2813,2024-02-21,4,74.03,Online,74.03
3598,183,2217,2025-11-23,3,209.04,In-Store,209.04
3599,175,2361,2025-06-18,3,233.98,In-Store,233.98
3600,147,2628,2025-03-06,3,133.4,Online,133.4
3601,189,2248,2024-03-21,3,60.42,Online,60.42
3602,157,2519,2025-01-24,3,232.33,In-Store,232.33
3603,108,2639,2023-02-08,4,61.68,Online,61.68
3604,175,2808,2025-12-13,3,233.98,Online,233.98
3605,180,2526,2023-10-06,2,77.62,Online,77.62
3606,154,2602,2024-06-25,1,111.25,Online,111.25
3607,152,2839,2025-03-06,1,106.63,Online,106.63
3608,121,2248,2025-06-26,2,60.64,Online,60.64
3609,154,2969,2022-09-06,1,111.25,Online,111.25
3610,191,2141,2025-09-27,3,217.51,Online,217.51
3611,198,2272,2023-11-15,5,105.92,In-Store,105.92
3612,166,2345,2025-08-18,3,152.81,Online,152.81
3613,185,2715,2025-12-13,1,142.4,Online,142.4
3614,196,2752,2025-09-29,2,168.41,Online,168.41
3615,106,2623,2023-01-01,2,117.81,Online,117.81
3616,138,2415,2023-08-09,1,185.66,In-Store,185.66
3617,167,2885,2025-06-25,2,235.98,Online,235.98
3618,189,2635,2023-04-30,1,60.42,In-Store,60.42
3619,180,2371,2024-11-05,5,77.62,Online,77.62
3620,199,2623,2025-03-19,2,37.68,In-Store,37.68
3621,181,2679,2025-04-14,2,175.0,In-Store,175.0
3622,186,2882,2024-10-07,5,28.06,Online,28.06
3623,115,2164,2025-10-29,2,101.23,Online,101.23
3624,188,2775,2023-09-04,2,20.04,Online,20.04
3625,101,2843,2024-03-19,2,187.97,Online,187.97
3626,174,2942,2025-12-23,1,139.03,Online,139.03
3627,177,2275,2024-05-03,2,246.12,In-Store,246.12
3628,136,2634,2023-08-18,2,220.89,In-Store,220.89
3629,138,2794,2025-12-16,5,185.66,In-Store,185.66
3630,134,2630,2025-05-06,5,99.74,In-Store,99.74
3631,146,2547,2025-01-05,4,26.18,In-Store,26.18
3632,160,2018,2025-01-18,2,232.36,Online,232.36
3633,197,2972,2025-03-25,3,217.44,In-Store,217.44
3634,112,2204,2023-01-09,1,80.36,Online,80.36
3635,108,2856,2024-05-27,4,61.68,In-Store,61.68
3636,104,2275,2025-11-12,1,65.84,In-Store,65.84
3637,114,2503,2023-10-08,4,195.54,Online,195.54
3638,150,2253,2025-10-25,1,33.26,In-Store,33.26
3639,172,2367,2025-07-07,5,232.96,Online,232.96
3640,155,2091,2025-04-05,3,219.88,In-Store,219.88
3641,137,2192,2025-03-26,3,67.81,In-Store,67.81
3642,142,2925,2025-02-17,4,248.84,In-Store,248.84
3643,134,2546,2025-12-04,3,99.74,Online,99.74
3644,144,2576,2023-09-10,5,15.05,Online,15.05
3645,128,2400,2024-01-21,3,101.59,In-Store,101.59
3646,130,2744,2025-05-16,4,190.21,In-Store,190.21
3647,167,2072,2025-02-12,4,235.98,In-Store,235.98
3648,134,2193,2025-07-23,2,99.74,Online,99.74
3649,119,2531,2025-07-14,4,212.28,In-Store,212.28
3650,170,2779,2024-07-01,2,59.02,In-Store,59.02
3651,156,2417,2024-08-20,2,22.14,In-Store,22.14
3652,170,2447,2024-12-16,1,59.02,In-Store,59.02
3653,190,2556,2023-06-03,2,197.23,Online,197.23
3654,171,2007,2024-04-17,1,104.99,Online,104.99
3655,191,2192,2025-02-24,4,217.51,Online,217.51
3656,170,2615,2024-02-10,3,59.02,Online,59.02
3657,183,2304,2024-07-07,4,209.04,In-Store,209.04
3658,157,2206,2024-01-19,3,232.33,In-Store,232.33
3659,186,2034,2024-02-18,2,28.06,In-Store,28.06
3660,182,2409,2025-09-07,4,227.28,In-Store,227.28
3661,139,2819,2024-07-03,2,168.34,In-Store,168.34
3662,198,2605,2022-09-21,3,105.92,Online,105.92
3663,133,2707,2024-05-20,3,212.0,In-Store,212.0
3664,108,2982,2025-08-10,3,61.68,Online,61.68
3665,128,2495,2025-01-05,5,101.59,In-Store,101.59
3666,102,2749,2023-04-08,4,186.75,In-Store,186.75
3667,154,2221,2022-11-26,3,111.25,Online,111.25
3668,193,2711,2025-02-12,3,74.03,In-Store,74.03
3669,183,2599,2025-05-07,1,209.04,Online,209.04
3670,194,2258,2025-09-10,3,216.06,In-Store,216.06
3671,185,2050,2024-03-14,2,142.4,In-Store,142.4
3672,134,2623,2025-09-18,4,99.74,Online,99.74
3673,120,2048,2023-11-19,4,203.21,In-Store,203.21
3674,197,2452,2024-12-13,2,217.44,Online,217.44
3675,168,2614,2025-02-26,2,152.68,In-Store,152.68
3676,157,2540,2025-08-12,3,232.33,In-Store,232.33
3677,187,2322,2025-04-07,3,149.8,Online,149.8
3678,125,2817,2024-04-20,3,62.64,Online,62.64
3679,145,2058,2025-10-07,5,62.85,Online,62.85
3680,144,2380,2023-10-24,4,15.05,In-Store,15.05
3681,185,2595,2024-03-08,3,142.4,Online,142.4
3682,130,2816,2024-12-10,2,190.21,In-Store,190.21
3683,103,2291,2024-05-24,5,111.26,In-Store,111.26
3684,188,2142,2025-10-19,5,20.04,In-Store,20.04
3685,184,2527,2023-01-13,4,195.07,In-Store,195.07
3686,170,2075,2025-07-14,2,59.02,In-Store,59.02
3687,114,2980,2025-10-07,2,195.54,In-Store,195.54
3688,195,2075,2025-09-24,1,93.92,In-Store,93.92
3689,133,2343,2023-08-03,2,212.0,Online,212.0
3690,178,2526,2024-08-13,3,81.85,In-Store,81.85
3691,116,2746,2025-08-22,2,98.84,In-Store,98.84
3692,104,2175,2024-11-14,4,65.84,In-Store,65.84
3693,135,2141,2025-05-15,5,87.8,Online,87.8
3694,187,2250,2025-01-02,5,149.8,Online,149.8
3695,120,2734,2025-04-08,1,203.21,Online,203.21
3696,149,2269,2025-05-13,5,198.31,In-Store,198.31
3697,129,2122,2025-02-15,4,216.59,In-Store,216.59
3698,106,2995,2024-05-09,3,117.81,In-Store,117.81
3699,194,2620,2023-08-17,2,216.06,In-Store,216.06
3700,102,2744,2024-02-20,1,186.75,In-Store,186.75
3701,113,2635,2023-06-28,3,56.15,In-Store,56.15
3702,151,2920,2024-01-01,4,108.66,In-Store,108.66
3703,190,2417,2025-02-14,2,197.23,In-Store,197.23
3704,176,2632,2025-04-15,1,78.4,In-Store,78.4
3705,102,2279,2025-11-12,3,186.75,Online,186.75
3706,151,2096,2025-09-07,5,108.66,In-Store,108.66
3707,199,2680,2025-02-12,2,37.68,Online,37.68
3708,135,2833,2024-05-23,1,87.8,Online,87.8
3709,119,2150,2023-02-07,3,212.28,In-Store,212.28
3710,136,2992,2024-06-16,2,220.89,In-Store,220.89
3711,182,2157,2024-08-31,5,227.28,Online,227.28
3712,179,2344,2025-10-06,4,37.7,In-Store,37.7
3713,182,2308,2025-07-31,2,227.28,In-Store,227.28
3714,148,2892,2025-05-30,1,139.42,In-Store,139.42
3715,118,2657,2024-01-19,5,120.94,Online,120.94
3716,160,2642,2025-07-12,1,232.36,Online,232.36
3717,199,2830,2024-12-16,1,37.68,Online,37.68
3718,134,2095,2023-01-31,2,99.74,Online,99.74
3719,125,2530,2025-05-06,2,62.64,Online,62.64
3720,144,2422,2025-01-15,3,15.05,In-Store,15.05
3721,135,2410,2024-12-04,1,87.8,In-Store,87.8
3722,162,2411,2025-04-03,1,55.58,In-Store,55.58
3723,172,2326,2025-09-08,5,232.96,Online,232.96
3724,141,2378,2025-03-16,4,232.94,In-Store,232.94
3725,148,2311,2023-02-28,5,139.42,Online,139.42
3726,111,2948,2024-11-17,4,243.55,Online,243.55
3727,199,2211,2023-08-29,3,37.68,Online,37.68
3728,163,2474,2024-09-08,1,186.58,Online,186.58
3729,147,2538,2023-07-11,2,133.4,In-Store,133.4
3730,122,2826,2022-05-08,1,167.31,Online,167.31
3731,184,2203,2025-03-15,2,195.07,Online,195.07
3732,150,2605,2025-03-12,3,33.26,In-Store,33.26
3733,174,2812,2024-09-26,4,139.03,Online,139.03
3734,112,2680,2025-06-08,3,80.36,In-Store,80.36
3735,189,2974,2023-01-05,4,60.42,Online,60.42
3736,189,2079,2023-06-24,2,60.42,Online,60.42
3737,147,2701,2023-12-15,2,133.4,In-Store,133.4
3738,143,2412,2022-01-31,3,39.04,Online,39.04
3739,144,2191,2024-11-14,3,15.05,Online,15.05
3740,124,2015,2025-03-18,2,112.82,Online,112.82
3741,181,2546,2024-07-29,5,175.0,In-Store,175.0
3742,175,2949,2025-02-26,5,233.98,In-Store,233.98
3743,161,2156,2025-05-16,4,177.18,Online,177.18
3744,192,2768,2025-09-24,2,53.05,In-Store,53.05
3745,136,2275,2024-09-30,2,220.89,In-Store,220.89
3746,115,2293,2024-04-02,4,101.23,Online,101.23
3747,140,2888,2024-07-27,4,136.64,Online,136.64
3748,132,2724,2025-06-25,5,243.25,In-Store,243.25
3749,195,2659,2023-12-17,2,93.92,Online,93.92
3750,182,2571,2024-05-04,4,227.28,Online,227.28
3751,180,2724,2024-02-20,2,77.62,In-Store,77.62
3752,185,2391,2025-10-29,2,142.4,In-Store,142.4
3753,199,2630,2025-01-21,4,37.68,Online,37.68
3754,192,2715,2025-12-27,2,53.05,In-Store,53.05
3755,152,2357,2024-01-07,5,106.63,Online,106.63
3756,134,2566,2024-07-18,1,99.74,Online,99.74
3757,168,2579,2023-07-12,3,152.68,Online,152.68
3758,142,2873,2025-08-03,4,248.84,In-Store,248.84
3759,118,2215,2025-07-09,4,120.94,Online,120.94
3760,182,2800,2025-04-05,4,227.28,In-Store,227.28
3761,116,2154,2025-11-07,2,98.84,Online,98.84
3762,186,2386,2025-07-15,1,28.06,Online,28.06
3763,153,2299,2023-04-02,5,55.98,Online,55.98
3764,162,2567,2024-03-18,3,55.58,Online,55.58
3765,115,2353,2025-03-28,4,101.23,In-Store,101.23
3766,174,2222,2025-11-12,5,139.03,Online,139.03
3767,127,2063,2024-08-17,1,200.1,In-Store,200.1
3768,181,2494,2024-03-18,2,175.0,In-Store,175.0
3769,150,2052,2024-04-25,1,33.26,In-Store,33.26
3770,170,2545,2025-03-10,1,59.02,In-Store,59.02
3771,161,2037,2024-06-14,1,177.18,In-Store,177.18
3772,148,2085,2024-11-29,3,139.42,In-Store,139.42
3773,137,2220,2025-01-22,1,67.81,Online,67.81
3774,112,2035,2025-08-29,2,80.36,Online,80.36
3775,175,2560,2024-03-04,1,233.98,Online,233.98
3776,180,2419,2025-04-29,5,77.62,In-Store,77.62
3777,146,2974,2024-05-24,1,26.18,In-Store,26.18
3778,126,2864,2024-06-05,2,191.39,Online,191.39
3779,165,2004,2024-08-17,4,240.59,In-Store,240.59
3780,181,2810,2023-11-11,1,175.0,In-Store,175.0
3781,130,2914,2024-11-19,4,190.21,In-Store,190.21
3782,171,2565,2023-10-16,1,104.99,Online,104.99
3783,165,2775,2025-04-17,1,240.59,In-Store,240.59
3784,111,2329,2025-12-19,3,243.55,In-Store,243.55
3785,139,2976,2023-12-02,3,168.34,Online,168.34
3786,168,2170,2024-02-14,2,152.68,Online,152.68
3787,129,2547,2025-09-04,4,216.59,Online,216.59
3788,114,2621,2025-07-27,1,195.54,In-Store,195.54
3789,167,2302,2025-11-13,4,235.98,Online,235.98
3790,143,2231,2024-03-22,3,39.04,In-Store,39.04
3791,159,2572,2023-10-12,5,49.51,In-Store,49.51
3792,163,2391,2025-03-04,4,186.58,Online,186.58
3793,154,2217,2025-06-12,3,111.25,Online,111.25
3794,169,2084,2024-11-01,3,167.77,In-Store,167.77
3795,182,2394,2023-02-23,5,227.28,In-Store,227.28
3796,140,2035,2025-05-15,4,136.64,In-Store,136.64
3797,194,2480,2025-09-18,3,216.06,Online,216.06
3798,186,2383,2025-10-16,5,28.06,In-Store,28.06
3799,130,2531,2024-06-22,4,190.21,Online,190.21
3800,139,2059,2025-01-18,3,168.34,Online,168.34
3801,179,2041,2025-05-17,3,37.7,In-Store,37.7
3802,148,2764,2025-10-18,5,139.42,Online,139.42
3803,157,2682,2024-09-11,3,232.33,Online,232.33
3804,191,2801,2024-11-27,3,217.51,Online,217.51
3805,127,2582,2024-11-27,2,200.1,In-Store,200.1
3806,144,2107,2023-07-27,4,15.05,Online,15.05
3807,147,2829,2025-05-01,5,133.4,Online,133.4
3808,193,2949,2025-07-06,1,74.03,Online,74.03
3809,185,2151,2024-12-27,5,142.4,Online,142.4
3810,131,2523,2024-05-04,3,114.34,In-Store,114.34
3811,146,2998,2024-10-02,3,26.18,In-Store,26.18
3812,186,2181,2025-08-03,4,28.06,In-Store,28.06
3813,190,2511,2024-04-22,5,197.23,In-Store,197.23
3814,103,2889,2025-07-07,4,111.26,Online,111.26
3815,196,2113,2023-09-19,4,168.41,Online,168.41
3816,150,2195,2023-08-08,1,33.26,Online,33.26
3817,169,2302,2025-07-06,2,167.77,Online,167.77
3818,132,2082,2025-08-31,3,243.25,Online,243.25
3819,113,2745,2025-10-27,4,56.15,In-Store,56.15
3820,199,2213,2024-12-12,5,37.68,Online,37.68
3821,107,2916,2025-02-06,1,177.55,Online,177.55
3822,200,2258,2022-11-24,3,241.01,Online,241.01
3823,148,2120,2024-11-14,2,139.42,Online,139.42
3824,168,2674,2024-04-03,3,152.68,In-Store,152.68
3825,159,2908,2023-03-02,4,49.51,In-Store,49.51
3826,103,2902,2025-11-27,4,111.26,Online,111.26
3827,110,2651,2025-09-26,5,73.49,In-Store,73.49
3828,193,2128,2025-06-10,4,74.03,In-Store,74.03
3829,121,2610,2024-10-30,3,60.64,In-Store,60.64
3830,192,2854,2025-07-05,5,53.05,Online,53.05
3831,174,2067,2025-08-30,4,139.03,Online,139.03
3832,165,2287,2025-08-21,3,240.59,In-Store,240.59
3833,116,2100,2022-09-24,3,98.84,In-Store,98.84
3834,167,2722,2025-10-13,4,235.98,Online,235.98
3835,199,2223,2025-06-05,5,37.68,In-Store,37.68
3836,138,2331,2025-11-28,4,185.66,Online,185.66
3837,172,2690,2025-04-30,1,232.96,In-Store,232.96
3838,145,2294,2024-06-09,4,62.85,In-Store,62.85
3839,136,2156,2025-07-22,1,220.89,Online,220.89
3840,163,2295,2024-10-19,1,186.58,In-Store,186.58
3841,174,2764,2025-08-06,3,139.03,Online,139.03
3842,162,2260,2025-08-15,4,55.58,Online,55.58
3843,133,2283,2025-02-13,3,212.0,In-Store,212.0
3844,113,2449,2025-01-31,5,56.15,In-Store,56.15
3845,119,2407,2025-01-07,1,212.28,Online,212.28
3846,183,2087,2023-03-01,5,209.04,In-Store,209.04
3847,170,2517,2024-04-20,5,59.02,Online,59.02
3848,131,2974,2025-06-23,3,114.34,In-Store,114.34
3849,119,2262,2025-10-08,1,212.28,In-Store,212.28
3850,155,2976,2024-12-28,1,219.88,In-Store,219.88
3851,116,2855,2023-05-09,4,98.84,In-Store,98.84
3852,194,2883,2023-06-03,1,216.06,In-Store,216.06
3853,120,2437,2025-09-20,3,203.21,In-Store,203.21
3854,180,2512,2023-12-29,2,77.62,Online,77.62
3855,135,2847,2023-06-16,4,87.8,In-Store,87.8
3856,200,2751,2024-07-19,1,241.01,In-Store,241.01
3857,132,2405,2024-11-02,4,243.25,Online,243.25
3858,167,2390,2024-08-22,2,235.98,Online,235.98
3859,186,2441,2024-12-09,5,28.06,In-Store,28.06
3860,166,2507,2023-07-13,4,152.81,Online,152.81
3861,165,2601,2024-06-26,2,240.59,Online,240.59
3862,135,2535,2023-07-23,5,87.8,Online,87.8
3863,164,2136,2025-04-27,4,22.03,In-Store,22.03
3864,124,2980,2025-12-31,4,112.82,Online,112.82
3865,166,2712,2025-11-29,3,152.81,Online,152.81
3866,196,2947,2025-07-09,4,168.41,Online,168.41
3867,112,2790,2024-01-04,4,80.36,In-Store,80.36
3868,127,2438,2023-07-16,1,200.1,Online,200.1
3869,164,2092,2025-01-19,3,22.03,In-Store,22.03
3870,193,2336,2024-06-30,5,74.03,Online,74.03
3871,195,2275,2024-03-12,1,93.92,Online,93.92
3872,116,2563,2024-01-10,1,98.84,Online,98.84
3873,106,2033,2023-12-12,4,117.81,In-Store,117.81
3874,173,2078,2025-03-18,3,159.08,In-Store,159.08
3875,112,2195,2022-12-02,2,80.36,In-Store,80.36
3876,170,2809,2024-10-09,5,59.02,Online,59.02
3877,187,2595,2024-10-12,2,149.8,Online,149.8
3878,193,2799,2024-07-28,2,74.03,In-Store,74.03
3879,156,2355,2024-06-20,3,22.14,Online,22.14
3880,127,2640,2025-10-29,1,200.1,Online,200.1
3881,135,2130,2025-12-05,3,87.8,Online,87.8
3882,164,2342,2025-01-30,2,22.03,In-Store,22.03
3883,195,2774,2024-10-08,4,93.92,Online,93.92
3884,119,2112,2024-10-14,4,212.28,In-Store,212.28
3885,193,2213,2025-09-14,2,74.03,Online,74.03
3886,191,2162,2023-12-13,4,217.51,Online,217.51
3887,158,2915,2023-08-04,2,126.55,Online,126.55
3888,111,2664,2022-09-18,4,243.55,Online,243.55
3889,130,2333,2025-01-03,2,190.21,Online,190.21
3890,147,2078,2025-05-28,4,133.4,In-Store,133.4
3891,112,2216,2025-02-20,3,80.36,In-Store,80.36
3892,122,2173,2022-05-19,4,167.31,Online,167.31
3893,157,2374,2025-09-12,3,232.33,In-Store,232.33
3894,156,2724,2023-02-20,2,22.14,In-Store,22.14
3895,102,2743,2024-12-06,4,186.75,Online,186.75
3896,109,2855,2023-02-02,4,101.18,In-Store,101.18
3897,119,2938,2025-11-22,2,212.28,Online,212.28
3898,148,2666,2025-04-27,5,139.42,In-Store,139.42
3899,118,2001,2025-01-01,1,120.94,In-Store,120.94
3900,170,2989,2025-04-26,1,59.02,In-Store,59.02
3901,135,2821,2022-05-18,5,87.8,Online,87.8
3902,103,2744,2024-06-23,1,111.26,In-Store,111.26
3903,147,2954,2024-06-09,4,133.4,In-Store,133.4
3904,186,2769,2024-11-17,3,28.06,In-Store,28.06
3905,105,2180,2025-10-30,5,57.72,In-Store,57.72
3906,148,2500,2023-11-09,4,139.42,In-Store,139.42
3907,199,2453,2024-06-12,5,37.68,Online,37.68
3908,169,2013,2025-09-22,3,167.77,Online,167.77
3909,188,2716,2025-10-12,4,20.04,In-Store,20.04
3910,114,2712,2025-12-15,5,195.54,Online,195.54
3911,114,2511,2024-05-25,3,195.54,In-Store,195.54
3912,125,2832,2024-08-31,5,62.64,Online,62.64
3913,196,2447,2024-10-23,3,168.41,Online,168.41
3914,167,2637,2025-07-15,2,235.98,In-Store,235.98
3915,164,2411,2025-03-15,2,22.03,In-Store,22.03
3916,150,2844,2024-09-20,4,33.26,In-Store,33.26
3917,132,2088,2025-05-13,5,243.25,In-Store,243.25
3918,130,2289,2025-10-09,2,190.21,Online,190.21
3919,139,2595,2024-12-16,2,168.34,In-Store,168.34
3920,183,3000,2025-10-05,5,209.04,In-Store,209.04
3921,144,2922,2025-01-02,4,15.05,Online,15.05
3922,149,2914,2024-01-02,3,198.31,Online,198.31
3923,166,2025,2023-12-22,5,152.81,In-Store,152.81
3924,165,2620,2023-07-04,4,240.59,In-Store,240.59
3925,146,2834,2024-01-08,4,26.18,In-Store,26.18
3926,117,2373,2024-06-29,5,156.19,In-Store,156.19
3927,134,2654,2025-02-15,3,99.74,Online,99.74
3928,175,2327,2023-07-09,5,233.98,Online,233.98
3929,144,2303,2024-04-29,1,15.05,In-Store,15.05
3930,196,2415,2025-04-18,1,168.41,Online,168.41
3931,148,2064,2024-12-16,3,139.42,In-Store,139.42
3932,139,2927,2024-09-01,5,168.34,In-Store,168.34
3933,148,2178,2025-11-26,5,139.42,In-Store,139.42
3934,195,2106,2025-02-06,3,93.92,Online,93.92
3935,149,2419,2025-03-31,4,198.31,Online,198.31
3936,124,2857,2025-07-31,4,112.82,In-Store,112.82
3937,150,2532,2024-04-22,1,33.26,Online,33.26
3938,123,2142,2025-01-04,1,73.57,In-Store,73.57
3939,196,2268,2024-01-21,1,168.41,Online,168.41
3940,105,2062,2025-03-24,1,57.72,In-Store,57.72
3941,154,2274,2024-12-12,1,111.25,In-Store,111.25
3942,105,2851,2025-02-02,1,57.72,Online,57.72
3943,101,2909,2023-10-01,1,187.97,In-Store,187.97
3944,101,2670,2025-07-22,3,187.97,In-Store,187.97
3945,118,2308,2025-09-04,2,120.94,Online,120.94
3946,146,2130,2025-01-27,5,26.18,In-Store,26.18
3947,142,2216,2025-08-06,3,248.84,Online,248.84
3948,109,2865,2023-10-04,1,101.18,In-Store,101.18
3949,139,2501,2024-12-29,2,168.34,In-Store,168.34
3950,166,2736,2024-09-19,5,152.81,Online,152.81
3951,102,2485,2024-01-19,1,186.75,In-Store,186.75
3952,158,2172,2025-12-03,4,126.55,Online,126.55
3953,164,2073,2023-11-01,2,22.03,In-Store,22.03
3954,119,2266,2023-12-26,2,212.28,In-Store,212.28
3955,110,2676,2025-01-12,2,73.49,Online,73.49
3956,154,2108,2024-01-17,1,111.25,Online,111.25
3957,116,2275,2024-06-24,3,98.84,In-Store,98.84
3958,171,2808,2025-04-26,5,104.99,In-Store,104.99
3959,168,2481,2024-12-16,2,152.68,Online,152.68
3960,142,2187,2023-04-04,1,248.84,In-Store,248.84
3961,197,2822,2025-08-06,4,217.44,Online,217.44
3962,150,2785,2024-08-24,5,33.26,In-Store,33.26
3963,124,2727,2024-02-24,5,112.82,In-Store,112.82
3964,119,2169,2024-04-08,4,212.28,In-Store,212.28
3965,122,2812,2025-11-12,5,167.31,In-Store,167.31
3966,172,2464,2025-04-11,1,232.96,In-Store,232.96
3967,161,2708,2025-06-26,5,177.18,In-Store,177.18
3968,195,2692,2024-07-10,5,93.92,Online,93.92
3969,147,2648,2025-07-28,2,133.4,Online,133.4
3970,105,2016,2025-11-04,4,57.72,Online,57.72
3971,178,2507,2024-07-06,2,81.85,Online,81.85
3972,190,2990,2024-05-10,3,197.23,In-Store,197.23
3973,117,2374,2024-01-10,2,156.19,In-Store,156.19
3974,191,2013,2025-01-21,4,217.51,In-Store,217.51
3975,132,2736,2024-03-19,5,243.25,Online,243.25
3976,153,2380,2022-10-11,4,55.98,Online,55.98
3977,103,2615,2024-10-09,5,111.26,In-Store,111.26
3978,181,2129,2024-07-03,4,175.0,Online,175.0
3979,102,2871,2025-11-07,4,186.75,In-Store,186.75
3980,168,2080,2025-07-28,1,152.68,In-Store,152.68
3981,115,2055,2023-12-09,3,101.23,Online,101.23
3982,116,2063,2025-02-09,3,98.84,In-Store,98.84
3983,115,2432,2025-08-11,2,101.23,Online,101.23
3984,121,2100,2023-10-14,5,60.64,Online,60.64
3985,166,2072,2024-02-03,4,152.81,In-Store,152.81
3986,190,2659,2023-07-10,2,197.23,Online,197.23
3987,163,2471,2025-10-18,2,186.58,Online,186.58
3988,137,2922,2025-12-25,1,67.81,In-Store,67.81
3989,111,2093,2022-09-25,5,243.55,In-Store,243.55
3990,107,2683,2025-09-28,2,177.55,In-Store,177.55
3991,175,2645,2024-07-19,4,233.98,In-Store,233.98
3992,101,2934,2025-09-20,2,187.97,Online,187.97
3993,136,2799,2024-11-17,3,220.89,Online,220.89
3994,121,2102,2024-10-21,1,60.64,Online,60.64
3995,153,2034,2023-05-16,5,55.98,Online,55.98
3996,130,2571,2025-10-30,2,190.21,In-Store,190.21
3997,166,2365,2025-09-06,4,152.81,Online,152.81
3998,117,2167,2025-02-19,1,156.19,Online,156.19
3999,193,2471,2025-07-03,1,74.03,Online,74.03
4000,172,2926,2023-08-21,3,232.96,Online,232.96
4001,186,2390,2025-12-09,1,28.06,In-Store,28.06
4002,180,2399,2025-11-28,3,77.62,Online,77.62
4003,151,2879,2025-01-17,5,108.66,Online,108.66
4004,195,2674,2024-10-03,1,93.92,In-Store,93.92
4005,152,2639,2023-08-08,3,106.63,Online,106.63
4006,153,2271,2025-08-20,5,55.98,Online,55.98
4007,180,2476,2025-05-18,2,77.62,Online,77.62
4008,124,2365,2023-04-26,4,112.82,Online,112.82
4009,176,2874,2024-02-12,2,78.4,In-Store,78.4
4010,126,2928,2025-12-10,3,191.39,In-Store,191.39
4011,186,2077,2025-02-04,4,28.06,Online,28.06
4012,120,2484,2025-10-30,1,203.21,Online,203.21
4013,168,2379,2024-10-03,5,152.68,Online,152.68
4014,171,2045,2022-07-12,4,104.99,Online,104.99
4015,113,2101,2023-03-10,3,56.15,In-Store,56.15
4016,111,2682,2025-12-13,4,243.55,In-Store,243.55
4017,112,2157,2025-07-04,4,80.36,In-Store,80.36
4018,142,2061,2025-11-02,5,248.84,In-Store,248.84
4019,118,2124,2025-07-09,3,120.94,In-Store,120.94
4020,136,2142,2024-12-20,5,220.89,In-Store,220.89
4021,137,2419,2024-05-27,1,67.81,Online,67.81
4022,189,2131,2022-07-29,5,60.42,In-Store,60.42
4023,123,2945,2024-05-02,1,73.57,In-Store,73.57
4024,127,2533,2025-04-14,4,200.1,In-Store,200.1
4025,194,2009,2024-09-14,1,216.06,In-Store,216.06
4026,137,2919,2025-01-20,2,67.81,Online,67.81
4027,184,2812,2024-04-03,4,195.07,Online,195.07
4028,101,2720,2025-02-03,5,187.97,Online,187.97
4029,184,2735,2025-03-10,3,195.07,In-Store,195.07
4030,159,2448,2023-08-10,2,49.51,Online,49.51
4031,152,2870,2024-12-21,4,106.63,In-Store,106.63
4032,119,2242,2025-05-01,4,212.28,In-Store,212.28
4033,115,2892,2025-09-09,4,101.23,In-Store,101.23
4034,115,2736,2024-09-20,4,101.23,Online,101.23
4035,154,2029,2024-09-19,1,111.25,Online,111.25
4036,147,2774,2024-06-30,1,133.4,In-Store,133.4
4037,191,2664,2024-06-06,1,217.51,In-Store,217.51
4038,184,2098,2025-06-09,4,195.07,In-Store,195.07
4039,196,2804,2022-10-08,5,168.41,In-Store,168.41
4040,159,2173,2024-01-13,5,49.51,In-Store,49.51
4041,190,2714,2023-08-01,4,197.23,Online,197.23
4042,197,2413,2024-06-20,3,217.44,Online,217.44
4043,192,2324,2024-06-26,5,53.05,Online,53.05
4044,116,2408,2024-10-20,1,98.84,Online,98.84
4045,147,2066,2025-12-20,5,133.4,In-Store,133.4
4046,138,2076,2023-07-08,1,185.66,Online,185.66
4047,123,2490,2025-03-12,5,73.57,In-Store,73.57
4048,196,2697,2022-12-08,4,168.41,In-Store,168.41
4049,141,2521,2024-05-14,5,232.94,In-Store,232.94
4050,149,2383,2024-12-18,5,198.31,In-Store,198.31
4051,199,2760,2024-02-09,3,37.68,Online,37.68
4052,149,2456,2025-09-01,5,198.31,Online,198.31
4053,131,2900,2024-08-07,4,114.34,In-Store,114.34
4054,166,2673,2025-05-27,1,152.81,Online,152.81
4055,104,2776,2023-03-23,4,65.84,In-Store,65.84
4056,170,2672,2025-07-22,3,59.02,Online,59.02
4057,191,2654,2024-01-07,2,217.51,Online,217.51
4058,128,2877,2025-08-23,4,101.59,In-Store,101.59
4059,199,2697,2025-01-04,2,37.68,Online,37.68
4060,122,2912,2022-08-24,3,167.31,Online,167.31
4061,109,2249,2024-11-09,2,101.18,In-Store,101.18
4062,188,2534,2025-06-12,2,20.04,In-Store,20.04
4063,185,2303,2023-10-05,4,142.4,In-Store,142.4
4064,116,2504,2024-12-09,1,98.84,Online,98.84
4065,139,2878,2024-01-12,1,168.34,In-Store,168.34
4066,194,2049,2025-09-19,1,216.06,Online,216.06
4067,131,2114,2025-02-13,2,114.34,In-Store,114.34
4068,173,2056,2023-07-31,1,159.08,In-Store,159.08
4069,119,2028,2025-10-19,3,212.28,In-Store,212.28
4070,165,2368,2025-12-11,4,240.59,In-Store,240.59
4071,139,2898,2024-12-18,5,168.34,In-Store,168.34
4072,138,2459,2025-01-26,3,185.66,Online,185.66
4073,132,2559,2025-11-16,3,243.25,Online,243.25
4074,195,2117,2024-12-14,1,93.92,In-Store,93.92
4075,190,2143,2025-03-20,3,197.23,In-Store,197.23
4076,156,2593,2025-12-13,3,22.14,In-Store,22.14
4077,119,2820,2024-08-24,1,212.28,In-Store,212.28
4078,183,2328,2024-04-01,1,209.04,Online,209.04
4079,180,2808,2025-04-01,2,77.62,Online,77.62
4080,194,2294,2024-11-22,4,216.06,Online,216.06
4081,153,2582,2024-10-16,5,55.98,In-Store,55.98
4082,174,2968,2025-04-25,4,139.03,In-Store,139.03
4083,130,2889,2025-01-01,3,190.21,In-Store,190.21
4084,110,2830,2022-08-18,2,73.49,Online,73.49
4085,145,2416,2025-11-30,4,62.85,Online,62.85
4086,158,2363,2024-12-08,1,126.55,In-Store,126.55
4087,194,2527,2024-12-07,4,216.06,Online,216.06
4088,157,2052,2024-07-19,4,232.33,Online,232.33
4089,122,2074,2023-12-05,3,167.31,Online,167.31
4090,174,2254,2024-01-13,2,139.03,In-Store,139.03
4091,178,2181,2025-06-06,4,81.85,Online,81.85
4092,150,2468,2025-05-10,4,33.26,Online,33.26
4093,195,2158,2024-06-25,2,93.92,Online,93.92
4094,140,2303,2024-10-17,2,136.64,In-Store,136.64
4095,135,2728,2025-12-27,4,87.8,Online,87.8
4096,168,2049,2024-08-24,1,152.68,Online,152.68
4097,171,2166,2025-11-05,1,104.99,Online,104.99
4098,117,2050,2025-02-19,4,156.19,In-Store,156.19
4099,114,2615,2023-02-10,2,195.54,Online,195.54
4100,121,2590,2024-06-11,4,60.64,Online,60.64
4101,155,2626,2022-10-17,2,219.88,In-Store,219.88
4102,187,2173,2024-02-07,3,149.8,Online,149.8
4103,181,2804,2022-07-23,2,175.0,In-Store,175.0
4104,136,2773,2024-03-04,1,220.89,Online,220.89
4105,173,2013,2024-08-22,1,159.08,Online,159.08
4106,200,2829,2023-08-07,2,241.01,In-Store,241.01
4107,171,2937,2025-09-28,4,104.99,Online,104.99
4108,125,2121,2024-02-01,5,62.64,In-Store,62.64
4109,113,2619,2025-07-27,5,56.15,Online,56.15
4110,179,2779,2025-03-24,2,37.7,Online,37.7
4111,186,2202,2025-07-12,5,28.06,In-Store,28.06
4112,155,2700,2024-12-03,5,219.88,Online,219.88
4113,105,2586,2025-04-04,5,57.72,Online,57.72
4114,107,2018,2024-09-15,1,177.55,In-Store,177.55
4115,104,2655,2025-12-21,3,65.84,Online,65.84
4116,185,2899,2025-09-27,4,142.4,In-Store,142.4
4117,146,2522,2024-06-14,5,26.18,In-Store,26.18
4118,152,2310,2024-10-06,4,106.63,In-Store,106.63
4119,174,2343,2023-07-10,3,139.03,In-Store,139.03
4120,181,2760,2023-11-25,2,175.0,In-Store,175.0
4121,179,2552,2023-11-29,2,37.7,Online,37.7
4122,144,2808,2023-12-01,1,15.05,Online,15.05
4123,193,2070,2024-07-16,1,74.03,In-Store,74.03
4124,155,2113,2023-02-27,2,219.88,Online,219.88
4125,164,2777,2024-02-06,3,22.03,In-Store,22.03
4126,169,2141,2025-04-19,2,167.77,In-Store,167.77
4127,111,2653,2024-11-09,4,243.55,Online,243.55
4128,111,2947,2025-11-01,5,243.55,In-Store,243.55
4129,104,2300,2023-08-11,4,65.84,Online,65.84
4130,138,2623,2024-08-02,2,185.66,In-Store,185.66
4131,145,2044,2025-04-06,3,62.85,Online,62.85
4132,124,2055,2023-05-12,1,112.82,In-Store,112.82
4133,122,2496,2025-03-17,2,167.31,In-Store,167.31
4134,152,2983,2025-01-02,4,106.63,In-Store,106.63
4135,191,2183,2025-02-27,2,217.51,In-Store,217.51
4136,114,2564,2025-11-08,4,195.54,In-Store,195.54
4137,164,2793,2025-12-01,5,22.03,Online,22.03
4138,183,2804,2022-05-17,2,209.04,In-Store,209.04
4139,142,2746,2025-03-25,1,248.84,In-Store,248.84
4140,200,2570,2025-10-03,3,241.01,Online,241.01
4141,133,2590,2024-07-22,2,212.0,Online,212.0
4142,139,2200,2024-10-05,5,168.34,In-Store,168.34
4143,160,2893,2024-02-18,2,232.36,Online,232.36
4144,124,2617,2025-04-08,1,112.82,Online,112.82
4145,141,2229,2025-07-18,3,232.94,In-Store,232.94
4146,132,2926,2025-02-27,3,243.25,Online,243.25
4147,115,2910,2023-10-03,4,101.23,Online,101.23
4148,181,2652,2024-02-14,2,175.0,In-Store,175.0
4149,103,2978,2025-03-23,5,111.26,In-Store,111.26
4150,102,2172,2025-02-21,4,186.75,Online,186.75
4151,130,2038,2025-05-09,1,190.21,In-Store,190.21
4152,184,2455,2025-11-13,5,195.07,In-Store,195.07
4153,192,2030,2024-11-06,4,53.05,Online,53.05
4154,126,2188,2024-04-07,3,191.39,Online,191.39
4155,194,2900,2024-06-05,5,216.06,Online,216.06
4156,181,2143,2025-03-11,4,175.0,In-Store,175.0
4157,177,2199,2025-10-13,5,246.12,Online,246.12
4158,136,2572,2024-05-31,5,220.89,Online,220.89
4159,185,2077,2025-05-20,3,142.4,In-Store,142.4
4160,180,2071,2025-08-25,1,77.62,Online,77.62
4161,176,2217,2025-11-10,5,78.4,In-Store,78.4
4162,191,2466,2025-09-05,3,217.51,Online,217.51
4163,108,2392,2025-06-06,2,61.68,Online,61.68
4164,178,2693,2024-12-27,4,81.85,Online,81.85
4165,137,2245,2025-06-19,1,67.81,In-Store,67.81
4166,170,2399,2023-01-27,1,59.02,In-Store,59.02
4167,156,2105,2025-02-12,5,22.14,In-Store,22.14
4168,150,2718,2022-07-24,5,33.26,In-Store,33.26
4169,189,2053,2023-05-28,4,60.42,Online,60.42
4170,125,2346,2025-12-11,5,62.64,In-Store,62.64
4171,174,2185,2024-07-20,2,139.03,In-Store,139.03
4172,155,2724,2024-10-28,2,219.88,Online,219.88
4173,127,2894,2023-08-16,4,200.1,Online,200.1
4174,115,2074,2023-11-25,2,101.23,In-Store,101.23
4175,115,2001,2022-05-01,1,101.23,Online,101.23
4176,191,2111,2024-02-22,2,217.51,In-Store,217.51
4177,154,2330,2023-12-03,4,111.25,Online,111.25
4178,118,2787,2024-07-01,2,120.94,Online,120.94
4179,144,2659,2024-05-26,1,15.05,In-Store,15.05
4180,104,2002,2024-08-16,5,65.84,Online,65.84
4181,141,2996,2024-10-11,2,232.94,Online,232.94
4182,146,2683,2024-06-25,2,26.18,Online,26.18
4183,176,2859,2025-01-29,2,78.4,Online,78.4
4184,133,2226,2025-10-22,3,212.0,Online,212.0
4185,199,2230,2025-04-29,5,37.68,In-Store,37.68
4186,135,2080,2025-09-10,1,87.8,In-Store,87.8
4187,146,2767,2025-09-17,5,26.18,In-Store,26.18
4188,168,2197,2023-05-02,3,152.68,Online,152.68
4189,183,2358,2024-09-08,2,209.04,In-Store,209.04
4190,144,2981,2023-02-28,5,15.05,In-Store,15.05
4191,130,2586,2022-07-30,5,190.21,Online,190.21
4192,113,2285,2022-10-29,2,56.15,Online,56.15
4193,107,2024,2025-05-20,2,177.55,Online,177.55
4194,170,2328,2025-06-28,3,59.02,Online,59.02
4195,122,2884,2024-03-08,4,167.31,In-Store,167.31
4196,139,2375,2023-08-14,5,168.34,In-Store,168.34
4197,174,2388,2024-04-16,2,139.03,Online,139.03
4198,190,2035,2025-09-06,5,197.23,Online,197.23
4199,196,2074,2023-04-30,4,168.41,In-Store,168.41
4200,140,2044,2025-07-15,3,136.64,In-Store,136.64
4201,199,2636,2025-02-14,1,37.68,Online,37.68
4202,195,2260,2024-10-10,2,93.92,Online,93.92
4203,129,2253,2025-04-30,3,216.59,Online,216.59
4204,149,2815,2025-02-06,3,198.31,In-Store,198.31
4205,196,2610,2025-05-30,1,168.41,In-Store,168.41
4206,113,2271,2025-06-05,1,56.15,Online,56.15
4207,143,2061,2025-02-14,5,39.04,Online,39.04
4208,102,2597,2025-06-17,2,186.75,In-Store,186.75
4209,103,2491,2024-08-10,5,111.26,In-Store,111.26
4210,199,2220,2024-10-27,5,37.68,Online,37.68
4211,107,2593,2024-11-15,2,177.55,In-Store,177.55
4212,186,2086,2025-06-22,3,28.06,Online,28.06
4213,153,2671,2023-05-25,1,55.98,In-Store,55.98
4214,152,2722,2025-03-26,2,106.63,In-Store,106.63
4215,199,2844,2025-07-22,4,37.68,Online,37.68
4216,154,2235,2024-07-15,3,111.25,In-Store,111.25
4217,162,2298,2023-06-06,5,55.58,In-Store,55.58
4218,124,2560,2024-01-25,4,112.82,In-Store,112.82
4219,185,3000,2024-05-26,4,142.4,Online,142.4
4220,149,2246,2024-02-23,3,198.31,In-Store,198.31
4221,169,2398,2024-12-21,1,167.77,Online,167.77
4222,149,2684,2023-09-12,3,198.31,Online,198.31
4223,170,2482,2024-04-17,3,59.02,In-Store,59.02
4224,189,2470,2024-04-26,1,60.42,Online,60.42
4225,106,2182,2025-01-21,2,117.81,Online,117.81
4226,102,2517,2024-10-04,1,186.75,In-Store,186.75
4227,114,2973,2025-01-11,5,195.54,Online,195.54
4228,106,2772,2025-11-11,5,117.81,In-Store,117.81
4229,168,2282,2025-04-30,3,152.68,Online,152.68
4230,199,2178,2025-08-08,1,37.68,In-Store,37.68
4231,163,2269,2024-10-13,1,186.58,In-Store,186.58
4232,135,2023,2025-02-19,1,87.8,Online,87.8
4233,106,2568,2023-03-03,1,117.81,Online,117.81
4234,182,2434,2022-09-14,4,227.28,Online,227.28
4235,149,2500,2024-10-03,3,198.31,In-Store,198.31
4236,126,2360,2025-03-21,1,191.39,In-Store,191.39
4237,155,2350,2023-11-26,5,219.88,Online,219.88
4238,195,2004,2024-09-03,3,93.92,Online,93.92
4239,156,2707,2024-09-18,5,22.14,Online,22.14
4240,156,2714,2025-03-27,1,22.14,In-Store,22.14
4241,192,2131,2023-05-22,2,53.05,Online,53.05
4242,152,2078,2025-09-19,5,106.63,Online,106.63
4243,195,2040,2024-05-18,1,93.92,In-Store,93.92
4244,187,2001,2025-06-13,2,149.8,In-Store,149.8
4245,103,2555,2024-11-24,2,111.26,Online,111.26
4246,165,2142,2025-09-16,2,240.59,In-Store,240.59
4247,196,2577,2024-09-02,5,168.41,In-Store,168.41
4248,145,2376,2024-12-27,2,62.85,In-Store,62.85
4249,195,2936,2025-09-16,4,93.92,In-Store,93.92
4250,101,2863,2024-06-22,2,187.97,Online,187.97
4251,130,2999,2025-05-07,3,190.21,In-Store,190.21
4252,194,2228,2023-06-08,1,216.06,In-Store,216.06
4253,188,2701,2023-11-09,3,20.04,Online,20.04
4254,160,2422,2025-09-20,2,232.36,Online,232.36
4255,149,2909,2025-08-08,2,198.31,Online,198.31
4256,192,2596,2025-11-14,1,53.05,Online,53.05
4257,140,2701,2024-03-08,1,136.64,Online,136.64
4258,140,2893,2024-10-14,2,136.64,Online,136.64
4259,180,2448,2023-10-15,1,77.62,Online,77.62
4260,132,2783,2025-03-16,2,243.25,Online,243.25
4261,102,2179,2022-10-25,4,186.75,Online,186.75
4262,126,2767,2024-10-17,2,191.39,In-Store,191.39
4263,155,2031,2024-01-03,2,219.88,Online,219.88
4264,177,2959,2025-01-14,3,246.12,In-Store,246.12
4265,114,2537,2024-11-28,5,195.54,In-Store,195.54
4266,125,2403,2025-10-06,2,62.64,Online,62.64
4267,138,2229,2024-12-12,4,185.66,In-Store,185.66
4268,117,2781,2024-07-05,2,156.19,In-Store,156.19
4269,154,2143,2025-03-26,3,111.25,In-Store,111.25
4270,182,2343,2022-06-24,3,227.28,Online,227.28
4271,183,2052,2024-08-27,4,209.04,Online,209.04
4272,126,2769,2022-08-14,1,191.39,In-Store,191.39
4273,188,2548,2024-12-22,3,20.04,Online,20.04
4274,144,2670,2024-12-18,1,15.05,In-Store,15.05
4275,113,2110,2024-02-13,3,56.15,In-Store,56.15
4276,126,2036,2024-11-10,4,191.39,Online,191.39
4277,180,2903,2024-07-28,5,77.62,Online,77.62
4278,171,2819,2025-05-09,4,104.99,In-Store,104.99
4279,188,2009,2024-07-04,2,20.04,In-Store,20.04
4280,128,2621,2024-04-23,3,101.59,In-Store,101.59
4281,179,2095,2024-06-27,3,37.7,Online,37.7
4282,177,2854,2025-07-09,2,246.12,In-Store,246.12
4283,199,2758,2024-01-04,1,37.68,Online,37.68
4284,143,2339,2025-12-21,4,39.04,In-Store,39.04
4285,140,2691,2023-11-19,5,136.64,Online,136.64
4286,113,2979,2024-10-26,3,56.15,In-Store,56.15
4287,138,2871,2025-12-09,3,185.66,Online,185.66
4288,142,2089,2023-10-30,5,248.84,In-Store,248.84
4289,106,2402,2025-06-13,4,117.81,Online,117.81
4290,196,2007,2023-11-11,5,168.41,Online,168.41
4291,188,2511,2024-05-15,3,20.04,In-Store,20.04
4292,165,2868,2023-12-03,5,240.59,Online,240.59
4293,198,2092,2025-07-25,4,105.92,Online,105.92
4294,186,2946,2024-12-31,1,28.06,In-Store,28.06
4295,129,2043,2025-04-12,5,216.59,In-Store,216.59
4296,108,2291,2024-03-03,4,61.68,Online,61.68
4297,173,2398,2024-12-22,1,159.08,In-Store,159.08
4298,191,2160,2025-08-10,3,217.51,In-Store,217.51
4299,156,2145,2025-10-16,2,22.14,In-Store,22.14
4300,116,2754,2025-11-07,5,98.84,In-Store,98.84
4301,150,2571,2024-06-29,4,33.26,In-Store,33.26
4302,135,2261,2025-12-09,2,87.8,Online,87.8
4303,189,2840,2025-02-04,1,60.42,In-Store,60.42
4304,115,2870,2025-05-03,4,101.23,Online,101.23
4305,156,2428,2025-05-08,3,22.14,In-Store,22.14
4306,190,2278,2023-08-05,4,197.23,Online,197.23
4307,107,2243,2024-06-17,1,177.55,Online,177.55
4308,160,2670,2024-06-14,4,232.36,Online,232.36
4309,183,2016,2023-08-16,4,209.04,In-Store,209.04
4310,171,2892,2025-03-11,1,104.99,Online,104.99
4311,123,2280,2025-12-23,5,73.57,In-Store,73.57
4312,154,2631,2022-12-03,2,111.25,Online,111.25
4313,163,2434,2023-05-01,3,186.58,Online,186.58
4314,109,2201,2024-02-29,3,101.18,Online,101.18
4315,159,2820,2025-09-03,4,49.51,Online,49.51
4316,153,2755,2024-01-18,5,55.98,In-Store,55.98
4317,165,2418,2023-09-19,1,240.59,In-Store,240.59
4318,144,2225,2025-03-12,5,15.05,Online,15.05
4319,137,2345,2024-02-14,3,67.81,Online,67.81
4320,151,2212,2023-03-23,4,108.66,In-Store,108.66
4321,136,2679,2025-02-08,2,220.89,Online,220.89
4322,146,2493,2025-01-30,2,26.18,In-Store,26.18
4323,176,2421,2024-01-27,1,78.4,Online,78.4
4324,104,2925,2025-07-03,5,65.84,Online,65.84
4325,179,2452,2025-11-02,3,37.7,Online,37.7
4326,138,2843,2024-09-03,3,185.66,In-Store,185.66
4327,164,2836,2024-07-22,5,22.03,Online,22.03
4328,111,2118,2023-03-03,1,243.55,Online,243.55
4329,122,2313,2024-01-05,2,167.31,Online,167.31
4330,168,2986,2025-10-21,2,152.68,Online,152.68
4331,167,2253,2025-10-18,1,235.98,Online,235.98
4332,112,2450,2024-12-17,2,80.36,Online,80.36
4333,160,2855,2023-02-13,3,232.36,In-Store,232.36
4334,108,2442,2024-10-19,4,61.68,Online,61.68
4335,148,2614,2025-12-22,2,139.42,Online,139.42
4336,109,2860,2023-03-23,2,101.18,In-Store,101.18
4337,157,2210,2025-08-29,3,232.33,In-Store,232.33
4338,196,2115,2023-05-18,1,168.41,Online,168.41
4339,139,2967,2024-10-26,4,168.34,Online,168.34
4340,101,2224,2023-08-08,3,187.97,Online,187.97
4341,172,2216,2025-07-27,2,232.96,In-Store,232.96
4342,198,2788,2024-11-13,1,105.92,Online,105.92
4343,163,2453,2023-06-21,1,186.58,Online,186.58
4344,192,2993,2025-01-02,1,53.05,In-Store,53.05
4345,186,2342,2024-11-15,2,28.06,In-Store,28.06
4346,181,2413,2025-06-25,5,175.0,In-Store,175.0
4347,141,2330,2025-01-07,2,232.94,Online,232.94
4348,106,2767,2025-02-04,4,117.81,Online,117.81
4349,132,2172,2025-05-14,4,243.25,In-Store,243.25
4350,164,2291,2025-01-19,3,22.03,Online,22.03
4351,112,2734,2025-11-18,1,80.36,Online,80.36
4352,164,2388,2025-05-18,3,22.03,In-Store,22.03
4353,191,2789,2025-09-06,5,217.51,In-Store,217.51
4354,133,2553,2023-10-03,5,212.0,Online,212.0
4355,200,2523,2023-10-12,1,241.01,Online,241.01
4356,119,2090,2025-09-12,1,212.28,In-Store,212.28
4357,146,2112,2025-05-13,5,26.18,Online,26.18
4358,108,2237,2024-10-11,5,61.68,Online,61.68
4359,165,2058,2025-08-12,2,240.59,Online,240.59
4360,119,2062,2025-03-05,1,212.28,Online,212.28
4361,132,2420,2025-03-11,5,243.25,Online,243.25
4362,125,2273,2024-10-04,5,62.64,Online,62.64
4363,182,2777,2023-12-21,3,227.28,In-Store,227.28
4364,105,2424,2025-04-29,2,57.72,Online,57.72
4365,106,2188,2023-08-05,4,117.81,In-Store,117.81
4366,131,2726,2025-12-22,2,114.34,Online,114.34
4367,140,2116,2025-10-05,2,136.64,Online,136.64
4368,106,2011,2025-11-17,2,117.81,In-Store,117.81
4369,150,2316,2022-07-20,4,33.26,Online,33.26
4370,179,2999,2024-10-18,4,37.7,Online,37.7
4371,178,2502,2025-04-18,3,81.85,In-Store,81.85
4372,145,2570,2023-05-21,1,62.85,Online,62.85
4373,189,2688,2025-11-24,1,60.42,Online,60.42
4374,159,2785,2022-08-30,1,49.51,In-Store,49.51
4375,150,2005,2024-11-17,5,33.26,Online,33.26
4376,122,2908,2022-12-18,2,167.31,In-Store,167.31
4377,166,2868,2023-02-07,4,152.81,In-Store,152.81
4378,116,2512,2023-11-05,5,98.84,Online,98.84
4379,131,2826,2022-12-14,3,114.34,In-Store,114.34
4380,159,2006,2024-10-27,1,49.51,In-Store,49.51
4381,175,2785,2024-02-17,3,233.98,Online,233.98
4382,125,2296,2025-01-26,5,62.64,Online,62.64
4383,198,2446,2025-11-30,5,105.92,In-Store,105.92
4384,179,2421,2023-10-30,4,37.7,Online,37.7
4385,126,2441,2024-05-29,2,191.39,In-Store,191.39
4386,168,2828,2025-09-17,5,152.68,Online,152.68
4387,127,2237,2025-02-21,4,200.1,In-Store,200.1
4388,116,2820,2022-08-09,5,98.84,In-Store,98.84
4389,154,2745,2025-01-05,1,111.25,Online,111.25
4390,172,2123,2025-07-26,1,232.96,Online,232.96
4391,130,2542,2023-10-18,2,190.21,In-Store,190.21
4392,194,2378,2024-09-13,3,216.06,Online,216.06
4393,192,2698,2024-12-12,5,53.05,In-Store,53.05
4394,184,2303,2025-11-18,2,195.07,In-Store,195.07
4395,109,2142,2025-07-24,5,101.18,Online,101.18
4396,135,2012,2023-04-28,4,87.8,Online,87.8
4397,101,2231,2024-11-04,5,187.97,Online,187.97
4398,126,2844,2024-03-03,3,191.39,Online,191.39
4399,151,2729,2025-06-07,3,108.66,Online,108.66
4400,128,2233,2025-12-02,4,101.59,Online,101.59
4401,146,2583,2025-03-30,1,26.18,In-Store,26.18
4402,163,2060,2022-12-22,4,186.58,Online,186.58
4403,106,2973,2024-10-31,4,117.81,In-Store,117.81
4404,141,2185,2025-12-16,3,232.94,Online,232.94
4405,103,2287,2025-10-24,5,111.26,Online,111.26
4406,108,2061,2025-03-01,1,61.68,Online,61.68
4407,105,2891,2025-04-29,1,57.72,Online,57.72
4408,185,2492,2025-06-22,3,142.4,Online,142.4
4409,165,2068,2025-12-31,5,240.59,Online,240.59
4410,190,2755,2023-12-10,3,197.23,Online,197.23
4411,141,2460,2025-11-16,4,232.94,In-Store,232.94
4412,192,2270,2025-03-17,5,53.05,Online,53.05
4413,148,2672,2025-05-20,2,139.42,Online,139.42
4414,165,2850,2024-06-08,3,240.59,Online,240.59
4415,114,2250,2024-11-29,1,195.54,Online,195.54
4416,199,2524,2024-06-18,5,37.68,In-Store,37.68
4417,190,2741,2025-04-15,2,197.23,In-Store,197.23
4418,121,2656,2024-12-03,3,60.64,Online,60.64
4419,123,2731,2024-01-29,2,73.57,In-Store,73.57
4420,121,2467,2023-10-11,3,60.64,In-Store,60.64
4421,149,2850,2023-05-25,1,198.31,In-Store,198.31
4422,156,2913,2024-01-31,1,22.14,In-Store,22.14
4423,143,2574,2023-04-09,4,39.04,In-Store,39.04
4424,128,2986,2025-12-23,4,101.59,Online,101.59
4425,110,2673,2024-07-05,3,73.49,In-Store,73.49
4426,149,2233,2022-12-03,2,198.31,In-Store,198.31
4427,175,2314,2025-02-28,3,233.98,In-Store,233.98
4428,189,2556,2025-07-02,2,60.42,In-Store,60.42
4429,168,2129,2024-01-13,1,152.68,Online,152.68
4430,127,2734,2025-07-06,4,200.1,In-Store,200.1
4431,175,2526,2024-11-07,3,233.98,In-Store,233.98
4432,154,2602,2025-12-30,5,111.25,Online,111.25
4433,198,2915,2024-01-14,1,105.92,In-Store,105.92
4434,152,2655,2025-02-11,5,106.63,Online,106.63
4435,178,2147,2024-11-28,3,81.85,Online,81.85
4436,166,2816,2025-05-26,5,152.81,Online,152.81
4437,128,2857,2025-11-09,3,101.59,Online,101.59
4438,133,2878,2024-09-27,1,212.0,In-Store,212.0
4439,140,2907,2024-05-13,2,136.64,Online,136.64
4440,181,2048,2024-06-01,3,175.0,Online,175.0
4441,114,2984,2025-04-12,5,195.54,In-Store,195.54
4442,174,2785,2023-03-06,4,139.03,Online,139.03
4443,133,2856,2024-08-15,1,212.0,Online,212.0
4444,165,2340,2023-11-28,5,240.59,In-Store,240.59
4445,135,2723,2025-11-06,1,87.8,Online,87.8
4446,170,2864,2025-12-14,2,59.02,Online,59.02
4447,182,2092,2025-07-07,1,227.28,Online,227.28
4448,153,2509,2025-07-07,2,55.98,Online,55.98
4449,187,2733,2024-11-05,3,149.8,Online,149.8
4450,134,2567,2024-04-16,4,99.74,Online,99.74
4451,180,2173,2022-06-23,1,77.62,In-Store,77.62
4452,156,2953,2024-05-27,4,22.14,Online,22.14
4453,191,2593,2025-09-07,5,217.51,In-Store,217.51
4454,118,2285,2025-07-27,5,120.94,Online,120.94
4455,173,2180,2024-05-10,2,159.08,Online,159.08
4456,119,2607,2025-09-19,1,212.28,Online,212.28
4457,162,2310,2023-09-19,3,55.58,In-Store,55.58
4458,190,2508,2023-07-13,5,197.23,Online,197.23
4459,163,2466,2024-08-10,2,186.58,In-Store,186.58
4460,101,2251,2025-05-04,4,187.97,In-Store,187.97
4461,130,2047,2024-11-12,3,190.21,Online,190.21
4462,191,2224,2024-12-20,1,217.51,Online,217.51
4463,119,2639,2024-11-01,3,212.28,In-Store,212.28
4464,173,2590,2024-10-24,1,159.08,Online,159.08
4465,166,2683,2025-05-06,5,152.81,Online,152.81
4466,131,2498,2023-09-10,5,114.34,In-Store,114.34
4467,146,2102,2023-08-26,5,26.18,In-Store,26.18
4468,103,2073,2024-03-14,2,111.26,In-Store,111.26
4469,182,2716,2025-07-21,4,227.28,In-Store,227.28
4470,177,2372,2025-12-23,1,246.12,Online,246.12
4471,159,2807,2025-05-12,2,49.51,Online,49.51
4472,151,2433,2025-08-23,2,108.66,Online,108.66
4473,123,2841,2025-11-15,5,73.57,Online,73.57
4474,106,2025,2023-08-09,2,117.81,In-Store,117.81
4475,195,2014,2025-03-31,3,93.92,In-Store,93.92
4476,155,2377,2025-01-26,1,219.88,Online,219.88
4477,145,2451,2024-03-27,1,62.85,In-Store,62.85
4478,104,2285,2023-03-15,5,65.84,In-Store,65.84
4479,195,2909,2025-10-25,1,93.92,In-Store,93.92
4480,170,2807,2025-12-26,1,59.02,In-Store,59.02
4481,108,2806,2024-09-17,4,61.68,In-Store,61.68
4482,183,2883,2024-11-28,4,209.04,Online,209.04
4483,154,2365,2025-12-15,1,111.25,Online,111.25
4484,148,2288,2024-06-13,4,139.42,Online,139.42
4485,139,2944,2023-01-02,2,168.34,Online,168.34
4486,101,2072,2025-06-12,2,187.97,In-Store,187.97
4487,151,2479,2025-01-17,4,108.66,Online,108.66
4488,122,2873,2025-12-16,1,167.31,In-Store,167.31
4489,182,2434,2022-12-20,4,227.28,Online,227.28
4490,178,2046,2025-06-27,2,81.85,Online,81.85
4491,102,2015,2025-12-27,2,186.75,Online,186.75
4492,152,2906,2024-02-22,3,106.63,In-Store,106.63
4493,195,2392,2022-09-30,4,93.92,Online,93.92
4494,182,2475,2025-02-09,5,227.28,Online,227.28
4495,175,2912,2025-02-13,4,233.98,In-Store,233.98
4496,184,2166,2025-10-02,5,195.07,Online,195.07
4497,103,2332,2025-07-04,2,111.26,In-Store,111.26
4498,189,2782,2024-05-20,1,60.42,Online,60.42
4499,151,2693,2025-01-16,3,108.66,Online,108.66
4500,196,2546,2025-10-23,2,168.41,In-Store,168.41
4501,108,2858,2025-05-07,2,61.68,In-Store,61.68
4502,133,2137,2025-11-23,5,212.0,Online,212.0
4503,116,2220,2025-08-18,1,98.84,Online,98.84
4504,156,2758,2024-04-16,3,22.14,Online,22.14
4505,195,2472,2024-04-19,1,93.92,In-Store,93.92
4506,160,2414,2025-04-26,1,232.36,Online,232.36
4507,194,2657,2025-01-29,3,216.06,Online,216.06
4508,192,2628,2024-07-08,3,53.05,Online,53.05
4509,192,2310,2023-03-17,4,53.05,In-Store,53.05
4510,193,2509,2025-08-22,2,74.03,In-Store,74.03
4511,116,2660,2025-08-05,5,98.84,In-Store,98.84
4512,116,2510,2025-12-09,5,98.84,In-Store,98.84
4513,200,2217,2025-11-04,3,241.01,In-Store,241.01
4514,137,2851,2024-10-07,5,67.81,In-Store,67.81
4515,152,2600,2023-10-07,5,106.63,In-Store,106.63
4516,122,2711,2025-10-17,4,167.31,Online,167.31
4517,143,2862,2024-12-05,3,39.04,Online,39.04
4518,175,2604,2024-10-28,1,233.98,In-Store,233.98
4519,142,2068,2025-02-06,5,248.84,Online,248.84
4520,132,2183,2024-05-22,2,243.25,Online,243.25
4521,180,2912,2023-06-08,2,77.62,In-Store,77.62
4522,130,2432,2025-02-19,4,190.21,In-Store,190.21
4523,189,2370,2024-08-25,4,60.42,Online,60.42
4524,160,2292,2025-12-20,4,232.36,Online,232.36
4525,130,2204,2024-05-08,1,190.21,In-Store,190.21
4526,177,2693,2025-07-15,1,246.12,In-Store,246.12
4527,128,2959,2024-06-29,2,101.59,In-Store,101.59
4528,111,2938,2025-06-02,2,243.55,Online,243.55
4529,119,2613,2024-11-26,5,212.28,In-Store,212.28
4530,104,2605,2023-10-03,5,65.84,Online,65.84
4531,109,2233,2025-10-31,1,101.18,In-Store,101.18
4532,145,2160,2024-06-04,3,62.85,In-Store,62.85
4533,151,2962,2025-05-20,1,108.66,Online,108.66
4534,153,2310,2025-07-21,3,55.98,Online,55.98
4535,174,2350,2023-11-02,4,139.03,In-Store,139.03
4536,106,2625,2025-09-12,2,117.81,In-Store,117.81
4537,150,2113,2023-12-10,1,33.26,In-Store,33.26
4538,177,2996,2025-08-16,3,246.12,In-Store,246.12
4539,200,2908,2022-11-28,2,241.01,Online,241.01
4540,182,2892,2025-04-08,4,227.28,In-Store,227.28
4541,192,2197,2023-06-02,2,53.05,Online,53.05
4542,142,2819,2025-01-10,3,248.84,In-Store,248.84
4543,136,2341,2022-11-28,3,220.89,Online,220.89
4544,103,2146,2025-12-17,3,111.26,In-Store,111.26
4545,152,2691,2024-10-14,2,106.63,Online,106.63
4546,160,2132,2024-08-18,5,232.36,In-Store,232.36
4547,102,2163,2025-02-08,1,186.75,Online,186.75
4548,194,2457,2025-11-01,2,216.06,In-Store,216.06
4549,168,2515,2024-10-06,1,152.68,Online,152.68
4550,184,2547,2025-08-23,5,195.07,In-Store,195.07
4551,102,2692,2025-05-30,4,186.75,In-Store,186.75
4552,133,2040,2023-05-31,1,212.0,Online,212.0
4553,185,2301,2025-06-30,5,142.4,Online,142.4
4554,177,2534,2022-09-04,1,246.12,Online,246.12
4555,149,2404,2025-09-18,3,198.31,Online,198.31
4556,182,2950,2023-06-14,1,227.28,In-Store,227.28
4557,178,2566,2025-02-26,1,81.85,In-Store,81.85
4558,121,2364,2023-10-15,3,60.64,Online,60.64
4559,163,2546,2025-06-16,1,186.58,In-Store,186.58
4560,167,2476,2025-06-01,2,235.98,Online,235.98
4561,142,2208,2025-04-12,4,248.84,In-Store,248.84
4562,124,2717,2024-08-28,1,112.82,In-Store,112.82
4563,128,2076,2023-12-19,3,101.59,In-Store,101.59
4564,133,2406,2023-10-20,4,212.0,In-Store,212.0
4565,136,2490,2024-09-01,5,220.89,In-Store,220.89
4566,117,2462,2024-03-29,2,156.19,Online,156.19
4567,122,2913,2025-03-10,2,167.31,In-Store,167.31
4568,196,2855,2024-09-07,2,168.41,Online,168.41
4569,162,2084,2024-12-20,1,55.58,Online,55.58
4570,189,2684,2025-11-22,4,60.42,In-Store,60.42
4571,130,2915,2023-01-14,2,190.21,Online,190.21
4572,149,2662,2024-09-14,1,198.31,In-Store,198.31
4573,197,2626,2025-07-20,5,217.44,In-Store,217.44
4574,169,2080,2025-01-26,2,167.77,Online,167.77
4575,160,2773,2023-10-25,4,232.36,Online,232.36
4576,121,2913,2023-03-04,2,60.64,In-Store,60.64
4577,159,2304,2025-06-16,2,49.51,Online,49.51
4578,190,2158,2024-08-24,4,197.23,Online,197.23
4579,163,2596,2025-03-09,5,186.58,Online,186.58
4580,123,2802,2025-02-28,1,73.57,Online,73.57
4581,148,2789,2025-11-23,2,139.42,Online,139.42
4582,187,2391,2024-02-11,5,149.8,Online,149.8
4583,160,2075,2023-05-10,4,232.36,Online,232.36
4584,124,2778,2023-06-20,4,112.82,Online,112.82
4585,177,2812,2025-12-18,5,246.12,In-Store,246.12
4586,192,2469,2025-01-27,4,53.05,In-Store,53.05
4587,161,2233,2025-09-30,5,177.18,In-Store,177.18
4588,156,2038,2025-03-10,1,22.14,Online,22.14
4589,125,2707,2024-10-22,4,62.64,Online,62.64
4590,146,2173,2025-10-15,5,26.18,In-Store,26.18
4591,185,2799,2024-08-04,3,142.4,Online,142.4
4592,173,2262,2024-09-27,5,159.08,In-Store,159.08
4593,132,2847,2022-08-10,2,243.25,In-Store,243.25
4594,162,2192,2025-01-05,5,55.58,Online,55.58
4595,126,2645,2024-05-31,4,191.39,In-Store,191.39
4596,133,2530,2025-01-04,1,212.0,Online,212.0
4597,183,2132,2025-06-03,2,209.04,In-Store,209.04
4598,129,2937,2025-10-06,1,216.59,In-Store,216.59
4599,114,2228,2024-09-30,5,195.54,Online,195.54
4600,162,2440,2023-10-07,4,55.58,In-Store,55.58
4601,163,2343,2025-12-11,5,186.58,Online,186.58
4602,161,2251,2025-02-18,1,177.18,Online,177.18
4603,164,2474,2024-06-20,1,22.03,In-Store,22.03
4604,136,2626,2025-11-30,5,220.89,Online,220.89
4605,102,2370,2024-10-12,2,186.75,In-Store,186.75
4606,151,2031,2025-01-21,4,108.66,Online,108.66
4607,160,2098,2025-09-27,5,232.36,In-Store,232.36
4608,134,2633,2025-04-06,4,99.74,In-Store,99.74
4609,127,2186,2024-11-13,4,200.1,Online,200.1
4610,107,2674,2025-07-31,2,177.55,Online,177.55
4611,119,2305,2025-09-16,5,212.28,Online,212.28
4612,125,2937,2024-12-15,3,62.64,In-Store,62.64
4613,115,2666,2023-09-21,3,101.23,Online,101.23
4614,101,2548,2025-03-31,4,187.97,Online,187.97
4615,188,2877,2024-12-12,5,20.04,In-Store,20.04
4616,137,2475,2024-12-02,1,67.81,In-Store,67.81
4617,195,2296,2025-08-15,1,93.92,In-Store,93.92
4618,198,2150,2025-08-04,2,105.92,In-Store,105.92
4619,108,2566,2025-02-16,2,61.68,Online,61.68
4620,143,2875,2025-06-13,1,39.04,In-Store,39.04
4621,181,2016,2025-07-04,2,175.0,Online,175.0
4622,184,2491,2025-01-25,2,195.07,Online,195.07
4623,148,2545,2024-02-07,3,139.42,In-Store,139.42
4624,159,2980,2025-08-30,2,49.51,Online,49.51
4625,154,2477,2024-11-11,3,111.25,Online,111.25
4626,148,2524,2024-02-06,5,139.42,In-Store,139.42
4627,168,2758,2023-12-06,3,152.68,In-Store,152.68
4628,183,2957,2025-11-04,2,209.04,Online,209.04
4629,109,2472,2025-08-13,2,101.18,Online,101.18
4630,130,2592,2025-01-04,2,190.21,In-Store,190.21
4631,175,2742,2025-07-27,4,233.98,In-Store,233.98
4632,128,2084,2023-04-05,5,101.59,In-Store,101.59
4633,178,2881,2025-02-27,4,81.85,In-Store,81.85
4634,169,2302,2025-10-19,1,167.77,Online,167.77
4635,104,2407,2025-01-23,1,65.84,In-Store,65.84
4636,113,2955,2022-10-01,5,56.15,Online,56.15
4637,141,2721,2025-12-21,4,232.94,In-Store,232.94
4638,185,2656,2025-06-26,3,142.4,Online,142.4
4639,145,2253,2024-07-25,5,62.85,In-Store,62.85
4640,120,2848,2025-11-06,5,203.21,Online,203.21
4641,158,2670,2025-08-14,1,126.55,In-Store,126.55
4642,191,2932,2024-09-11,4,217.51,In-Store,217.51
4643,154,2718,2022-09-02,4,111.25,Online,111.25
4644,119,2147,2025-02-19,2,212.28,Online,212.28
4645,169,2869,2025-08-11,4,167.77,In-Store,167.77
4646,134,2530,2025-04-13,2,99.74,Online,99.74
4647,164,2391,2023-12-19,5,22.03,In-Store,22.03
4648,145,2420,2025-03-28,4,62.85,Online,62.85
4649,109,2517,2025-10-30,1,101.18,In-Store,101.18
4650,117,2465,2025-05-28,5,156.19,In-Store,156.19
4651,175,2570,2024-05-18,5,233.98,Online,233.98
4652,120,2632,2025-08-18,5,203.21,In-Store,203.21
4653,143,2241,2023-11-16,2,39.04,In-Store,39.04
4654,118,2845,2025-06-09,5,120.94,Online,120.94
4655,120,2551,2025-05-15,1,203.21,In-Store,203.21
4656,200,2061,2025-12-10,5,241.01,Online,241.01
4657,108,2685,2024-10-23,2,61.68,Online,61.68
4658,110,2698,2024-12-27,1,73.49,In-Store,73.49
4659,153,2651,2025-12-30,1,55.98,In-Store,55.98
4660,137,2673,2024-09-16,4,67.81,In-Store,67.81
4661,141,2692,2025-11-21,4,232.94,Online,232.94
4662,174,2973,2024-03-30,1,139.03,Online,139.03
4663,122,2252,2024-03-10,5,167.31,Online,167.31
4664,170,2049,2025-04-28,3,59.02,In-Store,59.02
4665,184,2210,2023-07-21,2,195.07,In-Store,195.07
4666,136,2796,2025-04-20,5,220.89,In-Store,220.89
4667,115,2343,2023-04-21,2,101.23,In-Store,101.23
4668,117,2476,2025-12-27,3,156.19,Online,156.19
4669,160,2737,2025-01-15,2,232.36,In-Store,232.36
4670,111,2887,2024-03-30,2,243.55,Online,243.55
4671,130,2195,2025-08-10,5,190.21,Online,190.21
4672,193,2182,2024-05-24,4,74.03,Online,74.03
4673,164,2523,2024-07-12,1,22.03,In-Store,22.03
4674,178,2775,2023-12-23,5,81.85,In-Store,81.85
4675,157,2762,2025-11-15,2,232.33,In-Store,232.33
4676,133,2416,2025-04-04,2,212.0,Online,212.0
4677,120,2126,2025-09-21,5,203.21,Online,203.21
4678,177,2915,2024-01-07,3,246.12,In-Store,246.12
4679,194,2094,2022-12-09,2,216.06,Online,216.06
4680,116,2379,2025-11-15,4,98.84,In-Store,98.84
4681,119,2898,2024-05-16,1,212.28,In-Store,212.28
4682,175,2330,2025-05-22,3,233.98,In-Store,233.98
4683,163,2406,2025-04-27,3,186.58,Online,186.58
4684,185,2546,2025-06-15,4,142.4,In-Store,142.4
4685,191,2734,2025-03-21,2,217.51,Online,217.51
4686,154,2007,2024-03-24,3,111.25,Online,111.25
4687,172,2263,2025-07-08,5,232.96,Online,232.96
4688,176,2059,2025-12-16,1,78.4,In-Store,78.4
4689,188,2834,2025-01-04,4,20.04,Online,20.04
4690,186,2331,2025-01-06,2,28.06,In-Store,28.06
4691,142,2290,2025-07-04,2,248.84,In-Store,248.84
4692,140,2252,2022-11-01,1,136.64,In-Store,136.64
4693,181,2722,2023-12-17,4,175.0,In-Store,175.0
4694,167,2240,2022-08-22,3,235.98,In-Store,235.98
4695,174,2139,2024-10-26,1,139.03,In-Store,139.03
4696,139,2044,2025-06-14,2,168.34,Online,168.34
4697,193,2582,2025-02-14,2,74.03,In-Store,74.03
4698,123,2532,2023-10-03,4,73.57,In-Store,73.57
4699,150,2629,2025-05-04,5,33.26,Online,33.26
4700,117,2011,2024-04-23,4,156.19,In-Store,156.19
4701,158,2391,2024-10-12,1,126.55,Online,126.55
4702,141,2772,2024-04-10,2,232.94,Online,232.94
4703,180,2646,2024-07-23,1,77.62,Online,77.62
4704,139,2641,2024-06-16,2,168.34,In-Store,168.34
4705,137,2820,2024-07-11,5,67.81,Online,67.81
4706,107,2674,2025-09-22,5,177.55,In-Store,177.55
4707,156,2987,2024-09-14,5,22.14,Online,22.14
4708,195,2156,2025-03-09,1,93.92,In-Store,93.92
4709,139,2241,2025-01-13,2,168.34,Online,168.34
4710,117,2497,2025-08-18,5,156.19,In-Store,156.19
4711,163,2322,2024-04-13,2,186.58,Online,186.58
4712,102,2169,2024-08-14,5,186.75,In-Store,186.75
4713,173,2702,2025-04-27,1,159.08,In-Store,159.08
4714,156,2053,2025-12-16,4,22.14,In-Store,22.14
4715,148,2189,2025-08-04,4,139.42,In-Store,139.42
4716,150,2248,2023-12-14,2,33.26,Online,33.26
4717,164,2678,2025-12-13,3,22.03,In-Store,22.03
4718,104,2152,2025-01-05,5,65.84,In-Store,65.84
4719,121,2430,2025-09-08,5,60.64,In-Store,60.64
4720,111,2720,2024-11-07,3,243.55,In-Store,243.55
4721,104,2821,2023-01-02,5,65.84,Online,65.84
4722,116,2646,2024-09-04,5,98.84,Online,98.84
4723,152,2807,2024-06-13,4,106.63,In-Store,106.63
4724,166,2307,2024-08-31,2,152.81,Online,152.81
4725,106,2638,2024-04-15,1,117.81,Online,117.81
4726,132,2955,2024-04-12,3,243.25,Online,243.25
4727,146,2375,2024-12-20,2,26.18,Online,26.18
4728,116,2491,2025-11-28,2,98.84,Online,98.84
4729,110,2133,2024-08-11,3,73.49,In-Store,73.49
4730,119,2987,2024-09-23,2,212.28,Online,212.28
4731,174,2546,2025-06-18,3,139.03,In-Store,139.03
4732,149,2683,2024-07-26,5,198.31,Online,198.31
4733,118,2204,2025-09-02,4,120.94,Online,120.94
4734,171,2320,2023-05-02,3,104.99,In-Store,104.99
4735,192,2243,2025-01-16,5,53.05,In-Store,53.05
4736,129,2069,2024-08-24,5,216.59,In-Store,216.59
4737,191,2676,2024-12-21,4,217.51,Online,217.51
4738,162,2492,2025-07-24,4,55.58,In-Store,55.58
4739,184,2488,2023-12-19,4,195.07,Online,195.07
4740,123,2953,2022-08-09,2,73.57,In-Store,73.57
4741,113,2593,2025-12-26,2,56.15,In-Store,56.15
4742,115,2917,2024-08-16,2,101.23,Online,101.23
4743,146,2342,2025-09-15,2,26.18,Online,26.18
4744,162,2216,2025-10-25,5,55.58,Online,55.58
4745,148,2167,2024-11-06,2,139.42,Online,139.42
4746,149,2027,2025-01-02,2,198.31,Online,198.31
4747,152,2520,2025-11-16,1,106.63,In-Store,106.63
4748,107,2115,2023-01-12,1,177.55,In-Store,177.55
4749,169,2340,2025-09-18,1,167.77,Online,167.77
4750,107,2822,2025-10-23,2,177.55,In-Store,177.55
4751,117,2914,2024-05-29,4,156.19,Online,156.19
4752,139,2516,2024-11-26,5,168.34,In-Store,168.34
4753,147,2394,2024-02-08,1,133.4,Online,133.4
4754,118,2199,2025-05-25,4,120.94,Online,120.94
4755,124,2049,2025-08-22,2,112.82,Online,112.82
4756,143,2896,2024-10-20,4,39.04,In-Store,39.04
4757,130,2823,2025-01-08,3,190.21,In-Store,190.21
4758,180,2024,2025-09-09,3,77.62,In-Store,77.62
4759,183,2020,2024-09-13,4,209.04,Online,209.04
4760,180,2359,2025-08-27,1,77.62,In-Store,77.62
4761,156,2856,2024-08-16,5,22.14,Online,22.14
4762,153,2817,2025-05-18,4,55.98,In-Store,55.98
4763,132,2231,2025-12-07,5,243.25,Online,243.25
4764,118,2620,2023-01-20,4,120.94,Online,120.94
4765,197,2989,2025-03-05,2,217.44,In-Store,217.44
4766,180,2122,2024-12-11,4,77.62,Online,77.62
4767,174,2594,2023-11-19,4,139.03,Online,139.03
4768,142,2555,2023-12-03,4,248.84,Online,248.84
4769,131,2823,2025-09-15,5,114.34,Online,114.34
4770,190,2948,2024-05-18,3,197.23,Online,197.23
4771,186,2728,2023-08-18,2,28.06,Online,28.06
4772,193,2320,2025-01-29,2,74.03,Online,74.03
4773,102,2771,2025-06-15,4,186.75,In-Store,186.75
4774,110,2832,2025-09-13,5,73.49,Online,73.49
4775,152,2002,2025-07-21,3,106.63,Online,106.63
4776,101,2765,2025-10-09,5,187.97,Online,187.97
4777,197,2962,2024-03-09,2,217.44,In-Store,217.44
4778,173,2511,2025-07-10,3,159.08,Online,159.08
4779,136,2804,2025-07-27,5,220.89,Online,220.89
4780,192,2671,2024-08-04,5,53.05,In-Store,53.05
4781,128,2343,2023-09-13,4,101.59,Online,101.59
4782,191,2825,2025-11-25,4,217.51,In-Store,217.51
4783,184,2022,2024-01-21,2,195.07,In-Store,195.07
4784,162,2155,2024-01-04,2,55.58,Online,55.58
4785,110,2932,2025-12-14,3,73.49,In-Store,73.49
4786,179,2170,2024-01-08,5,37.7,In-Store,37.7
4787,177,2934,2024-12-28,1,246.12,Online,246.12
4788,125,2436,2025-06-09,5,62.64,In-Store,62.64
4789,156,2669,2022-10-04,2,22.14,Online,22.14
4790,191,2117,2025-04-03,1,217.51,Online,217.51
4791,151,2075,2023-07-05,3,108.66,Online,108.66
4792,183,2634,2025-09-10,4,209.04,In-Store,209.04
4793,177,2049,2024-09-05,2,246.12,In-Store,246.12
4794,122,2968,2025-09-23,3,167.31,Online,167.31
4795,107,2958,2025-11-27,5,177.55,Online,177.55
4796,200,2810,2024-02-22,2,241.01,Online,241.01
4797,150,2075,2025-08-18,1,33.26,Online,33.26
4798,178,2218,2024-03-20,4,81.85,Online,81.85
4799,111,2210,2025-03-20,2,243.55,Online,243.55
4800,141,2621,2023-11-08,1,232.94,In-Store,232.94
4801,192,2505,2025-11-24,5,53.05,In-Store,53.05
4802,173,2878,2025-12-09,5,159.08,In-Store,159.08
4803,134,2978,2024-04-18,2,99.74,In-Store,99.74
4804,143,2117,2025-07-28,5,39.04,In-Store,39.04
4805,190,2205,2023-09-28,2,197.23,In-Store,197.23
4806,115,2097,2024-07-03,1,101.23,Online,101.23
4807,163,2971,2023-12-11,3,186.58,In-Store,186.58
4808,138,2745,2024-05-13,4,185.66,Online,185.66
4809,171,2468,2024-11-17,1,104.99,In-Store,104.99
4810,170,2601,2024-05-22,3,59.02,Online,59.02
4811,168,2437,2023-07-12,5,152.68,Online,152.68
4812,192,2358,2022-11-01,2,53.05,Online,53.05
4813,199,2212,2024-12-05,1,37.68,Online,37.68
4814,195,2365,2024-09-28,2,93.92,In-Store,93.92
4815,137,2993,2024-03-25,5,67.81,Online,67.81
4816,103,2381,2022-09-25,5,111.26,Online,111.26
4817,142,2535,2022-11-05,5,248.84,In-Store,248.84
4818,161,2175,2025-04-17,1,177.18,Online,177.18
4819,149,2667,2025-11-11,4,198.31,Online,198.31
4820,177,2648,2024-11-06,2,246.12,In-Store,246.12
4821,147,2185,2024-05-12,2,133.4,Online,133.4
4822,152,2877,2022-10-31,2,106.63,Online,106.63
4823,144,2189,2024-05-30,4,15.05,In-Store,15.05
4824,196,2937,2024-09-27,2,168.41,Online,168.41
4825,191,2532,2023-03-13,5,217.51,Online,217.51
4826,188,2126,2024-11-30,1,20.04,In-Store,20.04
4827,176,2068,2024-08-19,1,78.4,Online,78.4
4828,144,2247,2023-06-28,1,15.05,Online,15.05
4829,102,2641,2025-12-08,1,186.75,In-Store,186.75
4830,164,2432,2025-02-16,3,22.03,In-Store,22.03
4831,187,2632,2025-02-07,2,149.8,Online,149.8
4832,153,2397,2022-07-17,3,55.98,Online,55.98
4833,103,2016,2024-11-22,4,111.26,In-Store,111.26
4834,175,2234,2024-12-15,5,233.98,Online,233.98
4835,116,2706,2025-10-30,2,98.84,In-Store,98.84
4836,195,2125,2025-10-18,3,93.92,Online,93.92
4837,162,2599,2024-01-20,3,55.58,Online,55.58
4838,132,2678,2023-10-01,1,243.25,In-Store,243.25
4839,146,2889,2023-06-24,5,26.18,In-Store,26.18
4840,117,2268,2025-08-28,5,156.19,Online,156.19
4841,112,2822,2025-04-19,1,80.36,In-Store,80.36
4842,148,2592,2023-10-15,2,139.42,In-Store,139.42
4843,157,2825,2025-08-01,2,232.33,Online,232.33
4844,151,2834,2025-09-08,5,108.66,Online,108.66
4845,115,2635,2025-02-07,3,101.23,In-Store,101.23
4846,113,2649,2022-06-04,1,56.15,Online,56.15
4847,102,2177,2025-09-25,5,186.75,In-Store,186.75
4848,119,2062,2025-01-06,5,212.28,In-Store,212.28
4849,122,2519,2022-06-02,1,167.31,Online,167.31
4850,188,2923,2025-09-04,1,20.04,Online,20.04
4851,121,2599,2024-05-28,2,60.64,In-Store,60.64
4852,194,2575,2024-08-29,5,216.06,In-Store,216.06
4853,141,2348,2025-07-18,3,232.94,In-Store,232.94
4854,152,2998,2025-04-15,2,106.63,Online,106.63
4855,130,2565,2022-12-17,3,190.21,Online,190.21
4856,150,2917,2023-11-20,1,33.26,Online,33.26
4857,143,2558,2025-05-05,1,39.04,In-Store,39.04
4858,121,2722,2023-09-19,3,60.64,Online,60.64
4859,194,2711,2025-07-06,2,216.06,In-Store,216.06
4860,189,2228,2024-03-17,1,60.42,Online,60.42
4861,105,2700,2024-08-26,4,57.72,Online,57.72
4862,188,2862,2025-04-29,4,20.04,Online,20.04
4863,190,2319,2024-12-10,2,197.23,Online,197.23
4864,117,2961,2023-05-08,3,156.19,Online,156.19
4865,146,2140,2025-04-29,3,26.18,In-Store,26.18
4866,109,2654,2024-01-24,1,101.18,Online,101.18
4867,134,2483,2025-10-26,3,99.74,Online,99.74
4868,147,2866,2024-10-14,1,133.4,Online,133.4
4869,129,2095,2022-05-24,5,216.59,In-Store,216.59
4870,147,2488,2024-08-06,4,133.4,In-Store,133.4
4871,160,2515,2025-03-03,4,232.36,In-Store,232.36
4872,122,2696,2025-06-03,1,167.31,In-Store,167.31
4873,146,2493,2024-10-26,5,26.18,In-Store,26.18
4874,161,2246,2025-02-11,3,177.18,In-Store,177.18
4875,156,2608,2024-11-08,2,22.14,In-Store,22.14
4876,103,2810,2025-02-14,1,111.26,Online,111.26
4877,147,2331,2025-04-20,4,133.4,In-Store,133.4
4878,166,2006,2023-10-07,1,152.81,Online,152.81
4879,181,2422,2025-09-09,1,175.0,Online,175.0
4880,163,2859,2025-10-06,1,186.58,Online,186.58
4881,183,2060,2023-11-03,1,209.04,In-Store,209.04
4882,159,2721,2025-02-04,1,49.51,In-Store,49.51
4883,153,2277,2024-10-25,3,55.98,Online,55.98
4884,146,2077,2025-06-09,2,26.18,In-Store,26.18
4885,192,2568,2025-09-05,1,53.05,Online,53.05
4886,139,2673,2025-06-02,1,168.34,In-Store,168.34
4887,199,2660,2024-09-23,1,37.68,Online,37.68
4888,171,2604,2023-05-07,1,104.99,In-Store,104.99
4889,175,2688,2025-09-08,1,233.98,In-Store,233.98
4890,119,2478,2023-06-23,2,212.28,Online,212.28
4891,156,2915,2025-01-22,4,22.14,Online,22.14
4892,170,2965,2025-01-19,1,59.02,In-Store,59.02
4893,156,2947,2025-12-06,2,22.14,In-Store,22.14
4894,124,2336,2022-09-11,1,112.82,In-Store,112.82
4895,137,2778,2024-04-06,5,67.81,In-Store,67.81
4896,180,2985,2024-08-17,3,77.62,Online,77.62
4897,161,2520,2025-07-14,2,177.18,Online,177.18
4898,185,2189,2024-08-19,1,142.4,Online,142.4
4899,168,2431,2025-06-16,4,152.68,Online,152.68
4900,150,2847,2024-04-18,5,33.26,In-Store,33.26
4901,154,2413,2024-09-25,4,111.25,In-Store,111.25
4902,191,2997,2025-05-13,3,217.51,In-Store,217.51
4903,145,2763,2022-11-04,2,62.85,Online,62.85
4904,125,2882,2025-07-14,1,62.64,In-Store,62.64
4905,136,2731,2024-07-29,2,220.89,In-Store,220.89
4906,198,2880,2023-01-18,4,105.92,In-Store,105.92
4907,193,2497,2025-03-13,4,74.03,In-Store,74.03
4908,128,2245,2024-10-08,1,101.59,In-Store,101.59
4909,149,2149,2024-08-24,5,198.31,Online,198.31
4910,101,2858,2025-02-14,4,187.97,Online,187.97
4911,147,2930,2023-10-05,1,133.4,In-Store,133.4
4912,153,2637,2025-04-23,4,55.98,In-Store,55.98
4913,196,2640,2023-07-13,3,168.41,In-Store,168.41
4914,125,2397,2025-11-06,5,62.64,Online,62.64
4915,113,2839,2025-09-17,1,56.15,Online,56.15
4916,128,2520,2025-01-15,4,101.59,In-Store,101.59
4917,170,2635,2025-09-01,1,59.02,In-Store,59.02
4918,177,2305,2023-06-09,1,246.12,In-Store,246.12
4919,104,2044,2025-10-24,2,65.84,Online,65.84
4920,185,2296,2025-12-15,5,142.4,In-Store,142.4
4921,153,2127,2025-09-16,1,55.98,In-Store,55.98
4922,186,2544,2024-03-02,1,28.06,In-Store,28.06
4923,154,2948,2024-10-12,1,111.25,In-Store,111.25
4924,189,2679,2025-04-20,5,60.42,Online,60.42
4925,200,2315,2025-10-26,3,241.01,In-Store,241.01
4926,188,2142,2025-08-11,5,20.04,In-Store,20.04
4927,129,2112,2024-11-19,1,216.59,Online,216.59
4928,180,2462,2024-08-24,5,77.62,In-Store,77.62
4929,136,2360,2022-11-09,4,220.89,In-Store,220.89
4930,104,2598,2025-06-14,5,65.84,In-Store,65.84
4931,175,2101,2023-10-04,4,233.98,In-Store,233.98
4932,116,2342,2024-07-05,2,98.84,Online,98.84
4933,131,2332,2025-04-25,3,114.34,Online,114.34
4934,144,2221,2025-07-20,4,15.05,In-Store,15.05
4935,145,2019,2024-01-26,2,62.85,Online,62.85
4936,178,2065,2024-08-31,4,81.85,Online,81.85
4937,101,2039,2024-04-06,5,187.97,In-Store,187.97
4938,142,2005,2024-09-26,5,248.84,In-Store,248.84
4939,154,2097,2024-05-17,1,111.25,In-Store,111.25
4940,144,2132,2023-10-25,4,15.05,Online,15.05
4941,101,2826,2022-04-05,2,187.97,In-Store,187.97
4942,128,2337,2023-04-08,5,101.59,In-Store,101.59
4943,105,2218,2025-03-16,2,57.72,Online,57.72
4944,116,2915,2023-04-09,4,98.84,Online,98.84
4945,186,2679,2025-12-12,2,28.06,Online,28.06
4946,105,2916,2025-04-17,1,57.72,Online,57.72
4947,178,2456,2024-02-02,3,81.85,In-Store,81.85
4948,180,2772,2023-08-10,1,77.62,Online,77.62
4949,158,2365,2025-07-15,1,126.55,In-Store,126.55
4950,183,2550,2025-06-18,5,209.04,Online,209.04
4951,128,2271,2023-03-23,5,101.59,In-Store,101.59
4952,157,2438,2024-08-14,3,232.33,Online,232.33
4953,103,2958,2023-09-05,1,111.26,In-Store,111.26
4954,101,2007,2024-09-06,5,187.97,Online,187.97
4955,154,2323,2024-10-22,4,111.25,In-Store,111.25
4956,154,2987,2025-10-06,1,111.25,Online,111.25
4957,193,2040,2023-05-30,1,74.03,In-Store,74.03
4958,178,2778,2025-04-08,1,81.85,In-Store,81.85
4959,178,2228,2024-10-04,3,81.85,In-Store,81.85
4960,165,2512,2025-07-21,1,240.59,Online,240.59
4961,141,2607,2025-10-11,2,232.94,In-Store,232.94
4962,164,2470,2025-09-10,1,22.03,In-Store,22.03
4963,157,2732,2025-03-12,1,232.33,Online,232.33
4964,149,2936,2024-06-30,5,198.31,In-Store,198.31
4965,133,2699,2024-09-16,2,212.0,In-Store,212.0
4966,168,2560,2025-06-05,5,152.68,Online,152.68
4967,118,2692,2024-08-22,4,120.94,In-Store,120.94
4968,110,2623,2022-10-29,3,73.49,Online,73.49
4969,108,2857,2025-09-27,3,61.68,Online,61.68
4970,143,2470,2023-03-13,3,39.04,Online,39.04
4971,166,2939,2025-05-14,4,152.81,Online,152.81
4972,122,2179,2024-09-22,4,167.31,Online,167.31
4973,176,2814,2024-12-14,5,78.4,Online,78.4
4974,120,2499,2023-09-15,4,203.21,In-Store,203.21
4975,182,2633,2025-02-03,5,227.28,Online,227.28
4976,189,2060,2024-07-18,4,60.42,In-Store,60.42
4977,122,2820,2022-12-24,4,167.31,In-Store,167.31
4978,197,2568,2023-10-21,3,217.44,Online,217.44
4979,173,2205,2025-01-25,3,159.08,In-Store,159.08
4980,143,2956,2024-09-14,5,39.04,Online,39.04
4981,137,2606,2025-10-22,3,67.81,In-Store,67.81
4982,115,2217,2024-12-16,3,101.23,In-Store,101.23
4983,102,2679,2025-01-08,3,186.75,Online,186.75
4984,135,2641,2022-11-02,4,87.8,Online,87.8
4985,133,2897,2024-02-07,5,212.0,In-Store,212.0
4986,138,2506,2022-10-05,4,185.66,Online,185.66
4987,124,2624,2023-04-10,3,112.82,Online,112.82
4988,128,2215,2025-10-05,4,101.59,In-Store,101.59
4989,134,2953,2025-08-11,5,99.74,Online,99.74
4990,105,2685,2023-09-11,5,57.72,Online,57.72
4991,131,2775,2024-03-13,5,114.34,In-Store,114.34
4992,119,2159,2025-04-19,5,212.28,Online,212.28
4993,126,2193,2024-05-28,4,191.39,Online,191.39
4994,112,2580,2024-09-28,4,80.36,In-Store,80.36
4995,186,2894,2024-01-03,5,28.06,In-Store,28.06
4996,156,2951,2025-11-15,5,22.14,Online,22.14
4997,143,2474,2025-03-17,1,39.04,Online,39.04
4998,162,2524,2022-09-20,3,55.58,Online,55.58
4999,140,2626,2023-10-25,1,136.64,Online,136.64
5000,120,2643,2025-01-11,5,203.21,Online,203.21
5001,116,2244,2023-04-26,4,98.84,Online,98.84
5002,165,2051,2023-11-29,2,240.59,In-Store,240.59
5003,179,2648,2025-09-02,1,37.7,In-Store,37.7
5004,160,2101,2024-03-25,2,232.36,Online,232.36
5005,119,2024,2025-04-05,3,212.28,Online,212.28
5006,185,2714,2024-08-04,3,142.4,Online,142.4
5007,121,2323,2025-10-04,2,60.64,In-Store,60.64
5008,133,2303,2024-06-21,3,212.0,In-Store,212.0
5009,114,2591,2024-12-01,3,195.54,Online,195.54
5010,130,2346,2024-09-20,4,190.21,In-Store,190.21
5011,115,2730,2022-08-10,2,101.23,In-Store,101.23
5012,193,2500,2023-08-30,1,74.03,In-Store,74.03
5013,167,2373,2025-03-25,1,235.98,In-Store,235.98
5014,137,2465,2025-05-06,1,67.81,Online,67.81
5015,157,2984,2025-04-13,5,232.33,Online,232.33
5016,189,2961,2025-09-14,5,60.42,Online,60.42
5017,150,2213,2025-06-26,4,33.26,Online,33.26
5018,124,2380,2022-12-16,3,112.82,Online,112.82
5019,134,2023,2025-08-16,3,99.74,In-Store,99.74
5020,111,2129,2024-12-11,1,243.55,Online,243.55
5021,113,2505,2024-12-26,5,56.15,Online,56.15
5022,162,2414,2025-02-26,4,55.58,In-Store,55.58
5023,137,2164,2025-10-08,5,67.81,Online,67.81
5024,120,2574,2025-04-05,5,203.21,In-Store,203.21
5025,115,2477,2024-05-28,5,101.23,In-Store,101.23
5026,101,2649,2025-03-26,3,187.97,Online,187.97
5027,172,2817,2024-11-11,3,232.96,In-Store,232.96
5028,127,2365,2024-10-20,1,200.1,Online,200.1
5029,102,2114,2024-02-27,5,186.75,Online,186.75
5030,148,2529,2025-10-29,5,139.42,Online,139.42
5031,166,2469,2024-12-20,4,152.81,In-Store,152.81
5032,184,2151,2024-12-23,4,195.07,Online,195.07
5033,150,2143,2024-11-05,1,33.26,Online,33.26
5034,131,2962,2024-11-07,1,114.34,In-Store,114.34
5035,193,2533,2023-06-27,2,74.03,In-Store,74.03
5036,196,2691,2023-11-07,4,168.41,In-Store,168.41
5037,158,2347,2024-08-06,4,126.55,Online,126.55
5038,151,2144,2024-02-01,5,108.66,In-Store,108.66
5039,168,2160,2025-05-02,3,152.68,Online,152.68
5040,155,2555,2024-06-05,4,219.88,Online,219.88
5041,199,2996,2024-09-13,1,37.68,In-Store,37.68
5042,113,2180,2024-09-16,3,56.15,In-Store,56.15
5043,140,2506,2023-03-11,1,136.64,In-Store,136.64
5044,166,2362,2024-07-16,4,152.81,In-Store,152.81
5045,146,2356,2025-11-02,5,26.18,In-Store,26.18
5046,197,2592,2024-08-14,4,217.44,In-Store,217.44
5047,195,2069,2023-09-15,3,93.92,In-Store,93.92
5048,187,2188,2024-03-15,2,149.8,Online,149.8
5049,173,2054,2024-06-13,3,159.08,In-Store,159.08
5050,194,2810,2024-10-18,4,216.06,In-Store,216.06
5051,106,2634,2024-04-04,5,117.81,Online,117.81
5052,116,2387,2025-09-16,4,98.84,In-Store,98.84
5053,132,2983,2025-11-10,3,243.25,Online,243.25
5054,142,2516,2024-11-14,5,248.84,Online,248.84
5055,139,2791,2025-03-29,2,168.34,Online,168.34
5056,155,2127,2025-06-04,3,219.88,In-Store,219.88
5057,165,2405,2025-05-31,2,240.59,Online,240.59
5058,127,2481,2024-10-21,3,200.1,In-Store,200.1
5059,153,2904,2024-02-29,1,55.98,In-Store,55.98
5060,198,2719,2025-01-05,5,105.92,In-Store,105.92
5061,178,2954,2024-04-20,1,81.85,Online,81.85
5062,109,2649,2025-12-12,4,101.18,Online,101.18
5063,108,2663,2023-10-30,1,61.68,Online,61.68
5064,106,2714,2023-11-23,3,117.81,Online,117.81
5065,142,2058,2025-05-15,4,248.84,In-Store,248.84
5066,137,2373,2025-08-19,3,67.81,In-Store,67.81
5067,138,2998,2024-10-20,3,185.66,Online,185.66
5068,154,2968,2025-04-13,1,111.25,Online,111.25
5069,138,2274,2024-11-17,2,185.66,In-Store,185.66
5070,115,2187,2023-04-03,1,101.23,In-Store,101.23
5071,139,2391,2025-04-21,3,168.34,In-Store,168.34
5072,143,2200,2023-06-29,1,39.04,Online,39.04
5073,173,2454,2023-08-10,4,159.08,In-Store,159.08
5074,167,2554,2025-06-10,4,235.98,Online,235.98
5075,107,2712,2024-01-25,1,177.55,Online,177.55
5076,126,2849,2025-04-18,5,191.39,In-Store,191.39
5077,163,2930,2024-11-30,1,186.58,In-Store,186.58
5078,137,2754,2025-07-16,2,67.81,In-Store,67.81
5079,128,2458,2024-07-15,2,101.59,In-Store,101.59
5080,132,2205,2023-02-17,2,243.25,Online,243.25
5081,161,2071,2024-04-13,1,177.18,Online,177.18
5082,155,2401,2025-08-17,3,219.88,Online,219.88
5083,199,2677,2025-09-01,3,37.68,Online,37.68
5084,180,2488,2024-09-25,3,77.62,In-Store,77.62
5085,163,2332,2025-11-06,5,186.58,Online,186.58
5086,190,2790,2024-07-09,5,197.23,In-Store,197.23
5087,157,2013,2024-11-18,3,232.33,In-Store,232.33
5088,112,2077,2025-06-22,2,80.36,In-Store,80.36
5089,144,2369,2023-02-17,1,15.05,Online,15.05
5090,127,2827,2025-03-28,3,200.1,In-Store,200.1
5091,184,2808,2024-09-15,3,195.07,Online,195.07
5092,136,2538,2023-06-20,4,220.89,In-Store,220.89
5093,184,2276,2025-04-27,3,195.07,In-Store,195.07
5094,175,2457,2025-07-31,4,233.98,In-Store,233.98
5095,173,2162,2023-10-19,2,159.08,Online,159.08
5096,195,2343,2022-10-30,2,93.92,Online,93.92
5097,113,2416,2024-08-06,4,56.15,In-Store,56.15
5098,143,2360,2025-03-12,5,39.04,In-Store,39.04
5099,109,2010,2024-08-05,4,101.18,In-Store,101.18
5100,121,2768,2025-12-01,4,60.64,Online,60.64
5101,195,2681,2023-08-20,3,93.92,Online,93.92
5102,172,2603,2024-11-23,2,232.96,Online,232.96
5103,176,2084,2024-02-11,5,78.4,In-Store,78.4
5104,160,2502,2025-04-22,2,232.36,Online,232.36
5105,120,2835,2025-06-02,3,203.21,Online,203.21
5106,143,2632,2025-12-05,1,39.04,Online,39.04
5107,117,2495,2025-06-10,2,156.19,Online,156.19
5108,136,2669,2024-03-04,3,220.89,Online,220.89
5109,105,2190,2022-04-29,4,57.72,Online,57.72
5110,177,2714,2024-05-18,5,246.12,Online,246.12
5111,174,2793,2024-02-06,5,139.03,Online,139.03
5112,109,2941,2024-05-05,2,101.18,In-Store,101.18
5113,173,2998,2024-06-17,1,159.08,Online,159.08
5114,106,2759,2025-04-10,1,117.81,In-Store,117.81
5115,121,2314,2025-10-03,4,60.64,In-Store,60.64
5116,187,2967,2025-01-17,1,149.8,In-Store,149.8
5117,162,2302,2024-09-02,2,55.58,In-Store,55.58
5118,193,2795,2024-01-15,3,74.03,In-Store,74.03
5119,159,2434,2023-07-28,3,49.51,In-Store,49.51
5120,173,2561,2022-07-16,5,159.08,Online,159.08
5121,188,2390,2025-12-11,3,20.04,Online,20.04
5122,132,2994,2025-09-25,5,243.25,Online,243.25
5123,170,2170,2025-02-14,5,59.02,Online,59.02
5124,125,2050,2022-03-12,3,62.64,Online,62.64
5125,146,2671,2023-06-28,2,26.18,In-Store,26.18
5126,148,2034,2025-09-02,5,139.42,In-Store,139.42
5127,118,2649,2025-01-27,4,120.94,In-Store,120.94
5128,145,2590,2025-12-01,5,62.85,Online,62.85
5129,163,2384,2025-11-21,5,186.58,Online,186.58
5130,199,2171,2024-11-14,3,37.68,In-Store,37.68
5131,118,2336,2025-06-29,2,120.94,In-Store,120.94
5132,128,2404,2022-11-14,3,101.59,In-Store,101.59
5133,166,2680,2025-09-03,2,152.81,In-Store,152.81
5134,174,2012,2024-02-11,2,139.03,Online,139.03
5135,119,2091,2022-07-28,5,212.28,In-Store,212.28
5136,113,2174,2025-10-12,3,56.15,Online,56.15
5137,175,2916,2025-04-26,2,233.98,Online,233.98
5138,198,2292,2025-12-18,2,105.92,In-Store,105.92
5139,143,2837,2024-12-02,5,39.04,Online,39.04
5140,178,2178,2025-02-19,5,81.85,Online,81.85
5141,175,2224,2023-06-28,1,233.98,In-Store,233.98
5142,156,2918,2023-12-13,4,22.14,Online,22.14
5143,194,2220,2025-01-28,2,216.06,Online,216.06
5144,195,2247,2025-09-18,5,93.92,Online,93.92
5145,120,2255,2024-02-15,2,203.21,Online,203.21
5146,153,2530,2024-09-03,1,55.98,Online,55.98
5147,197,2415,2024-02-17,2,217.44,Online,217.44
5148,160,2325,2022-04-12,1,232.36,Online,232.36
5149,123,2296,2025-12-03,5,73.57,In-Store,73.57
5150,185,2439,2025-04-30,4,142.4,In-Store,142.4
5151,199,2421,2022-11-10,1,37.68,Online,37.68
5152,164,2529,2025-03-24,5,22.03,In-Store,22.03
5153,160,2896,2025-10-29,4,232.36,Online,232.36
5154,118,2260,2022-04-19,5,120.94,Online,120.94
5155,166,2654,2025-11-29,3,152.81,Online,152.81
5156,108,2854,2024-12-01,4,61.68,Online,61.68
5157,154,2745,2024-07-06,1,111.25,Online,111.25
5158,107,2234,2025-12-03,3,177.55,In-Store,177.55
5159,125,2698,2024-04-15,1,62.64,Online,62.64
5160,118,2488,2025-01-11,3,120.94,In-Store,120.94
5161,103,2005,2025-12-17,2,111.26,Online,111.26
5162,158,2575,2024-07-15,3,126.55,In-Store,126.55
5163,113,2422,2025-09-26,3,56.15,Online,56.15
5164,142,2457,2024-09-18,1,248.84,Online,248.84
5165,134,2957,2022-09-29,4,99.74,In-Store,99.74
5166,167,2531,2023-12-23,1,235.98,In-Store,235.98
5167,124,2539,2025-11-19,3,112.82,In-Store,112.82
5168,197,2798,2025-03-07,4,217.44,Online,217.44
5169,128,2538,2024-04-22,1,101.59,Online,101.59
5170,104,2586,2024-12-01,4,65.84,In-Store,65.84
5171,188,2555,2024-07-19,3,20.04,Online,20.04
5172,156,2054,2023-02-14,1,22.14,In-Store,22.14
5173,105,2846,2025-05-11,3,57.72,Online,57.72
5174,168,2094,2022-11-14,2,152.68,In-Store,152.68
5175,180,2588,2022-10-15,4,77.62,In-Store,77.62
5176,196,2898,2023-08-18,4,168.41,In-Store,168.41
5177,103,2042,2025-08-14,4,111.26,Online,111.26
5178,189,2289,2025-05-12,5,60.42,Online,60.42
5179,108,2025,2024-06-05,5,61.68,Online,61.68
5180,119,2250,2025-09-07,4,212.28,Online,212.28
5181,140,2215,2025-04-16,5,136.64,Online,136.64
5182,119,2167,2025-07-14,5,212.28,In-Store,212.28
5183,191,2641,2023-05-15,4,217.51,In-Store,217.51
5184,107,2566,2025-11-16,1,177.55,Online,177.55
5185,130,2232,2025-05-12,4,190.21,Online,190.21
5186,155,2210,2024-10-16,5,219.88,In-Store,219.88
5187,164,2088,2025-11-08,1,22.03,In-Store,22.03
5188,119,2109,2022-12-20,3,212.28,In-Store,212.28
5189,166,2722,2023-11-16,3,152.81,In-Store,152.81
5190,119,2436,2025-12-30,1,212.28,In-Store,212.28
5191,186,2756,2024-11-11,1,28.06,Online,28.06
5192,188,2010,2024-09-17,1,20.04,Online,20.04
5193,177,2951,2023-03-30,4,246.12,In-Store,246.12
5194,115,2591,2025-05-08,5,101.23,Online,101.23
5195,135,2828,2025-01-12,1,87.8,In-Store,87.8
5196,124,2579,2022-12-15,5,112.82,Online,112.82
5197,107,2887,2025-04-03,3,177.55,Online,177.55
5198,179,2641,2022-11-19,4,37.7,In-Store,37.7
5199,165,2803,2024-11-06,5,240.59,In-Store,240.59
5200,191,2141,2024-01-02,4,217.51,In-Store,217.51
5201,152,2316,2024-09-16,3,106.63,Online,106.63
5202,165,2093,2023-01-23,4,240.59,In-Store,240.59
5203,193,2952,2024-08-30,5,74.03,Online,74.03
5204,176,2026,2025-09-14,1,78.4,Online,78.4
5205,131,2244,2025-03-17,5,114.34,Online,114.34
5206,131,2394,2023-09-29,1,114.34,In-Store,114.34
5207,186,2539,2024-12-06,4,28.06,In-Store,28.06
5208,165,2057,2024-03-29,2,240.59,Online,240.59
5209,122,2746,2025-10-03,4,167.31,In-Store,167.31
5210,106,2583,2025-01-07,5,117.81,Online,117.81
5211,130,2100,2025-01-28,1,190.21,In-Store,190.21
5212,130,2161,2025-05-03,3,190.21,Online,190.21
5213,126,2818,2023-02-01,5,191.39,In-Store,191.39
5214,103,2651,2025-09-17,3,111.26,In-Store,111.26
5215,151,2015,2025-05-02,1,108.66,In-Store,108.66
5216,182,2408,2025-05-25,5,227.28,Online,227.28
5217,184,2930,2023-09-05,5,195.07,Online,195.07
5218,109,2761,2023-04-27,3,101.18,In-Store,101.18
5219,199,2661,2022-08-29,5,37.68,Online,37.68
5220,139,2228,2025-06-27,1,168.34,Online,168.34
5221,199,2618,2025-09-09,4,37.68,Online,37.68
5222,142,2603,2024-01-26,4,248.84,In-Store,248.84
5223,169,2823,2024-04-09,4,167.77,Online,167.77
5224,106,2964,2023-07-07,2,117.81,In-Store,117.81
5225,135,2743,2025-02-25,2,87.8,Online,87.8
5226,107,2586,2025-08-12,5,177.55,In-Store,177.55
5227,134,2506,2023-10-04,1,99.74,Online,99.74
5228,193,2964,2022-10-30,4,74.03,Online,74.03
5229,147,2970,2024-03-18,3,133.4,In-Store,133.4
5230,194,2501,2025-01-19,1,216.06,Online,216.06
5231,159,2292,2025-03-12,1,49.51,In-Store,49.51
5232,144,2363,2025-07-30,3,15.05,Online,15.05
5233,136,2739,2025-02-19,1,220.89,Online,220.89
5234,131,2287,2025-06-06,5,114.34,Online,114.34
5235,188,2726,2024-11-28,1,20.04,In-Store,20.04
5236,104,2521,2023-06-08,5,65.84,Online,65.84
5237,164,2387,2025-07-23,1,22.03,Online,22.03
5238,172,2287,2025-05-19,2,232.96,In-Store,232.96
5239,191,2308,2024-09-11,1,217.51,In-Store,217.51
5240,194,2697,2024-01-28,4,216.06,Online,216.06
5241,112,2814,2025-05-17,2,80.36,Online,80.36
5242,103,2699,2023-06-10,1,111.26,In-Store,111.26
5243,180,2844,2023-06-20,4,77.62,In-Store,77.62
5244,129,2453,2022-05-14,1,216.59,In-Store,216.59
5245,181,2773,2023-12-19,1,175.0,In-Store,175.0
5246,155,2350,2024-11-05,3,219.88,Online,219.88
5247,156,2900,2025-10-06,2,22.14,In-Store,22.14
5248,116,2012,2024-04-26,5,98.84,Online,98.84
5249,139,2972,2025-10-26,4,168.34,In-Store,168.34
5250,107,2426,2025-01-15,5,177.55,In-Store,177.55
5251,107,2928,2024-04-15,4,177.55,Online,177.55
5252,124,2637,2025-04-28,1,112.82,Online,112.82
5253,161,2339,2025-01-05,2,177.18,In-Store,177.18
5254,174,2559,2025-12-23,1,139.03,Online,139.03
5255,103,2147,2024-05-02,1,111.26,In-Store,111.26
5256,117,2053,2024-12-24,1,156.19,Online,156.19
5257,130,2829,2024-06-29,5,190.21,In-Store,190.21
5258,172,2593,2024-05-04,2,232.96,Online,232.96
5259,167,2882,2025-04-10,3,235.98,Online,235.98
5260,123,2516,2025-05-05,4,73.57,In-Store,73.57
5261,150,2764,2025-03-18,3,33.26,Online,33.26
5262,183,2206,2025-07-09,5,209.04,Online,209.04
5263,193,2995,2025-06-17,3,74.03,In-Store,74.03
5264,197,2939,2022-04-30,4,217.44,In-Store,217.44
5265,131,2490,2023-12-21,5,114.34,Online,114.34
5266,132,2220,2025-03-11,3,243.25,Online,243.25
5267,174,2611,2025-04-10,3,139.03,Online,139.03
5268,176,2856,2025-02-12,2,78.4,In-Store,78.4
5269,144,2543,2025-10-22,3,15.05,In-Store,15.05
5270,197,2592,2025-12-22,2,217.44,Online,217.44
5271,199,2293,2024-08-24,3,37.68,Online,37.68
5272,190,2762,2025-10-08,4,197.23,In-Store,197.23
5273,176,2778,2022-07-09,4,78.4,In-Store,78.4
5274,103,2734,2025-06-25,5,111.26,In-Store,111.26
5275,161,2967,2024-02-20,1,177.18,In-Store,177.18
5276,109,2273,2025-01-31,2,101.18,Online,101.18
5277,142,2537,2025-06-07,2,248.84,Online,248.84
5278,187,2348,2025-08-15,1,149.8,In-Store,149.8
5279,166,2822,2025-04-06,1,152.81,Online,152.81
5280,105,2317,2025-07-04,3,57.72,Online,57.72
5281,180,2165,2025-04-19,5,77.62,Online,77.62
5282,132,2620,2023-10-16,1,243.25,Online,243.25
5283,194,2079,2023-08-24,4,216.06,In-Store,216.06
5284,142,2336,2022-10-12,5,248.84,Online,248.84
5285,157,2767,2024-03-27,3,232.33,In-Store,232.33
5286,168,2374,2025-03-26,4,152.68,In-Store,152.68
5287,132,2170,2022-11-25,2,243.25,Online,243.25
5288,110,2883,2022-08-22,4,73.49,In-Store,73.49
5289,161,2829,2023-10-31,3,177.18,In-Store,177.18
5290,196,2568,2023-04-02,2,168.41,Online,168.41
5291,200,2564,2023-12-30,2,241.01,Online,241.01
5292,129,2075,2024-07-31,3,216.59,In-Store,216.59
5293,142,2304,2024-08-14,1,248.84,Online,248.84
5294,126,2318,2024-10-19,1,191.39,Online,191.39
5295,184,2443,2024-07-27,1,195.07,In-Store,195.07
5296,169,2631,2023-05-14,2,167.77,In-Store,167.77
5297,137,2538,2025-08-13,5,67.81,In-Store,67.81
5298,191,2332,2025-04-02,5,217.51,In-Store,217.51
5299,141,2997,2022-03-15,4,232.94,In-Store,232.94
5300,184,2858,2024-12-28,4,195.07,Online,195.07
5301,186,2360,2024-08-31,2,28.06,Online,28.06
5302,191,2399,2025-05-28,5,217.51,Online,217.51
5303,142,2705,2024-02-18,5,248.84,In-Store,248.84
5304,151,2905,2023-03-04,2,108.66,Online,108.66
5305,159,2878,2023-05-21,1,49.51,In-Store,49.51
5306,133,2489,2024-07-14,5,212.0,Online,212.0
5307,188,2579,2024-03-20,1,20.04,Online,20.04
5308,145,2890,2025-06-23,5,62.85,Online,62.85
5309,156,3000,2022-09-26,3,22.14,In-Store,22.14
5310,141,2325,2022-12-22,1,232.94,Online,232.94
5311,179,2100,2024-12-16,1,37.7,In-Store,37.7
5312,103,2866,2024-04-07,1,111.26,In-Store,111.26
5313,177,2243,2025-12-19,1,246.12,Online,246.12
5314,144,2506,2025-11-08,3,15.05,Online,15.05
5315,113,2422,2025-09-04,3,56.15,In-Store,56.15
5316,168,2255,2024-07-19,3,152.68,In-Store,152.68
5317,198,2404,2023-02-08,1,105.92,In-Store,105.92
5318,135,2506,2024-05-12,1,87.8,Online,87.8
5319,138,2308,2024-08-20,4,185.66,In-Store,185.66
5320,118,2707,2025-10-17,5,120.94,Online,120.94
5321,120,2918,2025-09-02,1,203.21,In-Store,203.21
5322,183,2239,2024-11-13,4,209.04,Online,209.04
5323,134,2175,2024-03-07,5,99.74,In-Store,99.74
5324,181,2629,2025-04-23,4,175.0,In-Store,175.0
5325,133,2110,2024-06-17,1,212.0,Online,212.0
5326,127,2309,2025-06-28,5,200.1,In-Store,200.1
5327,120,2742,2023-02-02,2,203.21,Online,203.21
5328,191,2705,2025-05-06,3,217.51,In-Store,217.51
5329,113,2094,2025-08-15,3,56.15,Online,56.15
5330,195,2398,2024-09-28,1,93.92,In-Store,93.92
5331,190,2816,2025-07-17,4,197.23,In-Store,197.23
5332,189,2338,2025-09-30,2,60.42,In-Store,60.42
5333,175,2616,2024-02-29,1,233.98,Online,233.98
5334,172,2509,2025-01-18,3,232.96,Online,232.96
5335,159,2422,2025-01-05,4,49.51,Online,49.51
5336,122,2832,2024-12-02,3,167.31,In-Store,167.31
5337,185,2198,2024-08-26,4,142.4,Online,142.4
5338,120,2879,2025-03-26,1,203.21,In-Store,203.21
5339,170,2714,2024-12-22,3,59.02,Online,59.02
5340,105,2353,2024-07-23,2,57.72,Online,57.72
5341,116,2915,2023-12-31,2,98.84,In-Store,98.84
5342,192,2049,2025-04-16,1,53.05,Online,53.05
5343,145,2455,2023-11-23,1,62.85,Online,62.85
5344,152,2306,2025-09-12,1,106.63,In-Store,106.63
5345,173,2124,2024-02-06,1,159.08,In-Store,159.08
5346,188,2260,2025-02-05,3,20.04,Online,20.04
5347,105,2613,2024-01-12,2,57.72,Online,57.72
5348,146,2615,2023-02-02,4,26.18,In-Store,26.18
5349,123,2356,2025-07-09,2,73.57,Online,73.57
5350,168,2796,2025-09-27,1,152.68,In-Store,152.68
5351,120,2438,2025-01-14,4,203.21,In-Store,203.21
5352,177,2210,2025-04-19,5,246.12,In-Store,246.12
5353,162,2710,2023-11-18,5,55.58,Online,55.58
5354,193,2784,2024-07-21,2,74.03,In-Store,74.03
5355,156,2127,2025-05-05,2,22.14,In-Store,22.14
5356,126,2527,2022-12-02,2,191.39,Online,191.39
5357,180,2470,2024-11-19,2,77.62,Online,77.62
5358,141,2798,2023-11-06,4,232.94,In-Store,232.94
5359,159,2523,2025-01-19,5,49.51,Online,49.51
5360,137,2960,2022-12-16,3,67.81,In-Store,67.81
5361,133,2394,2024-10-07,1,212.0,Online,212.0
5362,123,2571,2024-03-24,4,73.57,Online,73.57
5363,109,2415,2023-08-08,3,101.18,Online,101.18
5364,107,2754,2025-03-25,5,177.55,Online,177.55
5365,158,2237,2024-12-15,2,126.55,In-Store,126.55
5366,172,2470,2023-06-24,1,232.96,Online,232.96
5367,178,2512,2023-11-16,3,81.85,Online,81.85
5368,172,2851,2025-12-24,5,232.96,In-Store,232.96
5369,150,2724,2023-01-03,3,33.26,Online,33.26
5370,142,2948,2025-07-07,1,248.84,Online,248.84
5371,118,2799,2025-02-21,4,120.94,Online,120.94
5372,147,2170,2025-08-07,3,133.4,In-Store,133.4
5373,104,2383,2023-06-24,5,65.84,In-Store,65.84
5374,147,2695,2025-10-06,4,133.4,In-Store,133.4
5375,164,2335,2023-07-09,1,22.03,In-Store,22.03
5376,131,2928,2025-11-03,5,114.34,Online,114.34
5377,153,2888,2023-04-03,3,55.98,Online,55.98
5378,152,2006,2025-02-06,5,106.63,Online,106.63
5379,133,2913,2023-01-18,5,212.0,In-Store,212.0
5380,194,2436,2025-08-31,2,216.06,In-Store,216.06
5381,154,2579,2023-06-25,5,111.25,In-Store,111.25
5382,105,2011,2024-11-01,3,57.72,Online,57.72
5383,170,2359,2025-11-24,1,59.02,Online,59.02
5384,193,2513,2023-12-04,4,74.03,Online,74.03
5385,164,2838,2023-03-02,1,22.03,Online,22.03
5386,190,2080,2025-10-01,2,197.23,In-Store,197.23
5387,183,2374,2024-10-05,2,209.04,Online,209.04
5388,180,2785,2023-04-02,2,77.62,Online,77.62
5389,114,2972,2024-02-07,1,195.54,In-Store,195.54
5390,113,2805,2024-05-10,4,56.15,In-Store,56.15
5391,171,2061,2025-11-27,2,104.99,Online,104.99
5392,136,2393,2023-10-18,1,220.89,In-Store,220.89
5393,139,2656,2024-08-28,5,168.34,Online,168.34
5394,124,2858,2025-11-29,1,112.82,Online,112.82
5395,137,2551,2022-09-03,2,67.81,Online,67.81
5396,181,2308,2025-01-19,1,175.0,In-Store,175.0
5397,120,2056,2023-10-11,2,203.21,Online,203.21
5398,175,2730,2023-03-01,4,233.98,In-Store,233.98
5399,193,2334,2024-05-23,2,74.03,Online,74.03
5400,125,2591,2025-01-20,3,62.64,Online,62.64
5401,162,2961,2022-11-14,2,55.58,Online,55.58
5402,194,2657,2024-07-29,3,216.06,Online,216.06
5403,116,2372,2024-10-07,3,98.84,In-Store,98.84
5404,151,2125,2025-02-27,1,108.66,Online,108.66
5405,167,2036,2025-02-04,5,235.98,Online,235.98
5406,197,2596,2025-02-09,4,217.44,In-Store,217.44
5407,167,2629,2024-04-18,4,235.98,Online,235.98
5408,172,2637,2025-08-07,5,232.96,Online,232.96
5409,130,2389,2024-01-26,1,190.21,Online,190.21
5410,146,2539,2025-08-26,2,26.18,Online,26.18
5411,200,2667,2024-11-12,1,241.01,In-Store,241.01
5412,122,2201,2024-11-23,4,167.31,Online,167.31
5413,172,2510,2024-03-26,5,232.96,Online,232.96
5414,159,2042,2024-03-21,1,49.51,In-Store,49.51
5415,128,2911,2024-01-19,5,101.59,In-Store,101.59
5416,129,2203,2024-09-26,5,216.59,In-Store,216.59
5417,152,2013,2025-07-05,2,106.63,Online,106.63
5418,179,2586,2025-08-28,1,37.7,Online,37.7
5419,183,2077,2024-12-01,4,209.04,In-Store,209.04
5420,190,2068,2023-07-18,5,197.23,Online,197.23
5421,110,2333,2024-06-13,4,73.49,In-Store,73.49
5422,158,2425,2024-11-05,4,126.55,In-Store,126.55
5423,151,2786,2024-06-18,4,108.66,Online,108.66
5424,198,2112,2025-05-12,2,105.92,Online,105.92
5425,140,2007,2025-04-14,5,136.64,In-Store,136.64
5426,179,2848,2025-03-03,3,37.7,Online,37.7
5427,148,2288,2024-12-09,5,139.42,In-Store,139.42
5428,172,2749,2023-06-25,3,232.96,Online,232.96
5429,125,2412,2024-07-08,4,62.64,In-Store,62.64
5430,102,2162,2024-01-31,3,186.75,Online,186.75
5431,152,2343,2023-06-19,5,106.63,In-Store,106.63
5432,164,2886,2025-04-05,1,22.03,In-Store,22.03
5433,132,2451,2025-05-02,5,243.25,In-Store,243.25
5434,112,2855,2023-04-25,4,80.36,Online,80.36
5435,148,2481,2023-03-09,2,139.42,In-Store,139.42
5436,164,2230,2023-04-11,4,22.03,Online,22.03
5437,146,2076,2023-08-06,3,26.18,Online,26.18
5438,128,2916,2025-04-13,2,101.59,In-Store,101.59
5439,173,2639,2023-05-30,3,159.08,In-Store,159.08
5440,153,2747,2024-02-14,2,55.98,Online,55.98
5441,158,2700,2025-12-04,5,126.55,Online,126.55
5442,151,2683,2025-12-20,4,108.66,Online,108.66
5443,182,2812,2025-09-22,5,227.28,In-Store,227.28
5444,181,2279,2025-01-01,2,175.0,In-Store,175.0
5445,151,2330,2022-12-15,5,108.66,In-Store,108.66
5446,146,2086,2024-07-25,2,26.18,Online,26.18
5447,149,2060,2025-10-25,3,198.31,Online,198.31
5448,118,2566,2024-01-20,3,120.94,In-Store,120.94
5449,186,2176,2023-12-06,3,28.06,Online,28.06
5450,117,2941,2024-06-09,5,156.19,Online,156.19
5451,144,2563,2024-03-15,2,15.05,In-Store,15.05
5452,130,2254,2023-06-11,1,190.21,Online,190.21
5453,135,2944,2023-03-15,1,87.8,In-Store,87.8
5454,142,2777,2025-06-25,4,248.84,In-Store,248.84
5455,190,2861,2024-01-03,3,197.23,In-Store,197.23
5456,144,2241,2025-01-31,4,15.05,In-Store,15.05
5457,144,2768,2025-12-17,5,15.05,In-Store,15.05
5458,126,2055,2024-08-15,3,191.39,In-Store,191.39
5459,162,2561,2024-06-28,5,55.58,In-Store,55.58
5460,199,2309,2025-10-30,3,37.68,Online,37.68
5461,111,2831,2025-06-12,2,243.55,In-Store,243.55
5462,130,2700,2025-07-09,5,190.21,In-Store,190.21
5463,121,2289,2024-08-27,4,60.64,In-Store,60.64
5464,192,2169,2025-09-25,5,53.05,In-Store,53.05
5465,182,2601,2024-05-19,4,227.28,Online,227.28
5466,101,2861,2024-09-18,2,187.97,Online,187.97
5467,199,2984,2025-01-20,3,37.68,In-Store,37.68
5468,148,2725,2024-11-04,1,139.42,Online,139.42
5469,116,2958,2025-12-26,3,98.84,In-Store,98.84
5470,169,2431,2025-02-19,1,167.77,In-Store,167.77
5471,106,2032,2024-04-23,4,117.81,Online,117.81
5472,108,2327,2023-11-26,3,61.68,In-Store,61.68
5473,119,2736,2025-04-05,3,212.28,In-Store,212.28
5474,193,2937,2023-12-11,1,74.03,Online,74.03
5475,115,2828,2022-12-23,4,101.23,In-Store,101.23
5476,141,2950,2023-09-12,2,232.94,In-Store,232.94
5477,158,2443,2025-11-07,5,126.55,Online,126.55
5478,188,2958,2024-04-07,2,20.04,In-Store,20.04
5479,114,2009,2024-01-01,3,195.54,Online,195.54
5480,103,2120,2025-01-12,5,111.26,Online,111.26
5481,166,2629,2023-12-29,2,152.81,In-Store,152.81
5482,136,2607,2025-09-15,1,220.89,In-Store,220.89
5483,130,2056,2024-09-18,3,190.21,Online,190.21
5484,142,2190,2022-06-15,4,248.84,In-Store,248.84
5485,192,2631,2023-05-25,4,53.05,Online,53.05
5486,191,2213,2024-08-26,1,217.51,Online,217.51
5487,105,2949,2025-07-13,1,57.72,In-Store,57.72
5488,101,2809,2025-12-08,3,187.97,Online,187.97
5489,179,2866,2024-06-26,1,37.7,Online,37.7
5490,168,2988,2024-04-11,5,152.68,In-Store,152.68
5491,158,2478,2023-07-01,5,126.55,In-Store,126.55
5492,167,2132,2024-09-02,2,235.98,Online,235.98
5493,108,2172,2024-09-02,3,61.68,Online,61.68
5494,117,2026,2025-03-18,5,156.19,In-Store,156.19
5495,110,2746,2024-10-16,3,73.49,In-Store,73.49
5496,103,2407,2024-12-14,1,111.26,In-Store,111.26
5497,108,2605,2023-06-23,2,61.68,Online,61.68
5498,176,2843,2025-06-01,5,78.4,In-Store,78.4
5499,131,2065,2024-10-09,2,114.34,Online,114.34
5500,143,2113,2024-12-10,4,39.04,In-Store,39.04
5501,172,2260,2022-12-23,5,232.96,In-Store,232.96
5502,134,2478,2024-05-11,3,99.74,In-Store,99.74
5503,114,2714,2023-12-30,2,195.54,In-Store,195.54
5504,200,2094,2022-05-20,1,241.01,In-Store,241.01
5505,128,2161,2024-06-25,1,101.59,In-Store,101.59
5506,134,2173,2022-11-25,4,99.74,Online,99.74
5507,151,2555,2023-06-08,3,108.66,In-Store,108.66
5508,116,2797,2025-10-16,5,98.84,Online,98.84
5509,180,2097,2024-06-08,1,77.62,Online,77.62
5510,146,2512,2025-01-15,2,26.18,Online,26.18
5511,157,2444,2023-07-13,3,232.33,Online,232.33
5512,160,2516,2025-03-25,4,232.36,Online,232.36
5513,179,2128,2024-10-24,4,37.7,Online,37.7
5514,157,2070,2025-10-26,3,232.33,Online,232.33
5515,133,2433,2024-12-19,1,212.0,Online,212.0
5516,171,2723,2025-08-28,5,104.99,Online,104.99
5517,138,2100,2025-04-30,2,185.66,Online,185.66
5518,189,2359,2024-08-11,1,60.42,Online,60.42
5519,123,2055,2024-04-13,5,73.57,In-Store,73.57
5520,199,2151,2025-02-14,2,37.68,In-Store,37.68
5521,157,2092,2024-12-06,1,232.33,Online,232.33
5522,115,2809,2025-10-22,2,101.23,In-Store,101.23
5523,165,2679,2023-12-12,3,240.59,In-Store,240.59
5524,173,2235,2025-08-07,2,159.08,Online,159.08
5525,103,2193,2024-09-14,2,111.26,Online,111.26
5526,169,2532,2025-01-12,2,167.77,Online,167.77
5527,108,2547,2025-12-17,5,61.68,Online,61.68
5528,126,2974,2022-11-20,3,191.39,In-Store,191.39
5529,199,2677,2025-08-29,2,37.68,In-Store,37.68
5530,122,2599,2024-04-06,2,167.31,Online,167.31
5531,155,2421,2024-08-03,4,219.88,Online,219.88
5532,183,2272,2024-11-09,3,209.04,Online,209.04
5533,161,2855,2025-01-03,4,177.18,Online,177.18
5534,166,2743,2023-12-22,5,152.81,In-Store,152.81
5535,168,2810,2023-11-27,5,152.68,Online,152.68
5536,181,2343,2024-05-20,5,175.0,In-Store,175.0
5537,183,2323,2025-06-01,1,209.04,Online,209.04
5538,169,2321,2023-11-25,4,167.77,Online,167.77
5539,125,2222,2024-02-06,1,62.64,In-Store,62.64
5540,172,2147,2024-06-26,2,232.96,In-Store,232.96
5541,200,2096,2023-12-26,3,241.01,Online,241.01
5542,130,2253,2025-04-17,5,190.21,Online,190.21
5543,109,2428,2025-11-02,1,101.18,In-Store,101.18
5544,126,2149,2025-09-08,3,191.39,In-Store,191.39
5545,103,2819,2024-04-27,4,111.26,Online,111.26
5546,171,2235,2024-08-29,4,104.99,In-Store,104.99
5547,191,2399,2023-07-17,2,217.51,Online,217.51
5548,195,2300,2023-08-25,2,93.92,Online,93.92
5549,110,2399,2023-09-17,5,73.49,Online,73.49
5550,130,2262,2024-07-25,5,190.21,In-Store,190.21
5551,146,2841,2024-11-18,2,26.18,In-Store,26.18
5552,200,2387,2025-09-10,5,241.01,Online,241.01
5553,156,2215,2025-11-19,2,22.14,Online,22.14
5554,181,2382,2025-12-05,3,175.0,In-Store,175.0
5555,199,2934,2023-06-10,4,37.68,Online,37.68
5556,175,2230,2025-12-26,3,233.98,Online,233.98
5557,178,2410,2025-01-07,1,81.85,In-Store,81.85
5558,166,2632,2025-02-01,4,152.81,Online,152.81
5559,105,2667,2022-11-28,1,57.72,Online,57.72
5560,113,2623,2024-01-26,4,56.15,In-Store,56.15
5561,175,2993,2024-03-22,1,233.98,Online,233.98
5562,176,2111,2022-09-24,4,78.4,In-Store,78.4
5563,145,2808,2024-05-02,5,62.85,In-Store,62.85
5564,155,2173,2022-09-23,5,219.88,In-Store,219.88
5565,183,2513,2023-10-25,1,209.04,Online,209.04
5566,185,2874,2024-05-12,4,142.4,Online,142.4
5567,174,2824,2025-04-01,1,139.03,In-Store,139.03
5568,162,2532,2024-10-15,2,55.58,In-Store,55.58
5569,178,2228,2025-04-09,3,81.85,In-Store,81.85
5570,175,2256,2023-10-19,3,233.98,In-Store,233.98
5571,139,2200,2025-07-16,4,168.34,Online,168.34
5572,195,2400,2024-12-13,3,93.92,In-Store,93.92
5573,154,2516,2025-12-05,1,111.25,Online,111.25
5574,171,2291,2025-12-03,1,104.99,In-Store,104.99
5575,107,2733,2023-01-23,4,177.55,In-Store,177.55
5576,131,2901,2023-08-28,1,114.34,In-Store,114.34
5577,152,2085,2025-03-05,4,106.63,In-Store,106.63
5578,200,2130,2024-07-03,5,241.01,Online,241.01
5579,163,2423,2025-09-12,4,186.58,Online,186.58
5580,149,2737,2025-04-01,4,198.31,In-Store,198.31
5581,130,2416,2025-03-03,2,190.21,Online,190.21
5582,150,2421,2024-11-22,1,33.26,Online,33.26
5583,148,2450,2024-09-17,3,139.42,Online,139.42
5584,137,2350,2025-06-13,2,67.81,Online,67.81
5585,165,2211,2023-07-14,5,240.59,In-Store,240.59
5586,144,2181,2024-04-27,2,15.05,Online,15.05
5587,178,2807,2024-08-21,3,81.85,Online,81.85
5588,170,2739,2023-07-27,5,59.02,Online,59.02
5589,140,2914,2025-10-12,4,136.64,In-Store,136.64
5590,160,2410,2025-04-10,5,232.36,In-Store,232.36
5591,183,2670,2024-12-10,1,209.04,In-Store,209.04
5592,138,2968,2025-01-14,1,185.66,Online,185.66
5593,194,2474,2025-03-18,4,216.06,In-Store,216.06
5594,144,2957,2023-12-12,1,15.05,Online,15.05
5595,191,2386,2024-03-06,4,217.51,In-Store,217.51
5596,161,2966,2024-03-16,4,177.18,In-Store,177.18
5597,156,2241,2025-12-26,5,22.14,In-Store,22.14
5598,172,2219,2025-12-01,4,232.96,In-Store,232.96
5599,163,2606,2025-02-17,2,186.58,In-Store,186.58
5600,106,2467,2024-03-07,1,117.81,Online,117.81
5601,184,2180,2025-05-26,3,195.07,In-Store,195.07
5602,132,2971,2024-06-03,1,243.25,In-Store,243.25
5603,106,2292,2023-11-11,2,117.81,Online,117.81
5604,131,2782,2023-12-23,1,114.34,Online,114.34
5605,189,2525,2023-07-22,5,60.42,Online,60.42
5606,109,2349,2025-05-14,1,101.18,In-Store,101.18
5607,138,2518,2024-08-16,4,185.66,In-Store,185.66
5608,157,2775,2024-03-30,5,232.33,In-Store,232.33
5609,138,2638,2024-12-21,4,185.66,Online,185.66
5610,189,2077,2025-10-01,1,60.42,Online,60.42
5611,200,2695,2023-05-12,4,241.01,In-Store,241.01
5612,138,2452,2024-10-30,3,185.66,In-Store,185.66
5613,107,2635,2025-06-27,4,177.55,In-Store,177.55
5614,150,2037,2025-03-10,5,33.26,In-Store,33.26
5615,146,2523,2025-08-04,3,26.18,Online,26.18
5616,167,2306,2025-09-10,2,235.98,In-Store,235.98
5617,146,2131,2024-02-10,4,26.18,Online,26.18
5618,137,2250,2025-03-14,3,67.81,Online,67.81
5619,194,2754,2024-12-11,4,216.06,Online,216.06
5620,108,2736,2025-02-19,3,61.68,Online,61.68
5621,137,2130,2025-10-10,2,67.81,Online,67.81
5622,136,2150,2024-12-21,3,220.89,In-Store,220.89
5623,163,2024,2025-10-07,2,186.58,In-Store,186.58
5624,147,2461,2025-05-24,1,133.4,Online,133.4
5625,125,2271,2025-12-31,3,62.64,Online,62.64
5626,178,2841,2025-10-07,4,81.85,Online,81.85
5627,123,2378,2024-08-19,2,73.57,Online,73.57
5628,198,2253,2025-09-04,3,105.92,In-Store,105.92
5629,113,2695,2022-08-14,2,56.15,In-Store,56.15
5630,190,2262,2025-04-01,1,197.23,Online,197.23
5631,180,2920,2024-01-28,4,77.62,In-Store,77.62
5632,116,2587,2025-11-13,2,98.84,In-Store,98.84
5633,110,2425,2024-07-07,2,73.49,Online,73.49
5634,194,2521,2025-10-27,3,216.06,In-Store,216.06
5635,123,2149,2025-12-09,5,73.57,In-Store,73.57
5636,128,2037,2025-06-16,3,101.59,In-Store,101.59
5637,113,2036,2025-03-11,4,56.15,Online,56.15
5638,160,2173,2023-09-20,3,232.36,In-Store,232.36
5639,113,2281,2024-02-22,2,56.15,In-Store,56.15
5640,110,2700,2025-03-15,1,73.49,In-Store,73.49
5641,137,2479,2023-07-16,4,67.81,Online,67.81
5642,158,2712,2024-04-29,3,126.55,In-Store,126.55
5643,156,2812,2025-04-10,4,22.14,In-Store,22.14
5644,187,2491,2023-11-09,5,149.8,In-Store,149.8
5645,183,2633,2025-08-30,4,209.04,In-Store,209.04
5646,193,2037,2024-05-27,5,74.03,Online,74.03
5647,108,2521,2023-11-03,2,61.68,Online,61.68
5648,188,2711,2025-10-31,3,20.04,In-Store,20.04
5649,129,2772,2023-07-03,5,216.59,In-Store,216.59
5650,189,2306,2025-02-16,5,60.42,In-Store,60.42
5651,103,2828,2023-06-18,2,111.26,Online,111.26
5652,157,2485,2023-09-25,1,232.33,In-Store,232.33
5653,144,2229,2024-11-03,1,15.05,Online,15.05
5654,116,2622,2025-01-30,4,98.84,Online,98.84
5655,168,2281,2025-03-10,3,152.68,In-Store,152.68
5656,106,2913,2025-07-31,3,117.81,Online,117.81
5657,131,2496,2024-12-02,4,114.34,In-Store,114.34
5658,178,2136,2025-03-06,4,81.85,Online,81.85
5659,162,2186,2024-07-25,1,55.58,Online,55.58
5660,165,2526,2023-09-23,1,240.59,In-Store,240.59
5661,109,2571,2025-01-01,5,101.18,In-Store,101.18
5662,137,2403,2025-05-16,4,67.81,Online,67.81
5663,164,2760,2023-09-22,5,22.03,Online,22.03
5664,132,2457,2025-06-18,1,243.25,Online,243.25
5665,141,2971,2024-04-16,3,232.94,Online,232.94
5666,152,2606,2024-12-27,1,106.63,Online,106.63
5667,172,2871,2025-10-08,3,232.96,In-Store,232.96
5668,157,2824,2025-11-24,3,232.33,In-Store,232.33
5669,187,2052,2023-04-17,3,149.8,In-Store,149.8
5670,191,2769,2025-10-18,4,217.51,Online,217.51
5671,192,2945,2025-10-10,4,53.05,Online,53.05
5672,165,2226,2025-02-25,1,240.59,In-Store,240.59
5673,106,2426,2025-11-05,3,117.81,In-Store,117.81
5674,106,2113,2023-07-06,3,117.81,In-Store,117.81
5675,122,2778,2024-06-18,4,167.31,Online,167.31
5676,160,2964,2022-10-21,1,232.36,Online,232.36
5677,165,3000,2025-10-04,5,240.59,In-Store,240.59
5678,106,2106,2024-09-05,2,117.81,In-Store,117.81
5679,170,2623,2023-07-29,2,59.02,In-Store,59.02
5680,191,2887,2022-12-07,2,217.51,Online,217.51
5681,183,2174,2025-12-27,2,209.04,Online,209.04
5682,147,2838,2024-11-23,4,133.4,In-Store,133.4
5683,125,2233,2023-09-18,3,62.64,In-Store,62.64
5684,138,2553,2024-01-30,1,185.66,Online,185.66
5685,176,2742,2024-01-28,2,78.4,In-Store,78.4
5686,140,2033,2025-03-05,5,136.64,In-Store,136.64
5687,195,2798,2023-03-19,1,93.92,In-Store,93.92
5688,144,2631,2022-12-14,5,15.05,In-Store,15.05
5689,144,2309,2025-05-09,5,15.05,Online,15.05
5690,183,2790,2023-08-28,1,209.04,In-Store,209.04
5691,190,2132,2025-05-06,3,197.23,Online,197.23
5692,197,2292,2025-06-14,3,217.44,Online,217.44
5693,198,2133,2024-05-23,3,105.92,Online,105.92
5694,105,2291,2025-01-22,1,57.72,Online,57.72
5695,183,2239,2023-11-28,5,209.04,In-Store,209.04
5696,116,2517,2024-03-29,2,98.84,Online,98.84
5697,109,2813,2025-02-22,5,101.18,In-Store,101.18
5698,101,2489,2024-11-29,4,187.97,In-Store,187.97
5699,199,2456,2023-10-15,4,37.68,In-Store,37.68
5700,200,2306,2024-12-18,2,241.01,Online,241.01
5701,185,2973,2024-07-13,5,142.4,Online,142.4
5702,184,2870,2024-12-28,1,195.07,Online,195.07
5703,172,2583,2022-03-28,2,232.96,In-Store,232.96
5704,152,2659,2024-07-05,5,106.63,Online,106.63
5705,107,2155,2023-08-05,2,177.55,Online,177.55
5706,124,2968,2025-01-21,1,112.82,Online,112.82
5707,162,2822,2024-11-27,3,55.58,In-Store,55.58
5708,164,2777,2025-02-21,4,22.03,Online,22.03
5709,175,2658,2025-04-13,1,233.98,In-Store,233.98
5710,164,2994,2025-08-17,3,22.03,Online,22.03
5711,162,2396,2025-07-03,4,55.58,Online,55.58
5712,129,2239,2025-06-11,4,216.59,In-Store,216.59
5713,114,2083,2024-11-05,2,195.54,Online,195.54
5714,123,2955,2023-07-14,3,73.57,In-Store,73.57
5715,191,2841,2024-10-05,1,217.51,Online,217.51
5716,135,2416,2024-08-26,2,87.8,In-Store,87.8
5717,175,2013,2025-10-11,2,233.98,Online,233.98
5718,192,2902,2022-05-12,2,53.05,In-Store,53.05
5719,153,2992,2025-06-07,2,55.98,Online,55.98
5720,158,2986,2024-10-30,5,126.55,In-Store,126.55
5721,149,2412,2024-08-12,1,198.31,Online,198.31
5722,178,2068,2023-10-05,4,81.85,Online,81.85
5723,148,2403,2024-12-23,2,139.42,In-Store,139.42
5724,113,2009,2023-10-21,3,56.15,Online,56.15
5725,124,2965,2025-04-27,4,112.82,In-Store,112.82
5726,145,2599,2025-06-26,5,62.85,In-Store,62.85
5727,187,2120,2024-07-29,4,149.8,In-Store,149.8
5728,107,2777,2024-04-25,3,177.55,In-Store,177.55
5729,200,2843,2023-10-10,5,241.01,Online,241.01
5730,156,2269,2023-11-28,1,22.14,In-Store,22.14
5731,134,2964,2024-05-06,5,99.74,Online,99.74
5732,118,2865,2024-11-01,4,120.94,Online,120.94
5733,121,2929,2025-12-04,4,60.64,Online,60.64
5734,171,2342,2025-03-08,5,104.99,Online,104.99
5735,106,2610,2024-10-01,2,117.81,In-Store,117.81
5736,137,2946,2025-08-18,1,67.81,In-Store,67.81
5737,132,2126,2025-09-02,4,243.25,In-Store,243.25
5738,133,2768,2025-05-22,3,212.0,Online,212.0
5739,186,2737,2025-01-16,4,28.06,Online,28.06
5740,175,2849,2025-06-08,2,233.98,In-Store,233.98
5741,187,2009,2025-04-07,1,149.8,Online,149.8
5742,101,2172,2023-12-08,2,187.97,Online,187.97
5743,112,2037,2024-08-06,1,80.36,Online,80.36
5744,115,2441,2025-06-22,4,101.23,Online,101.23
5745,179,2892,2024-05-09,3,37.7,In-Store,37.7
5746,196,2400,2025-08-28,1,168.41,Online,168.41
5747,141,2578,2025-06-16,1,232.94,In-Store,232.94
5748,157,2116,2024-04-29,1,232.33,Online,232.33
5749,185,2822,2024-10-10,3,142.4,Online,142.4
5750,176,2636,2025-04-09,3,78.4,Online,78.4
5751,130,2841,2025-11-06,3,190.21,Online,190.21
5752,149,2843,2024-11-10,1,198.31,Online,198.31
5753,159,2771,2023-11-22,2,49.51,In-Store,49.51
5754,190,2504,2025-06-09,3,197.23,Online,197.23
5755,183,2459,2023-12-02,5,209.04,In-Store,209.04
5756,173,2629,2023-10-23,2,159.08,Online,159.08
5757,101,2005,2025-06-06,3,187.97,Online,187.97
5758,155,2670,2024-03-17,1,219.88,In-Store,219.88
5759,170,2668,2024-01-18,4,59.02,In-Store,59.02
5760,129,2359,2025-12-22,3,216.59,In-Store,216.59
5761,182,2880,2023-04-01,2,227.28,Online,227.28
5762,128,2242,2025-11-27,5,101.59,Online,101.59
5763,199,2580,2024-08-02,3,37.68,In-Store,37.68
5764,109,2927,2024-03-29,4,101.18,Online,101.18
5765,194,2256,2024-06-23,5,216.06,In-Store,216.06
5766,132,2005,2025-11-04,5,243.25,In-Store,243.25
5767,144,2153,2025-01-03,3,15.05,In-Store,15.05
5768,127,2142,2024-07-24,2,200.1,Online,200.1
5769,168,2883,2024-08-09,5,152.68,In-Store,152.68
5770,185,2847,2025-03-09,3,142.4,Online,142.4
5771,152,2115,2025-12-11,3,106.63,Online,106.63
5772,101,2951,2025-01-04,4,187.97,In-Store,187.97
5773,157,2018,2024-02-19,4,232.33,In-Store,232.33
5774,128,2697,2023-12-22,2,101.59,In-Store,101.59
5775,133,2064,2025-08-04,2,212.0,In-Store,212.0
5776,101,2254,2023-05-06,4,187.97,In-Store,187.97
5777,177,2663,2025-06-10,3,246.12,Online,246.12
5778,107,2143,2024-04-23,3,177.55,Online,177.55
5779,107,2174,2024-10-22,4,177.55,Online,177.55
5780,159,2459,2025-10-14,4,49.51,In-Store,49.51
5781,191,2201,2025-07-31,1,217.51,Online,217.51
5782,119,2799,2025-12-31,5,212.28,Online,212.28
5783,155,2140,2024-11-19,3,219.88,Online,219.88
5784,150,2423,2025-02-06,5,33.26,In-Store,33.26
5785,172,2767,2024-03-01,1,232.96,In-Store,232.96
5786,106,2466,2025-09-21,2,117.81,Online,117.81
5787,110,2042,2024-04-23,5,73.49,In-Store,73.49
5788,176,2605,2024-02-27,5,78.4,In-Store,78.4
5789,193,2441,2024-08-21,4,74.03,Online,74.03
5790,174,2576,2025-01-03,2,139.03,In-Store,139.03
5791,150,2721,2024-12-07,5,33.26,In-Store,33.26
5792,105,2342,2024-09-26,1,57.72,In-Store,57.72
5793,133,2169,2024-10-01,1,212.0,In-Store,212.0
5794,170,2038,2025-12-29,3,59.02,Online,59.02
5795,105,2764,2025-06-26,1,57.72,Online,57.72
5796,142,2101,2024-05-01,1,248.84,Online,248.84
5797,186,2880,2025-11-03,5,28.06,Online,28.06
5798,104,2177,2022-10-15,3,65.84,Online,65.84
5799,169,2506,2023-01-25,1,167.77,Online,167.77
5800,132,2035,2024-10-27,2,243.25,Online,243.25
5801,108,2791,2025-12-23,2,61.68,Online,61.68
5802,114,2109,2024-11-19,3,195.54,Online,195.54
5803,117,2153,2025-12-27,3,156.19,Online,156.19
5804,122,2907,2025-06-19,5,167.31,In-Store,167.31
5805,175,2122,2025-07-12,4,233.98,In-Store,233.98
5806,132,2896,2024-08-28,1,243.25,Online,243.25
5807,200,2298,2023-08-17,5,241.01,In-Store,241.01
5808,154,2200,2024-01-22,5,111.25,Online,111.25
5809,144,2620,2024-08-30,3,15.05,In-Store,15.05
5810,183,2645,2024-07-10,1,209.04,Online,209.04
5811,193,2635,2025-03-23,2,74.03,In-Store,74.03
5812,112,2686,2025-04-05,5,80.36,In-Store,80.36
5813,140,2269,2023-10-19,3,136.64,In-Store,136.64
5814,187,2835,2025-11-03,4,149.8,In-Store,149.8
5815,110,2123,2023-10-15,4,73.49,In-Store,73.49
5816,111,2363,2024-05-22,5,243.55,In-Store,243.55
5817,142,2801,2025-04-04,2,248.84,Online,248.84
5818,191,2582,2025-05-07,2,217.51,Online,217.51
5819,131,2875,2025-10-17,2,114.34,In-Store,114.34
5820,158,2011,2023-10-15,2,126.55,Online,126.55
5821,171,2955,2023-08-23,2,104.99,Online,104.99
5822,167,2320,2024-06-25,1,235.98,Online,235.98
5823,140,2006,2024-07-22,2,136.64,In-Store,136.64
5824,147,2742,2025-05-15,2,133.4,Online,133.4
5825,104,2609,2025-04-22,4,65.84,Online,65.84
5826,105,2934,2023-07-14,4,57.72,In-Store,57.72
5827,198,2477,2023-07-09,4,105.92,In-Store,105.92
5828,174,2674,2025-09-06,5,139.03,Online,139.03
5829,142,2171,2025-11-03,2,248.84,Online,248.84
5830,196,2719,2023-10-06,5,168.41,Online,168.41
5831,163,2914,2023-11-01,2,186.58,In-Store,186.58
5832,191,2555,2024-07-19,4,217.51,Online,217.51
5833,118,2536,2024-10-24,1,120.94,Online,120.94
5834,165,2778,2022-04-09,3,240.59,Online,240.59
5835,150,2105,2025-09-17,2,33.26,In-Store,33.26
5836,139,2095,2023-05-21,5,168.34,In-Store,168.34
5837,180,2613,2024-07-09,1,77.62,Online,77.62
5838,168,2227,2024-05-02,1,152.68,In-Store,152.68
5839,102,2508,2025-06-27,2,186.75,In-Store,186.75
5840,184,2627,2024-01-20,5,195.07,Online,195.07
5841,107,2023,2025-12-04,1,177.55,In-Store,177.55
5842,128,2046,2025-01-15,4,101.59,Online,101.59
5843,187,2861,2025-10-11,5,149.8,Online,149.8
5844,150,2205,2023-01-15,4,33.26,In-Store,33.26
5845,110,2223,2025-08-01,4,73.49,Online,73.49
5846,121,2514,2025-12-07,4,60.64,In-Store,60.64
5847,184,2459,2025-12-01,2,195.07,Online,195.07
5848,140,2863,2023-12-17,5,136.64,Online,136.64
5849,168,2926,2025-11-18,5,152.68,In-Store,152.68
5850,188,2448,2023-05-19,2,20.04,In-Store,20.04
5851,184,2654,2024-10-05,1,195.07,In-Store,195.07
5852,108,2361,2024-11-03,5,61.68,In-Store,61.68
5853,170,2336,2023-03-29,4,59.02,In-Store,59.02
5854,118,2409,2024-12-24,2,120.94,In-Store,120.94
5855,154,2269,2025-07-10,3,111.25,Online,111.25
5856,167,2723,2024-07-17,1,235.98,Online,235.98
5857,126,2702,2024-08-02,5,191.39,Online,191.39
5858,149,2481,2023-08-02,2,198.31,Online,198.31
5859,192,2705,2022-09-15,5,53.05,Online,53.05
5860,151,2151,2025-02-13,2,108.66,In-Store,108.66
5861,174,2984,2024-09-25,5,139.03,In-Store,139.03
5862,157,2486,2025-04-26,1,232.33,In-Store,232.33
5863,177,2108,2025-12-06,4,246.12,In-Store,246.12
5864,125,2661,2024-10-26,1,62.64,Online,62.64
5865,120,2962,2024-09-15,3,203.21,Online,203.21
5866,167,2922,2024-06-13,5,235.98,Online,235.98
5867,195,2685,2025-07-11,3,93.92,Online,93.92
5868,128,2869,2024-09-10,5,101.59,Online,101.59
5869,160,2456,2025-05-22,5,232.36,In-Store,232.36
5870,174,2790,2025-11-28,4,139.03,Online,139.03
5871,180,2844,2024-07-23,5,77.62,Online,77.62
5872,189,2578,2025-03-03,5,60.42,In-Store,60.42
5873,176,2369,2025-08-30,5,78.4,Online,78.4
5874,128,2152,2025-09-30,3,101.59,In-Store,101.59
5875,123,2414,2025-11-26,4,73.57,Online,73.57
5876,127,2008,2024-05-03,2,200.1,In-Store,200.1
5877,196,2362,2024-07-17,3,168.41,In-Store,168.41
5878,194,2379,2025-10-19,4,216.06,Online,216.06
5879,152,2592,2025-02-15,3,106.63,Online,106.63
5880,159,2596,2024-04-06,3,49.51,In-Store,49.51
5881,146,2352,2024-03-25,3,26.18,Online,26.18
5882,151,2855,2024-04-20,3,108.66,Online,108.66
5883,126,2250,2025-03-30,4,191.39,Online,191.39
5884,198,2870,2025-08-01,3,105.92,Online,105.92
5885,192,2683,2024-07-15,4,53.05,In-Store,53.05
5886,128,2858,2025-10-23,4,101.59,Online,101.59
5887,187,2846,2025-06-22,4,149.8,In-Store,149.8
5888,195,2395,2023-11-14,4,93.92,In-Store,93.92
5889,183,2087,2025-09-21,1,209.04,Online,209.04
5890,124,2735,2024-12-02,5,112.82,In-Store,112.82
5891,107,2532,2024-04-09,4,177.55,In-Store,177.55
5892,164,2988,2024-10-23,3,22.03,In-Store,22.03
5893,199,2302,2025-01-03,3,37.68,Online,37.68
5894,133,2771,2024-10-29,2,212.0,In-Store,212.0
5895,126,2545,2023-06-24,4,191.39,In-Store,191.39
5896,196,2192,2024-12-10,3,168.41,In-Store,168.41
5897,154,2113,2025-05-11,3,111.25,Online,111.25
5898,140,2319,2024-11-26,5,136.64,Online,136.64
5899,176,2950,2024-05-19,3,78.4,Online,78.4
5900,185,2081,2024-08-06,3,142.4,In-Store,142.4
5901,126,2698,2022-12-23,5,191.39,Online,191.39
5902,110,2892,2025-07-20,5,73.49,In-Store,73.49
5903,151,2811,2023-01-15,3,108.66,Online,108.66
5904,156,2679,2023-12-03,1,22.14,Online,22.14
5905,167,2377,2024-12-17,2,235.98,In-Store,235.98
5906,182,2149,2024-07-30,4,227.28,In-Store,227.28
5907,188,2499,2024-05-03,5,20.04,Online,20.04
5908,161,2176,2023-06-16,5,177.18,Online,177.18
5909,125,2137,2024-04-30,5,62.64,In-Store,62.64
5910,181,2231,2025-02-04,5,175.0,Online,175.0
5911,171,2028,2025-09-28,2,104.99,Online,104.99
5912,185,2974,2025-12-31,5,142.4,Online,142.4
5913,187,2687,2023-02-27,3,149.8,In-Store,149.8
5914,149,2863,2024-09-03,5,198.31,Online,198.31
5915,108,2620,2025-12-13,5,61.68,In-Store,61.68
5916,156,2727,2024-10-26,1,22.14,In-Store,22.14
5917,180,2789,2024-09-05,2,77.62,Online,77.62
5918,142,2103,2022-11-07,4,248.84,In-Store,248.84
5919,116,2342,2024-04-08,1,98.84,Online,98.84
5920,200,2172,2024-04-01,1,241.01,In-Store,241.01
5921,140,2851,2025-08-11,4,136.64,Online,136.64
5922,132,2870,2025-12-30,5,243.25,In-Store,243.25
5923,112,2962,2025-05-01,2,80.36,Online,80.36
5924,105,2504,2025-05-09,4,57.72,In-Store,57.72
5925,168,2729,2024-09-05,5,152.68,In-Store,152.68
5926,169,2256,2025-10-09,5,167.77,Online,167.77
5927,156,2396,2025-07-03,5,22.14,In-Store,22.14
5928,190,2830,2024-08-05,4,197.23,Online,197.23
5929,170,2109,2025-08-13,4,59.02,Online,59.02
5930,150,2074,2025-09-20,1,33.26,In-Store,33.26
5931,125,2307,2024-11-08,4,62.64,Online,62.64
5932,138,2196,2024-08-18,1,185.66,Online,185.66
5933,156,2917,2025-05-29,3,22.14,Online,22.14
5934,127,2379,2024-06-08,2,200.1,In-Store,200.1
5935,108,2482,2024-11-08,3,61.68,In-Store,61.68
5936,133,2293,2023-07-13,5,212.0,Online,212.0
5937,109,3000,2024-12-03,4,101.18,In-Store,101.18
5938,138,2359,2025-12-02,3,185.66,In-Store,185.66
5939,167,2369,2025-07-19,4,235.98,In-Store,235.98
5940,165,2509,2025-01-20,3,240.59,Online,240.59
5941,165,2599,2024-09-09,2,240.59,Online,240.59
5942,143,2496,2024-06-11,3,39.04,In-Store,39.04
5943,121,2522,2025-11-13,5,60.64,In-Store,60.64
5944,115,2704,2025-02-24,2,101.23,In-Store,101.23
5945,123,2423,2025-06-26,2,73.57,Online,73.57
5946,194,2152,2024-09-26,1,216.06,Online,216.06
5947,162,2859,2025-04-02,2,55.58,Online,55.58
5948,171,2270,2025-10-01,3,104.99,In-Store,104.99
5949,194,2245,2024-06-08,3,216.06,In-Store,216.06
5950,154,2844,2024-02-17,4,111.25,In-Store,111.25
5951,143,2219,2025-03-29,5,39.04,In-Store,39.04
5952,104,2375,2025-03-31,3,65.84,In-Store,65.84
5953,164,2958,2024-01-10,5,22.03,In-Store,22.03
5954,134,2634,2024-03-07,2,99.74,Online,99.74
5955,118,2413,2025-11-10,2,120.94,Online,120.94
5956,143,2711,2025-01-17,1,39.04,In-Store,39.04
5957,136,2825,2024-10-04,2,220.89,In-Store,220.89
5958,177,2883,2024-05-17,3,246.12,Online,246.12
5959,113,2502,2023-09-03,2,56.15,Online,56.15
5960,122,2967,2022-03-07,2,167.31,In-Store,167.31
5961,142,2266,2023-09-21,2,248.84,Online,248.84
5962,190,2858,2025-01-09,4,197.23,Online,197.23
5963,159,2967,2025-10-01,2,49.51,In-Store,49.51
5964,111,2571,2025-08-11,2,243.55,In-Store,243.55
5965,184,2859,2025-01-30,5,195.07,Online,195.07
5966,102,2236,2025-09-17,3,186.75,In-Store,186.75
5967,115,2277,2025-09-11,3,101.23,In-Store,101.23
5968,118,2081,2024-05-02,2,120.94,In-Store,120.94
5969,112,2369,2023-05-15,3,80.36,Online,80.36
5970,119,2574,2024-10-17,1,212.28,In-Store,212.28
5971,147,2156,2023-02-26,5,133.4,In-Store,133.4
5972,168,2038,2025-07-03,3,152.68,Online,152.68
5973,148,2521,2024-09-08,1,139.42,Online,139.42
5974,108,2488,2024-03-17,1,61.68,Online,61.68
5975,186,2902,2024-03-26,3,28.06,Online,28.06
5976,155,2385,2024-04-22,4,219.88,In-Store,219.88
5977,136,2100,2024-04-12,3,220.89,In-Store,220.89
5978,140,2990,2023-11-20,3,136.64,Online,136.64
5979,151,2514,2025-04-12,2,108.66,In-Store,108.66
5980,149,2506,2024-08-23,5,198.31,In-Store,198.31
5981,188,2079,2023-09-05,4,20.04,Online,20.04
5982,195,2043,2024-12-03,5,93.92,In-Store,93.92
5983,114,2076,2025-04-26,5,195.54,In-Store,195.54
5984,168,2037,2024-11-30,3,152.68,In-Store,152.68
5985,102,2755,2025-11-09,2,186.75,Online,186.75
5986,178,2372,2024-07-24,2,81.85,In-Store,81.85
5987,102,2511,2025-02-14,5,186.75,Online,186.75
5988,143,2134,2025-03-18,2,39.04,Online,39.04
5989,180,2364,2025-01-17,2,77.62,In-Store,77.62
5990,128,2444,2023-08-18,1,101.59,Online,101.59
5991,173,2554,2024-10-06,5,159.08,Online,159.08
5992,114,2196,2025-09-28,1,195.54,In-Store,195.54
5993,160,2150,2025-08-24,5,232.36,Online,232.36
5994,160,2672,2025-11-19,1,232.36,In-Store,232.36
5995,120,2760,2025-07-15,2,203.21,In-Store,203.21
5996,194,2534,2025-04-20,4,216.06,Online,216.06
5997,189,2138,2024-11-10,3,60.42,In-Store,60.42
5998,165,2542,2023-05-12,3,240.59,Online,240.59
5999,134,2516,2025-03-18,2,99.74,Online,99.74
6000,186,2588,2025-04-10,3,28.06,In-Store,28.06
6001,151,2480,2025-02-05,2,108.66,In-Store,108.66
6002,108,2628,2024-03-01,4,61.68,Online,61.68
6003,113,2852,2023-08-25,5,56.15,Online,56.15
6004,152,2378,2024-09-24,4,106.63,In-Store,106.63
6005,182,2494,2024-02-19,3,227.28,In-Store,227.28
6006,154,2155,2024-07-10,4,111.25,Online,111.25
6007,178,2781,2025-04-29,4,81.85,In-Store,81.85
6008,140,2194,2023-02-13,5,136.64,In-Store,136.64
6009,103,2577,2025-10-12,1,111.26,In-Store,111.26
6010,183,2990,2023-11-08,2,209.04,In-Store,209.04
6011,111,2889,2023-10-18,5,243.55,In-Store,243.55
6012,133,2341,2024-05-05,4,212.0,In-Store,212.0
6013,111,2175,2024-12-06,1,243.55,Online,243.55
6014,155,2800,2022-09-17,1,219.88,Online,219.88
6015,123,2043,2025-11-29,5,73.57,In-Store,73.57
6016,173,2264,2025-08-26,2,159.08,Online,159.08
6017,180,2287,2025-09-07,2,77.62,In-Store,77.62
6018,172,2571,2024-09-06,1,232.96,Online,232.96
6019,176,2872,2025-06-22,5,78.4,In-Store,78.4
6020,106,2634,2025-04-12,3,117.81,In-Store,117.81
6021,183,2636,2025-01-16,3,209.04,In-Store,209.04
6022,160,2882,2024-09-26,5,232.36,In-Store,232.36
6023,181,2301,2025-10-27,5,175.0,In-Store,175.0
6024,118,2393,2025-04-05,4,120.94,Online,120.94
6025,156,2164,2025-08-16,4,22.14,In-Store,22.14
6026,195,2161,2025-11-28,3,93.92,Online,93.92
6027,178,2305,2025-12-25,5,81.85,Online,81.85
6028,117,2031,2025-12-18,5,156.19,Online,156.19
6029,137,2819,2023-01-25,2,67.81,Online,67.81
6030,101,2067,2025-04-30,5,187.97,In-Store,187.97
6031,154,2154,2025-10-05,5,111.25,Online,111.25
6032,197,2548,2022-10-22,3,217.44,Online,217.44
6033,110,2452,2025-02-22,1,73.49,In-Store,73.49
6034,179,2511,2023-09-25,3,37.7,In-Store,37.7
6035,199,2698,2024-05-23,3,37.68,Online,37.68
6036,157,2552,2024-07-26,2,232.33,In-Store,232.33
6037,134,2269,2025-03-18,2,99.74,In-Store,99.74
6038,184,2840,2025-05-16,1,195.07,Online,195.07
6039,189,2025,2023-11-28,2,60.42,Online,60.42
6040,187,2779,2025-01-06,5,149.8,In-Store,149.8
6041,133,2814,2024-08-13,5,212.0,Online,212.0
6042,168,2696,2025-11-06,1,152.68,Online,152.68
6043,129,2163,2025-01-22,4,216.59,Online,216.59
6044,125,2359,2024-10-28,3,62.64,Online,62.64
6045,170,2286,2025-11-16,1,59.02,Online,59.02
6046,117,2955,2023-02-24,4,156.19,In-Store,156.19
6047,192,2731,2025-08-20,1,53.05,In-Store,53.05
6048,109,2217,2025-05-13,2,101.18,In-Store,101.18
6049,172,2318,2024-10-30,5,232.96,Online,232.96
6050,159,2704,2023-09-17,3,49.51,Online,49.51
6051,135,2377,2024-06-25,5,87.8,Online,87.8
6052,164,2124,2025-07-12,4,22.03,Online,22.03
6053,114,2621,2025-11-26,3,195.54,Online,195.54
6054,175,2786,2024-09-14,4,233.98,Online,233.98
6055,184,2437,2023-01-11,1,195.07,Online,195.07
6056,173,2107,2023-07-23,1,159.08,Online,159.08
6057,169,3000,2025-09-14,2,167.77,In-Store,167.77
6058,185,2447,2024-10-17,2,142.4,In-Store,142.4
6059,176,2995,2025-04-20,1,78.4,Online,78.4
6060,109,2294,2025-05-23,1,101.18,Online,101.18
6061,139,2842,2025-07-23,3,168.34,Online,168.34
6062,170,2508,2025-08-13,5,59.02,Online,59.02
6063,166,2514,2024-11-02,3,152.81,In-Store,152.81
6064,194,2683,2024-08-23,2,216.06,In-Store,216.06
6065,101,2795,2023-12-03,4,187.97,Online,187.97
6066,168,2823,2025-03-31,1,152.68,In-Store,152.68
6067,168,2520,2025-12-12,5,152.68,In-Store,152.68
6068,128,2379,2024-11-17,4,101.59,In-Store,101.59
6069,178,2281,2023-04-16,4,81.85,Online,81.85
6070,139,2123,2023-06-04,3,168.34,In-Store,168.34
6071,102,2675,2025-03-14,2,186.75,Online,186.75
6072,152,2431,2024-04-08,2,106.63,Online,106.63
6073,115,2089,2022-05-06,3,101.23,In-Store,101.23
6074,145,2385,2025-04-09,1,62.85,In-Store,62.85
6075,163,2287,2025-10-29,3,186.58,In-Store,186.58
6076,149,2601,2024-11-22,1,198.31,In-Store,198.31
6077,188,2041,2025-07-11,4,20.04,Online,20.04
6078,102,2848,2025-06-25,4,186.75,Online,186.75
6079,178,2878,2025-02-12,3,81.85,Online,81.85
6080,112,2131,2022-09-24,4,80.36,In-Store,80.36
6081,123,2829,2023-11-26,4,73.57,Online,73.57
6082,111,2154,2025-08-29,2,243.55,Online,243.55
6083,143,2779,2025-10-01,4,39.04,Online,39.04
6084,102,2046,2025-11-13,1,186.75,Online,186.75
6085,158,2330,2025-07-14,5,126.55,In-Store,126.55
6086,150,2360,2025-10-29,4,33.26,In-Store,33.26
6087,132,2375,2023-05-04,3,243.25,Online,243.25
6088,142,2278,2023-12-21,2,248.84,Online,248.84
6089,188,2084,2025-02-26,3,20.04,In-Store,20.04
6090,170,2310,2023-07-03,4,59.02,Online,59.02
6091,143,2664,2022-07-12,1,39.04,In-Store,39.04
6092,114,2653,2024-07-18,2,195.54,In-Store,195.54
6093,198,2357,2025-10-20,3,105.92,In-Store,105.92
6094,169,2291,2024-11-28,1,167.77,In-Store,167.77
6095,143,2463,2023-12-11,1,39.04,Online,39.04
6096,128,2477,2025-10-19,5,101.59,Online,101.59
6097,115,2328,2023-07-26,4,101.23,Online,101.23
6098,132,2457,2024-09-05,3,243.25,Online,243.25
6099,169,2162,2025-09-16,4,167.77,Online,167.77
6100,102,2141,2024-11-09,2,186.75,Online,186.75
6101,105,2361,2025-04-05,3,57.72,In-Store,57.72
6102,173,2964,2024-11-14,1,159.08,Online,159.08
6103,153,2968,2025-07-26,3,55.98,Online,55.98
6104,182,2210,2022-04-07,5,227.28,In-Store,227.28
6105,157,2705,2025-05-16,1,232.33,In-Store,232.33
6106,136,2039,2025-01-23,4,220.89,In-Store,220.89
6107,117,2559,2022-12-24,5,156.19,Online,156.19
6108,196,2947,2025-03-05,5,168.41,In-Store,168.41
6109,198,2190,2025-07-31,5,105.92,In-Store,105.92
6110,127,2844,2025-05-31,3,200.1,In-Store,200.1
6111,169,2890,2025-08-28,3,167.77,Online,167.77
6112,126,2538,2025-10-11,2,191.39,In-Store,191.39
6113,183,2491,2024-09-23,4,209.04,Online,209.04
6114,188,2402,2025-09-23,4,20.04,Online,20.04
6115,102,2867,2025-01-05,3,186.75,Online,186.75
6116,140,2509,2024-11-07,4,136.64,Online,136.64
6117,173,2984,2024-11-08,4,159.08,In-Store,159.08
6118,104,2420,2025-12-10,1,65.84,Online,65.84
6119,144,2925,2024-12-12,2,15.05,Online,15.05
6120,196,2654,2025-01-15,4,168.41,Online,168.41
6121,185,2611,2025-04-13,4,142.4,In-Store,142.4
6122,178,2405,2025-05-08,5,81.85,Online,81.85
6123,191,2361,2025-03-06,2,217.51,In-Store,217.51
6124,199,2254,2023-11-25,4,37.68,In-Store,37.68
6125,128,2811,2023-01-23,3,101.59,Online,101.59
6126,182,2535,2024-02-14,1,227.28,Online,227.28
6127,161,2035,2024-08-22,3,177.18,Online,177.18
6128,198,2437,2025-03-22,4,105.92,Online,105.92
6129,151,2741,2023-10-10,5,108.66,Online,108.66
6130,114,2921,2025-02-08,2,195.54,In-Store,195.54
6131,108,2490,2024-03-02,2,61.68,Online,61.68
6132,151,2582,2025-04-02,1,108.66,Online,108.66
6133,134,2637,2025-12-14,2,99.74,Online,99.74
6134,128,2209,2025-02-12,1,101.59,In-Store,101.59
6135,127,2752,2025-05-22,4,200.1,Online,200.1
6136,181,2111,2022-09-26,3,175.0,In-Store,175.0
6137,116,2388,2023-06-22,1,98.84,Online,98.84
6138,134,2704,2025-03-31,5,99.74,In-Store,99.74
6139,123,2658,2023-07-04,5,73.57,Online,73.57
6140,113,2252,2023-07-08,3,56.15,In-Store,56.15
6141,107,2593,2024-06-10,5,177.55,Online,177.55
6142,182,2627,2023-07-14,5,227.28,In-Store,227.28
6143,164,2326,2025-06-06,1,22.03,Online,22.03
6144,153,2570,2023-09-15,3,55.98,In-Store,55.98
6145,124,2531,2023-07-18,5,112.82,In-Store,112.82
6146,134,2591,2024-12-04,4,99.74,In-Store,99.74
6147,121,2334,2025-08-07,4,60.64,Online,60.64
6148,160,2356,2024-10-15,2,232.36,In-Store,232.36
6149,150,2039,2023-11-23,4,33.26,In-Store,33.26
6150,176,2701,2023-08-05,2,78.4,In-Store,78.4
6151,187,2278,2022-05-24,3,149.8,Online,149.8
6152,114,2882,2024-06-11,4,195.54,Online,195.54
6153,191,2571,2024-07-11,5,217.51,Online,217.51
6154,113,2990,2022-10-17,2,56.15,In-Store,56.15
6155,163,2277,2024-10-08,5,186.58,In-Store,186.58
6156,178,2275,2024-02-02,4,81.85,Online,81.85
6157,183,2700,2024-08-15,4,209.04,Online,209.04
6158,192,2175,2024-05-23,5,53.05,In-Store,53.05
6159,149,2427,2024-12-08,2,198.31,Online,198.31
6160,156,2327,2022-12-10,1,22.14,Online,22.14
6161,179,2690,2025-01-28,2,37.7,In-Store,37.7
6162,142,2897,2025-12-03,4,248.84,Online,248.84
6163,145,2797,2024-03-02,5,62.85,In-Store,62.85
6164,108,2710,2023-03-03,4,61.68,Online,61.68
6165,127,2477,2022-09-18,3,200.1,In-Store,200.1
6166,200,2241,2025-09-05,5,241.01,In-Store,241.01
6167,175,2972,2023-06-24,1,233.98,Online,233.98
6168,195,2453,2025-01-21,2,93.92,Online,93.92
6169,195,2576,2024-04-13,5,93.92,Online,93.92
6170,124,2608,2024-06-11,4,112.82,Online,112.82
6171,188,2699,2025-10-13,1,20.04,Online,20.04
6172,115,2799,2025-11-03,1,101.23,In-Store,101.23
6173,145,2797,2024-06-14,2,62.85,Online,62.85
6174,173,2304,2024-10-04,2,159.08,In-Store,159.08
6175,129,2711,2025-10-03,1,216.59,In-Store,216.59
6176,183,2762,2024-09-24,4,209.04,In-Store,209.04
6177,153,2306,2024-11-30,2,55.98,Online,55.98
6178,172,2061,2025-01-08,3,232.96,In-Store,232.96
6179,179,2412,2023-08-12,4,37.7,Online,37.7
6180,160,2252,2025-05-27,1,232.36,Online,232.36
6181,169,2300,2025-07-02,1,167.77,In-Store,167.77
6182,193,2891,2024-08-04,4,74.03,In-Store,74.03
6183,119,2196,2025-05-27,2,212.28,In-Store,212.28
6184,137,2996,2024-09-18,2,67.81,Online,67.81
6185,165,2385,2024-07-19,3,240.59,Online,240.59
6186,156,2409,2025-02-03,3,22.14,Online,22.14
6187,166,2152,2024-06-28,4,152.81,Online,152.81
6188,180,2510,2024-03-11,3,77.62,Online,77.62
6189,127,2616,2023-11-05,5,200.1,In-Store,200.1
6190,105,2971,2024-02-16,2,57.72,Online,57.72
6191,179,2582,2025-04-12,3,37.7,In-Store,37.7
6192,110,2315,2025-03-04,2,73.49,In-Store,73.49
6193,125,2967,2025-08-15,1,62.64,Online,62.64
6194,176,2053,2024-02-22,4,78.4,In-Store,78.4
6195,109,2645,2025-01-13,1,101.18,Online,101.18
6196,172,2591,2024-11-23,4,232.96,In-Store,232.96
6197,177,2398,2024-10-28,4,246.12,In-Store,246.12
6198,184,2405,2025-11-27,1,195.07,Online,195.07
6199,175,2411,2025-02-25,3,233.98,In-Store,233.98
6200,182,2044,2025-10-24,5,227.28,In-Store,227.28
6201,132,2627,2023-09-06,4,243.25,Online,243.25
6202,165,2069,2023-12-07,1,240.59,Online,240.59
6203,112,2187,2025-12-01,1,80.36,In-Store,80.36
6204,167,2961,2025-08-25,5,235.98,Online,235.98
6205,190,2874,2024-03-22,4,197.23,In-Store,197.23
6206,194,2651,2025-10-26,3,216.06,In-Store,216.06
6207,116,2560,2024-07-28,4,98.84,In-Store,98.84
6208,192,2118,2025-11-24,4,53.05,Online,53.05
6209,130,2492,2024-12-22,4,190.21,In-Store,190.21
6210,159,2611,2022-07-15,1,49.51,In-Store,49.51
6211,133,2501,2025-04-02,4,212.0,In-Store,212.0
6212,184,2748,2022-04-07,5,195.07,Online,195.07
6213,170,2907,2025-06-25,5,59.02,Online,59.02
6214,191,2829,2025-09-08,1,217.51,Online,217.51
6215,155,2114,2025-03-08,3,219.88,Online,219.88
6216,101,2895,2022-11-02,4,187.97,In-Store,187.97
6217,169,2837,2024-10-02,1,167.77,In-Store,167.77
6218,191,2942,2025-04-03,5,217.51,Online,217.51
6219,180,2299,2025-04-12,5,77.62,Online,77.62
6220,162,2074,2023-03-01,3,55.58,Online,55.58
6221,188,2099,2025-03-09,5,20.04,In-Store,20.04
6222,148,2897,2025-02-07,4,139.42,In-Store,139.42
6223,123,3000,2025-03-27,1,73.57,Online,73.57
6224,122,2282,2022-11-21,2,167.31,In-Store,167.31
6225,136,2045,2023-12-09,3,220.89,In-Store,220.89
6226,134,2706,2025-03-01,2,99.74,Online,99.74
6227,138,2345,2024-05-01,1,185.66,Online,185.66
6228,157,2093,2023-05-29,4,232.33,Online,232.33
6229,121,2094,2022-06-12,3,60.64,In-Store,60.64
6230,122,2077,2024-10-02,2,167.31,Online,167.31
6231,184,2549,2022-02-08,1,195.07,Online,195.07
6232,115,2326,2024-08-12,5,101.23,In-Store,101.23
6233,199,2247,2023-11-14,3,37.68,In-Store,37.68
6234,149,2909,2024-12-28,2,198.31,Online,198.31
6235,153,2046,2024-08-07,1,55.98,Online,55.98
6236,188,2537,2024-03-10,3,20.04,Online,20.04
6237,113,2219,2025-07-12,1,56.15,Online,56.15
6238,179,2331,2025-10-05,1,37.7,In-Store,37.7
6239,200,2939,2025-04-17,2,241.01,Online,241.01
6240,199,2703,2023-07-25,4,37.68,Online,37.68
6241,171,2571,2025-07-03,5,104.99,In-Store,104.99
6242,199,2430,2025-09-11,5,37.68,Online,37.68
6243,137,2600,2024-06-12,1,67.81,In-Store,67.81
6244,163,2544,2024-06-14,5,186.58,Online,186.58
6245,175,2433,2025-10-03,5,233.98,In-Store,233.98
6246,133,2500,2024-10-26,3,212.0,In-Store,212.0
6247,141,2915,2024-02-22,1,232.94,Online,232.94
6248,157,2041,2024-07-04,5,232.33,In-Store,232.33
6249,113,2398,2025-09-03,2,56.15,Online,56.15
6250,175,2951,2024-12-07,1,233.98,Online,233.98
6251,138,2629,2025-04-29,2,185.66,In-Store,185.66
6252,191,2192,2024-09-19,1,217.51,Online,217.51
6253,162,2247,2024-04-04,1,55.58,In-Store,55.58
6254,191,2984,2025-04-14,3,217.51,Online,217.51
6255,123,2963,2024-08-31,2,73.57,Online,73.57
6256,105,2730,2023-06-29,3,57.72,Online,57.72
6257,140,2362,2022-10-25,3,136.64,Online,136.64
6258,143,2094,2024-03-07,2,39.04,In-Store,39.04
6259,111,2691,2024-06-04,4,243.55,Online,243.55
6260,145,2051,2024-07-05,3,62.85,In-Store,62.85
6261,182,2510,2025-05-26,5,227.28,In-Store,227.28
6262,158,2943,2024-02-26,5,126.55,In-Store,126.55
6263,123,2421,2024-06-26,4,73.57,In-Store,73.57
6264,158,2234,2024-10-14,1,126.55,Online,126.55
6265,140,2057,2023-11-28,5,136.64,Online,136.64
6266,147,2629,2024-01-18,1,133.4,Online,133.4
6267,144,2919,2025-05-07,1,15.05,Online,15.05
6268,197,2761,2023-05-21,2,217.44,In-Store,217.44
6269,138,2113,2025-10-17,3,185.66,Online,185.66
6270,163,2587,2025-02-17,4,186.58,Online,186.58
6271,154,2748,2022-04-27,5,111.25,In-Store,111.25
6272,158,2311,2025-02-05,1,126.55,In-Store,126.55
6273,112,2523,2024-07-15,3,80.36,Online,80.36
6274,102,2441,2025-04-18,2,186.75,In-Store,186.75
6275,156,2056,2024-01-08,4,22.14,In-Store,22.14
6276,187,2645,2024-08-06,2,149.8,In-Store,149.8
6277,191,2602,2025-09-01,1,217.51,Online,217.51
6278,138,2950,2024-02-21,1,185.66,Online,185.66
6279,121,2570,2025-01-14,1,60.64,Online,60.64
6280,131,2839,2025-06-05,3,114.34,Online,114.34
6281,200,2023,2025-12-03,1,241.01,In-Store,241.01
6282,155,2072,2024-03-08,2,219.88,In-Store,219.88
6283,124,2739,2024-05-17,5,112.82,Online,112.82
6284,144,2932,2024-05-11,4,15.05,Online,15.05
6285,120,2950,2025-10-16,1,203.21,Online,203.21
6286,159,2390,2025-07-20,5,49.51,Online,49.51
6287,104,2438,2024-05-22,1,65.84,In-Store,65.84
6288,107,2502,2024-07-31,4,177.55,Online,177.55
6289,138,2470,2022-11-02,1,185.66,Online,185.66
6290,168,2934,2024-11-08,2,152.68,Online,152.68
6291,157,2784,2025-08-05,1,232.33,Online,232.33
6292,196,2720,2024-01-31,2,168.41,Online,168.41
6293,152,2271,2023-07-17,5,106.63,In-Store,106.63
6294,199,2028,2024-10-04,3,37.68,Online,37.68
6295,132,2217,2025-02-05,1,243.25,In-Store,243.25
6296,114,2082,2025-03-18,3,195.54,Online,195.54
6297,140,2139,2024-12-10,4,136.64,In-Store,136.64
6298,126,2646,2024-10-16,2,191.39,In-Store,191.39
6299,175,2441,2024-11-10,4,233.98,Online,233.98
6300,183,2241,2024-09-21,2,209.04,Online,209.04
6301,155,2472,2025-05-20,4,219.88,Online,219.88
6302,106,2006,2025-07-15,3,117.81,In-Store,117.81
6303,200,2685,2023-10-06,1,241.01,Online,241.01
6304,125,2450,2025-02-25,2,62.64,Online,62.64
6305,157,2469,2025-05-27,4,232.33,Online,232.33
6306,175,2219,2025-04-04,4,233.98,Online,233.98
6307,197,2978,2024-01-17,2,217.44,In-Store,217.44
6308,142,2677,2025-10-11,4,248.84,Online,248.84
6309,162,2770,2025-09-23,4,55.58,Online,55.58
6310,157,2203,2025-01-03,3,232.33,Online,232.33
6311,142,2155,2023-02-03,4,248.84,Online,248.84
6312,131,2226,2025-08-24,4,114.34,Online,114.34
6313,131,2346,2025-11-16,4,114.34,In-Store,114.34
6314,146,2958,2024-12-12,3,26.18,In-Store,26.18
6315,135,2999,2023-11-06,2,87.8,In-Store,87.8
6316,123,2025,2023-08-12,5,73.57,In-Store,73.57
6317,117,2335,2024-11-15,5,156.19,In-Store,156.19
6318,139,2476,2025-09-14,3,168.34,In-Store,168.34
6319,135,2248,2024-12-06,4,87.8,Online,87.8
6320,180,2205,2023-08-07,5,77.62,Online,77.62
6321,162,2425,2025-06-20,2,55.58,In-Store,55.58
6322,112,2234,2024-05-31,1,80.36,In-Store,80.36
6323,139,2573,2025-11-23,1,168.34,In-Store,168.34
6324,170,2017,2024-09-20,5,59.02,In-Store,59.02
6325,167,2039,2024-07-08,2,235.98,Online,235.98
6326,123,2151,2024-12-17,3,73.57,In-Store,73.57
6327,171,2291,2024-10-02,3,104.99,Online,104.99
6328,101,2962,2024-05-20,4,187.97,In-Store,187.97
6329,117,2754,2025-09-06,2,156.19,Online,156.19
6330,200,2242,2024-05-22,1,241.01,In-Store,241.01
6331,200,2730,2024-11-09,3,241.01,In-Store,241.01
6332,106,2398,2024-12-10,3,117.81,In-Store,117.81
6333,159,2405,2025-12-15,2,49.51,Online,49.51
6334,156,2082,2024-11-02,3,22.14,In-Store,22.14
6335,101,2406,2025-07-22,1,187.97,Online,187.97
6336,144,2388,2023-09-02,5,15.05,In-Store,15.05
6337,152,2718,2023-07-26,5,106.63,Online,106.63
6338,168,2124,2024-11-25,2,152.68,In-Store,152.68
6339,155,2503,2024-03-30,1,219.88,In-Store,219.88
6340,184,2682,2025-03-26,3,195.07,Online,195.07
6341,129,2995,2025-04-08,5,216.59,In-Store,216.59
6342,143,2995,2025-09-22,5,39.04,Online,39.04
6343,169,2893,2022-12-08,5,167.77,In-Store,167.77
6344,184,2388,2025-06-15,5,195.07,Online,195.07
6345,168,2283,2025-03-27,4,152.68,In-Store,152.68
6346,117,2940,2024-07-16,3,156.19,Online,156.19
6347,101,2202,2024-07-07,1,187.97,Online,187.97
6348,196,2314,2024-10-10,2,168.41,In-Store,168.41
6349,142,2249,2025-05-10,2,248.84,In-Store,248.84
6350,196,2059,2023-08-05,2,168.41,Online,168.41
6351,162,2990,2022-10-05,1,55.58,In-Store,55.58
6352,179,2561,2022-07-11,3,37.7,In-Store,37.7
6353,141,2190,2022-03-01,2,232.94,In-Store,232.94
6354,120,2104,2024-10-31,1,203.21,In-Store,203.21
6355,123,2073,2023-09-19,1,73.57,Online,73.57
6356,182,2570,2023-10-05,1,227.28,Online,227.28
6357,196,2360,2022-10-09,5,168.41,In-Store,168.41
6358,177,2670,2025-05-07,5,246.12,Online,246.12
6359,104,2214,2022-10-22,1,65.84,In-Store,65.84
6360,178,2276,2024-07-22,1,81.85,Online,81.85
6361,174,2023,2025-03-20,4,139.03,Online,139.03
6362,154,2482,2024-09-13,1,111.25,In-Store,111.25
6363,175,2686,2024-04-19,5,233.98,In-Store,233.98
6364,136,2638,2025-09-25,4,220.89,Online,220.89
6365,132,2322,2022-08-13,4,243.25,Online,243.25
6366,101,2581,2024-09-24,5,187.97,Online,187.97
6367,121,2762,2025-12-10,3,60.64,Online,60.64
6368,139,2181,2025-09-06,3,168.34,In-Store,168.34
6369,196,2911,2025-08-06,3,168.41,In-Store,168.41
6370,185,2498,2023-01-20,1,142.4,Online,142.4
6371,184,2294,2024-10-09,4,195.07,In-Store,195.07
6372,196,2088,2025-04-22,3,168.41,Online,168.41
6373,170,2334,2023-01-18,1,59.02,In-Store,59.02
6374,173,2913,2023-08-09,5,159.08,In-Store,159.08
6375,181,2135,2025-02-06,1,175.0,In-Store,175.0
6376,164,2727,2024-06-20,4,22.03,Online,22.03
6377,120,2779,2025-01-24,4,203.21,Online,203.21
6378,177,2168,2025-07-17,1,246.12,In-Store,246.12
6379,177,2711,2024-03-31,5,246.12,Online,246.12
6380,123,2795,2025-07-05,5,73.57,In-Store,73.57
6381,142,2228,2025-10-08,2,248.84,Online,248.84
6382,174,2219,2024-12-16,5,139.03,In-Store,139.03
6383,168,2581,2024-02-25,4,152.68,In-Store,152.68
6384,114,2631,2022-11-03,5,195.54,Online,195.54
6385,165,2550,2024-12-19,3,240.59,Online,240.59
6386,115,2400,2024-01-19,4,101.23,In-Store,101.23
6387,199,2545,2025-12-26,1,37.68,Online,37.68
6388,127,2296,2025-03-17,3,200.1,Online,200.1
6389,128,2128,2025-07-04,3,101.59,In-Store,101.59
6390,101,2407,2025-08-03,1,187.97,Online,187.97
6391,184,2690,2024-02-24,3,195.07,In-Store,195.07
6392,137,2632,2024-12-13,2,67.81,Online,67.81
6393,124,2644,2025-04-14,2,112.82,Online,112.82
6394,182,2699,2023-11-16,4,227.28,Online,227.28
6395,137,2400,2025-01-05,5,67.81,In-Store,67.81
6396,182,2800,2025-08-06,3,227.28,In-Store,227.28
6397,129,2450,2025-01-18,4,216.59,In-Store,216.59
6398,135,2239,2023-04-29,4,87.8,In-Store,87.8
6399,125,2976,2025-04-06,3,62.64,Online,62.64
6400,192,2446,2025-02-17,5,53.05,Online,53.05
6401,142,2136,2025-01-18,5,248.84,In-Store,248.84
6402,123,2696,2025-08-18,2,73.57,Online,73.57
6403,130,2882,2024-11-11,1,190.21,Online,190.21
6404,133,2585,2024-05-07,3,212.0,Online,212.0
6405,198,2455,2024-12-09,1,105.92,Online,105.92
6406,112,2707,2025-07-17,1,80.36,Online,80.36
6407,161,2165,2023-12-26,3,177.18,Online,177.18
6408,122,2191,2025-12-26,5,167.31,In-Store,167.31
6409,193,2784,2024-09-30,3,74.03,Online,74.03
6410,118,2208,2025-12-15,1,120.94,Online,120.94
6411,108,2996,2024-12-12,3,61.68,In-Store,61.68
6412,148,2220,2025-11-24,1,139.42,Online,139.42
6413,111,2779,2024-06-30,1,243.55,In-Store,243.55
6414,167,2365,2023-08-24,4,235.98,Online,235.98
6415,175,2412,2022-02-17,3,233.98,Online,233.98
6416,122,2706,2024-12-19,2,167.31,Online,167.31
6417,194,2823,2025-02-26,1,216.06,In-Store,216.06
6418,161,2284,2025-11-10,3,177.18,In-Store,177.18
6419,111,2762,2025-05-02,4,243.55,Online,243.55
6420,180,2325,2023-07-25,5,77.62,In-Store,77.62
6421,106,2135,2024-04-15,3,117.81,Online,117.81
6422,132,2766,2023-12-20,1,243.25,In-Store,243.25
6423,101,2351,2022-09-02,1,187.97,In-Store,187.97
6424,146,2188,2024-11-12,4,26.18,In-Store,26.18
6425,149,2195,2023-06-02,4,198.31,In-Store,198.31
6426,102,2561,2022-12-04,3,186.75,In-Store,186.75
6427,182,2834,2024-01-09,5,227.28,In-Store,227.28
6428,152,2339,2024-02-26,1,106.63,Online,106.63
6429,122,2129,2025-01-10,1,167.31,In-Store,167.31
6430,199,2308,2025-11-07,3,37.68,Online,37.68
6431,106,2487,2023-06-29,2,117.81,In-Store,117.81
6432,127,2571,2025-10-20,4,200.1,Online,200.1
6433,174,2127,2025-05-20,3,139.03,In-Store,139.03
6434,136,2997,2022-11-21,4,220.89,Online,220.89
6435,175,2117,2025-09-15,5,233.98,In-Store,233.98
6436,200,2267,2023-05-06,2,241.01,In-Store,241.01
6437,172,2155,2022-06-28,2,232.96,In-Store,232.96
6438,118,2920,2024-10-24,4,120.94,In-Store,120.94
6439,110,2741,2025-06-01,3,73.49,In-Store,73.49
6440,123,2140,2025-12-05,4,73.57,In-Store,73.57
6441,102,2723,2024-12-08,1,186.75,In-Store,186.75
6442,194,2016,2022-11-02,4,216.06,Online,216.06
6443,168,2035,2024-05-26,4,152.68,Online,152.68
6444,192,2768,2023-07-25,5,53.05,In-Store,53.05
6445,144,2110,2024-01-25,3,15.05,In-Store,15.05
6446,168,2287,2025-04-22,4,152.68,Online,152.68
6447,109,2914,2025-01-08,1,101.18,Online,101.18
6448,140,2168,2024-08-26,4,136.64,In-Store,136.64
6449,118,2309,2025-04-01,2,120.94,Online,120.94
6450,140,2095,2023-05-05,4,136.64,In-Store,136.64
6451,117,2154,2025-11-20,1,156.19,In-Store,156.19
6452,133,2143,2025-04-10,3,212.0,In-Store,212.0
6453,117,2560,2025-09-27,2,156.19,In-Store,156.19
6454,157,2945,2022-12-10,2,232.33,Online,232.33
6455,139,2098,2025-01-24,3,168.34,In-Store,168.34
6456,195,2147,2025-08-13,4,93.92,Online,93.92
6457,111,2450,2025-12-09,4,243.55,Online,243.55
6458,167,2132,2025-12-31,5,235.98,In-Store,235.98
6459,173,2349,2024-07-04,4,159.08,In-Store,159.08
6460,151,2198,2025-06-27,3,108.66,Online,108.66
6461,191,2917,2023-01-26,4,217.51,In-Store,217.51
6462,181,2401,2025-11-04,2,175.0,Online,175.0
6463,179,2730,2025-02-10,1,37.7,Online,37.7
6464,103,2456,2024-08-31,2,111.26,In-Store,111.26
6465,169,2038,2025-06-20,4,167.77,Online,167.77
6466,141,2149,2025-06-21,5,232.94,Online,232.94
6467,152,2919,2023-07-19,5,106.63,In-Store,106.63
6468,172,2397,2025-02-28,4,232.96,Online,232.96
6469,190,2780,2024-06-11,1,197.23,In-Store,197.23
6470,117,2774,2025-07-15,5,156.19,In-Store,156.19
6471,194,2658,2024-11-18,2,216.06,Online,216.06
6472,125,2949,2024-11-11,3,62.64,In-Store,62.64
6473,143,2125,2025-12-22,2,39.04,In-Store,39.04
6474,127,2672,2024-05-04,3,200.1,Online,200.1
6475,194,2150,2025-10-01,5,216.06,Online,216.06
6476,125,2601,2025-07-13,2,62.64,In-Store,62.64
6477,141,2688,2025-10-17,1,232.94,In-Store,232.94
6478,153,2679,2025-04-05,4,55.98,In-Store,55.98
6479,159,2259,2024-09-15,1,49.51,In-Store,49.51
6480,175,2984,2025-02-04,3,233.98,In-Store,233.98
6481,106,2769,2024-10-19,1,117.81,In-Store,117.81
6482,183,2403,2025-12-03,5,209.04,In-Store,209.04
6483,188,2088,2025-09-10,3,20.04,In-Store,20.04
6484,145,2661,2024-02-01,2,62.85,In-Store,62.85
6485,123,2582,2024-09-24,5,73.57,Online,73.57
6486,115,2357,2024-02-26,5,101.23,In-Store,101.23
6487,187,2905,2023-11-03,2,149.8,In-Store,149.8
6488,157,2372,2024-03-20,4,232.33,Online,232.33
6489,191,2223,2025-06-22,2,217.51,Online,217.51
6490,178,2155,2022-09-20,2,81.85,Online,81.85
6491,149,2599,2025-06-08,2,198.31,In-Store,198.31
6492,114,2423,2025-01-12,1,195.54,Online,195.54
6493,185,2776,2024-12-19,3,142.4,In-Store,142.4
6494,102,2755,2024-11-11,5,186.75,Online,186.75
6495,139,2824,2025-05-17,1,168.34,In-Store,168.34
6496,169,2782,2024-01-12,1,167.77,In-Store,167.77
6497,163,2435,2023-09-25,5,186.58,In-Store,186.58
6498,158,2111,2023-05-03,3,126.55,In-Store,126.55
6499,200,2681,2025-05-15,4,241.01,Online,241.01
6500,164,2104,2024-09-05,3,22.03,Online,22.03
6501,114,2216,2024-12-20,4,195.54,Online,195.54
6502,163,2786,2024-12-06,5,186.58,Online,186.58
6503,106,2375,2023-11-07,1,117.81,Online,117.81
6504,126,2664,2024-08-25,5,191.39,Online,191.39
6505,107,2559,2023-06-30,3,177.55,Online,177.55
6506,182,2961,2024-11-13,3,227.28,In-Store,227.28
6507,199,2414,2024-04-08,1,37.68,In-Store,37.68
6508,129,2310,2023-04-05,1,216.59,In-Store,216.59
6509,105,2309,2025-06-20,1,57.72,Online,57.72
6510,105,2232,2022-10-14,4,57.72,Online,57.72
6511,180,2688,2024-12-17,1,77.62,In-Store,77.62
6512,102,2536,2024-05-16,1,186.75,In-Store,186.75
6513,137,2662,2025-08-08,2,67.81,Online,67.81
6514,136,2130,2024-12-22,4,220.89,In-Store,220.89
6515,162,2093,2023-04-26,3,55.58,In-Store,55.58
6516,121,2771,2024-06-15,5,60.64,Online,60.64
6517,108,2462,2022-09-07,4,61.68,Online,61.68
6518,185,2514,2025-07-27,3,142.4,In-Store,142.4
6519,130,2896,2025-01-13,2,190.21,Online,190.21
6520,171,2623,2025-07-28,2,104.99,Online,104.99
6521,170,2231,2025-03-16,3,59.02,In-Store,59.02
6522,129,2909,2023-11-22,2,216.59,In-Store,216.59
6523,132,2565,2025-11-22,3,243.25,Online,243.25
6524,103,2576,2025-10-18,2,111.26,Online,111.26
6525,171,2328,2023-07-09,4,104.99,Online,104.99
6526,154,2664,2025-02-05,2,111.25,Online,111.25
6527,147,2177,2023-06-10,5,133.4,Online,133.4
6528,186,2690,2025-05-15,2,28.06,In-Store,28.06
6529,174,2234,2024-07-03,3,139.03,In-Store,139.03
6530,147,2949,2024-11-12,2,133.4,In-Store,133.4
6531,113,2257,2025-10-17,4,56.15,In-Store,56.15
6532,108,2676,2025-09-04,3,61.68,Online,61.68
6533,151,2769,2024-10-26,2,108.66,In-Store,108.66
6534,191,2620,2024-06-22,2,217.51,In-Store,217.51
6535,128,2790,2023-12-21,5,101.59,In-Store,101.59
6536,137,2013,2024-06-22,4,67.81,Online,67.81
6537,143,2920,2025-08-11,3,39.04,Online,39.04
6538,152,2337,2025-04-30,4,106.63,In-Store,106.63
6539,200,2152,2025-05-21,1,241.01,Online,241.01
6540,176,2109,2023-01-18,5,78.4,Online,78.4
6541,131,2096,2025-07-27,1,114.34,Online,114.34
6542,193,2715,2025-11-25,1,74.03,Online,74.03
6543,169,2153,2025-04-02,1,167.77,In-Store,167.77
6544,123,2006,2025-12-08,3,73.57,Online,73.57
6545,173,2400,2025-09-03,1,159.08,In-Store,159.08
6546,169,2170,2024-01-19,5,167.77,Online,167.77
6547,165,2567,2025-10-26,2,240.59,Online,240.59
6548,173,2827,2023-04-18,3,159.08,Online,159.08
6549,176,2279,2025-04-13,2,78.4,Online,78.4
6550,101,2020,2024-05-04,2,187.97,Online,187.97
6551,152,2940,2025-06-29,1,106.63,Online,106.63
6552,152,2348,2025-01-01,3,106.63,In-Store,106.63
6553,186,2568,2024-09-17,1,28.06,Online,28.06
6554,158,2892,2025-06-05,2,126.55,In-Store,126.55
6555,189,2244,2023-10-05,3,60.42,Online,60.42
6556,162,2843,2024-02-10,4,55.58,In-Store,55.58
6557,151,2437,2023-07-08,5,108.66,Online,108.66
6558,196,2982,2023-07-30,2,168.41,Online,168.41
6559,157,2613,2024-10-25,2,232.33,In-Store,232.33
6560,178,2130,2024-11-30,5,81.85,In-Store,81.85
6561,157,2946,2024-12-22,1,232.33,Online,232.33
6562,184,2364,2024-07-14,5,195.07,Online,195.07
6563,196,2760,2023-08-27,2,168.41,In-Store,168.41
6564,198,2148,2023-09-21,1,105.92,Online,105.92
6565,158,2973,2025-10-13,1,126.55,In-Store,126.55
6566,106,2533,2025-01-03,5,117.81,In-Store,117.81
6567,173,2149,2025-05-06,5,159.08,Online,159.08
6568,160,2913,2022-12-27,1,232.36,Online,232.36
6569,137,2059,2024-01-16,4,67.81,In-Store,67.81
6570,172,2730,2023-07-17,1,232.96,In-Store,232.96
6571,191,2251,2025-07-08,3,217.51,In-Store,217.51
6572,150,2265,2024-10-22,2,33.26,Online,33.26
6573,190,2769,2022-05-11,4,197.23,Online,197.23
6574,127,2907,2024-07-12,1,200.1,Online,200.1
6575,139,2316,2024-08-29,3,168.34,Online,168.34
6576,137,2222,2025-06-19,2,67.81,Online,67.81
6577,107,2987,2025-08-24,4,177.55,Online,177.55
6578,197,2312,2023-11-11,1,217.44,In-Store,217.44
6579,199,2263,2024-09-24,2,37.68,In-Store,37.68
6580,166,2559,2023-09-05,4,152.81,In-Store,152.81
6581,143,2267,2025-02-04,3,39.04,Online,39.04
6582,143,2176,2025-04-11,5,39.04,In-Store,39.04
6583,188,2686,2024-09-22,4,20.04,Online,20.04
6584,121,2094,2023-02-28,1,60.64,In-Store,60.64
6585,101,2256,2023-12-17,4,187.97,Online,187.97
6586,135,2896,2023-11-24,1,87.8,Online,87.8
6587,154,2584,2025-07-05,3,111.25,In-Store,111.25
6588,128,2447,2024-04-26,3,101.59,Online,101.59
6589,150,2519,2023-05-25,2,33.26,Online,33.26
6590,103,2908,2022-11-07,3,111.26,Online,111.26
6591,102,2599,2024-07-24,3,186.75,Online,186.75
6592,185,2190,2023-12-03,1,142.4,In-Store,142.4
6593,141,2128,2025-01-24,2,232.94,Online,232.94
6594,136,2437,2025-08-11,1,220.89,In-Store,220.89
6595,173,2721,2025-02-12,1,159.08,In-Store,159.08
6596,140,2800,2025-03-23,5,136.64,In-Store,136.64
6597,185,2659,2025-03-05,2,142.4,In-Store,142.4
6598,115,2073,2024-11-15,5,101.23,Online,101.23
6599,115,2496,2025-03-02,3,101.23,Online,101.23
6600,161,2184,2023-04-14,1,177.18,Online,177.18
6601,189,2763,2024-02-07,3,60.42,Online,60.42
6602,151,2568,2023-10-18,1,108.66,In-Store,108.66
6603,142,2284,2025-11-17,4,248.84,Online,248.84
6604,135,2696,2024-11-19,4,87.8,In-Store,87.8
6605,177,2088,2025-10-19,2,246.12,Online,246.12
6606,178,2151,2025-11-12,2,81.85,Online,81.85
6607,195,2632,2025-12-21,4,93.92,In-Store,93.92
6608,112,2851,2024-10-13,3,80.36,Online,80.36
6609,176,2885,2023-09-23,3,78.4,In-Store,78.4
6610,107,2597,2025-10-21,5,177.55,In-Store,177.55
6611,147,2593,2025-07-11,3,133.4,Online,133.4
6612,114,2873,2025-08-14,3,195.54,In-Store,195.54
6613,146,2571,2025-09-13,5,26.18,Online,26.18
6614,106,2968,2025-11-24,5,117.81,Online,117.81
6615,105,2756,2024-07-18,4,57.72,In-Store,57.72
6616,157,2093,2023-01-17,4,232.33,Online,232.33
6617,154,2695,2022-09-03,5,111.25,In-Store,111.25
6618,116,2843,2024-08-04,4,98.84,Online,98.84
6619,172,2159,2025-08-04,2,232.96,In-Store,232.96
6620,173,2110,2024-07-30,2,159.08,In-Store,159.08
6621,190,2128,2025-07-11,1,197.23,In-Store,197.23
6622,106,2250,2024-12-13,5,117.81,Online,117.81
6623,115,2299,2024-01-17,2,101.23,In-Store,101.23
6624,149,2760,2023-05-02,1,198.31,Online,198.31
6625,134,2632,2025-05-25,4,99.74,Online,99.74
6626,125,2279,2025-06-06,4,62.64,Online,62.64
6627,142,2357,2025-11-24,4,248.84,Online,248.84
6628,134,2641,2025-10-11,3,99.74,Online,99.74
6629,111,2687,2022-12-31,1,243.55,Online,243.55
6630,146,2474,2024-06-21,2,26.18,In-Store,26.18
6631,147,2771,2023-08-24,3,133.4,Online,133.4
6632,146,2298,2023-01-28,1,26.18,In-Store,26.18
6633,160,2551,2024-10-23,2,232.36,In-Store,232.36
6634,170,2921,2023-02-10,2,59.02,In-Store,59.02
6635,164,2601,2025-04-27,1,22.03,In-Store,22.03
6636,101,2973,2025-02-12,1,187.97,In-Store,187.97
6637,179,2925,2025-04-19,2,37.7,Online,37.7
6638,142,2909,2023-11-28,4,248.84,In-Store,248.84
6639,128,2845,2022-10-06,1,101.59,Online,101.59
6640,110,2228,2025-02-25,1,73.49,Online,73.49
6641,130,2749,2022-07-11,5,190.21,Online,190.21
6642,127,2016,2023-11-08,3,200.1,Online,200.1
6643,191,2431,2025-04-23,5,217.51,Online,217.51
6644,112,2479,2023-08-12,2,80.36,In-Store,80.36
6645,173,2430,2025-10-31,4,159.08,Online,159.08
6646,121,2987,2024-10-11,5,60.64,Online,60.64
6647,188,2458,2024-11-14,1,20.04,Online,20.04
6648,138,2130,2025-08-19,1,185.66,Online,185.66
6649,130,2955,2025-02-22,4,190.21,Online,190.21
6650,127,2124,2024-04-24,4,200.1,In-Store,200.1
6651,167,2889,2024-07-14,1,235.98,In-Store,235.98
6652,195,2186,2024-05-14,4,93.92,In-Store,93.92
6653,150,2677,2025-03-06,4,33.26,In-Store,33.26
6654,102,2532,2023-10-11,5,186.75,In-Store,186.75
6655,199,2412,2022-02-07,1,37.68,In-Store,37.68
6656,105,2355,2025-01-28,4,57.72,Online,57.72
6657,125,2204,2023-03-29,3,62.64,In-Store,62.64
6658,182,2340,2023-11-24,4,227.28,In-Store,227.28
6659,166,2011,2023-10-19,2,152.81,Online,152.81
6660,194,2990,2023-10-01,2,216.06,In-Store,216.06
6661,150,2873,2025-01-18,1,33.26,In-Store,33.26
6662,188,2378,2024-07-11,1,20.04,In-Store,20.04
6663,108,2982,2023-11-18,2,61.68,Online,61.68
6664,168,2661,2023-03-20,4,152.68,In-Store,152.68
6665,200,2365,2024-08-04,3,241.01,Online,241.01
6666,112,2540,2024-01-17,4,80.36,Online,80.36
6667,153,2756,2025-05-08,4,55.98,In-Store,55.98
6668,126,2178,2025-12-08,3,191.39,In-Store,191.39
6669,149,2262,2025-06-12,1,198.31,In-Store,198.31
6670,151,2257,2025-12-28,2,108.66,In-Store,108.66
6671,180,2984,2025-05-18,2,77.62,Online,77.62
6672,178,2400,2024-09-18,4,81.85,Online,81.85
6673,110,2746,2025-05-23,3,73.49,In-Store,73.49
6674,108,2618,2024-12-11,5,61.68,In-Store,61.68
6675,163,2739,2022-07-19,1,186.58,In-Store,186.58
6676,187,2105,2025-05-09,5,149.8,Online,149.8
6677,177,2206,2024-02-17,3,246.12,Online,246.12
6678,136,2229,2024-09-19,2,220.89,In-Store,220.89
6679,110,2417,2025-02-19,2,73.49,In-Store,73.49
6680,200,2731,2024-11-18,3,241.01,In-Store,241.01
6681,167,2020,2024-07-16,4,235.98,Online,235.98
6682,114,2653,2024-04-02,3,195.54,In-Store,195.54
6683,157,2639,2025-01-15,3,232.33,Online,232.33
6684,141,2051,2024-08-30,4,232.94,In-Store,232.94
6685,131,2534,2024-10-08,5,114.34,Online,114.34
6686,146,2706,2025-02-18,3,26.18,In-Store,26.18
6687,104,2104,2025-09-19,5,65.84,In-Store,65.84
6688,107,2928,2023-12-27,4,177.55,Online,177.55
6689,190,2094,2024-09-16,5,197.23,Online,197.23
6690,120,2053,2024-09-10,4,203.21,Online,203.21
6691,135,2748,2023-03-30,5,87.8,In-Store,87.8
6692,101,2922,2025-03-06,1,187.97,Online,187.97
6693,171,2772,2022-10-20,5,104.99,In-Store,104.99
6694,193,2531,2024-02-07,5,74.03,In-Store,74.03
6695,134,2805,2024-07-19,4,99.74,In-Store,99.74
6696,109,2904,2024-07-01,1,101.18,In-Store,101.18
6697,156,2920,2024-09-25,2,22.14,In-Store,22.14
6698,160,2428,2025-07-06,5,232.36,Online,232.36
6699,195,2345,2023-12-14,5,93.92,Online,93.92
6700,200,2475,2025-05-03,5,241.01,Online,241.01
6701,117,2283,2025-01-13,4,156.19,Online,156.19
6702,149,2393,2024-11-21,4,198.31,In-Store,198.31
6703,143,2192,2025-08-20,1,39.04,In-Store,39.04
6704,102,2653,2024-04-05,4,186.75,In-Store,186.75
6705,196,2199,2024-11-06,2,168.41,In-Store,168.41
6706,125,2691,2023-05-31,4,62.64,In-Store,62.64
6707,189,2381,2022-11-16,5,60.42,In-Store,60.42
6708,101,2673,2024-06-28,4,187.97,In-Store,187.97
6709,143,2801,2025-09-27,4,39.04,In-Store,39.04
6710,116,2250,2024-11-05,4,98.84,Online,98.84
6711,122,2079,2024-06-30,5,167.31,Online,167.31
6712,135,2502,2024-06-01,3,87.8,Online,87.8
6713,136,2566,2025-02-17,3,220.89,Online,220.89
6714,185,2897,2023-11-04,2,142.4,In-Store,142.4
6715,139,2456,2025-06-08,2,168.34,Online,168.34
6716,174,2163,2023-05-20,5,139.03,In-Store,139.03
6717,162,2424,2024-09-21,1,55.58,In-Store,55.58
6718,177,2458,2025-08-15,5,246.12,In-Store,246.12
6719,184,2806,2024-02-07,3,195.07,Online,195.07
6720,147,2442,2025-03-23,4,133.4,In-Store,133.4
6721,199,2954,2023-10-03,3,37.68,Online,37.68
6722,174,2984,2025-03-13,2,139.03,In-Store,139.03
6723,101,2920,2024-09-01,4,187.97,Online,187.97
6724,118,2948,2024-11-21,1,120.94,In-Store,120.94
6725,198,2271,2025-07-15,4,105.92,Online,105.92
6726,164,2806,2024-02-09,4,22.03,In-Store,22.03
6727,121,2002,2025-09-21,1,60.64,Online,60.64
6728,105,2432,2025-03-12,2,57.72,In-Store,57.72
6729,160,2719,2025-06-10,4,232.36,In-Store,232.36
6730,182,2262,2024-06-30,5,227.28,Online,227.28
6731,165,2622,2025-08-22,4,240.59,In-Store,240.59
6732,195,2841,2025-02-03,2,93.92,In-Store,93.92
6733,152,2846,2025-12-30,1,106.63,In-Store,106.63
6734,109,2707,2025-07-08,2,101.18,In-Store,101.18
6735,149,2620,2023-08-17,3,198.31,Online,198.31
6736,117,2378,2025-09-08,5,156.19,In-Store,156.19
6737,142,2618,2025-05-13,1,248.84,In-Store,248.84
6738,160,2307,2025-09-30,3,232.36,Online,232.36
6739,124,2894,2025-12-13,3,112.82,Online,112.82
6740,160,2280,2024-06-16,1,232.36,In-Store,232.36
6741,176,2798,2023-05-21,3,78.4,In-Store,78.4
6742,134,2348,2025-11-10,1,99.74,In-Store,99.74
6743,116,2431,2024-10-08,1,98.84,In-Store,98.84
6744,108,2751,2025-05-05,2,61.68,Online,61.68
6745,130,2002,2023-12-06,1,190.21,In-Store,190.21
6746,108,2929,2025-11-08,2,61.68,Online,61.68
6747,132,2878,2025-10-10,2,243.25,Online,243.25
6748,164,2886,2025-09-21,5,22.03,Online,22.03
6749,145,2159,2025-06-28,5,62.85,Online,62.85
6750,136,2466,2025-12-12,1,220.89,Online,220.89
6751,146,2222,2024-12-29,3,26.18,Online,26.18
6752,151,2196,2025-03-13,4,108.66,Online,108.66
6753,137,2931,2025-07-23,1,67.81,In-Store,67.81
6754,175,2173,2023-10-09,5,233.98,In-Store,233.98
6755,130,2698,2023-11-19,4,190.21,In-Store,190.21
6756,186,2708,2024-12-29,1,28.06,Online,28.06
6757,119,2784,2025-12-19,5,212.28,Online,212.28
6758,187,2967,2022-08-26,2,149.8,In-Store,149.8
6759,169,2263,2024-05-04,5,167.77,Online,167.77
6760,174,2213,2024-09-04,3,139.03,In-Store,139.03
6761,117,2821,2025-03-06,5,156.19,In-Store,156.19
6762,177,2974,2025-05-26,1,246.12,In-Store,246.12
6763,143,2924,2025-07-27,2,39.04,Online,39.04
6764,148,2460,2025-04-18,5,139.42,In-Store,139.42
6765,178,2188,2024-01-01,1,81.85,In-Store,81.85
6766,117,2352,2024-05-19,5,156.19,Online,156.19
6767,108,2044,2025-05-17,2,61.68,In-Store,61.68
6768,155,2693,2025-01-20,1,219.88,Online,219.88
6769,170,2439,2025-10-11,1,59.02,In-Store,59.02
6770,151,2753,2025-08-08,5,108.66,Online,108.66
6771,127,2658,2024-05-21,4,200.1,Online,200.1
6772,119,2858,2025-06-21,4,212.28,In-Store,212.28
6773,188,2741,2025-02-10,2,20.04,Online,20.04
6774,181,2140,2025-04-29,5,175.0,Online,175.0
6775,134,2414,2024-05-04,4,99.74,In-Store,99.74
6776,124,2438,2023-12-16,5,112.82,Online,112.82
6777,155,2064,2025-05-08,1,219.88,Online,219.88
6778,124,2064,2025-09-08,1,112.82,Online,112.82
6779,198,2027,2025-06-30,1,105.92,Online,105.92
6780,145,2315,2024-10-28,3,62.85,Online,62.85
6781,139,2397,2024-11-01,1,168.34,Online,168.34
6782,129,2447,2024-01-08,5,216.59,Online,216.59
6783,133,2956,2025-01-30,1,212.0,In-Store,212.0
6784,105,2802,2024-04-22,4,57.72,Online,57.72
6785,120,2748,2025-02-04,2,203.21,In-Store,203.21
6786,110,2985,2024-10-16,2,73.49,In-Store,73.49
6787,191,2952,2024-03-07,5,217.51,In-Store,217.51
6788,120,2003,2023-03-27,1,203.21,In-Store,203.21
6789,171,2906,2023-07-18,5,104.99,In-Store,104.99
6790,152,2197,2023-11-24,4,106.63,In-Store,106.63
6791,169,2226,2024-10-15,1,167.77,In-Store,167.77
6792,182,2203,2024-07-22,4,227.28,Online,227.28
6793,191,2483,2025-11-04,5,217.51,In-Store,217.51
6794,161,2529,2024-02-10,2,177.18,In-Store,177.18
6795,157,2679,2024-09-22,4,232.33,Online,232.33
6796,170,2813,2022-02-04,5,59.02,Online,59.02
6797,102,2012,2024-12-22,2,186.75,Online,186.75
6798,172,2866,2024-10-04,5,232.96,Online,232.96
6799,144,2763,2025-03-27,1,15.05,Online,15.05
6800,181,2723,2025-09-21,2,175.0,In-Store,175.0
6801,157,2786,2025-02-19,3,232.33,Online,232.33
6802,179,2898,2024-04-05,5,37.7,In-Store,37.7
6803,131,2717,2024-10-08,3,114.34,In-Store,114.34
6804,137,2118,2025-12-10,4,67.81,Online,67.81
6805,195,2663,2023-03-28,2,93.92,Online,93.92
6806,108,2694,2024-01-20,2,61.68,In-Store,61.68
6807,150,2598,2024-03-20,3,33.26,Online,33.26
6808,180,2984,2025-09-13,5,77.62,Online,77.62
6809,106,2645,2025-10-16,1,117.81,Online,117.81
6810,162,2939,2023-05-12,4,55.58,In-Store,55.58
6811,171,2232,2023-09-24,1,104.99,Online,104.99
6812,171,2640,2024-06-17,5,104.99,In-Store,104.99
6813,192,2513,2025-04-02,1,53.05,Online,53.05
6814,169,2536,2025-05-25,4,167.77,Online,167.77
6815,125,2206,2023-11-26,3,62.64,Online,62.64
6816,121,2420,2025-05-19,3,60.64,Online,60.64
6817,112,2044,2025-12-17,3,80.36,Online,80.36
6818,119,2155,2024-05-10,3,212.28,Online,212.28
6819,128,2241,2025-05-24,3,101.59,Online,101.59
6820,159,2888,2025-12-16,4,49.51,In-Store,49.51
6821,197,2137,2024-05-16,1,217.44,Online,217.44
6822,110,2209,2025-11-08,4,73.49,In-Store,73.49
6823,154,2592,2025-10-07,5,111.25,Online,111.25
6824,199,2670,2024-02-20,3,37.68,In-Store,37.68
6825,163,2508,2024-08-12,2,186.58,In-Store,186.58
6826,128,2821,2023-07-23,4,101.59,In-Store,101.59
6827,162,2594,2024-02-18,2,55.58,Online,55.58
6828,197,2265,2024-09-04,4,217.44,Online,217.44
6829,130,2996,2025-08-19,4,190.21,In-Store,190.21
6830,156,2525,2024-11-28,5,22.14,In-Store,22.14
6831,196,2674,2024-11-11,5,168.41,Online,168.41
6832,145,2936,2024-06-01,3,62.85,In-Store,62.85
6833,122,2576,2025-08-04,4,167.31,Online,167.31
6834,119,2977,2025-01-12,1,212.28,In-Store,212.28
6835,131,2807,2024-09-27,5,114.34,In-Store,114.34
6836,190,2449,2024-12-29,2,197.23,In-Store,197.23
6837,121,2788,2025-07-04,5,60.64,Online,60.64
6838,138,2328,2022-11-13,4,185.66,In-Store,185.66
6839,172,2363,2025-03-04,1,232.96,In-Store,232.96
6840,116,2419,2025-08-23,5,98.84,In-Store,98.84
6841,173,2962,2024-01-08,2,159.08,In-Store,159.08
6842,107,2291,2025-03-23,5,177.55,Online,177.55
6843,145,2447,2025-08-01,5,62.85,Online,62.85
6844,158,2828,2024-02-10,3,126.55,In-Store,126.55
6845,129,2361,2025-08-23,5,216.59,In-Store,216.59
6846,171,2851,2025-11-27,4,104.99,Online,104.99
6847,192,2800,2024-08-04,4,53.05,Online,53.05
6848,108,2304,2025-04-19,1,61.68,Online,61.68
6849,117,2021,2024-11-12,5,156.19,Online,156.19
6850,158,2663,2023-01-21,5,126.55,In-Store,126.55
6851,148,2756,2024-02-18,1,139.42,In-Store,139.42
6852,127,2506,2023-04-23,5,200.1,Online,200.1
6853,130,2640,2023-06-11,2,190.21,Online,190.21
6854,103,2427,2024-10-22,1,111.26,Online,111.26
6855,161,2013,2024-06-03,1,177.18,In-Store,177.18
6856,186,2276,2025-04-19,1,28.06,In-Store,28.06
6857,138,2921,2025-02-14,2,185.66,Online,185.66
6858,120,2378,2025-12-15,3,203.21,Online,203.21
6859,178,2007,2023-10-12,3,81.85,Online,81.85
6860,168,2968,2025-01-15,3,152.68,Online,152.68
6861,141,2682,2024-08-16,2,232.94,In-Store,232.94
6862,161,2574,2024-11-04,2,177.18,In-Store,177.18
6863,167,2868,2023-04-18,1,235.98,In-Store,235.98
6864,119,2460,2025-04-05,4,212.28,In-Store,212.28
6865,135,2059,2023-10-23,2,87.8,In-Store,87.8
6866,151,2934,2025-10-29,1,108.66,In-Store,108.66
6867,127,2907,2023-11-15,1,200.1,Online,200.1
6868,133,2218,2023-06-26,3,212.0,Online,212.0
6869,124,2945,2022-11-01,5,112.82,In-Store,112.82
6870,103,2671,2025-03-10,4,111.26,Online,111.26
6871,157,2335,2024-01-17,5,232.33,In-Store,232.33
6872,103,2593,2023-10-19,5,111.26,Online,111.26
6873,194,2998,2025-06-18,4,216.06,Online,216.06
6874,192,2211,2025-10-19,1,53.05,Online,53.05
6875,196,2700,2025-10-23,3,168.41,Online,168.41
6876,133,2421,2025-09-27,1,212.0,In-Store,212.0
6877,148,2841,2025-11-24,4,139.42,In-Store,139.42
6878,190,2587,2025-01-23,5,197.23,In-Store,197.23
6879,147,2945,2025-11-13,3,133.4,In-Store,133.4
6880,124,2415,2023-12-13,3,112.82,Online,112.82
6881,161,2919,2024-01-23,2,177.18,In-Store,177.18
6882,193,2310,2025-11-14,3,74.03,Online,74.03
6883,122,2384,2025-10-24,2,167.31,In-Store,167.31
6884,140,2391,2024-07-10,1,136.64,Online,136.64
6885,114,2828,2025-08-09,5,195.54,In-Store,195.54
6886,159,2962,2025-11-27,4,49.51,Online,49.51
6887,169,2864,2024-04-15,1,167.77,In-Store,167.77
6888,119,2934,2024-08-26,4,212.28,Online,212.28
6889,145,2147,2025-12-08,2,62.85,Online,62.85
6890,162,2501,2025-10-08,3,55.58,Online,55.58
6891,121,2721,2025-01-31,4,60.64,Online,60.64
6892,165,2009,2025-10-12,5,240.59,Online,240.59
6893,101,2608,2024-07-01,2,187.97,In-Store,187.97
6894,181,2698,2023-04-27,5,175.0,Online,175.0
6895,159,2868,2025-06-11,4,49.51,Online,49.51
6896,199,2068,2024-02-04,4,37.68,Online,37.68
6897,134,2517,2024-08-22,3,99.74,Online,99.74
6898,189,2196,2025-05-14,3,60.42,In-Store,60.42
6899,123,2622,2025-07-20,3,73.57,Online,73.57
6900,199,2426,2025-12-13,3,37.68,In-Store,37.68
6901,120,2854,2025-03-31,1,203.21,In-Store,203.21
6902,139,2430,2025-09-16,5,168.34,In-Store,168.34
6903,113,2329,2024-05-03,2,56.15,In-Store,56.15
6904,150,2240,2022-07-07,1,33.26,In-Store,33.26
6905,105,2587,2025-07-02,3,57.72,Online,57.72
6906,137,2376,2025-09-23,1,67.81,In-Store,67.81
6907,145,2673,2022-09-17,5,62.85,In-Store,62.85
6908,200,2290,2024-02-16,4,241.01,Online,241.01
6909,125,2236,2025-10-07,2,62.64,In-Store,62.64
6910,149,2531,2023-09-08,3,198.31,In-Store,198.31
6911,105,2208,2024-03-01,2,57.72,In-Store,57.72
6912,166,2308,2024-07-28,5,152.81,Online,152.81
6913,159,2395,2025-04-04,3,49.51,Online,49.51
6914,131,2523,2024-12-31,3,114.34,Online,114.34
6915,120,2121,2023-02-14,3,203.21,In-Store,203.21
6916,198,2500,2023-08-03,3,105.92,In-Store,105.92
6917,191,2283,2025-08-09,3,217.51,Online,217.51
6918,136,2659,2025-01-27,1,220.89,In-Store,220.89
6919,181,2325,2022-07-13,4,175.0,In-Store,175.0
6920,141,2050,2022-02-14,1,232.94,In-Store,232.94
6921,200,2496,2024-02-24,5,241.01,Online,241.01
6922,107,2545,2022-12-01,3,177.55,In-Store,177.55
6923,105,2702,2025-01-10,1,57.72,In-Store,57.72
6924,138,2159,2022-06-01,2,185.66,Online,185.66
6925,156,2434,2023-02-07,1,22.14,Online,22.14
6926,178,2708,2025-09-23,2,81.85,In-Store,81.85
6927,124,2061,2025-07-16,2,112.82,Online,112.82
6928,157,2967,2023-07-02,5,232.33,In-Store,232.33
6929,189,2518,2025-10-30,5,60.42,In-Store,60.42
6930,119,2379,2025-01-31,1,212.28,In-Store,212.28
6931,178,2103,2025-01-03,5,81.85,Online,81.85
6932,175,2383,2023-11-14,4,233.98,In-Store,233.98
6933,183,2291,2024-08-10,5,209.04,In-Store,209.04
6934,103,2186,2024-06-19,4,111.26,In-Store,111.26
6935,145,2872,2025-09-08,4,62.85,Online,62.85
6936,165,2092,2025-11-24,2,240.59,Online,240.59
6937,141,2230,2024-06-10,4,232.94,Online,232.94
6938,142,2046,2025-02-23,1,248.84,Online,248.84
6939,127,2514,2025-08-17,4,200.1,In-Store,200.1
6940,139,2711,2024-11-27,1,168.34,Online,168.34
6941,109,2742,2024-10-22,4,101.18,Online,101.18
6942,159,2689,2025-05-06,5,49.51,In-Store,49.51
6943,121,2275,2023-12-06,5,60.64,Online,60.64
6944,111,2990,2022-10-29,1,243.55,Online,243.55
6945,182,2954,2025-03-05,3,227.28,Online,227.28
6946,142,2420,2024-12-18,1,248.84,Online,248.84
6947,112,2626,2023-06-05,4,80.36,In-Store,80.36
6948,198,2425,2023-12-16,1,105.92,In-Store,105.92
6949,181,2569,2025-06-12,3,175.0,In-Store,175.0
6950,185,2861,2025-07-02,1,142.4,In-Store,142.4
6951,178,2339,2023-04-08,4,81.85,Online,81.85
6952,148,2946,2025-01-19,1,139.42,Online,139.42
6953,153,2830,2025-07-03,4,55.98,Online,55.98
6954,117,2430,2025-01-27,4,156.19,Online,156.19
6955,168,2690,2024-01-08,1,152.68,In-Store,152.68
6956,192,2648,2025-02-28,5,53.05,In-Store,53.05
6957,198,2875,2025-11-21,1,105.92,In-Store,105.92
6958,101,2953,2025-03-30,3,187.97,In-Store,187.97
6959,138,2406,2025-09-30,3,185.66,In-Store,185.66
6960,163,2782,2024-11-30,1,186.58,Online,186.58
6961,191,2300,2023-07-15,1,217.51,In-Store,217.51
6962,114,2878,2023-06-22,3,195.54,In-Store,195.54
6963,153,2924,2022-08-16,5,55.98,In-Store,55.98
6964,131,2485,2024-07-08,5,114.34,In-Store,114.34
6965,105,2860,2024-12-03,4,57.72,In-Store,57.72
6966,197,2899,2024-12-07,2,217.44,In-Store,217.44
6967,113,2721,2024-12-15,2,56.15,In-Store,56.15
6968,171,2043,2025-01-12,1,104.99,In-Store,104.99
6969,132,2044,2025-04-26,1,243.25,Online,243.25
6970,150,2494,2025-09-16,4,33.26,Online,33.26
6971,106,2565,2025-10-21,3,117.81,Online,117.81
6972,189,2994,2023-10-18,3,60.42,In-Store,60.42
6973,140,2549,2025-03-17,4,136.64,Online,136.64
6974,133,2011,2024-03-09,4,212.0,In-Store,212.0
6975,166,2429,2023-11-11,3,152.81,Online,152.81
6976,141,2674,2025-03-03,2,232.94,Online,232.94
6977,183,2406,2024-11-11,4,209.04,Online,209.04
6978,187,2674,2025-04-14,1,149.8,In-Store,149.8
6979,165,2756,2022-12-30,2,240.59,Online,240.59
6980,188,2743,2025-08-25,4,20.04,In-Store,20.04
6981,168,2857,2024-12-04,5,152.68,Online,152.68
6982,170,2856,2024-04-04,2,59.02,Online,59.02
6983,190,2563,2025-03-26,1,197.23,Online,197.23
6984,194,2238,2024-03-23,2,216.06,Online,216.06
6985,107,2321,2023-08-01,3,177.55,Online,177.55
6986,143,2897,2023-09-27,5,39.04,In-Store,39.04
6987,123,2417,2024-07-08,2,73.57,Online,73.57
6988,171,2474,2025-04-22,3,104.99,In-Store,104.99
6989,163,2150,2024-11-11,2,186.58,Online,186.58
6990,138,2131,2025-05-20,2,185.66,In-Store,185.66
6991,200,2491,2023-05-04,1,241.01,In-Store,241.01
6992,122,2019,2023-06-30,2,167.31,In-Store,167.31
6993,104,2670,2024-10-13,4,65.84,In-Store,65.84
6994,157,2883,2024-04-23,3,232.33,In-Store,232.33
6995,126,2123,2025-09-27,5,191.39,Online,191.39
6996,102,2270,2024-12-02,3,186.75,In-Store,186.75
6997,159,2123,2025-04-30,5,49.51,In-Store,49.51
6998,178,2728,2024-04-05,3,81.85,Online,81.85
6999,153,2165,2024-11-14,1,55.98,Online,55.98
7000,125,2117,2025-06-02,1,62.64,Online,62.64
7001,198,2451,2025-07-14,5,105.92,In-Store,105.92
7002,134,2346,2025-06-04,3,99.74,Online,99.74
7003,173,2946,2025-03-10,3,159.08,In-Store,159.08
7004,184,2875,2025-06-30,4,195.07,Online,195.07
7005,186,2384,2025-01-19,5,28.06,In-Store,28.06
7006,111,2031,2024-01-08,1,243.55,In-Store,243.55
7007,143,2509,2025-09-08,4,39.04,Online,39.04
7008,173,2396,2025-02-27,4,159.08,In-Store,159.08
7009,104,2885,2023-04-19,2,65.84,In-Store,65.84
7010,161,2520,2025-02-11,4,177.18,Online,177.18
7011,140,2822,2025-03-22,5,136.64,In-Store,136.64
7012,156,2412,2022-03-20,4,22.14,Online,22.14
7013,156,2071,2024-08-26,4,22.14,Online,22.14
7014,118,2982,2024-07-25,4,120.94,Online,120.94
7015,121,2610,2024-08-12,2,60.64,In-Store,60.64
7016,158,2591,2025-11-01,1,126.55,In-Store,126.55
7017,120,2270,2025-07-26,3,203.21,Online,203.21
7018,194,2509,2024-12-03,3,216.06,Online,216.06
7019,127,2676,2024-07-31,1,200.1,In-Store,200.1
7020,178,2812,2024-04-18,1,81.85,In-Store,81.85
7021,157,2875,2025-08-20,1,232.33,In-Store,232.33
7022,160,2649,2024-06-04,1,232.36,In-Store,232.36
7023,150,2804,2025-04-14,4,33.26,Online,33.26
7024,196,2226,2025-08-03,2,168.41,Online,168.41
7025,136,2713,2023-07-12,3,220.89,Online,220.89
7026,195,2443,2024-04-05,2,93.92,In-Store,93.92
7027,103,2857,2025-05-06,4,111.26,In-Store,111.26
7028,126,2524,2022-07-15,4,191.39,In-Store,191.39
7029,164,2429,2025-10-11,3,22.03,Online,22.03
7030,158,2425,2023-12-13,3,126.55,In-Store,126.55
7031,179,2564,2025-05-26,1,37.7,In-Store,37.7
7032,148,2851,2025-10-22,1,139.42,Online,139.42
7033,111,2181,2025-11-08,5,243.55,In-Store,243.55
7034,147,2032,2025-01-04,3,133.4,In-Store,133.4
7035,175,2955,2025-10-25,2,233.98,In-Store,233.98
7036,185,2116,2024-06-08,4,142.4,Online,142.4
7037,125,2797,2025-07-11,2,62.64,Online,62.64
7038,148,2263,2024-06-14,5,139.42,In-Store,139.42
7039,108,2876,2024-07-23,5,61.68,In-Store,61.68
7040,121,2475,2024-11-18,5,60.64,Online,60.64
7041,173,2468,2025-03-07,4,159.08,Online,159.08
7042,146,2063,2024-11-16,2,26.18,In-Store,26.18
7043,185,2362,2025-02-01,1,142.4,In-Store,142.4
7044,134,2538,2024-01-24,1,99.74,Online,99.74
7045,167,2163,2024-12-06,2,235.98,Online,235.98
7046,105,2666,2023-09-18,5,57.72,In-Store,57.72
7047,187,2467,2025-06-20,4,149.8,Online,149.8
7048,144,2896,2024-06-06,2,15.05,Online,15.05
7049,141,2235,2025-09-07,5,232.94,In-Store,232.94
7050,134,2249,2025-01-29,2,99.74,Online,99.74
7051,148,2609,2025-08-26,3,139.42,In-Store,139.42
7052,121,2029,2023-08-31,2,60.64,Online,60.64
7053,143,2325,2024-01-27,2,39.04,Online,39.04
7054,196,2984,2025-08-31,4,168.41,In-Store,168.41
7055,142,2467,2024-02-03,3,248.84,Online,248.84
7056,168,2296,2025-07-26,4,152.68,Online,152.68
7057,183,2816,2023-09-07,2,209.04,In-Store,209.04
7058,103,2232,2025-12-27,2,111.26,Online,111.26
7059,105,2332,2024-10-28,2,57.72,Online,57.72
7060,138,2856,2024-04-15,5,185.66,Online,185.66
7061,148,2859,2025-01-10,1,139.42,Online,139.42
7062,191,2149,2025-08-27,5,217.51,Online,217.51
7063,161,2503,2024-03-08,2,177.18,In-Store,177.18
7064,173,2832,2024-09-05,2,159.08,Online,159.08
7065,101,2612,2024-02-22,4,187.97,Online,187.97
7066,157,2057,2025-06-10,5,232.33,Online,232.33
7067,153,2707,2025-11-25,1,55.98,In-Store,55.98
7068,183,2648,2025-06-16,3,209.04,Online,209.04
7069,163,2437,2024-03-10,3,186.58,In-Store,186.58
7070,105,2214,2023-01-25,4,57.72,Online,57.72
7071,143,2444,2025-08-23,3,39.04,In-Store,39.04
7072,176,2733,2025-10-06,5,78.4,Online,78.4
7073,165,2027,2025-02-10,5,240.59,Online,240.59
7074,169,2849,2024-01-10,1,167.77,Online,167.77
7075,122,2907,2025-03-25,3,167.31,Online,167.31
7076,129,2151,2024-12-06,2,216.59,Online,216.59
7077,114,2322,2024-06-14,2,195.54,Online,195.54
7078,161,2350,2025-10-10,4,177.18,In-Store,177.18
7079,117,2901,2024-10-06,2,156.19,Online,156.19
7080,127,2499,2023-02-19,4,200.1,Online,200.1
7081,134,2895,2024-08-03,4,99.74,In-Store,99.74
7082,137,2975,2025-08-10,1,67.81,In-Store,67.81
7083,144,2209,2023-06-01,2,15.05,In-Store,15.05
7084,168,2643,2023-04-27,2,152.68,In-Store,152.68
7085,169,2224,2022-11-01,3,167.77,In-Store,167.77
7086,127,2163,2023-10-29,5,200.1,In-Store,200.1
7087,177,2507,2023-01-03,3,246.12,Online,246.12
7088,149,2743,2025-11-16,1,198.31,In-Store,198.31
7089,182,2118,2024-09-07,1,227.28,Online,227.28
7090,192,2617,2025-06-27,3,53.05,Online,53.05
7091,122,2877,2025-12-21,4,167.31,In-Store,167.31
7092,200,2720,2025-12-16,3,241.01,Online,241.01
7093,176,2539,2025-05-04,4,78.4,In-Store,78.4
7094,151,2791,2024-11-02,3,108.66,Online,108.66
7095,133,2632,2025-08-12,2,212.0,Online,212.0
7096,112,2972,2025-10-03,1,80.36,Online,80.36
7097,196,2503,2025-07-11,4,168.41,Online,168.41
7098,156,2649,2024-11-26,3,22.14,In-Store,22.14
7099,144,2605,2023-11-10,4,15.05,Online,15.05
7100,160,2306,2025-04-23,5,232.36,In-Store,232.36
7101,171,2830,2023-09-03,3,104.99,In-Store,104.99
7102,185,2865,2025-02-21,5,142.4,Online,142.4
7103,139,2935,2022-09-15,5,168.34,Online,168.34
7104,112,2811,2025-09-13,5,80.36,In-Store,80.36
7105,136,2229,2025-11-03,5,220.89,Online,220.89
7106,138,2296,2025-04-24,5,185.66,In-Store,185.66
7107,167,3000,2022-11-29,5,235.98,In-Store,235.98
7108,171,2983,2025-12-27,3,104.99,Online,104.99
7109,107,2956,2024-06-02,5,177.55,Online,177.55
7110,188,2974,2023-09-06,4,20.04,In-Store,20.04
7111,101,2253,2024-07-23,2,187.97,Online,187.97
7112,114,2078,2024-01-07,2,195.54,In-Store,195.54
7113,157,2484,2024-11-27,1,232.33,Online,232.33
7114,130,2248,2022-11-04,2,190.21,Online,190.21
7115,121,2935,2025-10-28,1,60.64,In-Store,60.64
7116,105,2944,2024-05-20,5,57.72,In-Store,57.72
7117,200,2411,2025-02-03,3,241.01,Online,241.01
7118,136,2647,2023-08-19,1,220.89,Online,220.89
7119,125,2472,2025-05-31,4,62.64,Online,62.64
7120,195,2375,2023-09-17,2,93.92,In-Store,93.92
7121,175,2934,2025-11-29,4,233.98,In-Store,233.98
7122,109,2087,2023-12-22,2,101.18,In-Store,101.18
7123,155,2485,2025-05-19,4,219.88,In-Store,219.88
7124,167,2536,2024-07-09,5,235.98,Online,235.98
7125,157,2038,2024-06-29,2,232.33,In-Store,232.33
7126,121,2685,2025-03-02,5,60.64,In-Store,60.64
7127,177,2721,2024-08-12,3,246.12,In-Store,246.12
7128,155,2397,2022-09-18,4,219.88,Online,219.88
7129,132,2828,2025-01-21,1,243.25,Online,243.25
7130,167,2940,2025-03-16,5,235.98,In-Store,235.98
7131,141,2774,2025-03-18,3,232.94,In-Store,232.94
7132,158,2314,2025-04-12,4,126.55,Online,126.55
7133,140,2180,2025-03-28,5,136.64,In-Store,136.64
7134,111,2487,2025-03-24,5,243.55,In-Store,243.55
7135,168,2482,2025-08-13,4,152.68,Online,152.68
7136,110,2964,2025-05-14,2,73.49,Online,73.49
7137,164,2643,2025-07-08,2,22.03,Online,22.03
7138,185,2093,2024-07-02,1,142.4,Online,142.4
7139,122,2112,2025-10-12,1,167.31,Online,167.31
7140,174,2636,2025-09-26,1,139.03,In-Store,139.03
7141,148,2749,2024-04-19,2,139.42,Online,139.42
7142,103,2218,2022-09-23,4,111.26,In-Store,111.26
7143,122,2835,2025-04-02,3,167.31,In-Store,167.31
7144,141,2838,2025-12-31,4,232.94,In-Store,232.94
7145,110,2589,2025-03-24,4,73.49,In-Store,73.49
7146,136,2478,2024-02-22,3,220.89,In-Store,220.89
7147,109,2942,2024-10-26,3,101.18,Online,101.18
7148,147,2424,2024-04-08,3,133.4,In-Store,133.4
7149,105,2671,2025-03-19,3,57.72,Online,57.72
7150,135,2643,2023-01-24,1,87.8,In-Store,87.8
7151,122,2744,2025-07-15,4,167.31,In-Store,167.31
7152,144,2639,2025-07-24,4,15.05,Online,15.05
7153,101,2874,2024-07-24,1,187.97,In-Store,187.97
7154,197,2501,2024-07-30,4,217.44,In-Store,217.44
7155,190,2881,2025-06-28,3,197.23,In-Store,197.23
7156,193,2714,2023-10-08,2,74.03,Online,74.03
7157,159,2866,2024-10-21,3,49.51,In-Store,49.51
7158,198,2793,2023-07-18,5,105.92,In-Store,105.92
7159,107,2401,2025-04-20,1,177.55,Online,177.55
7160,163,2491,2025-06-20,2,186.58,Online,186.58
7161,129,2420,2025-08-05,4,216.59,In-Store,216.59
7162,110,2444,2023-04-04,5,73.49,Online,73.49
7163,197,2946,2025-12-18,3,217.44,In-Store,217.44
7164,188,2485,2023-05-21,1,20.04,In-Store,20.04
7165,131,2315,2022-08-16,2,114.34,In-Store,114.34
7166,110,2855,2023-06-19,1,73.49,In-Store,73.49
7167,161,2664,2023-11-01,2,177.18,Online,177.18
7168,120,2859,2025-10-04,4,203.21,Online,203.21
7169,122,2735,2023-11-09,1,167.31,In-Store,167.31
7170,142,2862,2025-09-30,1,248.84,Online,248.84
7171,114,2430,2024-09-13,5,195.54,In-Store,195.54
7172,124,2142,2024-09-11,2,112.82,In-Store,112.82
7173,133,2855,2025-08-14,1,212.0,In-Store,212.0
7174,155,2649,2025-08-18,1,219.88,In-Store,219.88
7175,140,2247,2025-10-26,4,136.64,In-Store,136.64
7176,195,2598,2024-02-21,3,93.92,In-Store,93.92
7177,115,2037,2024-10-13,5,101.23,In-Store,101.23
7178,167,2395,2024-01-01,2,235.98,In-Store,235.98
7179,151,2255,2025-05-14,5,108.66,In-Store,108.66
7180,123,2948,2025-10-10,1,73.57,In-Store,73.57
7181,163,2300,2024-03-19,1,186.58,In-Store,186.58
7182,149,2011,2024-02-15,3,198.31,In-Store,198.31
7183,103,2171,2025-12-13,4,111.26,In-Store,111.26
7184,131,2436,2025-07-11,1,114.34,In-Store,114.34
7185,151,2663,2025-07-29,2,108.66,In-Store,108.66
7186,135,2473,2025-09-30,1,87.8,In-Store,87.8
7187,158,2450,2025-07-04,5,126.55,Online,126.55
7188,190,2223,2025-01-11,4,197.23,Online,197.23
7189,141,2181,2024-07-10,5,232.94,In-Store,232.94
7190,175,2321,2024-04-17,2,233.98,Online,233.98
7191,184,2325,2023-07-29,1,195.07,In-Store,195.07
7192,140,2099,2025-11-22,5,136.64,Online,136.64
7193,120,2291,2025-02-05,5,203.21,In-Store,203.21
7194,159,2151,2025-06-27,1,49.51,In-Store,49.51
7195,105,2673,2023-08-05,3,57.72,Online,57.72
7196,115,2009,2023-10-09,2,101.23,Online,101.23
7197,140,2588,2025-12-09,4,136.64,In-Store,136.64
7198,179,2848,2025-04-28,3,37.7,In-Store,37.7
7199,125,2231,2025-05-19,3,62.64,In-Store,62.64
7200,185,2962,2023-11-04,3,142.4,Online,142.4
7201,141,2370,2025-12-07,4,232.94,In-Store,232.94
7202,106,2942,2025-11-26,5,117.81,Online,117.81
7203,117,2760,2023-11-16,1,156.19,Online,156.19
7204,150,2456,2024-07-25,5,33.26,In-Store,33.26
7205,196,2859,2025-10-06,3,168.41,Online,168.41
7206,163,2783,2024-12-23,4,186.58,Online,186.58
7207,125,2518,2023-12-13,2,62.64,Online,62.64
7208,161,2345,2025-01-23,1,177.18,In-Store,177.18
7209,122,2864,2025-10-15,4,167.31,In-Store,167.31
7210,136,2039,2024-02-20,4,220.89,In-Store,220.89
7211,146,2931,2025-08-04,3,26.18,Online,26.18
7212,189,2377,2023-04-13,4,60.42,Online,60.42
7213,172,2409,2025-10-25,1,232.96,In-Store,232.96
7214,114,2613,2025-02-13,2,195.54,Online,195.54
7215,192,2444,2023-08-25,3,53.05,Online,53.05
7216,197,2228,2025-09-15,5,217.44,Online,217.44
7217,170,2492,2025-09-08,5,59.02,Online,59.02
7218,131,2227,2024-03-08,2,114.34,In-Store,114.34
7219,132,2073,2025-11-16,3,243.25,In-Store,243.25
7220,154,2932,2025-11-28,3,111.25,In-Store,111.25
7221,198,2068,2025-04-01,5,105.92,Online,105.92
7222,162,2002,2024-12-08,2,55.58,Online,55.58
7223,161,2033,2023-08-05,4,177.18,Online,177.18
7224,149,2240,2023-05-19,4,198.31,Online,198.31
7225,171,2118,2025-07-17,5,104.99,Online,104.99
7226,200,2821,2022-11-09,2,241.01,Online,241.01
7227,151,2170,2025-03-29,5,108.66,Online,108.66
7228,155,2740,2024-11-12,4,219.88,In-Store,219.88
7229,180,2625,2024-03-04,5,77.62,In-Store,77.62
7230,112,2854,2023-02-20,5,80.36,In-Store,80.36
7231,113,2773,2025-07-08,4,56.15,In-Store,56.15
7232,170,2603,2025-05-29,3,59.02,In-Store,59.02
7233,150,2654,2023-10-26,4,33.26,In-Store,33.26
7234,112,2002,2025-02-24,3,80.36,In-Store,80.36
7235,122,2686,2024-08-03,5,167.31,Online,167.31
7236,156,2210,2025-03-13,5,22.14,Online,22.14
7237,186,2035,2025-08-05,2,28.06,In-Store,28.06
7238,115,2796,2025-06-14,1,101.23,In-Store,101.23
7239,125,2451,2025-02-26,1,62.64,In-Store,62.64
7240,147,2968,2025-06-05,5,133.4,Online,133.4
7241,150,2396,2025-11-03,5,33.26,In-Store,33.26
7242,190,2188,2024-07-03,5,197.23,In-Store,197.23
7243,105,2888,2023-11-29,4,57.72,Online,57.72
7244,158,2788,2025-06-04,3,126.55,In-Store,126.55
7245,166,2981,2024-05-27,2,152.81,Online,152.81
7246,198,2645,2024-08-02,1,105.92,In-Store,105.92
7247,106,2052,2024-06-17,1,117.81,Online,117.81
7248,173,2135,2024-04-20,5,159.08,In-Store,159.08
7249,125,2172,2025-07-25,1,62.64,Online,62.64
7250,172,2090,2023-05-08,5,232.96,Online,232.96
7251,163,2860,2024-06-07,1,186.58,Online,186.58
7252,137,2046,2025-01-08,5,67.81,In-Store,67.81
7253,175,2657,2025-11-28,1,233.98,Online,233.98
7254,176,2781,2024-01-22,4,78.4,Online,78.4
7255,168,2115,2024-10-06,4,152.68,Online,152.68
7256,193,2971,2024-03-24,1,74.03,In-Store,74.03
7257,106,2391,2025-07-15,2,117.81,Online,117.81
7258,152,2342,2025-07-31,2,106.63,Online,106.63
7259,120,2897,2024-10-04,5,203.21,Online,203.21
7260,109,2535,2024-01-27,3,101.18,In-Store,101.18
7261,116,2965,2025-08-19,3,98.84,In-Store,98.84
7262,191,2253,2023-11-10,2,217.51,In-Store,217.51
7263,131,2411,2024-11-01,4,114.34,In-Store,114.34
7264,169,2476,2025-03-11,4,167.77,In-Store,167.77
7265,196,2832,2025-04-24,2,168.41,Online,168.41
7266,170,2143,2024-10-23,3,59.02,In-Store,59.02
7267,184,2345,2023-11-24,4,195.07,In-Store,195.07
7268,199,2919,2023-08-25,1,37.68,Online,37.68
7269,114,2757,2023-07-28,1,195.54,In-Store,195.54
7270,189,2393,2025-01-10,3,60.42,Online,60.42
7271,149,2774,2025-12-30,3,198.31,In-Store,198.31
7272,112,2570,2025-03-13,1,80.36,In-Store,80.36
7273,193,2511,2024-01-19,1,74.03,In-Store,74.03
7274,147,2004,2025-01-25,5,133.4,In-Store,133.4
7275,170,2077,2025-09-30,3,59.02,In-Store,59.02
7276,165,2896,2023-12-12,3,240.59,In-Store,240.59
7277,192,2551,2025-06-15,5,53.05,Online,53.05
7278,147,2868,2023-02-20,1,133.4,In-Store,133.4
7279,143,2823,2024-04-20,3,39.04,In-Store,39.04
7280,103,2447,2024-01-29,1,111.26,Online,111.26
7281,151,2195,2023-10-26,3,108.66,Online,108.66
7282,171,2629,2023-11-09,4,104.99,In-Store,104.99
7283,133,2752,2024-12-01,3,212.0,In-Store,212.0
7284,121,2071,2025-12-31,5,60.64,Online,60.64
7285,101,2332,2025-09-04,1,187.97,In-Store,187.97
7286,161,2749,2024-07-30,5,177.18,In-Store,177.18
7287,151,2019,2024-11-17,1,108.66,Online,108.66
7288,118,2548,2023-05-04,3,120.94,In-Store,120.94
7289,175,2581,2024-09-29,4,233.98,In-Store,233.98
7290,112,2573,2024-01-07,4,80.36,In-Store,80.36
7291,155,2805,2024-06-09,1,219.88,Online,219.88
7292,188,2962,2025-10-27,4,20.04,In-Store,20.04
7293,179,2707,2025-01-12,1,37.7,Online,37.7
7294,130,2317,2025-06-03,2,190.21,Online,190.21
7295,174,2785,2025-12-05,3,139.03,In-Store,139.03
7296,143,2791,2024-12-13,4,39.04,Online,39.04
7297,192,2918,2024-03-13,3,53.05,In-Store,53.05
7298,147,2665,2024-08-07,4,133.4,Online,133.4
7299,188,2949,2025-08-16,2,20.04,In-Store,20.04
7300,101,2301,2025-04-12,1,187.97,In-Store,187.97
7301,196,2053,2024-04-14,1,168.41,Online,168.41
7302,155,2023,2025-12-19,1,219.88,In-Store,219.88
7303,140,2068,2025-01-26,3,136.64,In-Store,136.64
7304,171,2418,2023-06-18,2,104.99,Online,104.99
7305,156,2573,2023-10-09,3,22.14,Online,22.14
7306,140,2590,2025-06-28,3,136.64,Online,136.64
7307,161,2570,2024-11-04,3,177.18,In-Store,177.18
7308,191,2693,2025-11-15,2,217.51,In-Store,217.51
7309,151,2329,2025-01-25,1,108.66,In-Store,108.66
7310,187,2593,2024-04-04,3,149.8,In-Store,149.8
7311,181,2606,2025-11-29,4,175.0,In-Store,175.0
7312,106,2718,2023-11-24,4,117.81,Online,117.81
7313,133,2787,2022-10-17,3,212.0,In-Store,212.0
7314,109,2117,2025-05-26,3,101.18,Online,101.18
7315,127,2348,2025-09-01,4,200.1,In-Store,200.1
7316,140,2373,2023-08-15,4,136.64,Online,136.64
7317,179,2419,2025-04-15,1,37.7,In-Store,37.7
7318,172,2060,2022-10-01,2,232.96,Online,232.96
7319,189,2793,2023-07-26,5,60.42,Online,60.42
7320,172,2134,2025-09-21,5,232.96,Online,232.96
7321,136,2888,2024-07-30,1,220.89,Online,220.89
7322,128,2565,2024-06-28,3,101.59,In-Store,101.59
7323,154,2037,2025-06-09,1,111.25,In-Store,111.25
7324,114,2741,2025-07-17,5,195.54,Online,195.54
7325,176,2700,2025-11-05,4,78.4,In-Store,78.4
7326,137,2613,2024-01-24,2,67.81,Online,67.81
7327,170,2963,2025-12-09,4,59.02,In-Store,59.02
7328,166,2831,2025-02-10,2,152.81,Online,152.81
7329,172,2676,2024-12-29,4,232.96,In-Store,232.96
7330,128,2939,2022-04-11,5,101.59,In-Store,101.59
7331,162,2697,2023-11-07,1,55.58,Online,55.58
7332,180,2960,2024-11-07,4,77.62,In-Store,77.62
7333,110,2261,2025-01-05,1,73.49,In-Store,73.49
7334,133,2948,2025-06-18,4,212.0,In-Store,212.0
7335,174,2854,2023-04-07,1,139.03,Online,139.03
7336,145,2970,2024-08-21,4,62.85,Online,62.85
7337,193,2634,2023-11-29,2,74.03,Online,74.03
7338,191,2849,2024-01-20,2,217.51,Online,217.51
7339,116,2211,2025-03-29,2,98.84,In-Store,98.84
7340,156,2660,2025-03-12,5,22.14,Online,22.14
7341,172,2679,2023-10-17,2,232.96,In-Store,232.96
7342,171,2034,2025-03-25,5,104.99,Online,104.99
7343,117,2226,2025-09-21,4,156.19,In-Store,156.19
7344,196,2437,2025-10-23,1,168.41,Online,168.41
7345,156,2262,2025-08-06,4,22.14,Online,22.14
7346,131,2012,2023-11-02,2,114.34,In-Store,114.34
7347,160,2463,2024-05-14,4,232.36,Online,232.36
7348,175,2790,2023-12-30,3,233.98,Online,233.98
7349,145,2310,2024-01-15,2,62.85,Online,62.85
7350,163,2526,2025-11-16,3,186.58,Online,186.58
7351,138,2372,2024-11-28,3,185.66,In-Store,185.66
7352,138,2850,2024-03-20,4,185.66,In-Store,185.66
7353,121,2317,2025-01-04,4,60.64,Online,60.64
7354,179,2702,2024-06-17,5,37.7,In-Store,37.7
7355,187,2674,2024-10-04,4,149.8,Online,149.8
7356,178,2396,2025-05-04,2,81.85,Online,81.85
7357,141,2275,2025-05-27,5,232.94,In-Store,232.94
7358,112,2344,2025-10-21,4,80.36,In-Store,80.36
7359,185,2826,2024-02-10,5,142.4,Online,142.4
7360,182,2704,2023-07-01,4,227.28,In-Store,227.28
7361,189,2284,2025-07-30,3,60.42,Online,60.42
7362,145,2846,2025-02-26,5,62.85,Online,62.85
7363,172,2254,2022-06-15,2,232.96,In-Store,232.96
7364,152,2412,2022-01-22,2,106.63,In-Store,106.63
7365,154,2183,2024-11-10,1,111.25,Online,111.25
7366,153,2426,2025-12-14,3,55.98,In-Store,55.98
7367,137,2468,2024-07-07,5,67.81,In-Store,67.81
7368,119,2081,2025-03-15,2,212.28,Online,212.28
7369,152,2969,2025-04-01,5,106.63,Online,106.63
7370,193,2010,2025-12-18,1,74.03,In-Store,74.03
7371,181,2218,2024-10-20,2,175.0,Online,175.0
7372,116,2202,2024-06-01,3,98.84,In-Store,98.84
7373,114,2439,2025-01-25,4,195.54,Online,195.54
7374,115,2333,2024-06-20,4,101.23,In-Store,101.23
7375,190,2508,2024-11-04,2,197.23,Online,197.23
7376,175,2201,2025-01-23,1,233.98,Online,233.98
7377,156,2369,2023-11-16,5,22.14,In-Store,22.14
7378,152,2687,2025-11-16,5,106.63,In-Store,106.63
7379,117,2798,2024-10-30,2,156.19,Online,156.19
7380,186,2942,2022-10-21,1,28.06,In-Store,28.06
7381,154,2962,2023-07-25,5,111.25,In-Store,111.25
7382,103,2985,2024-01-19,2,111.26,In-Store,111.26
7383,112,2052,2025-01-01,4,80.36,In-Store,80.36
7384,187,2839,2024-10-14,5,149.8,Online,149.8
7385,116,2292,2023-02-18,5,98.84,In-Store,98.84
7386,177,2181,2025-06-17,1,246.12,Online,246.12
7387,192,2210,2022-09-14,5,53.05,In-Store,53.05
7388,113,2491,2025-12-05,2,56.15,Online,56.15
7389,159,2132,2024-08-21,2,49.51,Online,49.51
7390,144,2111,2024-07-07,1,15.05,Online,15.05
7391,129,2159,2023-09-19,2,216.59,In-Store,216.59
7392,101,2696,2025-01-09,5,187.97,In-Store,187.97
7393,148,2520,2025-03-18,1,139.42,Online,139.42
7394,168,2680,2025-05-26,5,152.68,Online,152.68
7395,125,2875,2025-09-15,4,62.64,Online,62.64
7396,143,2405,2024-06-21,5,39.04,In-Store,39.04
7397,136,2036,2025-07-01,5,220.89,In-Store,220.89
7398,124,2180,2025-07-07,3,112.82,Online,112.82
7399,200,2199,2025-01-01,4,241.01,Online,241.01
7400,186,2619,2025-04-11,5,28.06,Online,28.06
7401,148,2856,2024-08-17,4,139.42,Online,139.42
7402,183,2810,2024-06-18,1,209.04,In-Store,209.04
7403,112,2503,2024-04-13,2,80.36,Online,80.36
7404,123,2213,2024-05-24,4,73.57,Online,73.57
7405,119,2853,2022-09-26,2,212.28,Online,212.28
7406,129,2272,2023-08-03,2,216.59,In-Store,216.59
7407,187,2264,2024-11-03,3,149.8,Online,149.8
7408,128,2282,2024-01-23,2,101.59,Online,101.59
7409,160,2408,2025-03-11,1,232.36,Online,232.36
7410,109,2149,2025-04-12,2,101.18,Online,101.18
7411,182,2126,2025-09-21,4,227.28,In-Store,227.28
7412,129,2495,2024-06-16,1,216.59,In-Store,216.59
7413,132,2970,2023-12-22,3,243.25,In-Store,243.25
7414,118,2196,2024-12-10,1,120.94,Online,120.94
7415,114,2165,2025-11-03,4,195.54,In-Store,195.54
7416,153,2972,2025-11-24,2,55.98,Online,55.98
7417,191,2364,2025-12-10,5,217.51,Online,217.51
7418,190,2303,2023-08-19,2,197.23,Online,197.23
7419,128,2237,2025-02-03,1,101.59,Online,101.59
7420,111,2687,2024-09-19,2,243.55,Online,243.55
7421,130,2883,2023-07-17,2,190.21,Online,190.21
7422,114,2532,2024-08-21,4,195.54,Online,195.54
7423,118,2707,2024-04-10,1,120.94,Online,120.94
7424,109,2357,2023-03-23,1,101.18,Online,101.18
7425,190,2918,2024-08-01,5,197.23,In-Store,197.23
7426,197,2633,2023-10-16,2,217.44,Online,217.44
7427,158,2571,2024-10-06,2,126.55,Online,126.55
7428,198,2565,2024-11-05,2,105.92,In-Store,105.92
7429,161,2641,2023-02-17,2,177.18,Online,177.18
7430,102,2293,2024-02-27,5,186.75,In-Store,186.75
7431,126,2727,2025-01-09,4,191.39,In-Store,191.39
7432,124,2275,2024-09-29,2,112.82,Online,112.82
7433,181,2550,2024-06-17,2,175.0,In-Store,175.0
7434,139,2785,2024-03-01,3,168.34,In-Store,168.34
7435,118,2707,2025-05-25,1,120.94,Online,120.94
7436,195,2074,2023-07-15,5,93.92,In-Store,93.92
7437,179,2016,2024-11-18,2,37.7,In-Store,37.7
7438,193,2564,2024-04-02,1,74.03,In-Store,74.03
7439,101,2517,2024-10-20,4,187.97,In-Store,187.97
7440,162,2282,2025-10-19,4,55.58,Online,55.58
7441,110,2627,2024-02-22,5,73.49,In-Store,73.49
7442,160,2222,2024-04-26,5,232.36,In-Store,232.36
7443,158,2726,2025-12-12,2,126.55,In-Store,126.55
7444,173,2050,2024-05-17,1,159.08,In-Store,159.08
7445,123,2036,2025-07-30,2,73.57,In-Store,73.57
7446,114,2209,2024-07-15,3,195.54,In-Store,195.54
7447,124,2502,2024-12-18,1,112.82,In-Store,112.82
7448,132,2977,2025-07-11,4,243.25,Online,243.25
7449,164,2288,2025-02-15,2,22.03,Online,22.03
7450,139,2112,2025-12-29,4,168.34,In-Store,168.34
7451,172,2935,2023-10-21,1,232.96,In-Store,232.96
7452,135,2201,2025-05-21,3,87.8,Online,87.8
7453,145,2112,2024-12-15,4,62.85,In-Store,62.85
7454,111,2371,2024-05-24,3,243.55,In-Store,243.55
7455,162,2464,2025-12-01,3,55.58,In-Store,55.58
7456,148,2535,2025-04-02,3,139.42,Online,139.42
7457,198,2063,2025-04-21,2,105.92,In-Store,105.92
7458,187,2555,2023-09-21,5,149.8,In-Store,149.8
7459,129,2442,2025-10-05,2,216.59,Online,216.59
7460,136,2383,2024-08-23,2,220.89,In-Store,220.89
7461,195,2508,2024-08-07,5,93.92,Online,93.92
7462,198,2131,2023-10-31,1,105.92,In-Store,105.92
7463,108,2245,2025-09-07,1,61.68,Online,61.68
7464,169,2162,2025-07-19,4,167.77,Online,167.77
7465,198,2434,2025-08-11,5,105.92,Online,105.92
7466,166,2465,2024-06-12,3,152.81,Online,152.81
7467,200,2607,2025-04-07,3,241.01,In-Store,241.01
7468,170,2373,2024-10-25,5,59.02,In-Store,59.02
7469,103,2744,2024-10-04,5,111.26,Online,111.26
7470,200,2141,2024-10-30,1,241.01,In-Store,241.01
7471,121,2561,2025-04-04,2,60.64,In-Store,60.64
7472,134,2589,2025-07-22,4,99.74,Online,99.74
7473,113,2268,2025-08-18,5,56.15,Online,56.15
7474,193,2577,2025-04-18,1,74.03,In-Store,74.03
7475,106,2586,2023-09-25,5,117.81,Online,117.81
7476,175,2142,2024-10-14,4,233.98,Online,233.98
7477,171,2326,2025-11-09,1,104.99,Online,104.99
7478,152,2484,2024-07-10,1,106.63,In-Store,106.63
7479,155,2753,2025-10-30,2,219.88,In-Store,219.88
7480,141,2175,2024-05-04,4,232.94,Online,232.94
7481,110,2454,2024-08-16,2,73.49,Online,73.49
7482,115,2343,2022-09-27,3,101.23,In-Store,101.23
7483,180,2818,2025-03-14,5,77.62,Online,77.62
7484,183,2929,2025-04-10,2,209.04,In-Store,209.04
7485,184,2439,2025-09-15,3,195.07,Online,195.07
7486,197,2990,2023-04-04,2,217.44,Online,217.44
7487,195,2399,2024-05-28,4,93.92,Online,93.92
7488,188,2961,2025-12-16,3,20.04,In-Store,20.04
7489,159,2742,2024-08-11,2,49.51,In-Store,49.51
7490,195,2359,2025-11-08,3,93.92,Online,93.92
7491,166,2336,2025-06-28,2,152.81,In-Store,152.81
7492,133,2930,2025-08-22,3,212.0,In-Store,212.0
7493,106,2924,2024-06-26,2,117.81,Online,117.81
7494,178,2214,2025-09-16,1,81.85,In-Store,81.85
7495,166,2458,2024-03-10,5,152.81,In-Store,152.81
7496,142,2524,2022-04-14,2,248.84,In-Store,248.84
7497,143,2151,2025-10-13,5,39.04,In-Store,39.04
7498,132,2142,2025-12-02,1,243.25,Online,243.25
7499,188,2947,2025-03-09,4,20.04,In-Store,20.04
7500,151,2800,2024-02-22,5,108.66,In-Store,108.66
7501,121,2001,2022-09-17,5,60.64,In-Store,60.64
7502,132,2102,2024-08-11,1,243.25,In-Store,243.25
7503,190,2394,2025-12-29,5,197.23,Online,197.23
7504,186,2901,2024-01-25,3,28.06,Online,28.06
7505,180,2408,2025-08-18,1,77.62,Online,77.62
7506,134,2626,2023-03-14,4,99.74,Online,99.74
7507,173,2901,2023-12-06,3,159.08,Online,159.08
7508,191,2921,2023-07-11,4,217.51,Online,217.51
7509,177,2628,2024-06-03,5,246.12,Online,246.12
7510,159,2516,2024-07-24,2,49.51,Online,49.51
7511,148,2416,2024-10-25,3,139.42,In-Store,139.42
7512,168,2833,2024-02-03,4,152.68,In-Store,152.68
7513,149,2457,2025-11-01,4,198.31,Online,198.31
7514,142,2230,2024-01-21,5,248.84,Online,248.84
7515,193,2907,2024-08-08,1,74.03,In-Store,74.03
7516,199,2286,2023-08-21,1,37.68,Online,37.68
7517,130,2692,2024-06-24,4,190.21,Online,190.21
7518,172,2693,2024-06-21,1,232.96,In-Store,232.96
7519,105,2526,2025-03-23,1,57.72,Online,57.72
7520,155,2378,2024-11-09,1,219.88,In-Store,219.88
7521,141,2154,2025-07-19,5,232.94,Online,232.94
7522,101,2702,2024-03-22,1,187.97,In-Store,187.97
7523,186,2355,2024-11-21,1,28.06,Online,28.06
7524,127,2152,2025-09-18,5,200.1,In-Store,200.1
7525,186,2501,2025-07-19,1,28.06,In-Store,28.06
7526,122,2269,2025-06-24,1,167.31,Online,167.31
7527,151,2845,2025-12-02,1,108.66,Online,108.66
7528,182,2435,2024-06-26,2,227.28,Online,227.28
7529,123,2941,2025-10-14,2,73.57,In-Store,73.57
7530,157,2173,2024-11-09,3,232.33,In-Store,232.33
7531,181,2109,2025-11-25,3,175.0,Online,175.0
7532,137,2283,2024-10-01,2,67.81,In-Store,67.81
7533,183,2971,2024-06-13,1,209.04,In-Store,209.04
7534,191,2203,2024-09-20,4,217.51,Online,217.51
7535,142,2332,2025-04-25,5,248.84,Online,248.84
7536,138,2273,2024-01-04,5,185.66,In-Store,185.66
7537,135,2042,2024-01-19,1,87.8,In-Store,87.8
7538,103,2634,2025-01-17,1,111.26,Online,111.26
7539,192,2195,2025-04-28,1,53.05,Online,53.05
7540,171,2042,2024-04-06,1,104.99,In-Store,104.99
7541,171,2021,2024-03-13,2,104.99,In-Store,104.99
7542,115,2778,2024-11-03,1,101.23,Online,101.23
7543,140,2480,2025-12-31,5,136.64,Online,136.64
7544,128,2055,2024-01-13,1,101.59,Online,101.59
7545,142,2726,2024-12-19,5,248.84,In-Store,248.84
7546,137,2198,2025-02-15,3,67.81,Online,67.81
7547,169,2251,2025-07-21,1,167.77,Online,167.77
7548,154,2375,2024-07-19,4,111.25,In-Store,111.25
7549,102,2072,2025-05-13,4,186.75,In-Store,186.75
7550,102,2798,2025-06-16,2,186.75,Online,186.75
7551,178,2559,2024-04-19,5,81.85,Online,81.85
7552,144,2524,2022-06-06,4,15.05,In-Store,15.05
7553,152,2178,2024-10-12,4,106.63,Online,106.63
7554,133,2929,2025-11-28,5,212.0,In-Store,212.0
7555,176,2219,2024-11-12,2,78.4,Online,78.4
7556,182,2380,2023-01-30,3,227.28,In-Store,227.28
7557,112,2876,2023-05-08,1,80.36,Online,80.36
7558,161,2248,2022-09-27,3,177.18,Online,177.18
7559,112,2446,2024-07-16,1,80.36,In-Store,80.36
7560,149,2052,2025-07-28,4,198.31,Online,198.31
7561,112,2569,2025-01-10,1,80.36,In-Store,80.36
7562,200,2698,2025-12-29,3,241.01,In-Store,241.01
7563,189,2724,2024-11-15,2,60.42,In-Store,60.42
7564,161,2624,2023-05-12,4,177.18,In-Store,177.18
7565,117,2544,2023-03-11,1,156.19,Online,156.19
7566,102,2279,2025-08-10,3,186.75,In-Store,186.75
7567,146,2717,2024-06-08,4,26.18,In-Store,26.18
7568,143,2154,2025-06-19,5,39.04,In-Store,39.04
7569,196,2579,2024-11-25,4,168.41,In-Store,168.41
7570,107,2487,2025-07-31,5,177.55,Online,177.55
7571,179,2192,2025-12-23,1,37.7,Online,37.7
7572,137,2967,2024-03-26,1,67.81,In-Store,67.81
7573,117,2977,2025-06-13,4,156.19,In-Store,156.19
7574,108,2791,2025-12-17,4,61.68,Online,61.68
7575,119,2874,2024-10-08,3,212.28,In-Store,212.28
7576,128,2713,2022-11-29,2,101.59,In-Store,101.59
7577,133,2833,2025-04-11,1,212.0,In-Store,212.0
7578,153,2808,2024-02-17,4,55.98,In-Store,55.98
7579,152,2702,2024-07-11,3,106.63,In-Store,106.63
7580,180,2722,2024-05-25,1,77.62,In-Store,77.62
7581,121,2009,2024-09-23,1,60.64,In-Store,60.64
7582,153,2249,2024-07-19,1,55.98,Online,55.98
7583,192,2099,2025-03-25,3,53.05,Online,53.05
7584,200,2828,2024-02-24,1,241.01,In-Store,241.01
7585,196,2162,2025-11-01,4,168.41,Online,168.41
7586,139,2555,2024-02-04,1,168.34,In-Store,168.34
7587,109,2083,2023-08-28,1,101.18,Online,101.18
7588,146,2945,2024-12-20,4,26.18,Online,26.18
7589,165,2561,2023-10-06,1,240.59,In-Store,240.59
7590,105,2203,2024-12-05,5,57.72,Online,57.72
7591,136,2916,2024-08-02,4,220.89,In-Store,220.89
7592,126,2038,2024-08-09,2,191.39,Online,191.39
7593,119,2863,2023-08-25,3,212.28,Online,212.28
7594,138,2468,2023-11-13,2,185.66,Online,185.66
7595,148,2537,2025-05-25,2,139.42,Online,139.42
7596,103,2865,2023-10-28,5,111.26,Online,111.26
7597,167,2725,2024-05-12,1,235.98,In-Store,235.98
7598,151,2965,2025-05-14,3,108.66,Online,108.66
7599,167,2458,2025-04-10,2,235.98,In-Store,235.98
7600,176,2570,2024-12-31,5,78.4,In-Store,78.4
7601,164,2813,2022-03-10,1,22.03,In-Store,22.03
7602,114,2704,2022-12-27,1,195.54,In-Store,195.54
7603,122,2238,2025-04-30,5,167.31,Online,167.31
7604,150,2274,2025-02-01,3,33.26,Online,33.26
7605,117,2938,2022-12-01,2,156.19,In-Store,156.19
7606,166,2106,2024-08-17,3,152.81,Online,152.81
7607,148,2168,2025-04-09,4,139.42,Online,139.42
7608,159,2191,2023-09-14,5,49.51,Online,49.51
7609,137,2537,2023-11-14,4,67.81,In-Store,67.81
7610,170,2085,2024-11-17,3,59.02,In-Store,59.02
7611,115,2685,2025-04-02,1,101.23,In-Store,101.23
7612,152,2798,2025-12-29,2,106.63,Online,106.63
7613,101,2272,2023-10-17,5,187.97,Online,187.97
7614,101,2853,2022-11-06,1,187.97,In-Store,187.97
7615,132,2891,2024-11-10,5,243.25,In-Store,243.25
7616,116,2319,2025-10-13,3,98.84,Online,98.84
7617,134,2002,2024-08-08,1,99.74,In-Store,99.74
7618,177,2397,2023-01-16,5,246.12,Online,246.12
7619,135,2114,2025-08-24,3,87.8,In-Store,87.8
7620,108,2967,2024-10-17,5,61.68,In-Store,61.68
7621,160,2161,2025-08-01,3,232.36,Online,232.36
7622,103,2127,2025-09-04,1,111.26,Online,111.26
7623,193,2806,2024-04-14,5,74.03,Online,74.03
7624,146,2283,2024-09-12,4,26.18,Online,26.18
7625,117,2970,2025-11-18,3,156.19,In-Store,156.19
7626,126,2101,2023-04-29,2,191.39,In-Store,191.39
7627,123,2229,2025-06-10,5,73.57,Online,73.57
7628,134,2249,2024-11-22,1,99.74,Online,99.74
7629,173,2886,2025-07-17,3,159.08,Online,159.08
7630,112,2652,2025-03-12,5,80.36,Online,80.36
7631,124,2108,2024-02-26,3,112.82,In-Store,112.82
7632,137,2955,2024-06-28,4,67.81,In-Store,67.81
7633,141,2321,2025-12-26,3,232.94,Online,232.94
7634,173,2035,2025-11-07,3,159.08,Online,159.08
7635,135,2722,2024-12-25,1,87.8,In-Store,87.8
7636,102,2182,2025-02-17,4,186.75,Online,186.75
7637,200,2369,2024-02-01,3,241.01,Online,241.01
7638,195,2521,2024-11-20,5,93.92,In-Store,93.92
7639,111,2204,2022-03-15,4,243.55,Online,243.55
7640,177,2136,2025-09-22,1,246.12,In-Store,246.12
7641,174,2052,2024-02-01,4,139.03,In-Store,139.03
7642,101,2028,2024-12-31,2,187.97,In-Store,187.97
7643,180,2743,2025-12-15,3,77.62,In-Store,77.62
7644,193,2904,2025-04-03,1,74.03,Online,74.03
7645,173,2211,2024-06-14,3,159.08,Online,159.08
7646,171,2936,2025-04-19,4,104.99,Online,104.99
7647,116,2629,2025-11-23,2,98.84,In-Store,98.84
7648,187,2003,2023-06-15,3,149.8,Online,149.8
7649,158,2752,2024-12-14,3,126.55,Online,126.55
7650,179,2596,2025-08-28,1,37.7,In-Store,37.7
7651,197,2548,2023-02-16,4,217.44,In-Store,217.44
7652,137,2162,2023-11-19,5,67.81,In-Store,67.81
7653,172,2392,2024-02-11,3,232.96,In-Store,232.96
7654,130,2513,2025-07-23,4,190.21,Online,190.21
7655,193,2389,2024-08-08,1,74.03,In-Store,74.03
7656,192,2984,2025-01-27,2,53.05,Online,53.05
7657,124,2495,2025-01-21,2,112.82,Online,112.82
7658,136,2435,2024-07-16,5,220.89,Online,220.89
7659,199,2641,2022-08-27,3,37.68,Online,37.68
7660,145,2255,2025-09-24,2,62.85,In-Store,62.85
7661,193,2815,2023-07-20,3,74.03,In-Store,74.03
7662,152,2543,2023-08-28,4,106.63,Online,106.63
7663,200,2759,2024-09-30,5,241.01,In-Store,241.01
7664,126,2503,2024-06-05,4,191.39,In-Store,191.39
7665,112,2861,2025-07-26,1,80.36,In-Store,80.36
7666,130,2812,2024-02-21,4,190.21,In-Store,190.21
7667,143,2816,2022-11-15,2,39.04,In-Store,39.04
7668,111,2104,2024-11-12,3,243.55,In-Store,243.55
7669,148,2026,2024-09-09,2,139.42,Online,139.42
7670,188,2671,2024-01-15,2,20.04,In-Store,20.04
7671,155,2597,2025-09-09,5,219.88,In-Store,219.88
7672,124,2678,2025-03-13,2,112.82,Online,112.82
7673,162,2645,2024-05-19,3,55.58,Online,55.58
7674,198,2041,2025-11-30,4,105.92,Online,105.92
7675,180,2566,2023-10-22,3,77.62,Online,77.62
7676,138,2758,2025-12-16,2,185.66,In-Store,185.66
7677,111,2889,2024-07-06,2,243.55,Online,243.55
7678,194,2245,2025-08-05,2,216.06,Online,216.06
7679,136,2085,2025-05-24,3,220.89,Online,220.89
7680,182,2779,2024-10-26,2,227.28,Online,227.28
7681,199,2743,2024-09-06,1,37.68,In-Store,37.68
7682,187,2307,2025-04-12,5,149.8,Online,149.8
7683,109,2596,2024-03-18,3,101.18,Online,101.18
7684,143,2626,2025-12-03,2,39.04,In-Store,39.04
7685,154,2644,2025-04-01,5,111.25,Online,111.25
7686,141,2344,2025-05-02,1,232.94,In-Store,232.94
7687,173,2562,2024-12-22,2,159.08,In-Store,159.08
7688,112,2749,2022-03-28,2,80.36,Online,80.36
7689,186,2234,2025-01-07,5,28.06,Online,28.06
7690,166,2184,2025-03-24,1,152.81,In-Store,152.81
7691,152,2981,2025-01-29,3,106.63,Online,106.63
7692,151,2978,2023-11-02,2,108.66,Online,108.66
7693,167,2219,2025-07-25,1,235.98,Online,235.98
7694,191,2777,2023-02-10,5,217.51,Online,217.51
7695,121,2392,2023-10-27,2,60.64,In-Store,60.64
7696,182,2509,2025-09-09,2,227.28,In-Store,227.28
7697,184,2719,2025-11-14,1,195.07,Online,195.07
7698,180,2561,2022-04-02,1,77.62,Online,77.62
7699,195,2830,2023-03-16,5,93.92,In-Store,93.92
7700,188,2283,2025-04-09,1,20.04,In-Store,20.04
7701,104,2711,2024-07-30,2,65.84,In-Store,65.84
7702,107,2864,2025-04-22,3,177.55,In-Store,177.55
7703,122,2532,2022-11-29,5,167.31,In-Store,167.31
7704,191,2603,2024-02-19,5,217.51,In-Store,217.51
7705,196,2135,2023-08-23,4,168.41,Online,168.41
7706,166,2071,2024-06-16,1,152.81,In-Store,152.81
7707,150,2074,2023-12-26,2,33.26,Online,33.26
7708,125,2298,2024-04-28,1,62.64,In-Store,62.64
7709,120,2935,2025-10-09,4,203.21,In-Store,203.21
7710,186,2141,2025-11-12,5,28.06,Online,28.06
7711,175,2850,2023-10-17,3,233.98,In-Store,233.98
7712,182,2573,2024-02-03,4,227.28,In-Store,227.28
7713,166,2994,2024-06-10,4,152.81,Online,152.81
7714,109,2644,2024-07-05,5,101.18,In-Store,101.18
7715,136,2571,2025-03-19,2,220.89,Online,220.89
7716,137,2301,2025-01-24,4,67.81,In-Store,67.81
7717,198,2043,2025-04-29,4,105.92,In-Store,105.92
7718,137,2277,2024-08-26,1,67.81,In-Store,67.81
7719,190,2076,2023-11-05,4,197.23,In-Store,197.23
7720,139,2960,2022-11-24,2,168.34,Online,168.34
7721,160,2108,2025-06-16,5,232.36,Online,232.36
7722,190,2474,2025-07-27,1,197.23,In-Store,197.23
7723,194,2665,2024-11-29,5,216.06,Online,216.06
7724,190,2950,2024-06-15,1,197.23,Online,197.23
7725,119,2550,2024-01-17,2,212.28,Online,212.28
7726,126,2703,2023-03-04,1,191.39,In-Store,191.39
7727,130,2930,2025-01-04,5,190.21,In-Store,190.21
7728,138,2804,2022-06-20,4,185.66,In-Store,185.66
7729,185,2075,2025-02-15,4,142.4,Online,142.4
7730,198,2266,2024-04-21,2,105.92,Online,105.92
7731,170,2457,2024-11-17,2,59.02,In-Store,59.02
7732,133,2880,2022-11-11,5,212.0,In-Store,212.0
7733,192,2267,2025-09-22,2,53.05,Online,53.05
7734,194,2807,2024-08-09,4,216.06,In-Store,216.06
7735,172,2181,2025-11-12,5,232.96,In-Store,232.96
7736,143,2074,2024-05-18,2,39.04,In-Store,39.04
7737,192,2382,2025-01-06,1,53.05,In-Store,53.05
7738,165,2708,2025-12-17,2,240.59,In-Store,240.59
7739,177,2526,2024-03-28,1,246.12,Online,246.12
7740,133,2433,2023-06-10,2,212.0,In-Store,212.0
7741,110,2750,2025-01-19,2,73.49,Online,73.49
7742,156,2411,2025-12-31,2,22.14,Online,22.14
7743,105,2801,2023-10-23,2,57.72,In-Store,57.72
7744,156,2185,2025-06-14,3,22.14,In-Store,22.14
7745,165,2180,2025-05-24,5,240.59,Online,240.59
7746,165,2889,2023-10-08,4,240.59,In-Store,240.59
7747,102,2779,2024-09-19,4,186.75,Online,186.75
7748,158,2405,2025-09-26,4,126.55,In-Store,126.55
7749,199,2291,2025-10-06,1,37.68,In-Store,37.68
7750,140,2631,2023-05-05,5,136.64,Online,136.64
7751,167,2147,2024-04-02,1,235.98,Online,235.98
7752,114,2770,2024-07-07,1,195.54,In-Store,195.54
7753,155,2209,2025-08-29,3,219.88,Online,219.88
7754,173,2400,2025-11-25,4,159.08,In-Store,159.08
7755,186,2951,2024-02-21,2,28.06,In-Store,28.06
7756,153,2806,2025-04-17,2,55.98,In-Store,55.98
7757,192,2614,2024-06-02,2,53.05,In-Store,53.05
7758,119,2308,2024-12-25,3,212.28,In-Store,212.28
7759,186,2100,2024-06-29,2,28.06,Online,28.06
7760,139,2043,2025-09-01,3,168.34,In-Store,168.34
7761,159,2063,2025-03-27,4,49.51,In-Store,49.51
7762,106,2983,2024-11-09,3,117.81,In-Store,117.81
7763,189,2180,2025-10-05,3,60.42,In-Store,60.42
7764,144,2525,2023-08-31,2,15.05,In-Store,15.05
7765,140,2158,2025-12-17,5,136.64,In-Store,136.64
7766,179,2166,2025-08-07,3,37.7,Online,37.7
7767,182,2510,2023-11-07,3,227.28,In-Store,227.28
7768,106,2075,2025-02-08,2,117.81,In-Store,117.81
7769,165,2287,2024-12-11,4,240.59,Online,240.59
7770,160,2113,2025-08-19,4,232.36,In-Store,232.36
7771,109,2599,2024-09-15,5,101.18,In-Store,101.18
7772,145,2953,2023-03-08,2,62.85,Online,62.85
7773,121,2455,2025-01-12,2,60.64,In-Store,60.64
7774,185,2849,2024-11-05,4,142.4,Online,142.4
7775,143,2821,2025-05-10,2,39.04,In-Store,39.04
7776,163,2931,2025-11-25,1,186.58,In-Store,186.58
7777,145,2382,2025-09-20,2,62.85,In-Store,62.85
7778,134,2961,2024-02-24,2,99.74,Online,99.74
7779,101,2965,2024-11-21,5,187.97,Online,187.97
7780,171,2601,2025-01-17,4,104.99,In-Store,104.99
7781,128,2336,2022-04-09,2,101.59,Online,101.59
7782,156,2716,2025-11-30,2,22.14,In-Store,22.14
7783,194,2766,2025-02-02,4,216.06,Online,216.06
7784,164,2302,2024-05-05,3,22.03,In-Store,22.03
7785,137,2931,2025-12-06,5,67.81,In-Store,67.81
7786,139,2533,2023-11-28,3,168.34,Online,168.34
7787,154,2135,2025-02-03,3,111.25,Online,111.25
7788,160,2203,2025-11-01,1,232.36,Online,232.36
7789,135,2935,2023-05-31,5,87.8,Online,87.8
7790,165,2015,2024-10-13,3,240.59,In-Store,240.59
7791,163,2540,2023-10-01,2,186.58,Online,186.58
7792,104,2759,2025-01-28,2,65.84,Online,65.84
7793,108,2085,2025-07-05,3,61.68,In-Store,61.68
7794,190,2187,2023-01-20,4,197.23,In-Store,197.23
7795,129,2825,2025-08-26,4,216.59,Online,216.59
7796,174,2934,2024-05-21,2,139.03,In-Store,139.03
7797,119,2434,2025-08-21,2,212.28,Online,212.28
7798,149,2828,2025-10-26,4,198.31,Online,198.31
7799,107,2301,2024-12-16,1,177.55,Online,177.55
7800,158,2885,2023-08-26,2,126.55,Online,126.55
7801,116,2368,2025-11-26,1,98.84,In-Store,98.84
7802,121,2420,2025-07-23,3,60.64,Online,60.64
7803,124,2298,2025-03-09,3,112.82,Online,112.82
7804,143,2559,2024-02-09,2,39.04,In-Store,39.04
7805,116,2478,2025-08-14,4,98.84,In-Store,98.84
7806,154,2618,2024-11-01,5,111.25,Online,111.25
7807,167,2941,2025-05-09,5,235.98,In-Store,235.98
7808,143,2930,2025-01-25,1,39.04,Online,39.04
7809,186,2319,2024-11-08,1,28.06,In-Store,28.06
7810,110,2816,2024-03-17,5,73.49,In-Store,73.49
7811,105,2543,2024-09-16,5,57.72,Online,57.72
7812,120,2305,2023-05-26,5,203.21,In-Store,203.21
7813,158,2140,2025-06-07,3,126.55,Online,126.55
7814,160,2530,2024-10-09,2,232.36,Online,232.36
7815,186,2579,2023-12-24,5,28.06,In-Store,28.06
7816,116,2243,2024-07-04,5,98.84,Online,98.84
7817,114,2011,2025-01-27,1,195.54,Online,195.54
7818,200,2012,2022-06-08,1,241.01,In-Store,241.01
7819,116,2443,2024-06-28,4,98.84,Online,98.84
7820,195,2622,2025-08-03,3,93.92,Online,93.92
7821,169,2977,2025-08-07,1,167.77,Online,167.77
7822,143,2301,2025-09-08,5,39.04,Online,39.04
7823,152,2925,2024-11-22,3,106.63,Online,106.63
7824,155,2752,2024-11-04,3,219.88,Online,219.88
7825,144,2408,2025-03-03,2,15.05,Online,15.05
7826,140,2272,2024-05-30,4,136.64,In-Store,136.64
7827,170,2715,2025-08-29,3,59.02,Online,59.02
7828,188,2721,2025-01-18,3,20.04,Online,20.04
7829,180,2024,2025-08-20,1,77.62,In-Store,77.62
7830,140,2124,2024-11-09,2,136.64,In-Store,136.64
7831,160,2436,2025-03-31,4,232.36,In-Store,232.36
7832,134,2852,2025-01-20,5,99.74,Online,99.74
7833,134,2319,2024-05-03,1,99.74,Online,99.74
7834,156,2535,2023-05-25,4,22.14,In-Store,22.14
7835,122,2732,2025-01-27,3,167.31,In-Store,167.31
7836,143,2566,2023-12-26,4,39.04,In-Store,39.04
7837,141,2739,2025-07-07,3,232.94,Online,232.94
7838,185,2689,2023-01-08,5,142.4,Online,142.4
7839,124,2807,2024-08-26,4,112.82,Online,112.82
7840,155,2679,2024-09-21,5,219.88,Online,219.88
7841,135,2046,2025-12-11,1,87.8,In-Store,87.8
7842,117,2052,2022-10-01,1,156.19,In-Store,156.19
7843,198,2456,2025-08-30,4,105.92,In-Store,105.92
7844,143,2718,2025-05-15,4,39.04,Online,39.04
7845,128,2804,2022-10-23,5,101.59,In-Store,101.59
7846,120,2953,2024-09-23,4,203.21,In-Store,203.21
7847,131,2015,2025-06-19,5,114.34,Online,114.34
7848,119,2769,2025-12-30,2,212.28,Online,212.28
7849,161,2299,2025-05-25,1,177.18,In-Store,177.18
7850,169,2376,2024-02-21,3,167.77,Online,167.77
7851,116,2585,2023-12-08,5,98.84,Online,98.84
7852,191,2994,2025-03-03,2,217.51,In-Store,217.51
7853,117,2911,2024-08-29,5,156.19,Online,156.19
7854,157,2331,2025-10-10,3,232.33,In-Store,232.33
7855,128,2914,2024-08-04,4,101.59,Online,101.59
7856,165,2563,2025-02-06,3,240.59,Online,240.59
7857,145,2118,2025-01-22,2,62.85,Online,62.85
7858,176,2106,2025-12-21,2,78.4,In-Store,78.4
7859,148,2726,2025-01-02,4,139.42,In-Store,139.42
7860,143,2362,2023-03-24,1,39.04,In-Store,39.04
7861,104,2128,2025-10-30,3,65.84,Online,65.84
7862,118,2375,2023-07-07,3,120.94,In-Store,120.94
7863,190,2605,2024-10-09,4,197.23,In-Store,197.23
7864,108,2292,2024-01-04,1,61.68,Online,61.68
7865,123,2110,2023-09-28,2,73.57,In-Store,73.57
7866,200,2385,2024-01-02,2,241.01,In-Store,241.01
7867,130,2678,2024-03-10,4,190.21,In-Store,190.21
7868,184,2819,2024-06-22,5,195.07,Online,195.07
7869,132,2742,2023-10-26,3,243.25,Online,243.25
7870,166,2414,2025-11-03,3,152.81,Online,152.81
7871,158,2338,2024-11-30,3,126.55,Online,126.55
7872,172,2985,2025-09-13,5,232.96,In-Store,232.96
7873,118,2127,2025-04-29,4,120.94,Online,120.94
7874,163,2818,2023-11-01,1,186.58,In-Store,186.58
7875,195,2859,2024-11-09,1,93.92,In-Store,93.92
7876,135,2101,2023-11-20,1,87.8,In-Store,87.8
7877,138,2267,2023-09-12,5,185.66,Online,185.66
7878,151,2912,2025-02-09,4,108.66,In-Store,108.66
7879,165,2684,2025-09-09,1,240.59,Online,240.59
7880,178,2032,2025-12-03,5,81.85,In-Store,81.85
7881,149,2316,2022-12-08,3,198.31,Online,198.31
7882,161,2288,2025-06-09,5,177.18,In-Store,177.18
7883,138,2363,2024-08-12,1,185.66,Online,185.66
7884,163,2339,2022-05-27,4,186.58,Online,186.58
7885,199,2889,2023-10-28,1,37.68,Online,37.68
7886,114,2408,2025-12-12,2,195.54,In-Store,195.54
7887,138,2230,2023-04-24,2,185.66,In-Store,185.66
7888,195,2853,2024-01-25,4,93.92,Online,93.92
7889,187,2756,2023-01-15,3,149.8,In-Store,149.8
7890,155,2368,2025-12-10,4,219.88,In-Store,219.88
7891,200,2431,2022-10-25,5,241.01,In-Store,241.01
7892,181,2581,2023-06-02,5,175.0,In-Store,175.0
7893,111,2877,2022-10-16,4,243.55,In-Store,243.55
7894,175,2988,2025-03-26,5,233.98,In-Store,233.98
7895,177,2550,2024-08-03,4,246.12,In-Store,246.12
7896,169,2723,2025-10-26,4,167.77,In-Store,167.77
7897,195,2532,2022-10-12,5,93.92,In-Store,93.92
7898,147,2037,2025-10-28,2,133.4,Online,133.4
7899,176,2095,2023-11-29,3,78.4,Online,78.4
7900,163,2186,2024-04-05,5,186.58,In-Store,186.58
7901,131,2031,2024-01-11,2,114.34,In-Store,114.34
7902,135,2080,2025-03-03,4,87.8,In-Store,87.8
7903,182,2375,2023-11-16,4,227.28,Online,227.28
7904,107,2028,2025-08-20,2,177.55,Online,177.55
7905,183,2427,2023-12-05,5,209.04,Online,209.04
7906,159,2587,2025-12-27,3,49.51,Online,49.51
7907,173,2732,2023-01-04,4,159.08,Online,159.08
7908,166,2772,2024-10-24,3,152.81,In-Store,152.81
7909,160,2567,2024-11-11,4,232.36,Online,232.36
7910,138,2552,2023-09-19,3,185.66,In-Store,185.66
7911,143,2179,2023-05-19,1,39.04,In-Store,39.04
7912,135,2119,2024-10-23,1,87.8,Online,87.8
7913,177,2362,2022-10-26,4,246.12,Online,246.12
7914,132,2418,2024-11-22,1,243.25,Online,243.25
7915,130,2689,2025-05-03,1,190.21,Online,190.21
7916,136,2783,2024-07-02,3,220.89,Online,220.89
7917,143,2572,2025-05-29,3,39.04,In-Store,39.04
7918,156,2769,2024-02-28,5,22.14,In-Store,22.14
7919,179,2491,2025-08-23,5,37.7,Online,37.7
7920,133,2092,2024-12-28,3,212.0,In-Store,212.0
7921,102,2742,2025-03-26,5,186.75,Online,186.75
7922,163,2823,2025-02-15,4,186.58,Online,186.58
7923,123,2983,2025-05-22,2,73.57,Online,73.57
7924,129,2307,2025-01-10,5,216.59,In-Store,216.59
7925,138,2385,2025-07-03,5,185.66,Online,185.66
7926,106,2805,2024-03-17,4,117.81,Online,117.81
7927,176,2475,2025-06-30,4,78.4,In-Store,78.4
7928,107,2146,2024-07-30,2,177.55,Online,177.55
7929,135,2921,2023-01-06,2,87.8,Online,87.8
7930,151,2443,2025-01-22,2,108.66,In-Store,108.66
7931,174,2610,2025-06-07,3,139.03,Online,139.03
7932,143,2143,2025-04-25,2,39.04,In-Store,39.04
7933,193,2601,2025-04-21,5,74.03,In-Store,74.03
7934,150,2627,2024-02-09,5,33.26,Online,33.26
7935,143,2180,2025-09-22,2,39.04,In-Store,39.04
7936,129,2805,2022-10-23,1,216.59,Online,216.59
7937,153,2009,2025-08-03,2,55.98,Online,55.98
7938,112,2644,2025-09-16,4,80.36,Online,80.36
7939,164,2902,2022-09-06,3,22.03,In-Store,22.03
7940,196,2828,2022-12-31,3,168.41,Online,168.41
7941,143,2382,2025-09-22,1,39.04,In-Store,39.04
7942,165,2055,2024-01-03,2,240.59,Online,240.59
7943,189,2673,2025-04-19,1,60.42,In-Store,60.42
7944,109,2022,2023-12-19,1,101.18,Online,101.18
7945,155,2417,2024-03-23,3,219.88,In-Store,219.88
7946,182,2035,2024-12-07,4,227.28,Online,227.28
7947,193,2394,2022-03-30,1,74.03,Online,74.03
7948,168,2716,2024-11-21,1,152.68,Online,152.68
7949,194,2242,2025-06-10,5,216.06,Online,216.06
7950,178,2349,2024-07-25,5,81.85,In-Store,81.85
7951,136,2828,2025-10-28,1,220.89,Online,220.89
7952,135,2415,2024-10-29,5,87.8,Online,87.8
7953,171,2115,2023-06-27,5,104.99,Online,104.99
7954,109,2995,2025-04-06,3,101.18,Online,101.18
7955,174,2258,2024-08-08,5,139.03,Online,139.03
7956,104,2616,2024-12-29,1,65.84,Online,65.84
7957,137,2166,2023-10-02,3,67.81,Online,67.81
7958,117,2564,2025-07-16,4,156.19,In-Store,156.19
7959,136,2360,2024-07-24,1,220.89,Online,220.89
7960,182,2577,2025-04-20,4,227.28,Online,227.28
7961,144,2509,2025-07-28,1,15.05,Online,15.05
7962,137,2596,2024-04-08,2,67.81,In-Store,67.81
7963,110,2757,2025-04-06,1,73.49,In-Store,73.49
7964,172,2491,2025-08-12,5,232.96,In-Store,232.96
7965,193,2295,2025-05-25,3,74.03,In-Store,74.03
7966,198,2102,2025-09-20,1,105.92,In-Store,105.92
7967,186,2674,2024-09-07,1,28.06,Online,28.06
7968,137,2218,2022-05-18,3,67.81,Online,67.81
7969,191,2379,2024-12-27,1,217.51,In-Store,217.51
7970,126,2043,2025-09-18,2,191.39,In-Store,191.39
7971,103,2260,2025-09-15,5,111.26,In-Store,111.26
7972,133,2899,2024-03-07,1,212.0,Online,212.0
7973,197,2435,2024-07-30,2,217.44,In-Store,217.44
7974,134,2894,2025-04-13,2,99.74,In-Store,99.74
7975,115,2033,2025-02-17,3,101.23,Online,101.23
7976,157,2239,2025-05-23,1,232.33,In-Store,232.33
7977,154,2214,2025-01-29,4,111.25,In-Store,111.25
7978,158,2790,2025-02-28,1,126.55,In-Store,126.55
7979,195,2052,2024-11-28,4,93.92,Online,93.92
7980,160,2810,2025-08-15,5,232.36,Online,232.36
7981,165,2918,2025-01-04,2,240.59,In-Store,240.59
7982,188,2848,2025-06-04,5,20.04,In-Store,20.04
7983,129,2701,2022-12-03,1,216.59,In-Store,216.59
7984,158,2527,2023-07-25,4,126.55,In-Store,126.55
7985,134,2517,2024-08-04,5,99.74,Online,99.74
7986,108,2847,2023-05-16,4,61.68,In-Store,61.68
7987,160,2770,2025-05-31,4,232.36,Online,232.36
7988,157,2567,2025-10-11,2,232.33,In-Store,232.33
7989,123,2811,2025-03-18,1,73.57,In-Store,73.57
7990,188,2892,2025-12-25,3,20.04,Online,20.04
7991,160,2888,2024-01-08,5,232.36,Online,232.36
7992,172,2043,2025-07-11,3,232.96,Online,232.96
7993,173,2671,2024-07-31,5,159.08,Online,159.08
7994,191,2605,2023-02-23,3,217.51,In-Store,217.51
7995,173,2684,2025-10-22,4,159.08,In-Store,159.08
7996,104,2281,2023-05-11,4,65.84,In-Store,65.84
7997,125,2317,2025-08-29,4,62.64,In-Store,62.64
7998,119,2464,2025-03-29,1,212.28,Online,212.28
7999,180,2475,2025-10-14,3,77.62,Online,77.62
8000,109,2502,2024-04-10,1,101.18,Online,101.18
8001,143,2829,2024-02-25,1,39.04,In-Store,39.04
8002,112,2156,2023-02-13,4,80.36,In-Store,80.36
8003,124,2323,2024-07-24,5,112.82,Online,112.82
8004,182,2712,2023-05-12,2,227.28,In-Store,227.28
8005,168,2883,2024-09-23,3,152.68,Online,152.68
8006,164,2607,2024-11-30,5,22.03,In-Store,22.03
8007,200,2737,2024-07-29,1,241.01,In-Store,241.01
8008,197,2900,2025-02-02,4,217.44,Online,217.44
8009,197,2994,2023-05-20,3,217.44,Online,217.44
8010,185,2724,2023-01-03,5,142.4,Online,142.4
8011,200,2694,2023-11-13,3,241.01,Online,241.01
8012,158,2996,2025-10-25,5,126.55,In-Store,126.55
8013,116,2643,2024-12-25,4,98.84,Online,98.84
8014,142,2652,2024-03-30,1,248.84,Online,248.84
8015,101,2262,2025-12-02,2,187.97,Online,187.97
8016,162,2586,2023-03-02,1,55.58,Online,55.58
8017,122,2796,2024-12-18,1,167.31,Online,167.31
8018,139,2810,2025-08-01,5,168.34,In-Store,168.34
8019,148,2093,2025-10-18,1,139.42,In-Store,139.42
8020,154,2752,2025-02-21,2,111.25,Online,111.25
8021,104,2377,2024-12-23,5,65.84,In-Store,65.84
8022,153,2926,2023-11-27,2,55.98,Online,55.98
8023,179,2740,2025-02-18,2,37.7,In-Store,37.7
8024,160,2839,2025-07-02,2,232.36,Online,232.36
8025,104,2494,2025-05-21,5,65.84,Online,65.84
8026,111,2431,2024-06-11,2,243.55,Online,243.55
8027,186,3000,2022-10-17,4,28.06,Online,28.06
8028,170,2143,2023-12-02,2,59.02,In-Store,59.02
8029,105,2068,2025-09-15,2,57.72,In-Store,57.72
8030,194,2026,2025-07-08,4,216.06,Online,216.06
8031,198,2305,2024-01-22,5,105.92,In-Store,105.92
8032,133,2843,2024-06-30,2,212.0,In-Store,212.0
8033,169,2413,2025-09-14,3,167.77,Online,167.77
8034,165,2850,2024-01-10,4,240.59,Online,240.59
8035,128,2927,2025-08-28,3,101.59,In-Store,101.59
8036,179,2542,2024-07-09,5,37.7,In-Store,37.7
8037,186,2519,2024-08-11,4,28.06,In-Store,28.06
8038,116,2065,2023-02-19,4,98.84,In-Store,98.84
8039,133,2774,2024-09-02,3,212.0,In-Store,212.0
8040,197,2465,2024-01-19,3,217.44,Online,217.44
8041,167,2357,2024-03-23,3,235.98,Online,235.98
8042,167,2118,2024-08-03,4,235.98,In-Store,235.98
8043,194,2257,2025-07-23,5,216.06,In-Store,216.06
8044,173,2639,2024-08-15,5,159.08,Online,159.08
8045,131,2305,2025-03-14,3,114.34,Online,114.34
8046,139,2836,2023-09-07,5,168.34,Online,168.34
8047,165,2515,2025-12-28,3,240.59,In-Store,240.59
8048,126,2755,2023-05-16,4,191.39,In-Store,191.39
8049,136,2191,2023-11-06,4,220.89,In-Store,220.89
8050,134,2811,2024-08-30,5,99.74,In-Store,99.74
8051,156,2481,2023-10-22,2,22.14,Online,22.14
8052,171,2334,2024-12-17,4,104.99,In-Store,104.99
8053,166,2205,2025-08-24,4,152.81,Online,152.81
8054,133,2746,2025-06-28,5,212.0,In-Store,212.0
8055,185,2183,2024-07-31,2,142.4,In-Store,142.4
8056,103,2130,2025-01-25,3,111.26,In-Store,111.26
8057,108,2091,2023-06-09,4,61.68,In-Store,61.68
8058,144,2244,2025-03-04,1,15.05,In-Store,15.05
8059,196,2797,2024-01-15,3,168.41,In-Store,168.41
8060,131,2799,2025-12-21,1,114.34,In-Store,114.34
8061,118,2584,2022-09-13,5,120.94,Online,120.94
8062,141,2984,2025-04-24,4,232.94,In-Store,232.94
8063,167,2026,2024-11-01,1,235.98,Online,235.98
8064,134,2197,2025-06-07,2,99.74,In-Store,99.74
8065,122,2499,2023-09-05,5,167.31,Online,167.31
8066,125,2460,2025-12-06,1,62.64,In-Store,62.64
8067,168,2218,2024-09-05,2,152.68,In-Store,152.68
8068,131,2424,2024-03-08,5,114.34,In-Store,114.34
8069,151,2475,2024-03-05,3,108.66,Online,108.66
8070,132,2827,2023-10-08,5,243.25,Online,243.25
8071,181,2694,2022-10-02,4,175.0,Online,175.0
8072,177,2265,2024-12-20,5,246.12,In-Store,246.12
8073,171,2469,2025-01-16,3,104.99,Online,104.99
8074,118,2634,2023-02-04,1,120.94,In-Store,120.94
8075,114,2693,2025-04-30,1,195.54,Online,195.54
8076,109,2051,2025-12-12,5,101.18,Online,101.18
8077,150,2441,2024-11-10,2,33.26,In-Store,33.26
8078,188,2700,2025-02-12,1,20.04,Online,20.04
8079,180,2473,2025-02-24,5,77.62,In-Store,77.62
8080,175,2770,2024-04-12,2,233.98,In-Store,233.98
8081,130,2967,2025-08-22,3,190.21,Online,190.21
8082,185,2361,2024-09-28,1,142.4,Online,142.4
8083,159,2697,2023-08-07,2,49.51,In-Store,49.51
8084,153,2606,2025-08-09,1,55.98,In-Store,55.98
8085,178,2767,2024-04-21,4,81.85,In-Store,81.85
8086,130,2965,2024-12-18,4,190.21,In-Store,190.21
8087,162,2369,2023-04-02,5,55.58,In-Store,55.58
8088,133,2022,2024-12-16,2,212.0,In-Store,212.0
8089,198,2887,2022-09-03,1,105.92,In-Store,105.92
8090,177,2653,2025-01-10,2,246.12,Online,246.12
8091,162,2836,2025-02-15,3,55.58,In-Store,55.58
8092,175,2612,2024-02-13,3,233.98,Online,233.98
8093,199,2819,2023-07-09,4,37.68,Online,37.68
8094,180,2188,2025-09-15,5,77.62,Online,77.62
8095,135,2345,2025-07-01,2,87.8,In-Store,87.8
8096,114,2992,2023-09-09,1,195.54,In-Store,195.54
8097,139,2089,2024-01-05,3,168.34,In-Store,168.34
8098,137,2140,2025-04-14,2,67.81,In-Store,67.81
8099,190,2703,2022-12-17,4,197.23,Online,197.23
8100,151,2994,2025-09-22,2,108.66,Online,108.66
8101,198,2995,2025-06-27,4,105.92,Online,105.92
8102,142,2753,2024-04-06,4,248.84,In-Store,248.84
8103,118,2890,2024-08-15,1,120.94,Online,120.94
8104,105,2871,2024-09-19,3,57.72,In-Store,57.72
8105,135,2642,2024-10-05,4,87.8,Online,87.8
8106,143,2832,2025-12-28,4,39.04,In-Store,39.04
8107,154,2231,2024-05-16,2,111.25,In-Store,111.25
8108,134,2617,2024-03-06,5,99.74,In-Store,99.74
8109,149,2920,2023-11-02,5,198.31,In-Store,198.31
8110,134,2952,2024-09-14,2,99.74,Online,99.74
8111,148,2519,2025-08-17,5,139.42,Online,139.42
8112,132,2991,2025-03-01,5,243.25,Online,243.25
8113,120,2933,2023-07-11,5,203.21,In-Store,203.21
8114,136,2241,2024-05-11,1,220.89,Online,220.89
8115,171,2569,2025-09-03,5,104.99,In-Store,104.99
8116,185,2131,2022-07-30,4,142.4,In-Store,142.4
8117,143,2781,2024-02-24,3,39.04,In-Store,39.04
8118,154,2590,2024-07-12,3,111.25,Online,111.25
8119,185,2291,2024-07-08,4,142.4,In-Store,142.4
8120,113,2315,2023-10-16,1,56.15,Online,56.15
8121,145,2750,2024-09-17,3,62.85,Online,62.85
8122,187,2046,2024-09-11,3,149.8,In-Store,149.8
8123,144,2191,2025-08-16,1,15.05,In-Store,15.05
8124,125,2565,2023-08-30,1,62.64,Online,62.64
8125,124,2776,2024-06-07,5,112.82,Online,112.82
8126,172,2648,2025-08-26,3,232.96,In-Store,232.96
8127,165,2094,2022-08-16,2,240.59,Online,240.59
8128,195,2640,2024-04-19,1,93.92,Online,93.92
8129,111,2243,2024-12-17,2,243.55,In-Store,243.55
8130,101,2746,2025-01-29,3,187.97,In-Store,187.97
8131,184,2955,2024-09-06,4,195.07,Online,195.07
8132,124,2048,2025-07-13,5,112.82,Online,112.82
8133,117,2667,2023-02-25,3,156.19,In-Store,156.19
8134,193,2836,2025-05-01,1,74.03,In-Store,74.03
8135,198,2442,2025-08-05,3,105.92,Online,105.92
8136,160,2629,2025-10-22,1,232.36,Online,232.36
8137,195,2427,2025-06-29,3,93.92,Online,93.92
8138,183,2879,2025-06-11,5,209.04,In-Store,209.04
8139,193,2580,2024-08-25,1,74.03,Online,74.03
8140,114,2259,2025-11-28,2,195.54,In-Store,195.54
8141,155,2608,2025-09-23,1,219.88,Online,219.88
8142,184,2742,2024-03-08,1,195.07,In-Store,195.07
8143,133,2807,2024-08-18,5,212.0,Online,212.0
8144,157,2252,2025-03-30,5,232.33,Online,232.33
8145,135,2039,2024-10-07,3,87.8,Online,87.8
8146,151,2260,2024-10-08,2,108.66,Online,108.66
8147,118,2457,2025-05-19,1,120.94,In-Store,120.94
8148,122,2407,2025-01-31,5,167.31,Online,167.31
8149,186,2414,2024-03-14,5,28.06,In-Store,28.06
8150,139,2259,2024-08-17,5,168.34,Online,168.34
8151,131,2969,2023-02-19,1,114.34,Online,114.34
8152,112,2746,2025-03-06,5,80.36,Online,80.36
8153,177,2736,2025-01-18,4,246.12,Online,246.12
8154,172,2702,2025-06-11,4,232.96,In-Store,232.96
8155,117,2447,2024-04-02,1,156.19,In-Store,156.19
8156,109,2208,2022-10-13,5,101.18,In-Store,101.18
8157,126,2270,2025-07-17,1,191.39,In-Store,191.39
8158,195,2927,2025-03-13,3,93.92,In-Store,93.92
8159,189,2810,2025-06-12,5,60.42,Online,60.42
8160,105,2533,2025-03-26,2,57.72,Online,57.72
8161,194,2699,2024-08-14,3,216.06,In-Store,216.06
8162,195,2202,2024-05-17,1,93.92,Online,93.92
8163,150,2621,2023-10-07,2,33.26,In-Store,33.26
8164,117,2686,2025-06-25,2,156.19,In-Store,156.19
8165,198,2136,2025-06-26,5,105.92,Online,105.92
8166,162,2107,2024-04-21,3,55.58,In-Store,55.58
8167,160,2032,2023-12-12,2,232.36,In-Store,232.36
8168,195,2857,2025-08-14,4,93.92,In-Store,93.92
8169,107,2998,2025-07-16,1,177.55,Online,177.55
8170,194,2644,2025-12-30,1,216.06,In-Store,216.06
8171,138,2327,2022-02-20,5,185.66,Online,185.66
8172,135,2377,2024-04-04,4,87.8,In-Store,87.8
8173,152,2113,2024-05-26,3,106.63,Online,106.63
8174,139,2281,2025-07-06,2,168.34,Online,168.34
8175,132,2800,2024-11-18,5,243.25,Online,243.25
8176,146,2070,2024-04-01,1,26.18,Online,26.18
8177,176,2967,2025-03-30,2,78.4,In-Store,78.4
8178,178,2913,2023-08-22,1,81.85,Online,81.85
8179,138,2564,2025-11-13,3,185.66,Online,185.66
8180,111,2390,2024-04-24,2,243.55,In-Store,243.55
8181,138,2260,2024-05-04,1,185.66,Online,185.66
8182,166,2653,2025-03-02,3,152.81,Online,152.81
8183,134,2418,2023-05-18,1,99.74,Online,99.74
8184,192,2769,2023-08-05,5,53.05,Online,53.05
8185,198,2558,2025-03-05,2,105.92,Online,105.92
8186,118,2867,2023-10-31,5,120.94,Online,120.94
8187,140,2109,2023-03-25,4,136.64,Online,136.64
8188,121,2977,2025-11-09,4,60.64,Online,60.64
8189,164,2767,2025-01-01,1,22.03,Online,22.03
8190,174,2092,2025-06-09,5,139.03,Online,139.03
8191,129,2775,2025-04-09,4,216.59,Online,216.59
8192,133,2272,2025-07-03,4,212.0,Online,212.0
8193,122,2081,2025-02-28,5,167.31,In-Store,167.31
8194,180,2470,2025-04-05,4,77.62,In-Store,77.62
8195,153,2244,2023-03-16,1,55.98,Online,55.98
8196,168,2001,2022-05-06,3,152.68,Online,152.68
8197,108,2338,2024-10-18,3,61.68,Online,61.68
8198,151,2679,2025-10-11,1,108.66,In-Store,108.66
8199,146,2730,2022-06-25,4,26.18,Online,26.18
8200,199,2403,2025-09-26,2,37.68,In-Store,37.68
8201,167,2638,2025-10-01,3,235.98,Online,235.98
8202,146,2275,2025-08-23,5,26.18,In-Store,26.18
8203,131,2757,2022-12-07,2,114.34,Online,114.34
8204,116,2977,2025-06-26,1,98.84,In-Store,98.84
8205,174,2026,2024-09-19,1,139.03,Online,139.03
8206,197,2831,2025-03-06,3,217.44,In-Store,217.44
8207,122,2371,2024-09-03,3,167.31,In-Store,167.31
8208,116,2871,2025-10-19,2,98.84,In-Store,98.84
8209,197,2359,2025-01-07,3,217.44,In-Store,217.44
8210,107,2920,2023-10-26,5,177.55,Online,177.55
8211,139,2394,2024-09-17,4,168.34,In-Store,168.34
8212,186,2600,2023-07-31,2,28.06,In-Store,28.06
8213,129,2910,2024-09-16,1,216.59,In-Store,216.59
8214,148,2117,2025-09-09,2,139.42,In-Store,139.42
8215,184,2348,2025-02-15,5,195.07,In-Store,195.07
8216,101,2781,2025-02-08,1,187.97,Online,187.97
8217,110,2178,2025-08-06,4,73.49,In-Store,73.49
8218,194,2581,2025-10-16,2,216.06,Online,216.06
8219,177,2898,2024-05-23,3,246.12,In-Store,246.12
8220,111,2042,2024-06-19,4,243.55,Online,243.55
8221,187,2566,2024-03-23,5,149.8,In-Store,149.8
8222,190,2474,2024-10-26,1,197.23,Online,197.23
8223,142,2490,2025-06-21,2,248.84,Online,248.84
8224,102,2963,2024-07-21,4,186.75,Online,186.75
8225,113,2661,2024-05-08,3,56.15,In-Store,56.15
8226,133,2394,2024-04-22,2,212.0,In-Store,212.0
8227,122,2921,2025-04-07,2,167.31,Online,167.31
8228,135,2359,2024-01-21,3,87.8,Online,87.8
8229,164,2192,2024-09-13,4,22.03,In-Store,22.03
8230,152,2825,2024-10-20,3,106.63,Online,106.63
8231,183,2637,2025-08-15,1,209.04,In-Store,209.04
8232,167,2324,2024-02-20,3,235.98,Online,235.98
8233,190,2273,2023-06-28,5,197.23,In-Store,197.23
8234,159,2280,2025-07-23,4,49.51,Online,49.51
8235,120,2714,2025-12-15,4,203.21,In-Store,203.21
8236,121,2825,2025-11-15,1,60.64,In-Store,60.64
8237,173,2687,2025-02-07,3,159.08,In-Store,159.08
8238,102,2241,2025-03-08,5,186.75,In-Store,186.75
8239,114,2743,2023-11-24,2,195.54,In-Store,195.54
8240,103,2482,2025-07-28,5,111.26,Online,111.26
8241,178,2281,2022-07-10,1,81.85,In-Store,81.85
8242,106,2649,2025-02-01,2,117.81,In-Store,117.81
8243,139,2964,2025-09-17,2,168.34,In-Store,168.34
8244,145,2583,2023-06-02,1,62.85,In-Store,62.85
8245,118,2854,2023-11-04,2,120.94,Online,120.94
8246,112,2817,2025-10-19,2,80.36,In-Store,80.36
8247,152,2878,2023-06-10,4,106.63,In-Store,106.63
8248,149,2856,2025-11-26,2,198.31,In-Store,198.31
8249,180,2756,2023-02-09,1,77.62,In-Store,77.62
8250,155,2903,2023-05-22,4,219.88,Online,219.88
8251,188,2587,2025-09-25,1,20.04,Online,20.04
8252,189,2610,2025-10-08,4,60.42,Online,60.42
8253,172,2788,2024-11-23,5,232.96,Online,232.96
8254,158,2075,2024-02-21,4,126.55,Online,126.55
8255,156,2148,2025-02-11,2,22.14,Online,22.14
8256,153,2665,2023-10-27,5,55.98,Online,55.98
8257,186,2017,2024-07-27,5,28.06,In-Store,28.06
8258,137,2820,2022-09-05,4,67.81,In-Store,67.81
8259,164,2213,2025-08-13,5,22.03,In-Store,22.03
8260,169,2386,2025-06-04,4,167.77,In-Store,167.77
8261,192,2415,2025-08-10,5,53.05,Online,53.05
8262,186,2012,2023-10-09,2,28.06,Online,28.06
8263,135,2829,2023-02-13,4,87.8,Online,87.8
8264,116,2959,2024-04-25,3,98.84,In-Store,98.84
8265,139,2395,2025-11-28,3,168.34,In-Store,168.34
8266,188,2025,2024-05-24,5,20.04,Online,20.04
8267,144,2082,2025-04-08,5,15.05,Online,15.05
8268,190,2632,2024-06-07,4,197.23,Online,197.23
8269,153,2243,2025-08-17,2,55.98,In-Store,55.98
8270,130,2860,2024-11-03,2,190.21,Online,190.21
8271,178,2029,2024-09-11,2,81.85,Online,81.85
8272,194,2517,2024-07-31,5,216.06,In-Store,216.06
8273,161,2770,2025-01-11,3,177.18,In-Store,177.18
8274,137,2679,2025-11-18,2,67.81,In-Store,67.81
8275,165,2789,2023-10-21,4,240.59,In-Store,240.59
8276,176,2819,2025-06-23,4,78.4,Online,78.4
8277,195,2443,2025-01-15,5,93.92,Online,93.92
8278,156,2443,2023-12-03,5,22.14,Online,22.14
8279,186,2680,2025-06-16,5,28.06,Online,28.06
8280,177,2376,2025-02-14,5,246.12,Online,246.12
8281,107,2188,2025-06-04,1,177.55,Online,177.55
8282,120,2493,2023-07-02,1,203.21,In-Store,203.21
8283,166,2399,2023-03-28,4,152.81,In-Store,152.81
8284,159,2260,2024-03-09,2,49.51,Online,49.51
8285,152,2595,2024-06-14,4,106.63,Online,106.63
8286,115,2390,2024-01-14,4,101.23,Online,101.23
8287,182,2480,2025-10-06,2,227.28,Online,227.28
8288,154,2389,2025-01-06,5,111.25,In-Store,111.25
8289,160,2199,2024-10-29,5,232.36,Online,232.36
8290,145,2208,2022-04-08,3,62.85,Online,62.85
8291,199,2674,2024-09-30,4,37.68,Online,37.68
8292,103,2513,2024-12-25,3,111.26,In-Store,111.26
8293,145,2734,2025-07-30,3,62.85,Online,62.85
8294,113,2425,2024-08-19,4,56.15,Online,56.15
8295,121,2542,2025-09-06,5,60.64,Online,60.64
8296,127,2091,2022-12-05,4,200.1,In-Store,200.1
8297,102,2140,2025-11-15,2,186.75,Online,186.75
8298,138,2219,2024-10-18,3,185.66,In-Store,185.66
8299,185,2312,2023-03-03,4,142.4,In-Store,142.4
8300,179,2521,2023-08-17,5,37.7,Online,37.7
8301,171,2703,2024-08-04,5,104.99,Online,104.99
8302,143,2758,2025-05-26,3,39.04,In-Store,39.04
8303,135,2345,2025-01-15,2,87.8,Online,87.8
8304,111,2881,2025-01-04,2,243.55,In-Store,243.55
8305,185,2555,2025-08-21,1,142.4,Online,142.4
8306,161,2282,2025-04-09,4,177.18,Online,177.18
8307,162,2677,2025-10-18,5,55.58,In-Store,55.58
8308,119,2322,2024-01-14,3,212.28,Online,212.28
8309,128,2147,2024-09-19,5,101.59,In-Store,101.59
8310,156,2497,2024-07-12,2,22.14,Online,22.14
8311,142,2082,2024-08-06,4,248.84,Online,248.84
8312,188,2099,2024-07-20,5,20.04,Online,20.04
8313,175,2277,2023-09-21,4,233.98,In-Store,233.98
8314,167,2331,2025-09-05,3,235.98,Online,235.98
8315,123,2018,2025-07-08,3,73.57,In-Store,73.57
8316,173,2466,2025-11-15,2,159.08,In-Store,159.08
8317,188,2209,2025-12-20,1,20.04,Online,20.04
8318,178,2292,2023-06-12,4,81.85,In-Store,81.85
8319,134,2164,2025-02-10,3,99.74,Online,99.74
8320,170,2462,2024-05-25,4,59.02,Online,59.02
8321,190,2066,2025-01-07,2,197.23,Online,197.23
8322,183,2664,2025-10-26,4,209.04,Online,209.04
8323,162,2687,2025-05-01,4,55.58,Online,55.58
8324,118,2561,2024-12-02,2,120.94,Online,120.94
8325,103,2863,2025-08-25,2,111.26,In-Store,111.26
8326,153,2485,2023-03-19,2,55.98,In-Store,55.98
8327,104,2778,2022-12-25,2,65.84,Online,65.84
8328,194,2372,2025-09-08,3,216.06,Online,216.06
8329,121,2273,2025-10-20,2,60.64,Online,60.64
8330,198,2067,2025-04-15,2,105.92,Online,105.92
8331,124,2495,2025-01-05,4,112.82,In-Store,112.82
8332,150,2562,2025-02-04,1,33.26,Online,33.26
8333,130,2089,2025-05-10,1,190.21,In-Store,190.21
8334,117,2345,2024-09-03,3,156.19,Online,156.19
8335,194,2178,2025-04-20,5,216.06,In-Store,216.06
8336,108,2657,2023-02-08,1,61.68,Online,61.68
8337,151,2523,2024-08-20,2,108.66,In-Store,108.66
8338,110,2462,2022-02-02,5,73.49,In-Store,73.49
8339,197,2341,2024-09-11,4,217.44,In-Store,217.44
8340,127,2984,2024-10-24,1,200.1,In-Store,200.1
8341,169,2121,2022-12-14,3,167.77,In-Store,167.77
8342,181,2517,2024-11-16,1,175.0,In-Store,175.0
8343,115,2406,2024-01-16,3,101.23,In-Store,101.23
8344,181,2845,2024-07-06,2,175.0,Online,175.0
8345,196,2026,2025-11-11,2,168.41,In-Store,168.41
8346,150,2467,2023-04-06,3,33.26,In-Store,33.26
8347,116,2943,2023-04-26,3,98.84,In-Store,98.84
8348,113,2816,2023-04-25,5,56.15,Online,56.15
8349,129,2235,2025-03-05,2,216.59,In-Store,216.59
8350,123,2972,2025-10-21,1,73.57,Online,73.57
8351,137,2135,2023-09-17,2,67.81,In-Store,67.81
8352,175,2784,2025-05-20,3,233.98,In-Store,233.98
8353,183,2097,2024-11-03,5,209.04,Online,209.04
8354,165,2489,2023-10-30,2,240.59,Online,240.59
8355,200,2950,2024-08-29,4,241.01,In-Store,241.01
8356,191,2985,2024-06-18,5,217.51,In-Store,217.51
8357,194,2810,2025-06-17,2,216.06,Online,216.06
8358,131,2485,2025-02-04,2,114.34,Online,114.34
8359,115,2613,2025-07-01,4,101.23,Online,101.23
8360,115,2665,2025-03-03,3,101.23,Online,101.23
8361,151,2942,2022-06-02,5,108.66,Online,108.66
8362,125,2089,2025-09-19,1,62.64,Online,62.64
8363,192,2730,2024-02-22,2,53.05,In-Store,53.05
8364,157,2994,2023-11-26,3,232.33,Online,232.33
8365,120,2947,2025-06-18,4,203.21,Online,203.21
8366,192,2262,2025-09-14,2,53.05,In-Store,53.05
8367,143,2888,2025-04-08,2,39.04,Online,39.04
8368,137,2550,2025-11-13,3,67.81,Online,67.81
8369,166,2267,2023-10-11,3,152.81,Online,152.81
8370,104,2398,2025-05-17,3,65.84,Online,65.84
8371,173,2264,2025-11-30,4,159.08,In-Store,159.08
8372,114,2130,2025-03-03,1,195.54,In-Store,195.54
8373,132,2128,2025-06-29,3,243.25,Online,243.25
8374,165,2489,2024-07-11,2,240.59,Online,240.59
8375,164,2497,2024-11-23,5,22.03,Online,22.03
8376,184,2156,2025-08-13,3,195.07,In-Store,195.07
8377,167,2057,2023-10-21,4,235.98,In-Store,235.98
8378,162,2939,2023-04-04,3,55.58,Online,55.58
8379,190,2883,2025-09-29,3,197.23,Online,197.23
8380,180,2716,2025-11-15,5,77.62,In-Store,77.62
8381,151,2430,2025-07-06,3,108.66,In-Store,108.66
8382,123,2351,2022-08-15,2,73.57,In-Store,73.57
8383,198,2777,2025-11-28,4,105.92,In-Store,105.92
8384,146,2383,2024-11-07,2,26.18,In-Store,26.18
8385,173,2474,2025-09-13,1,159.08,In-Store,159.08
8386,146,2021,2025-04-15,3,26.18,Online,26.18
8387,131,2032,2024-07-07,4,114.34,Online,114.34
8388,111,2786,2025-11-21,5,243.55,Online,243.55
8389,190,2116,2023-07-10,1,197.23,In-Store,197.23
8390,192,2765,2024-03-17,2,53.05,In-Store,53.05
8391,106,2693,2024-12-17,3,117.81,In-Store,117.81
8392,134,2011,2025-03-25,4,99.74,In-Store,99.74
8393,189,2546,2025-10-05,4,60.42,In-Store,60.42
8394,164,2703,2025-05-06,1,22.03,In-Store,22.03
8395,110,2818,2023-02-04,4,73.49,Online,73.49
8396,121,2453,2024-09-17,5,60.64,Online,60.64
8397,190,2241,2023-06-28,3,197.23,In-Store,197.23
8398,161,2184,2022-11-19,1,177.18,Online,177.18
8399,171,2230,2023-09-23,5,104.99,In-Store,104.99
8400,162,2549,2024-08-09,1,55.58,In-Store,55.58
8401,110,2083,2025-04-12,4,73.49,In-Store,73.49
8402,138,2522,2024-10-15,4,185.66,In-Store,185.66
8403,191,2492,2024-05-17,3,217.51,Online,217.51
8404,156,2992,2024-12-11,5,22.14,In-Store,22.14
8405,162,2751,2023-04-06,1,55.58,In-Store,55.58
8406,134,2159,2025-01-25,3,99.74,In-Store,99.74
8407,108,2725,2025-12-04,2,61.68,Online,61.68
8408,157,2147,2024-12-06,2,232.33,In-Store,232.33
8409,198,2474,2025-09-23,4,105.92,In-Store,105.92
8410,108,2434,2022-03-18,3,61.68,In-Store,61.68
8411,158,2922,2024-06-24,3,126.55,In-Store,126.55
8412,125,2361,2025-09-01,5,62.64,Online,62.64
8413,152,2811,2025-09-13,3,106.63,In-Store,106.63
8414,144,2609,2024-08-23,2,15.05,In-Store,15.05
8415,148,2052,2023-03-23,5,139.42,In-Store,139.42
8416,149,2789,2023-09-19,4,198.31,Online,198.31
8417,178,2236,2025-04-23,4,81.85,Online,81.85
8418,144,2138,2025-04-08,1,15.05,Online,15.05
8419,182,2023,2025-04-23,1,227.28,Online,227.28
8420,174,2531,2024-12-22,3,139.03,In-Store,139.03
8421,190,2531,2024-08-31,2,197.23,In-Store,197.23
8422,194,2575,2025-12-25,3,216.06,Online,216.06
8423,179,2277,2025-06-18,4,37.7,Online,37.7
8424,107,2547,2025-06-07,3,177.55,Online,177.55
8425,161,2738,2025-06-22,5,177.18,Online,177.18
8426,170,2177,2024-09-14,2,59.02,In-Store,59.02
8427,176,2817,2025-05-19,3,78.4,Online,78.4
8428,166,2939,2022-03-20,1,152.81,Online,152.81
8429,140,2146,2025-12-10,1,136.64,Online,136.64
8430,125,2820,2024-11-03,5,62.64,In-Store,62.64
8431,120,2514,2025-08-15,3,203.21,Online,203.21
8432,178,2364,2025-10-27,5,81.85,Online,81.85
8433,105,2580,2024-01-09,3,57.72,In-Store,57.72
8434,111,2387,2025-02-11,4,243.55,In-Store,243.55
8435,123,2912,2024-05-12,5,73.57,In-Store,73.57
8436,178,2465,2025-04-17,1,81.85,Online,81.85
8437,138,2798,2025-03-24,3,185.66,In-Store,185.66
8438,199,2911,2023-06-26,1,37.68,Online,37.68
8439,116,2872,2025-10-06,4,98.84,Online,98.84
8440,149,2181,2024-10-05,3,198.31,In-Store,198.31
8441,112,2095,2023-06-26,5,80.36,In-Store,80.36
8442,108,2243,2025-05-17,5,61.68,In-Store,61.68
8443,144,2834,2025-06-05,2,15.05,Online,15.05
8444,148,2612,2023-01-24,5,139.42,Online,139.42
8445,186,2683,2024-11-23,2,28.06,Online,28.06
8446,106,2754,2025-06-07,4,117.81,In-Store,117.81
8447,108,2527,2023-02-26,4,61.68,Online,61.68
8448,164,2988,2024-07-02,2,22.03,Online,22.03
8449,178,2286,2025-11-15,4,81.85,In-Store,81.85
8450,195,2633,2023-12-27,3,93.92,In-Store,93.92
8451,157,2558,2025-04-25,4,232.33,Online,232.33
8452,118,2690,2025-07-07,2,120.94,In-Store,120.94
8453,189,2301,2025-04-18,4,60.42,In-Store,60.42
8454,175,2365,2024-10-19,1,233.98,In-Store,233.98
8455,129,2697,2025-07-31,3,216.59,In-Store,216.59
8456,152,2721,2025-07-02,5,106.63,In-Store,106.63
8457,104,2170,2024-03-16,2,65.84,In-Store,65.84
8458,136,2518,2025-08-13,5,220.89,In-Store,220.89
8459,182,2501,2024-10-06,5,227.28,In-Store,227.28
8460,133,2670,2024-05-03,4,212.0,In-Store,212.0
8461,194,2845,2023-12-19,1,216.06,Online,216.06
8462,156,2942,2024-09-21,4,22.14,In-Store,22.14
8463,161,2918,2025-01-15,5,177.18,In-Store,177.18
8464,158,2071,2024-08-11,1,126.55,In-Store,126.55
8465,162,2398,2025-12-08,2,55.58,Online,55.58
8466,187,2049,2025-09-16,4,149.8,In-Store,149.8
8467,150,2329,2024-12-21,1,33.26,In-Store,33.26
8468,195,2242,2025-08-22,4,93.92,In-Store,93.92
8469,109,2094,2023-06-27,3,101.18,Online,101.18
8470,121,2392,2022-11-18,3,60.64,In-Store,60.64
8471,155,2894,2025-09-24,2,219.88,Online,219.88
8472,152,2271,2023-02-28,5,106.63,Online,106.63
8473,108,2436,2025-12-01,1,61.68,Online,61.68
8474,180,2831,2025-03-19,1,77.62,In-Store,77.62
8475,113,2709,2025-04-28,4,56.15,In-Store,56.15
8476,119,2897,2025-09-16,5,212.28,Online,212.28
8477,174,2927,2024-01-27,3,139.03,In-Store,139.03
8478,131,2740,2025-04-18,2,114.34,In-Store,114.34
8479,123,2159,2025-12-25,4,73.57,In-Store,73.57
8480,128,2380,2023-10-17,3,101.59,Online,101.59
8481,172,2834,2025-11-22,2,232.96,Online,232.96
8482,101,2624,2024-09-06,4,187.97,Online,187.97
8483,133,2054,2022-10-13,1,212.0,In-Store,212.0
8484,160,2587,2025-07-29,1,232.36,Online,232.36
8485,133,2027,2024-12-04,1,212.0,Online,212.0
8486,120,2815,2025-07-10,3,203.21,In-Store,203.21
8487,144,2969,2024-08-15,1,15.05,Online,15.05
8488,194,2166,2025-04-18,5,216.06,In-Store,216.06
8489,152,2873,2025-04-30,1,106.63,Online,106.63
8490,180,2713,2025-03-01,1,77.62,In-Store,77.62
8491,126,2583,2024-12-17,2,191.39,In-Store,191.39
8492,196,2531,2025-09-03,3,168.41,In-Store,168.41
8493,120,2448,2024-08-17,1,203.21,In-Store,203.21
8494,125,2206,2024-11-17,4,62.64,In-Store,62.64
8495,172,2605,2024-10-08,1,232.96,In-Store,232.96
8496,189,2235,2025-03-08,4,60.42,Online,60.42
8497,172,2667,2024-02-09,4,232.96,In-Store,232.96
8498,185,2480,2025-03-14,4,142.4,Online,142.4
8499,165,2678,2023-04-11,3,240.59,Online,240.59
8500,170,2020,2025-05-10,4,59.02,In-Store,59.02
8501,156,2556,2025-10-26,5,22.14,In-Store,22.14
8502,150,2165,2023-06-24,5,33.26,Online,33.26
8503,171,2893,2024-02-14,2,104.99,Online,104.99
8504,154,2055,2025-02-28,2,111.25,Online,111.25
8505,167,2471,2025-11-10,2,235.98,Online,235.98
8506,168,2660,2024-11-12,4,152.68,In-Store,152.68
8507,175,2310,2023-03-20,3,233.98,In-Store,233.98
8508,168,2801,2025-07-30,4,152.68,Online,152.68
8509,144,2895,2025-11-07,5,15.05,In-Store,15.05
8510,122,2447,2024-06-03,2,167.31,Online,167.31
8511,158,2461,2025-02-17,1,126.55,In-Store,126.55
8512,126,2429,2023-11-30,2,191.39,Online,191.39
8513,179,2497,2025-09-23,4,37.7,In-Store,37.7
8514,150,2584,2022-09-14,3,33.26,In-Store,33.26
8515,196,2279,2025-06-13,4,168.41,Online,168.41
8516,102,2334,2023-07-29,5,186.75,Online,186.75
8517,137,2591,2025-01-25,4,67.81,In-Store,67.81
8518,142,2242,2024-06-08,3,248.84,In-Store,248.84
8519,191,2015,2025-01-27,3,217.51,Online,217.51
8520,181,2733,2022-08-04,2,175.0,In-Store,175.0
8521,124,2250,2025-03-19,3,112.82,Online,112.82
8522,116,2674,2024-02-12,2,98.84,Online,98.84
8523,110,2248,2025-02-08,4,73.49,Online,73.49
8524,134,2826,2024-02-12,1,99.74,In-Store,99.74
8525,187,2626,2024-12-06,3,149.8,In-Store,149.8
8526,144,2133,2025-08-18,3,15.05,Online,15.05
8527,167,2167,2025-01-17,1,235.98,Online,235.98
8528,155,2785,2024-07-18,1,219.88,Online,219.88
8529,196,2213,2024-05-20,2,168.41,In-Store,168.41
8530,187,2358,2025-08-03,3,149.8,Online,149.8
8531,170,2752,2025-02-17,4,59.02,In-Store,59.02
8532,176,2381,2025-05-30,1,78.4,In-Store,78.4
8533,132,2596,2024-06-19,5,243.25,In-Store,243.25
8534,110,2802,2025-08-25,2,73.49,Online,73.49
8535,180,2431,2025-01-11,5,77.62,In-Store,77.62
8536,152,2477,2024-08-01,5,106.63,Online,106.63
8537,139,2986,2025-10-14,5,168.34,In-Store,168.34
8538,190,2987,2024-09-30,2,197.23,In-Store,197.23
8539,129,2201,2024-12-26,3,216.59,Online,216.59
8540,199,2706,2025-06-06,4,37.68,In-Store,37.68
8541,173,2859,2024-10-27,2,159.08,Online,159.08
8542,187,2520,2025-02-08,5,149.8,Online,149.8
8543,196,2419,2024-12-02,5,168.41,Online,168.41
8544,136,2644,2025-09-17,1,220.89,Online,220.89
8545,148,2423,2025-03-01,5,139.42,Online,139.42
8546,183,2761,2024-01-22,4,209.04,Online,209.04
8547,166,2046,2025-04-25,2,152.81,Online,152.81
8548,180,2599,2024-07-04,2,77.62,Online,77.62
8549,101,2211,2025-04-07,5,187.97,In-Store,187.97
8550,191,2413,2025-02-03,4,217.51,Online,217.51
8551,155,2456,2023-01-23,5,219.88,Online,219.88
8552,112,2462,2023-01-09,1,80.36,In-Store,80.36
8553,121,2558,2024-11-19,4,60.64,Online,60.64
8554,187,2492,2025-03-15,1,149.8,Online,149.8
8555,129,2238,2024-11-20,4,216.59,Online,216.59
8556,120,2279,2025-02-20,2,203.21,Online,203.21
8557,120,2097,2025-04-07,3,203.21,In-Store,203.21
8558,199,2644,2024-09-22,1,37.68,Online,37.68
8559,188,2664,2024-02-17,2,20.04,Online,20.04
8560,184,2284,2025-01-21,1,195.07,In-Store,195.07
8561,129,2710,2023-09-24,1,216.59,In-Store,216.59
8562,119,2840,2025-04-04,5,212.28,Online,212.28
8563,176,2436,2025-10-02,1,78.4,Online,78.4
8564,149,2024,2025-10-07,4,198.31,In-Store,198.31
8565,178,2159,2025-10-03,5,81.85,In-Store,81.85
8566,115,2096,2025-07-25,3,101.23,In-Store,101.23
8567,181,2087,2025-07-26,4,175.0,In-Store,175.0
8568,148,2765,2024-01-02,3,139.42,In-Store,139.42
8569,132,2774,2024-12-08,1,243.25,Online,243.25
8570,148,2862,2025-07-23,5,139.42,Online,139.42
8571,132,2640,2023-10-05,4,243.25,In-Store,243.25
8572,161,2511,2024-08-25,2,177.18,Online,177.18
8573,119,2432,2025-07-10,3,212.28,Online,212.28
8574,106,2257,2025-08-27,1,117.81,Online,117.81
8575,143,2394,2024-07-09,1,39.04,In-Store,39.04
8576,116,2874,2025-07-17,4,98.84,Online,98.84
8577,126,2375,2023-05-17,1,191.39,Online,191.39
8578,167,2335,2023-06-24,3,235.98,Online,235.98
8579,185,2843,2025-09-20,1,142.4,In-Store,142.4
8580,141,2949,2025-07-14,2,232.94,In-Store,232.94
8581,127,2691,2025-07-31,5,200.1,Online,200.1
8582,174,2671,2023-08-26,1,139.03,In-Store,139.03
8583,123,2217,2025-06-03,4,73.57,Online,73.57
8584,199,2508,2025-01-14,4,37.68,In-Store,37.68
8585,140,2080,2025-03-07,1,136.64,Online,136.64
8586,177,2257,2025-09-03,3,246.12,In-Store,246.12
8587,163,2687,2023-05-30,1,186.58,Online,186.58
8588,177,2148,2024-02-22,5,246.12,Online,246.12
8589,168,2703,2023-07-25,3,152.68,In-Store,152.68
8590,195,2797,2024-05-02,2,93.92,In-Store,93.92
8591,166,2074,2022-05-01,2,152.81,Online,152.81
8592,124,2614,2024-08-25,1,112.82,Online,112.82
8593,118,2334,2025-12-30,4,120.94,In-Store,120.94
8594,115,2852,2024-12-25,5,101.23,In-Store,101.23
8595,104,2837,2025-09-21,2,65.84,In-Store,65.84
8596,144,2535,2023-11-21,5,15.05,In-Store,15.05
8597,174,2633,2025-11-01,1,139.03,Online,139.03
8598,191,2435,2024-10-23,1,217.51,In-Store,217.51
8599,131,2861,2024-11-12,2,114.34,Online,114.34
8600,113,2438,2025-01-07,5,56.15,Online,56.15
8601,149,2697,2023-08-17,5,198.31,In-Store,198.31
8602,143,2288,2024-02-19,4,39.04,Online,39.04
8603,187,2514,2025-03-08,5,149.8,Online,149.8
8604,164,2844,2023-10-03,2,22.03,In-Store,22.03
8605,105,2909,2023-10-04,4,57.72,In-Store,57.72
8606,112,2674,2024-11-28,4,80.36,In-Store,80.36
8607,149,2471,2025-01-28,4,198.31,In-Store,198.31
8608,138,2401,2024-12-11,5,185.66,Online,185.66
8609,171,2106,2025-04-07,1,104.99,In-Store,104.99
8610,185,2497,2025-03-10,4,142.4,In-Store,142.4
8611,101,2508,2023-10-16,1,187.97,Online,187.97
8612,150,2111,2024-11-16,3,33.26,In-Store,33.26
8613,110,2128,2025-09-08,2,73.49,Online,73.49
8614,189,2943,2025-06-14,5,60.42,In-Store,60.42
8615,192,2261,2025-05-31,5,53.05,In-Store,53.05
8616,197,2398,2025-09-25,4,217.44,In-Store,217.44
8617,178,2142,2025-09-11,5,81.85,Online,81.85
8618,110,2328,2023-03-22,2,73.49,In-Store,73.49
8619,190,2269,2022-09-21,4,197.23,Online,197.23
8620,146,2350,2023-10-14,5,26.18,Online,26.18
8621,110,2654,2023-11-13,1,73.49,Online,73.49
8622,173,2313,2025-08-02,4,159.08,Online,159.08
8623,104,2096,2024-06-27,4,65.84,In-Store,65.84
8624,185,2067,2025-08-23,4,142.4,Online,142.4
8625,126,2169,2025-10-21,5,191.39,Online,191.39
8626,124,2717,2024-11-08,5,112.82,Online,112.82
8627,134,2508,2023-10-19,3,99.74,Online,99.74
8628,145,2754,2025-12-24,3,62.85,In-Store,62.85
8629,130,2742,2023-10-07,5,190.21,Online,190.21
8630,133,2439,2025-09-08,5,212.0,In-Store,212.0
8631,198,2558,2025-02-05,1,105.92,Online,105.92
8632,128,2068,2024-03-25,4,101.59,Online,101.59
8633,169,2086,2025-02-11,2,167.77,In-Store,167.77
8634,106,2646,2025-06-10,2,117.81,Online,117.81
8635,123,2815,2024-11-20,3,73.57,Online,73.57
8636,124,2353,2025-07-14,4,112.82,Online,112.82
8637,129,2234,2024-07-12,5,216.59,In-Store,216.59
8638,167,2231,2024-09-16,2,235.98,In-Store,235.98
8639,165,2015,2025-05-06,1,240.59,In-Store,240.59
8640,166,2868,2025-05-31,5,152.81,In-Store,152.81
8641,160,2514,2025-12-03,5,232.36,In-Store,232.36
8642,110,2091,2023-12-06,4,73.49,Online,73.49
8643,120,2193,2025-12-14,2,203.21,In-Store,203.21
8644,200,2237,2025-10-15,5,241.01,Online,241.01
8645,153,2096,2024-02-24,5,55.98,Online,55.98
8646,115,2121,2025-08-05,1,101.23,Online,101.23
8647,194,2588,2025-09-25,2,216.06,Online,216.06
8648,128,2326,2025-04-02,3,101.59,Online,101.59
8649,102,2133,2024-05-27,4,186.75,In-Store,186.75
8650,153,2313,2024-11-11,5,55.98,In-Store,55.98
8651,134,2486,2025-10-25,4,99.74,In-Store,99.74
8652,188,2317,2025-05-22,4,20.04,Online,20.04
8653,103,2021,2025-11-12,4,111.26,In-Store,111.26
8654,129,2991,2024-08-08,5,216.59,Online,216.59
8655,130,2795,2024-09-02,3,190.21,In-Store,190.21
8656,117,2357,2024-08-16,5,156.19,In-Store,156.19
8657,174,2947,2025-05-27,2,139.03,Online,139.03
8658,106,2576,2023-09-16,3,117.81,Online,117.81
8659,158,2863,2023-06-03,4,126.55,In-Store,126.55
8660,106,2769,2024-03-16,3,117.81,Online,117.81
8661,192,2314,2025-12-06,5,53.05,In-Store,53.05
8662,164,2645,2024-12-02,5,22.03,In-Store,22.03
8663,151,2401,2025-04-10,1,108.66,Online,108.66
8664,180,2613,2025-12-20,3,77.62,In-Store,77.62
8665,150,2605,2023-04-07,4,33.26,In-Store,33.26
8666,169,2237,2025-02-26,1,167.77,Online,167.77
8667,171,2207,2025-07-27,5,104.99,In-Store,104.99
8668,120,2008,2025-06-24,3,203.21,In-Store,203.21
8669,171,2492,2025-01-01,3,104.99,In-Store,104.99
8670,145,2059,2024-05-11,3,62.85,Online,62.85
8671,146,2410,2024-12-24,4,26.18,In-Store,26.18
8672,180,2141,2023-12-27,5,77.62,In-Store,77.62
8673,110,2931,2025-07-14,5,73.49,In-Store,73.49
8674,128,2594,2024-05-16,1,101.59,Online,101.59
8675,157,2526,2025-04-14,2,232.33,In-Store,232.33
8676,191,2794,2025-08-04,2,217.51,Online,217.51
8677,186,2278,2022-12-07,4,28.06,Online,28.06
8678,197,2631,2022-05-17,1,217.44,In-Store,217.44
8679,134,2405,2025-12-16,4,99.74,Online,99.74
8680,178,2814,2023-02-24,3,81.85,Online,81.85
8681,124,2949,2024-12-16,5,112.82,In-Store,112.82
8682,145,2110,2025-11-07,5,62.85,Online,62.85
8683,142,2018,2024-10-29,5,248.84,Online,248.84
8684,171,2236,2025-07-08,4,104.99,In-Store,104.99
8685,108,2948,2025-11-06,1,61.68,In-Store,61.68
8686,191,2521,2024-08-26,1,217.51,Online,217.51
8687,188,2148,2025-10-04,5,20.04,Online,20.04
8688,146,2796,2024-10-12,1,26.18,Online,26.18
8689,155,2087,2024-02-09,3,219.88,Online,219.88
8690,156,2924,2022-08-13,3,22.14,Online,22.14
8691,172,2604,2025-08-20,2,232.96,In-Store,232.96
8692,181,2777,2025-06-21,4,175.0,In-Store,175.0
8693,158,2100,2025-04-13,1,126.55,In-Store,126.55
8694,102,2160,2025-05-01,3,186.75,In-Store,186.75
8695,111,2810,2024-12-11,1,243.55,In-Store,243.55
8696,147,2637,2025-02-01,5,133.4,Online,133.4
8697,176,2370,2025-08-06,1,78.4,In-Store,78.4
8698,156,2418,2025-04-05,3,22.14,In-Store,22.14
8699,116,2184,2025-12-21,2,98.84,In-Store,98.84
8700,150,2287,2025-02-16,1,33.26,In-Store,33.26
8701,126,2500,2023-04-14,4,191.39,In-Store,191.39
8702,101,2916,2024-09-28,1,187.97,Online,187.97
8703,187,2006,2025-10-01,5,149.8,In-Store,149.8
8704,182,2181,2025-03-13,4,227.28,Online,227.28
8705,122,2757,2025-02-27,3,167.31,Online,167.31
8706,162,2697,2023-10-04,1,55.58,In-Store,55.58
8707,125,2348,2025-03-28,2,62.64,Online,62.64
8708,115,2472,2024-03-16,4,101.23,In-Store,101.23
8709,142,2483,2025-04-24,3,248.84,Online,248.84
8710,190,2443,2023-12-04,2,197.23,In-Store,197.23
8711,168,2675,2023-01-14,4,152.68,In-Store,152.68
8712,166,2260,2023-06-16,5,152.81,In-Store,152.81
8713,156,2563,2024-09-08,4,22.14,In-Store,22.14
8714,185,2018,2024-09-24,4,142.4,Online,142.4
8715,192,2836,2024-07-09,5,53.05,Online,53.05
8716,164,2913,2025-05-14,3,22.03,Online,22.03
8717,156,2240,2025-11-18,5,22.14,Online,22.14
8718,182,2967,2025-07-26,5,227.28,Online,227.28
8719,103,2817,2025-03-23,4,111.26,In-Store,111.26
8720,124,2349,2025-06-02,1,112.82,Online,112.82
8721,169,2762,2025-04-18,3,167.77,Online,167.77
8722,124,2170,2024-04-26,5,112.82,Online,112.82
8723,153,2603,2024-01-20,2,55.98,Online,55.98
8724,112,2468,2025-06-28,3,80.36,Online,80.36
8725,122,2596,2025-05-02,2,167.31,In-Store,167.31
8726,157,2605,2025-08-02,4,232.33,In-Store,232.33
8727,136,2307,2025-03-31,4,220.89,In-Store,220.89
8728,153,2311,2024-04-03,4,55.98,In-Store,55.98
8729,190,2238,2025-09-10,1,197.23,In-Store,197.23
8730,130,2613,2024-01-17,3,190.21,In-Store,190.21
8731,184,2703,2024-06-25,5,195.07,In-Store,195.07
8732,186,2749,2025-09-09,2,28.06,In-Store,28.06
8733,134,2548,2023-04-14,4,99.74,In-Store,99.74
8734,147,2251,2025-10-17,4,133.4,Online,133.4
8735,141,2434,2023-12-28,4,232.94,Online,232.94
8736,170,2846,2024-09-18,1,59.02,In-Store,59.02
8737,161,2472,2025-11-13,1,177.18,In-Store,177.18
8738,135,2602,2025-05-23,2,87.8,In-Store,87.8
8739,139,2182,2025-11-12,1,168.34,In-Store,168.34
8740,145,2711,2024-10-04,3,62.85,In-Store,62.85
8741,174,2018,2025-09-24,1,139.03,Online,139.03
8742,194,2911,2022-12-05,1,216.06,Online,216.06
8743,124,2652,2024-10-21,3,112.82,In-Store,112.82
8744,198,2898,2024-08-15,2,105.92,In-Store,105.92
8745,138,2830,2025-08-14,3,185.66,Online,185.66
8746,146,2352,2025-07-08,1,26.18,In-Store,26.18
8747,155,2920,2025-11-19,2,219.88,Online,219.88
8748,101,2379,2025-04-16,3,187.97,In-Store,187.97
8749,140,2746,2025-06-20,3,136.64,In-Store,136.64
8750,189,2485,2024-07-30,1,60.42,Online,60.42
8751,158,2510,2024-09-30,3,126.55,In-Store,126.55
8752,139,2936,2024-12-02,1,168.34,In-Store,168.34
8753,195,2374,2024-10-02,3,93.92,In-Store,93.92
8754,101,2135,2024-12-11,2,187.97,In-Store,187.97
8755,157,2962,2023-12-13,2,232.33,Online,232.33
8756,186,2233,2025-09-10,3,28.06,In-Store,28.06
8757,161,2241,2024-12-20,5,177.18,Online,177.18
8758,176,2876,2025-01-03,4,78.4,In-Store,78.4
8759,139,2131,2024-11-24,3,168.34,Online,168.34
8760,132,2661,2024-12-13,4,243.25,Online,243.25
8761,172,2157,2023-06-08,5,232.96,In-Store,232.96
8762,143,2363,2025-10-26,1,39.04,Online,39.04
8763,149,2932,2025-01-19,2,198.31,Online,198.31
8764,133,2410,2024-07-29,3,212.0,In-Store,212.0
8765,127,2152,2024-03-26,3,200.1,Online,200.1
8766,190,2981,2024-09-15,1,197.23,In-Store,197.23
8767,108,2104,2025-03-13,5,61.68,In-Store,61.68
8768,116,2599,2025-05-29,1,98.84,In-Store,98.84
8769,155,2743,2025-11-18,4,219.88,In-Store,219.88
8770,140,2523,2024-06-11,3,136.64,Online,136.64
8771,111,2911,2025-10-11,3,243.55,In-Store,243.55
8772,154,2287,2025-09-27,3,111.25,Online,111.25
8773,172,2970,2025-03-19,2,232.96,In-Store,232.96
8774,189,2732,2024-07-10,3,60.42,In-Store,60.42
8775,199,2087,2023-03-19,1,37.68,In-Store,37.68
8776,184,2212,2023-02-13,2,195.07,In-Store,195.07
8777,133,2912,2022-12-18,1,212.0,Online,212.0
8778,200,2024,2025-07-19,3,241.01,Online,241.01
8779,160,2410,2025-10-28,1,232.36,Online,232.36
8780,128,2634,2024-10-22,1,101.59,In-Store,101.59
8781,142,2451,2024-10-23,5,248.84,In-Store,248.84
8782,107,2551,2025-10-27,1,177.55,In-Store,177.55
8783,181,2128,2025-09-09,5,175.0,Online,175.0
8784,131,2213,2025-11-04,3,114.34,In-Store,114.34
8785,111,2372,2025-07-14,1,243.55,In-Store,243.55
8786,111,2181,2024-06-27,1,243.55,In-Store,243.55
8787,112,2211,2024-12-15,2,80.36,In-Store,80.36
8788,135,2058,2025-05-08,4,87.8,Online,87.8
8789,195,2119,2025-04-02,2,93.92,In-Store,93.92
8790,131,2195,2025-04-10,2,114.34,In-Store,114.34
8791,150,2120,2025-04-15,5,33.26,In-Store,33.26
8792,169,2187,2022-12-13,4,167.77,Online,167.77
8793,115,2041,2025-09-19,2,101.23,Online,101.23
8794,138,2697,2025-10-17,5,185.66,Online,185.66
8795,117,2774,2024-11-04,1,156.19,Online,156.19
8796,168,2201,2024-09-15,3,152.68,Online,152.68
8797,133,2788,2025-10-09,2,212.0,Online,212.0
8798,193,2619,2024-10-23,3,74.03,Online,74.03
8799,146,2957,2022-11-30,5,26.18,In-Store,26.18
8800,126,2424,2024-08-27,2,191.39,In-Store,191.39
8801,123,2812,2025-06-07,3,73.57,Online,73.57
8802,182,2118,2025-06-10,4,227.28,Online,227.28
8803,138,2751,2024-11-28,4,185.66,In-Store,185.66
8804,127,2111,2025-03-04,1,200.1,In-Store,200.1
8805,172,2032,2025-04-01,1,232.96,Online,232.96
8806,153,2436,2025-10-19,1,55.98,Online,55.98
8807,184,2493,2024-11-23,2,195.07,In-Store,195.07
8808,144,2431,2025-10-24,4,15.05,In-Store,15.05
8809,124,2832,2025-06-06,2,112.82,In-Store,112.82
8810,135,2267,2022-08-01,5,87.8,Online,87.8
8811,173,2510,2024-09-30,2,159.08,In-Store,159.08
8812,152,2757,2023-09-05,4,106.63,In-Store,106.63
8813,162,2963,2023-04-26,2,55.58,In-Store,55.58
8814,125,2323,2024-05-30,5,62.64,Online,62.64
8815,159,2066,2025-01-18,2,49.51,Online,49.51
8816,139,2459,2025-12-25,2,168.34,Online,168.34
8817,187,2202,2024-06-11,3,149.8,Online,149.8
8818,176,2393,2024-12-27,2,78.4,In-Store,78.4
8819,154,2888,2023-06-08,1,111.25,In-Store,111.25
8820,144,2248,2025-11-16,5,15.05,Online,15.05
8821,186,2471,2024-09-30,5,28.06,In-Store,28.06
8822,167,2063,2025-06-17,3,235.98,In-Store,235.98
8823,148,2458,2024-07-16,3,139.42,In-Store,139.42
8824,187,2464,2025-05-07,2,149.8,Online,149.8
8825,176,2735,2024-06-02,3,78.4,In-Store,78.4
8826,107,2495,2025-02-27,1,177.55,Online,177.55
8827,176,2428,2025-04-26,1,78.4,In-Store,78.4
8828,185,2984,2024-10-18,2,142.4,In-Store,142.4
8829,198,2316,2024-09-02,2,105.92,Online,105.92
8830,151,2656,2024-07-14,2,108.66,Online,108.66
8831,138,2913,2023-10-30,5,185.66,Online,185.66
8832,179,2979,2025-02-12,4,37.7,In-Store,37.7
8833,144,2042,2025-04-28,3,15.05,Online,15.05
8834,142,2155,2025-05-24,3,248.84,In-Store,248.84
8835,138,2433,2025-12-28,1,185.66,In-Store,185.66
8836,124,2759,2024-11-25,2,112.82,Online,112.82
8837,158,2052,2022-05-20,1,126.55,In-Store,126.55
8838,179,2666,2025-06-30,5,37.7,Online,37.7
8839,187,2621,2024-04-21,2,149.8,In-Store,149.8
8840,200,2790,2023-12-23,1,241.01,Online,241.01
8841,115,2849,2023-12-27,2,101.23,In-Store,101.23
8842,180,2548,2022-12-26,5,77.62,Online,77.62
8843,178,2934,2025-11-01,4,81.85,Online,81.85
8844,134,2248,2023-05-17,1,99.74,In-Store,99.74
8845,196,2658,2025-09-08,4,168.41,In-Store,168.41
8846,167,2778,2024-11-12,4,235.98,Online,235.98
8847,133,2975,2022-12-26,4,212.0,In-Store,212.0
8848,152,2656,2025-01-29,1,106.63,Online,106.63
8849,146,2337,2025-08-03,4,26.18,Online,26.18
8850,161,2848,2025-09-13,5,177.18,In-Store,177.18
8851,133,2574,2023-01-21,4,212.0,In-Store,212.0
8852,126,2583,2025-10-24,4,191.39,Online,191.39
8853,187,2091,2025-08-21,4,149.8,Online,149.8
8854,133,2620,2023-01-03,4,212.0,Online,212.0
8855,199,2420,2024-11-29,3,37.68,In-Store,37.68
8856,163,2724,2023-04-06,3,186.58,Online,186.58
8857,101,2695,2025-05-20,4,187.97,Online,187.97
8858,178,2829,2022-10-09,2,81.85,Online,81.85
8859,195,2041,2025-07-12,3,93.92,In-Store,93.92
8860,146,2824,2025-10-20,4,26.18,In-Store,26.18
8861,189,2516,2025-07-15,4,60.42,In-Store,60.42
8862,139,2533,2023-10-02,5,168.34,Online,168.34
8863,142,2975,2025-03-05,1,248.84,In-Store,248.84
8864,178,2280,2025-12-27,2,81.85,Online,81.85
8865,109,2231,2025-03-05,3,101.18,Online,101.18
8866,121,2320,2025-12-08,4,60.64,Online,60.64
8867,118,2283,2024-12-27,3,120.94,Online,120.94
8868,122,2087,2024-11-21,1,167.31,In-Store,167.31
8869,184,2693,2024-07-07,1,195.07,Online,195.07
8870,163,2540,2025-01-14,5,186.58,Online,186.58
8871,139,2609,2025-01-16,4,168.34,Online,168.34
8872,127,2187,2025-12-10,4,200.1,In-Store,200.1
8873,156,2269,2022-06-28,4,22.14,In-Store,22.14
8874,173,2534,2023-03-28,1,159.08,In-Store,159.08
8875,108,2458,2024-06-28,1,61.68,Online,61.68
8876,128,2394,2025-09-29,4,101.59,Online,101.59
8877,168,2899,2025-12-24,3,152.68,Online,152.68
8878,177,2659,2024-07-06,1,246.12,Online,246.12
8879,162,2417,2024-01-21,1,55.58,In-Store,55.58
8880,138,2889,2025-01-06,1,185.66,In-Store,185.66
8881,104,2589,2025-04-11,3,65.84,Online,65.84
8882,177,2156,2023-04-20,5,246.12,Online,246.12
8883,183,2407,2025-03-01,3,209.04,Online,209.04
8884,176,2469,2025-12-13,5,78.4,In-Store,78.4
8885,162,2861,2024-06-19,5,55.58,Online,55.58
8886,101,2253,2023-09-28,4,187.97,In-Store,187.97
8887,125,2261,2024-12-13,2,62.64,In-Store,62.64
8888,181,2259,2024-03-22,4,175.0,In-Store,175.0
8889,121,2215,2025-05-09,3,60.64,In-Store,60.64
8890,146,2840,2025-06-11,2,26.18,In-Store,26.18
8891,179,2177,2023-03-25,1,37.7,Online,37.7
8892,187,2200,2025-05-20,1,149.8,In-Store,149.8
8893,112,2241,2023-04-11,1,80.36,Online,80.36
8894,142,2269,2025-06-22,2,248.84,Online,248.84
8895,103,2588,2023-04-07,5,111.26,In-Store,111.26
8896,116,2837,2025-03-17,5,98.84,In-Store,98.84
8897,197,2045,2025-04-29,5,217.44,Online,217.44
8898,107,2862,2025-01-11,3,177.55,In-Store,177.55
8899,134,2685,2023-12-22,4,99.74,In-Store,99.74
8900,136,2807,2024-06-12,4,220.89,Online,220.89
8901,132,2868,2023-08-18,1,243.25,In-Store,243.25
8902,156,2708,2025-05-08,5,22.14,In-Store,22.14
8903,119,2032,2023-12-14,5,212.28,In-Store,212.28
8904,146,2020,2024-07-12,2,26.18,In-Store,26.18
8905,141,2065,2024-12-31,1,232.94,In-Store,232.94
8906,141,2291,2024-06-05,4,232.94,In-Store,232.94
8907,194,2404,2025-04-25,2,216.06,In-Store,216.06
8908,134,2347,2024-06-26,2,99.74,In-Store,99.74
8909,142,2887,2024-03-17,5,248.84,In-Store,248.84
8910,156,2273,2023-07-04,5,22.14,In-Store,22.14
8911,107,2267,2024-09-14,4,177.55,In-Store,177.55
8912,168,2898,2025-10-10,4,152.68,Online,152.68
8913,198,2257,2024-10-19,4,105.92,In-Store,105.92
8914,155,2081,2024-06-25,3,219.88,In-Store,219.88
8915,113,2371,2025-10-14,5,56.15,In-Store,56.15
8916,110,2405,2024-12-30,1,73.49,In-Store,73.49
8917,130,2406,2025-11-19,2,190.21,Online,190.21
8918,167,2407,2025-03-16,2,235.98,Online,235.98
8919,146,2495,2025-02-04,5,26.18,In-Store,26.18
8920,118,2998,2025-09-10,3,120.94,In-Store,120.94
8921,138,2979,2025-04-02,3,185.66,Online,185.66
8922,120,2050,2022-02-09,3,203.21,In-Store,203.21
8923,130,2852,2023-04-28,5,190.21,In-Store,190.21
8924,194,2489,2025-09-10,4,216.06,Online,216.06
8925,169,2287,2025-02-06,5,167.77,Online,167.77
8926,142,2655,2025-04-05,4,248.84,Online,248.84
8927,118,2694,2024-04-23,3,120.94,Online,120.94
8928,138,2667,2025-03-31,1,185.66,In-Store,185.66
8929,143,2626,2025-12-11,5,39.04,In-Store,39.04
8930,148,2505,2024-10-31,4,139.42,In-Store,139.42
8931,180,2852,2023-09-27,1,77.62,Online,77.62
8932,150,2707,2024-05-04,4,33.26,In-Store,33.26
8933,156,2394,2024-05-15,3,22.14,In-Store,22.14
8934,178,2290,2024-11-21,3,81.85,In-Store,81.85
8935,121,2797,2025-02-22,3,60.64,In-Store,60.64
8936,196,2562,2024-11-15,5,168.41,In-Store,168.41
8937,101,2380,2023-04-07,2,187.97,In-Store,187.97
8938,120,2027,2025-10-14,5,203.21,Online,203.21
8939,198,2228,2024-04-05,5,105.92,In-Store,105.92
8940,168,2215,2025-04-03,1,152.68,Online,152.68
8941,110,2593,2023-02-26,5,73.49,In-Store,73.49
8942,179,2252,2024-10-02,5,37.7,In-Store,37.7
8943,119,2732,2025-04-09,1,212.28,In-Store,212.28
8944,110,2821,2024-02-18,5,73.49,Online,73.49
8945,195,2320,2025-01-21,1,93.92,Online,93.92
8946,171,2553,2024-12-14,2,104.99,In-Store,104.99
8947,195,2031,2025-10-17,5,93.92,In-Store,93.92
8948,158,2881,2024-08-05,5,126.55,In-Store,126.55
8949,177,2605,2024-11-09,4,246.12,In-Store,246.12
8950,184,2484,2025-07-05,3,195.07,In-Store,195.07
8951,135,2045,2022-05-19,2,87.8,In-Store,87.8
8952,129,2146,2024-03-09,4,216.59,Online,216.59
8953,166,2924,2024-12-30,4,152.81,Online,152.81
8954,106,2176,2025-11-14,4,117.81,Online,117.81
8955,187,2604,2023-08-27,1,149.8,In-Store,149.8
8956,141,2854,2024-03-01,3,232.94,Online,232.94
8957,167,2020,2024-09-08,5,235.98,In-Store,235.98
8958,148,2355,2024-12-02,2,139.42,Online,139.42
8959,101,2148,2024-06-27,5,187.97,Online,187.97
8960,200,2253,2024-07-14,2,241.01,Online,241.01
8961,187,2322,2023-04-30,2,149.8,Online,149.8
8962,122,2832,2024-01-02,2,167.31,Online,167.31
8963,107,2168,2025-01-08,3,177.55,In-Store,177.55
8964,123,2488,2024-06-13,1,73.57,In-Store,73.57
8965,120,2663,2022-12-08,4,203.21,In-Store,203.21
8966,129,2784,2024-12-11,1,216.59,In-Store,216.59
8967,111,2806,2025-10-05,3,243.55,Online,243.55
8968,123,2549,2023-03-01,3,73.57,In-Store,73.57
8969,134,2281,2025-07-09,4,99.74,In-Store,99.74
8970,102,2581,2023-07-13,5,186.75,In-Store,186.75
8971,149,2977,2024-12-20,2,198.31,In-Store,198.31
8972,153,2206,2024-07-09,4,55.98,Online,55.98
8973,142,2712,2023-02-25,4,248.84,In-Store,248.84
8974,169,2806,2024-10-03,5,167.77,In-Store,167.77
8975,139,2560,2024-08-30,5,168.34,In-Store,168.34
8976,110,2973,2025-02-10,2,73.49,Online,73.49
8977,109,2132,2023-07-17,5,101.18,Online,101.18
8978,176,2493,2023-10-10,2,78.4,In-Store,78.4
8979,137,2433,2024-05-04,3,67.81,Online,67.81
8980,103,2584,2025-06-28,1,111.26,In-Store,111.26
8981,168,2366,2024-01-19,4,152.68,In-Store,152.68
8982,155,2694,2024-02-04,2,219.88,In-Store,219.88
8983,106,2041,2025-05-18,1,117.81,In-Store,117.81
8984,146,2029,2025-02-11,4,26.18,In-Store,26.18
8985,111,2186,2025-09-27,4,243.55,Online,243.55
8986,155,2435,2023-11-11,1,219.88,Online,219.88
8987,147,2733,2025-11-19,2,133.4,Online,133.4
8988,155,2511,2024-01-14,2,219.88,Online,219.88
8989,196,2621,2025-02-04,1,168.41,Online,168.41
8990,105,2269,2025-11-29,3,57.72,In-Store,57.72
8991,139,2128,2025-08-22,2,168.34,Online,168.34
8992,182,2996,2025-11-20,5,227.28,In-Store,227.28
8993,180,2405,2024-10-16,5,77.62,In-Store,77.62
8994,190,2021,2024-09-20,1,197.23,In-Store,197.23
8995,146,2238,2024-07-02,3,26.18,In-Store,26.18
8996,131,2824,2025-10-21,4,114.34,Online,114.34
8997,107,2869,2024-10-19,4,177.55,In-Store,177.55
8998,170,2392,2024-03-11,3,59.02,Online,59.02
8999,164,2379,2025-07-02,1,22.03,Online,22.03
9000,112,2724,2024-01-28,2,80.36,Online,80.36
9001,153,2662,2025-04-15,1,55.98,Online,55.98
9002,181,2075,2024-04-05,1,175.0,Online,175.0
9003,140,2210,2023-02-23,5,136.64,In-Store,136.64
9004,143,2289,2024-10-08,3,39.04,Online,39.04
9005,141,2529,2024-03-22,1,232.94,Online,232.94
9006,151,2685,2025-08-08,2,108.66,Online,108.66
9007,154,2389,2023-12-06,4,111.25,In-Store,111.25
9008,156,2530,2025-01-11,3,22.14,In-Store,22.14
9009,168,2928,2023-02-05,4,152.68,In-Store,152.68
9010,125,2813,2024-12-24,4,62.64,Online,62.64
9011,110,2437,2022-09-24,1,73.49,In-Store,73.49
9012,112,2287,2025-07-04,4,80.36,Online,80.36
9013,149,2592,2025-11-11,4,198.31,In-Store,198.31
9014,107,2184,2022-07-10,1,177.55,In-Store,177.55
9015,113,2210,2023-02-07,4,56.15,In-Store,56.15
9016,139,2402,2024-01-24,3,168.34,Online,168.34
9017,131,2912,2022-09-07,2,114.34,In-Store,114.34
9018,186,2455,2024-01-03,4,28.06,In-Store,28.06
9019,128,2847,2023-12-24,5,101.59,Online,101.59
9020,124,2828,2024-01-13,1,112.82,In-Store,112.82
9021,117,2893,2025-06-02,4,156.19,Online,156.19
9022,192,2514,2025-02-10,5,53.05,Online,53.05
9023,124,2806,2025-02-28,5,112.82,Online,112.82
9024,106,2943,2024-12-14,1,117.81,Online,117.81
9025,163,2126,2025-04-26,3,186.58,In-Store,186.58
9026,118,2764,2024-12-18,2,120.94,Online,120.94
9027,154,2909,2024-11-04,4,111.25,Online,111.25
9028,138,2439,2025-01-21,5,185.66,In-Store,185.66
9029,159,2206,2025-12-19,1,49.51,In-Store,49.51
9030,195,2135,2023-08-28,1,93.92,In-Store,93.92
9031,107,2157,2022-10-23,1,177.55,In-Store,177.55
9032,131,2378,2025-02-15,5,114.34,In-Store,114.34
9033,174,2481,2023-03-14,1,139.03,Online,139.03
9034,124,2596,2024-11-09,1,112.82,Online,112.82
9035,119,2672,2024-06-14,1,212.28,Online,212.28
9036,158,2302,2025-10-25,3,126.55,Online,126.55
9037,162,2854,2024-02-29,2,55.58,Online,55.58
9038,146,2187,2025-11-11,4,26.18,Online,26.18
9039,174,2531,2025-10-18,3,139.03,Online,139.03
9040,116,2370,2025-10-31,5,98.84,In-Store,98.84
9041,141,2941,2024-10-31,2,232.94,Online,232.94
9042,200,2118,2024-12-10,5,241.01,In-Store,241.01
9043,130,2982,2024-01-04,1,190.21,Online,190.21
9044,173,2751,2025-07-23,2,159.08,In-Store,159.08
9045,198,2353,2024-08-15,3,105.92,Online,105.92
9046,164,2278,2022-06-04,4,22.03,In-Store,22.03
9047,114,2974,2025-06-16,3,195.54,Online,195.54
9048,194,2813,2023-09-30,2,216.06,In-Store,216.06
9049,176,2096,2025-04-11,4,78.4,Online,78.4
9050,144,2199,2025-09-16,4,15.05,Online,15.05
9051,138,2981,2024-04-05,2,185.66,In-Store,185.66
9052,155,2077,2025-08-05,1,219.88,Online,219.88
9053,110,2826,2025-12-31,1,73.49,Online,73.49
9054,160,2079,2024-03-16,5,232.36,In-Store,232.36
9055,147,2757,2024-11-13,2,133.4,In-Store,133.4
9056,131,2855,2024-12-17,4,114.34,Online,114.34
9057,133,2473,2025-12-15,3,212.0,In-Store,212.0
9058,177,2940,2025-01-09,3,246.12,Online,246.12
9059,129,2391,2025-08-28,3,216.59,In-Store,216.59
9060,113,2942,2025-07-18,4,56.15,In-Store,56.15
9061,107,2144,2024-04-07,5,177.55,In-Store,177.55
9062,132,2690,2025-03-24,4,243.25,Online,243.25
9063,143,2248,2024-03-03,4,39.04,In-Store,39.04
9064,192,2644,2024-10-20,5,53.05,Online,53.05
9065,116,2924,2023-02-02,5,98.84,Online,98.84
9066,139,2763,2023-12-12,3,168.34,Online,168.34
9067,122,2834,2025-02-16,3,167.31,Online,167.31
9068,144,2725,2024-05-31,4,15.05,In-Store,15.05
9069,112,2288,2024-03-25,1,80.36,Online,80.36
9070,132,2346,2025-04-02,1,243.25,Online,243.25
9071,138,2959,2025-03-07,3,185.66,In-Store,185.66
9072,112,2622,2025-03-29,4,80.36,In-Store,80.36
9073,190,2397,2023-01-19,3,197.23,Online,197.23
9074,195,2397,2024-08-10,4,93.92,Online,93.92
9075,139,2183,2024-04-01,3,168.34,In-Store,168.34
9076,158,2131,2025-06-29,2,126.55,Online,126.55
9077,141,2290,2024-06-30,4,232.94,Online,232.94
9078,102,2044,2025-01-25,5,186.75,Online,186.75
9079,147,2848,2025-09-01,3,133.4,Online,133.4
9080,160,2518,2025-10-27,1,232.36,In-Store,232.36
9081,148,2849,2024-02-03,4,139.42,Online,139.42
9082,166,2029,2023-11-10,1,152.81,In-Store,152.81
9083,106,2352,2024-03-04,2,117.81,In-Store,117.81
9084,147,2826,2023-11-09,1,133.4,In-Store,133.4
9085,185,2087,2025-10-05,3,142.4,In-Store,142.4
9086,166,2636,2024-08-08,1,152.81,Online,152.81
9087,142,2659,2024-11-06,3,248.84,Online,248.84
9088,155,2383,2024-04-08,2,219.88,In-Store,219.88
9089,117,2607,2025-02-16,5,156.19,In-Store,156.19
9090,164,2804,2024-11-05,3,22.03,Online,22.03
9091,119,2977,2025-01-23,5,212.28,Online,212.28
9092,185,2039,2025-11-24,3,142.4,In-Store,142.4
9093,179,2583,2025-12-25,4,37.7,In-Store,37.7
9094,121,2533,2025-10-24,1,60.64,In-Store,60.64
9095,132,2502,2024-02-01,5,243.25,Online,243.25
9096,126,2500,2023-01-27,2,191.39,In-Store,191.39
9097,137,3000,2023-08-20,3,67.81,In-Store,67.81
9098,189,2898,2025-05-23,2,60.42,In-Store,60.42
9099,117,2042,2024-10-17,1,156.19,Online,156.19
9100,106,2423,2025-11-24,2,117.81,Online,117.81
9101,162,2564,2025-06-17,5,55.58,Online,55.58
9102,163,2033,2023-01-21,1,186.58,In-Store,186.58
9103,128,2416,2025-01-03,4,101.59,In-Store,101.59
9104,194,2602,2023-07-02,3,216.06,In-Store,216.06
9105,113,2618,2025-01-03,4,56.15,In-Store,56.15
9106,163,2269,2023-10-29,3,186.58,In-Store,186.58
9107,186,2915,2024-03-24,1,28.06,In-Store,28.06
9108,142,2714,2023-12-18,2,248.84,Online,248.84
9109,145,2837,2025-04-03,5,62.85,In-Store,62.85
9110,107,2056,2023-09-30,1,177.55,In-Store,177.55
9111,151,2704,2024-12-15,3,108.66,In-Store,108.66
9112,131,2755,2025-09-04,2,114.34,Online,114.34
9113,200,2298,2024-09-22,2,241.01,In-Store,241.01
9114,108,2200,2024-12-20,1,61.68,In-Store,61.68
9115,190,2845,2024-05-02,2,197.23,Online,197.23
9116,196,2102,2025-07-25,3,168.41,Online,168.41
9117,193,2207,2025-04-12,4,74.03,Online,74.03
9118,174,2700,2025-06-02,4,139.03,Online,139.03
9119,143,2080,2025-04-29,5,39.04,Online,39.04
9120,151,2277,2024-04-26,2,108.66,Online,108.66
9121,169,2564,2025-02-10,2,167.77,In-Store,167.77
9122,112,2359,2025-01-03,2,80.36,Online,80.36
9123,144,2954,2023-10-20,2,15.05,Online,15.05
9124,160,2191,2024-06-05,3,232.36,Online,232.36
9125,103,2898,2025-09-19,2,111.26,Online,111.26
9126,126,2880,2023-10-25,4,191.39,In-Store,191.39
9127,132,2457,2024-09-12,5,243.25,In-Store,243.25
9128,166,2138,2025-02-11,4,152.81,Online,152.81
9129,149,2696,2023-10-31,2,198.31,Online,198.31
9130,188,2019,2024-05-06,1,20.04,In-Store,20.04
9131,108,2455,2024-01-21,4,61.68,Online,61.68
9132,170,2930,2024-01-09,2,59.02,Online,59.02
9133,118,2127,2025-05-13,1,120.94,Online,120.94
9134,119,2674,2025-06-08,1,212.28,In-Store,212.28
9135,173,2100,2024-07-22,3,159.08,In-Store,159.08
9136,138,2928,2023-01-10,5,185.66,In-Store,185.66
9137,131,2560,2025-08-20,1,114.34,In-Store,114.34
9138,154,2337,2023-11-01,2,111.25,In-Store,111.25
9139,165,2480,2025-12-19,3,240.59,In-Store,240.59
9140,161,2286,2024-03-30,1,177.18,Online,177.18
9141,190,2805,2023-09-03,3,197.23,In-Store,197.23
9142,194,2611,2022-09-12,2,216.06,In-Store,216.06
9143,188,2605,2023-09-10,5,20.04,Online,20.04
9144,136,2378,2025-02-04,5,220.89,Online,220.89
9145,174,2904,2025-08-27,1,139.03,Online,139.03
9146,199,2178,2025-06-09,1,37.68,In-Store,37.68
9147,154,2599,2025-08-21,2,111.25,In-Store,111.25
9148,196,2703,2024-03-17,1,168.41,In-Store,168.41
9149,180,2010,2024-08-31,3,77.62,In-Store,77.62
9150,131,2917,2024-10-09,3,114.34,In-Store,114.34
9151,142,2349,2024-09-20,4,248.84,In-Store,248.84
9152,135,2204,2023-05-31,2,87.8,Online,87.8
9153,136,2006,2024-07-15,4,220.89,Online,220.89
9154,153,2256,2023-09-02,4,55.98,Online,55.98
9155,180,2443,2025-10-05,4,77.62,Online,77.62
9156,153,2614,2024-06-13,5,55.98,In-Store,55.98
9157,149,2525,2025-09-19,4,198.31,Online,198.31
9158,147,2634,2024-02-15,2,133.4,Online,133.4
9159,101,2136,2025-12-06,1,187.97,In-Store,187.97
9160,116,2593,2025-07-16,1,98.84,In-Store,98.84
9161,196,2620,2022-09-18,3,168.41,Online,168.41
9162,188,2018,2023-06-04,3,20.04,In-Store,20.04
9163,120,2259,2025-05-22,3,203.21,In-Store,203.21
9164,177,2434,2025-06-11,4,246.12,In-Store,246.12
9165,166,2209,2025-11-12,1,152.81,In-Store,152.81
9166,137,2669,2023-10-22,2,67.81,In-Store,67.81
9167,121,2210,2022-04-12,5,60.64,Online,60.64
9168,172,2946,2025-11-01,5,232.96,Online,232.96
9169,142,2149,2024-10-09,1,248.84,Online,248.84
9170,179,2592,2025-12-24,3,37.7,In-Store,37.7
9171,179,2632,2024-09-04,1,37.7,Online,37.7
9172,138,2846,2024-09-26,4,185.66,Online,185.66
9173,109,2821,2025-01-08,5,101.18,Online,101.18
9174,115,2344,2024-02-10,3,101.23,In-Store,101.23
9175,134,2321,2023-06-03,4,99.74,Online,99.74
9176,106,2863,2025-11-24,1,117.81,In-Store,117.81
9177,198,2498,2025-11-06,4,105.92,In-Store,105.92
9178,177,2952,2023-01-01,5,246.12,In-Store,246.12
9179,129,2583,2024-07-03,5,216.59,Online,216.59
9180,110,2565,2024-10-09,1,73.49,In-Store,73.49
9181,169,2483,2025-04-21,4,167.77,Online,167.77
9182,184,2767,2024-11-26,4,195.07,Online,195.07
9183,125,2665,2025-01-16,1,62.64,Online,62.64
9184,108,2588,2025-06-19,2,61.68,In-Store,61.68
9185,105,2617,2024-07-15,1,57.72,Online,57.72
9186,195,2231,2025-12-23,3,93.92,In-Store,93.92
9187,119,2698,2023-10-15,2,212.28,In-Store,212.28
9188,175,2676,2025-02-27,3,233.98,In-Store,233.98
9189,133,2813,2023-08-06,1,212.0,In-Store,212.0
9190,174,2847,2025-03-26,2,139.03,Online,139.03
9191,109,2657,2025-03-23,2,101.18,Online,101.18
9192,190,2516,2025-06-15,5,197.23,In-Store,197.23
9193,132,2783,2025-11-09,5,243.25,In-Store,243.25
9194,101,2288,2024-05-18,3,187.97,In-Store,187.97
9195,181,2117,2025-01-13,5,175.0,Online,175.0
9196,167,2182,2024-08-05,4,235.98,Online,235.98
9197,191,2764,2025-04-06,4,217.51,In-Store,217.51
9198,183,2382,2025-04-08,5,209.04,Online,209.04
9199,139,2877,2024-08-15,4,168.34,In-Store,168.34
9200,165,2778,2024-10-04,3,240.59,Online,240.59
9201,109,2473,2025-06-03,3,101.18,In-Store,101.18
9202,164,2624,2022-12-10,1,22.03,In-Store,22.03
9203,159,2883,2024-03-19,3,49.51,In-Store,49.51
9204,190,2078,2023-10-11,3,197.23,In-Store,197.23
9205,200,2539,2025-11-21,4,241.01,Online,241.01
9206,195,2834,2024-03-07,2,93.92,Online,93.92
9207,101,2909,2025-02-17,1,187.97,In-Store,187.97
9208,175,2958,2023-12-14,5,233.98,Online,233.98
9209,181,2552,2023-03-03,1,175.0,Online,175.0
9210,198,2541,2024-09-28,5,105.92,In-Store,105.92
9211,113,2049,2025-07-25,3,56.15,Online,56.15
9212,104,2682,2025-04-01,4,65.84,In-Store,65.84
9213,134,2531,2024-10-25,2,99.74,Online,99.74
9214,152,2671,2023-12-02,1,106.63,In-Store,106.63
9215,139,2406,2025-02-21,5,168.34,In-Store,168.34
9216,180,2116,2023-10-24,5,77.62,Online,77.62
9217,105,2905,2025-05-06,1,57.72,In-Store,57.72
9218,178,2908,2024-02-01,5,81.85,In-Store,81.85
9219,146,2810,2025-08-31,2,26.18,Online,26.18
9220,124,2991,2023-05-14,2,112.82,In-Store,112.82
9221,180,2923,2024-07-25,2,77.62,In-Store,77.62
9222,184,2148,2023-11-01,3,195.07,In-Store,195.07
9223,128,2381,2022-07-19,1,101.59,In-Store,101.59
9224,130,2429,2024-07-21,5,190.21,Online,190.21
9225,112,2676,2025-12-28,1,80.36,Online,80.36
9226,109,2497,2025-12-06,4,101.18,In-Store,101.18
9227,104,2229,2025-07-18,4,65.84,Online,65.84
9228,124,2638,2025-08-20,5,112.82,In-Store,112.82
9229,148,2643,2023-10-13,3,139.42,In-Store,139.42
9230,176,2476,2024-07-18,4,78.4,Online,78.4
9231,160,2055,2023-04-05,2,232.36,In-Store,232.36
9232,110,2320,2024-03-01,5,73.49,Online,73.49
9233,129,2486,2025-12-11,1,216.59,Online,216.59
9234,162,2629,2023-05-20,5,55.58,Online,55.58
9235,175,2179,2024-05-15,2,233.98,In-Store,233.98
9236,116,2653,2024-01-30,5,98.84,In-Store,98.84
9237,185,2611,2025-09-03,2,142.4,Online,142.4
9238,140,2613,2025-05-15,3,136.64,Online,136.64
9239,160,2894,2024-10-23,5,232.36,In-Store,232.36
9240,109,2505,2024-12-01,3,101.18,In-Store,101.18
9241,189,2932,2024-12-03,2,60.42,In-Store,60.42
9242,181,2914,2025-08-13,2,175.0,In-Store,175.0
9243,173,2932,2023-04-24,5,159.08,In-Store,159.08
9244,133,2912,2023-04-12,2,212.0,In-Store,212.0
9245,164,2131,2023-01-12,4,22.03,In-Store,22.03
9246,122,2226,2025-09-03,1,167.31,Online,167.31
9247,118,2163,2023-10-25,2,120.94,Online,120.94
9248,123,2888,2023-03-07,2,73.57,Online,73.57
9249,197,2854,2024-06-08,1,217.44,In-Store,217.44
9250,179,2411,2025-04-23,4,37.7,In-Store,37.7
9251,150,2597,2024-01-31,2,33.26,In-Store,33.26
9252,106,2716,2024-12-02,3,117.81,Online,117.81
9253,160,2177,2024-01-06,1,232.36,Online,232.36
9254,145,2187,2025-07-15,1,62.85,In-Store,62.85
9255,186,2922,2024-08-17,4,28.06,In-Store,28.06
9256,174,2285,2024-11-21,1,139.03,Online,139.03
9257,188,2729,2024-11-29,2,20.04,Online,20.04
9258,189,2831,2025-10-20,5,60.42,In-Store,60.42
9259,124,2687,2024-06-21,4,112.82,Online,112.82
9260,136,2017,2024-12-14,5,220.89,In-Store,220.89
9261,128,2345,2024-05-27,4,101.59,Online,101.59
9262,132,2395,2024-08-10,2,243.25,In-Store,243.25
9263,165,2095,2024-06-28,5,240.59,In-Store,240.59
9264,142,2131,2025-04-03,3,248.84,In-Store,248.84
9265,103,2956,2024-06-24,2,111.26,Online,111.26
9266,152,2448,2023-01-18,2,106.63,In-Store,106.63
9267,186,2087,2023-11-04,3,28.06,In-Store,28.06
9268,162,2593,2024-03-02,1,55.58,Online,55.58
9269,112,2658,2025-08-29,4,80.36,Online,80.36
9270,159,2932,2025-05-05,1,49.51,In-Store,49.51
9271,132,2171,2025-01-15,1,243.25,Online,243.25
9272,132,2021,2024-05-11,1,243.25,Online,243.25
9273,112,2855,2023-03-26,4,80.36,In-Store,80.36
9274,143,2490,2025-03-13,5,39.04,Online,39.04
9275,189,2958,2024-04-02,1,60.42,Online,60.42
9276,128,2650,2025-10-05,4,101.59,Online,101.59
9277,159,2503,2024-08-14,1,49.51,Online,49.51
9278,185,2733,2024-01-21,4,142.4,Online,142.4
9279,182,2582,2025-12-03,5,227.28,Online,227.28
9280,133,2580,2024-04-21,5,212.0,Online,212.0
9281,103,2005,2025-04-20,4,111.26,Online,111.26
9282,109,2988,2025-09-25,3,101.18,In-Store,101.18
9283,109,2116,2024-08-28,5,101.18,Online,101.18
9284,132,2004,2025-04-04,1,243.25,Online,243.25
9285,108,2757,2023-08-02,3,61.68,Online,61.68
9286,156,2018,2024-09-09,1,22.14,Online,22.14
9287,190,2603,2022-07-17,5,197.23,Online,197.23
9288,150,2236,2024-12-31,5,33.26,Online,33.26
9289,129,2249,2025-05-11,1,216.59,In-Store,216.59
9290,119,2216,2024-12-10,2,212.28,Online,212.28
9291,168,2297,2024-11-29,1,152.68,In-Store,152.68
9292,122,2033,2022-11-09,3,167.31,In-Store,167.31
9293,117,2600,2024-08-15,1,156.19,In-Store,156.19
9294,150,2206,2025-06-26,1,33.26,In-Store,33.26
9295,150,2047,2024-04-04,4,33.26,In-Store,33.26
9296,200,2765,2023-03-26,3,241.01,In-Store,241.01
9297,198,2317,2025-07-21,2,105.92,Online,105.92
9298,152,2378,2023-10-18,2,106.63,Online,106.63
9299,181,2946,2025-02-27,3,175.0,In-Store,175.0
9300,112,2813,2023-07-14,3,80.36,In-Store,80.36
9301,137,2743,2024-03-09,2,67.81,In-Store,67.81
9302,139,2604,2025-01-05,4,168.34,In-Store,168.34
9303,128,2914,2025-11-21,1,101.59,In-Store,101.59
9304,111,2840,2025-08-28,3,243.55,Online,243.55
9305,126,2201,2024-09-06,2,191.39,In-Store,191.39
9306,147,2489,2024-06-21,3,133.4,In-Store,133.4
9307,127,2293,2022-10-24,5,200.1,Online,200.1
9308,116,2122,2025-02-14,5,98.84,Online,98.84
9309,192,2523,2024-05-08,4,53.05,In-Store,53.05
9310,169,2862,2024-11-05,2,167.77,In-Store,167.77
9311,195,2157,2024-03-31,1,93.92,Online,93.92
9312,125,2754,2025-06-15,1,62.64,Online,62.64
9313,189,2009,2024-02-16,4,60.42,In-Store,60.42
9314,113,2113,2024-06-01,2,56.15,Online,56.15
9315,119,2781,2025-12-14,5,212.28,Online,212.28
9316,194,2417,2024-07-17,4,216.06,In-Store,216.06
9317,178,2180,2025-01-02,1,81.85,Online,81.85
9318,147,2947,2025-01-17,1,133.4,In-Store,133.4
9319,161,2229,2025-07-24,3,177.18,In-Store,177.18
9320,150,2748,2024-05-31,1,33.26,Online,33.26
9321,195,2076,2024-04-01,2,93.92,In-Store,93.92
9322,144,2458,2023-11-27,4,15.05,In-Store,15.05
9323,173,2337,2023-02-06,1,159.08,In-Store,159.08
9324,194,2496,2025-05-09,3,216.06,In-Store,216.06
9325,146,2943,2025-03-02,5,26.18,In-Store,26.18
9326,183,2586,2025-08-15,4,209.04,In-Store,209.04
9327,148,2038,2025-07-23,3,139.42,Online,139.42
9328,190,2118,2025-08-21,1,197.23,Online,197.23
9329,172,2617,2025-03-27,1,232.96,Online,232.96
9330,199,2351,2022-11-16,4,37.68,In-Store,37.68
9331,117,2919,2022-05-07,1,156.19,In-Store,156.19
9332,142,2590,2025-10-19,2,248.84,In-Store,248.84
9333,189,2108,2024-02-20,5,60.42,In-Store,60.42
9334,115,2259,2025-08-27,2,101.23,Online,101.23
9335,185,2643,2023-03-26,4,142.4,Online,142.4
9336,135,2065,2023-06-24,1,87.8,In-Store,87.8
9337,116,2695,2023-03-04,5,98.84,In-Store,98.84
9338,144,2072,2024-02-19,1,15.05,In-Store,15.05
9339,177,2422,2025-10-10,1,246.12,Online,246.12
9340,138,2472,2024-05-30,3,185.66,In-Store,185.66
9341,162,2613,2024-10-24,1,55.58,In-Store,55.58
9342,183,2555,2024-04-20,5,209.04,In-Store,209.04
9343,128,2394,2024-09-05,3,101.59,Online,101.59
9344,177,2693,2025-01-06,2,246.12,In-Store,246.12
9345,140,2461,2025-09-15,5,136.64,In-Store,136.64
9346,162,2910,2025-06-05,3,55.58,In-Store,55.58
9347,120,2323,2025-11-04,2,203.21,Online,203.21
9348,140,2168,2025-12-20,1,136.64,In-Store,136.64
9349,166,2142,2024-07-30,2,152.81,Online,152.81
9350,156,2778,2024-04-04,2,22.14,Online,22.14
9351,146,2455,2025-12-22,1,26.18,In-Store,26.18
9352,110,2079,2025-02-04,5,73.49,Online,73.49
9353,128,2768,2024-06-20,4,101.59,In-Store,101.59
9354,114,2987,2025-02-19,4,195.54,Online,195.54
9355,109,2863,2025-08-23,4,101.18,Online,101.18
9356,113,2521,2023-09-21,4,56.15,Online,56.15
9357,104,2646,2024-09-02,4,65.84,Online,65.84
9358,186,2811,2024-07-07,5,28.06,In-Store,28.06
9359,107,2389,2025-09-16,2,177.55,Online,177.55
9360,134,2404,2025-06-04,3,99.74,In-Store,99.74
9361,122,2860,2024-05-29,2,167.31,Online,167.31
9362,169,2663,2025-06-20,4,167.77,In-Store,167.77
9363,142,2330,2022-12-31,3,248.84,Online,248.84
9364,179,2208,2023-05-15,3,37.7,Online,37.7
9365,179,2305,2025-07-20,1,37.7,In-Store,37.7
9366,106,2884,2025-09-10,4,117.81,In-Store,117.81
9367,104,2161,2024-05-27,4,65.84,Online,65.84
9368,189,2256,2024-08-24,3,60.42,Online,60.42
9369,188,2620,2025-02-27,2,20.04,In-Store,20.04
9370,106,2813,2024-08-08,5,117.81,Online,117.81
9371,155,2396,2024-08-10,1,219.88,In-Store,219.88
9372,128,2328,2023-07-28,3,101.59,Online,101.59
9373,177,2540,2025-02-23,5,246.12,Online,246.12
9374,140,2894,2024-08-15,3,136.64,In-Store,136.64
9375,129,2264,2024-08-28,4,216.59,Online,216.59
9376,156,2789,2025-10-24,5,22.14,In-Store,22.14
9377,135,2391,2023-12-08,1,87.8,In-Store,87.8
9378,115,2013,2025-04-30,3,101.23,In-Store,101.23
9379,116,2649,2022-01-30,2,98.84,Online,98.84
9380,123,2500,2023-07-14,2,73.57,In-Store,73.57
9381,198,2550,2025-07-23,1,105.92,In-Store,105.92
9382,167,2155,2024-08-12,5,235.98,Online,235.98
9383,156,2827,2024-06-11,3,22.14,Online,22.14
9384,123,2637,2025-08-04,1,73.57,In-Store,73.57
9385,167,2080,2025-01-04,5,235.98,Online,235.98
9386,109,2094,2024-07-19,1,101.18,Online,101.18
9387,152,2943,2022-11-01,1,106.63,Online,106.63
9388,175,2179,2023-01-18,1,233.98,In-Store,233.98
9389,195,2569,2025-02-16,1,93.92,In-Store,93.92
9390,134,2201,2024-04-04,5,99.74,In-Store,99.74
9391,108,2854,2023-11-28,5,61.68,In-Store,61.68
9392,198,2961,2024-01-20,5,105.92,Online,105.92
9393,108,2553,2023-11-21,1,61.68,Online,61.68
9394,172,2054,2022-09-18,1,232.96,Online,232.96
9395,184,2254,2025-12-24,2,195.07,In-Store,195.07
9396,116,2086,2025-03-11,5,98.84,Online,98.84
9397,141,2939,2025-12-04,5,232.94,In-Store,232.94
9398,168,2946,2025-06-17,2,152.68,Online,152.68
9399,180,2098,2024-09-29,1,77.62,Online,77.62
9400,177,2486,2025-03-26,3,246.12,Online,246.12
9401,145,2012,2024-10-08,4,62.85,Online,62.85
9402,136,2720,2025-08-05,4,220.89,In-Store,220.89
9403,200,2232,2024-02-11,4,241.01,Online,241.01
9404,147,2108,2024-12-16,2,133.4,Online,133.4
9405,195,2803,2024-02-10,5,93.92,Online,93.92
9406,139,2757,2023-02-18,1,168.34,In-Store,168.34
9407,162,2628,2024-02-03,1,55.58,In-Store,55.58
9408,134,2234,2025-03-06,1,99.74,In-Store,99.74
9409,186,2810,2024-11-08,1,28.06,Online,28.06
9410,159,2623,2022-09-16,2,49.51,Online,49.51
9411,180,2529,2024-12-17,3,77.62,Online,77.62
9412,199,2282,2025-10-01,4,37.68,Online,37.68
9413,105,2675,2024-05-22,5,57.72,Online,57.72
9414,114,2941,2024-04-21,5,195.54,Online,195.54
9415,116,2168,2025-07-15,4,98.84,In-Store,98.84
9416,200,2320,2024-04-21,1,241.01,Online,241.01
9417,177,2067,2024-12-01,2,246.12,Online,246.12
9418,108,2786,2025-12-14,2,61.68,Online,61.68
9419,181,2110,2024-09-07,2,175.0,Online,175.0
9420,133,2400,2025-09-19,4,212.0,In-Store,212.0
9421,199,2197,2023-06-09,2,37.68,In-Store,37.68
9422,162,2393,2024-07-12,4,55.58,In-Store,55.58
9423,131,2829,2025-11-30,5,114.34,In-Store,114.34
9424,150,2838,2024-02-01,2,33.26,In-Store,33.26
9425,187,2939,2023-02-23,5,149.8,In-Store,149.8
9426,116,2036,2025-09-05,3,98.84,In-Store,98.84
9427,193,2863,2024-08-27,5,74.03,In-Store,74.03
9428,155,2889,2025-07-18,2,219.88,In-Store,219.88
9429,168,2269,2025-06-20,4,152.68,Online,152.68
9430,175,2530,2025-11-01,1,233.98,Online,233.98
9431,181,2726,2025-03-20,2,175.0,Online,175.0
9432,158,2622,2024-12-26,4,126.55,In-Store,126.55
9433,199,2603,2022-04-15,5,37.68,Online,37.68
9434,188,2564,2024-08-30,5,20.04,In-Store,20.04
9435,130,2645,2025-06-29,1,190.21,In-Store,190.21
9436,103,2922,2025-04-27,3,111.26,Online,111.26
9437,153,2960,2024-09-12,2,55.98,In-Store,55.98
9438,125,2835,2025-06-30,4,62.64,Online,62.64
9439,171,2999,2023-12-15,3,104.99,Online,104.99
9440,200,2008,2024-09-18,1,241.01,In-Store,241.01
9441,155,2515,2025-03-25,2,219.88,In-Store,219.88
9442,147,2739,2023-05-19,1,133.4,In-Store,133.4
9443,150,2652,2023-12-09,4,33.26,In-Store,33.26
9444,124,2280,2024-02-18,2,112.82,Online,112.82
9445,114,2293,2023-11-10,3,195.54,In-Store,195.54
9446,131,2568,2023-03-11,5,114.34,Online,114.34
9447,165,2120,2024-10-12,5,240.59,In-Store,240.59
9448,128,2227,2024-06-18,5,101.59,In-Store,101.59
9449,147,2616,2024-07-22,2,133.4,In-Store,133.4
9450,178,2579,2025-09-18,2,81.85,In-Store,81.85
9451,145,2281,2025-03-31,5,62.85,In-Store,62.85
9452,134,2212,2024-12-01,1,99.74,Online,99.74
9453,161,2524,2023-08-25,4,177.18,In-Store,177.18
9454,147,2023,2024-08-15,1,133.4,Online,133.4
9455,114,2419,2025-05-23,2,195.54,In-Store,195.54
9456,171,2866,2025-05-13,1,104.99,Online,104.99
9457,166,2520,2025-12-19,5,152.81,In-Store,152.81
9458,103,2768,2023-10-22,3,111.26,In-Store,111.26
9459,192,2518,2025-12-12,4,53.05,In-Store,53.05
9460,193,2515,2024-06-05,1,74.03,Online,74.03
9461,112,2394,2024-03-20,5,80.36,In-Store,80.36
9462,185,2686,2024-06-21,2,142.4,Online,142.4
9463,159,2655,2024-10-26,1,49.51,Online,49.51
9464,139,2815,2024-04-02,4,168.34,Online,168.34
9465,196,2517,2024-03-13,5,168.41,Online,168.41
9466,118,2545,2023-10-12,3,120.94,Online,120.94
9467,170,2857,2025-08-18,4,59.02,Online,59.02
9468,167,2114,2024-04-15,1,235.98,Online,235.98
9469,178,2134,2025-11-29,5,81.85,Online,81.85
9470,148,2527,2023-02-15,2,139.42,In-Store,139.42
9471,170,2913,2023-12-17,4,59.02,In-Store,59.02
9472,199,2610,2025-01-22,5,37.68,In-Store,37.68
9473,153,2594,2024-02-15,2,55.98,Online,55.98
9474,176,2681,2024-12-01,2,78.4,Online,78.4
9475,143,2833,2023-09-01,5,39.04,In-Store,39.04
9476,102,2930,2023-09-26,5,186.75,In-Store,186.75
9477,191,2695,2023-05-07,5,217.51,In-Store,217.51
9478,109,2711,2024-11-17,1,101.18,In-Store,101.18
9479,182,2326,2025-01-05,4,227.28,In-Store,227.28
9480,177,2258,2023-11-24,4,246.12,In-Store,246.12
9481,145,2677,2025-02-01,2,62.85,In-Store,62.85
9482,101,2910,2024-06-13,3,187.97,Online,187.97
9483,154,2508,2025-02-18,1,111.25,Online,111.25
9484,119,2828,2024-12-09,1,212.28,Online,212.28
9485,114,2120,2025-09-23,1,195.54,In-Store,195.54
9486,139,2066,2025-11-21,5,168.34,In-Store,168.34
9487,169,2303,2023-08-19,2,167.77,In-Store,167.77
9488,130,2572,2025-12-28,2,190.21,Online,190.21
9489,147,2201,2025-12-29,1,133.4,Online,133.4
9490,106,2348,2025-01-30,4,117.81,Online,117.81
9491,187,2707,2025-06-18,2,149.8,Online,149.8
9492,197,2098,2024-10-22,3,217.44,Online,217.44
9493,122,2081,2024-04-14,5,167.31,Online,167.31
9494,103,2682,2024-08-01,2,111.26,In-Store,111.26
9495,107,2920,2023-12-21,3,177.55,Online,177.55
9496,111,2098,2025-05-31,3,243.55,Online,243.55
9497,177,2780,2025-05-21,1,246.12,In-Store,246.12
9498,112,2932,2025-12-18,2,80.36,Online,80.36
9499,197,2441,2025-09-07,1,217.44,In-Store,217.44
9500,146,2064,2025-07-16,2,26.18,Online,26.18
9501,102,2459,2024-06-26,4,186.75,In-Store,186.75
9502,111,2041,2025-10-06,3,243.55,Online,243.55
9503,119,2743,2024-07-13,2,212.28,Online,212.28
9504,196,2293,2024-03-20,3,168.41,In-Store,168.41
9505,147,2511,2024-05-26,1,133.4,Online,133.4
9506,173,2035,2025-06-01,1,159.08,In-Store,159.08
9507,135,2365,2025-03-27,3,87.8,In-Store,87.8
9508,170,2006,2023-10-09,1,59.02,In-Store,59.02
9509,159,2581,2024-05-15,3,49.51,Online,49.51
9510,190,2492,2024-08-27,3,197.23,Online,197.23
9511,149,2637,2025-06-06,4,198.31,In-Store,198.31
9512,150,2606,2024-12-31,5,33.26,In-Store,33.26
9513,143,2645,2024-08-17,5,39.04,Online,39.04
9514,128,2440,2023-09-12,3,101.59,Online,101.59
9515,148,2993,2023-05-06,3,139.42,Online,139.42
9516,197,2738,2025-03-23,1,217.44,In-Store,217.44
9517,175,2422,2025-10-10,5,233.98,In-Store,233.98
9518,169,2383,2023-07-29,2,167.77,Online,167.77
9519,135,2134,2025-07-06,2,87.8,In-Store,87.8
9520,101,2301,2025-06-22,2,187.97,Online,187.97
9521,107,2857,2025-11-21,2,177.55,Online,177.55
9522,120,2472,2025-09-12,1,203.21,In-Store,203.21
9523,150,2968,2025-06-10,5,33.26,Online,33.26
9524,180,2816,2025-05-06,4,77.62,In-Store,77.62
9525,150,2533,2024-06-16,3,33.26,In-Store,33.26
9526,186,2168,2024-07-15,3,28.06,In-Store,28.06
9527,176,2736,2025-04-13,2,78.4,In-Store,78.4
9528,158,2230,2023-08-20,5,126.55,In-Store,126.55
9529,150,2051,2023-05-22,1,33.26,Online,33.26
9530,138,2959,2024-04-30,3,185.66,Online,185.66
9531,101,2374,2025-07-19,3,187.97,In-Store,187.97
9532,117,2521,2024-11-06,4,156.19,Online,156.19
9533,165,2080,2025-08-17,4,240.59,Online,240.59
9534,161,2333,2024-07-19,1,177.18,Online,177.18
9535,197,2586,2022-12-08,4,217.44,In-Store,217.44
9536,175,2773,2024-09-26,5,233.98,Online,233.98
9537,170,2510,2024-06-15,1,59.02,In-Store,59.02
9538,171,2174,2025-04-15,5,104.99,Online,104.99
9539,135,2335,2025-11-27,4,87.8,Online,87.8
9540,172,2621,2025-04-09,4,232.96,Online,232.96
9541,192,2361,2025-05-22,2,53.05,Online,53.05
9542,185,2196,2025-02-28,3,142.4,In-Store,142.4
9543,138,2236,2025-10-25,3,185.66,In-Store,185.66
9544,125,2823,2025-10-17,2,62.64,Online,62.64
9545,144,2108,2024-03-04,3,15.05,In-Store,15.05
9546,128,2181,2025-04-17,3,101.59,In-Store,101.59
9547,160,2118,2025-10-18,5,232.36,Online,232.36
9548,163,2256,2023-12-03,2,186.58,In-Store,186.58
9549,182,2802,2025-07-09,5,227.28,Online,227.28
9550,180,2971,2023-12-12,3,77.62,In-Store,77.62
9551,199,2292,2025-06-18,4,37.68,Online,37.68
9552,190,2567,2025-06-02,3,197.23,In-Store,197.23
9553,181,2228,2025-07-31,1,175.0,Online,175.0
9554,148,2921,2025-01-25,1,139.42,In-Store,139.42
9555,156,2259,2025-06-22,5,22.14,In-Store,22.14
9556,154,2642,2022-11-17,1,111.25,In-Store,111.25
9557,124,2332,2025-07-23,2,112.82,Online,112.82
9558,168,2655,2024-12-09,2,152.68,Online,152.68
9559,156,2477,2024-10-13,5,22.14,In-Store,22.14
9560,124,2027,2024-11-30,1,112.82,Online,112.82
9561,142,2899,2024-07-21,4,248.84,In-Store,248.84
9562,184,2381,2022-10-23,2,195.07,Online,195.07
9563,186,2723,2024-07-24,4,28.06,In-Store,28.06
9564,134,2762,2025-08-12,1,99.74,Online,99.74
9565,181,2607,2025-07-06,2,175.0,In-Store,175.0
9566,179,2231,2025-09-16,5,37.7,Online,37.7
9567,181,2543,2024-11-20,1,175.0,In-Store,175.0
9568,118,2339,2024-07-24,1,120.94,Online,120.94
9569,178,2493,2023-07-10,5,81.85,In-Store,81.85
9570,195,2077,2025-10-20,5,93.92,In-Store,93.92
9571,198,2919,2023-02-21,5,105.92,In-Store,105.92
9572,184,2573,2025-05-03,5,195.07,In-Store,195.07
9573,150,2990,2025-06-20,1,33.26,In-Store,33.26
9574,102,2400,2024-08-05,5,186.75,In-Store,186.75
9575,199,2643,2025-03-30,2,37.68,Online,37.68
9576,119,2239,2025-04-06,5,212.28,Online,212.28
9577,200,2686,2025-10-30,1,241.01,In-Store,241.01
9578,142,2417,2024-03-25,4,248.84,In-Store,248.84
9579,147,2987,2025-05-15,3,133.4,In-Store,133.4
9580,197,2047,2025-06-03,3,217.44,In-Store,217.44
9581,104,2525,2023-12-29,1,65.84,Online,65.84
9582,185,2073,2024-10-31,4,142.4,Online,142.4
9583,116,2518,2025-05-07,4,98.84,Online,98.84
9584,140,2801,2024-04-22,3,136.64,In-Store,136.64
9585,153,2837,2025-08-10,2,55.98,In-Store,55.98
9586,136,2189,2025-05-07,3,220.89,Online,220.89
9587,169,2111,2024-11-20,1,167.77,In-Store,167.77
9588,181,2933,2024-06-14,3,175.0,Online,175.0
9589,190,2599,2025-05-06,5,197.23,In-Store,197.23
9590,175,2656,2025-10-27,1,233.98,In-Store,233.98
9591,166,2834,2025-08-10,5,152.81,In-Store,152.81
9592,143,2726,2025-04-17,5,39.04,In-Store,39.04
9593,181,2687,2025-06-14,5,175.0,Online,175.0
9594,169,2478,2025-10-28,4,167.77,In-Store,167.77
9595,125,2736,2025-04-25,5,62.64,Online,62.64
9596,180,2789,2024-07-29,4,77.62,In-Store,77.62
9597,185,2166,2025-12-03,2,142.4,In-Store,142.4
9598,136,2628,2023-02-11,4,220.89,Online,220.89
9599,174,2135,2023-10-18,4,139.03,Online,139.03
9600,113,2940,2025-10-18,4,56.15,In-Store,56.15
9601,195,2117,2024-10-08,2,93.92,In-Store,93.92
9602,131,2303,2023-01-20,1,114.34,In-Store,114.34
9603,188,2947,2025-08-24,5,20.04,Online,20.04
9604,163,2983,2024-10-17,5,186.58,Online,186.58
9605,116,2082,2024-02-19,2,98.84,Online,98.84
9606,174,2489,2025-09-25,5,139.03,In-Store,139.03
9607,131,2479,2024-06-10,1,114.34,Online,114.34
9608,105,2245,2024-11-18,4,57.72,In-Store,57.72
9609,155,2024,2025-01-31,5,219.88,In-Store,219.88
9610,137,2959,2025-12-01,1,67.81,Online,67.81
9611,190,2866,2024-09-18,1,197.23,Online,197.23
9612,155,2773,2025-11-08,4,219.88,In-Store,219.88
9613,184,2788,2024-12-28,2,195.07,In-Store,195.07
9614,188,2239,2023-12-08,3,20.04,In-Store,20.04
9615,163,2659,2025-08-27,1,186.58,In-Store,186.58
9616,157,2479,2025-05-20,2,232.33,In-Store,232.33
9617,173,2158,2025-05-06,1,159.08,Online,159.08
9618,102,2052,2023-01-04,2,186.75,Online,186.75
9619,117,2889,2024-03-01,4,156.19,In-Store,156.19
9620,112,2726,2024-11-20,3,80.36,In-Store,80.36
9621,158,2677,2025-11-08,3,126.55,Online,126.55
9622,174,2048,2025-06-22,2,139.03,In-Store,139.03
9623,191,2580,2024-11-24,3,217.51,In-Store,217.51
9624,173,2485,2025-09-06,1,159.08,Online,159.08
9625,140,2796,2024-02-11,1,136.64,In-Store,136.64
9626,197,2192,2024-10-05,4,217.44,In-Store,217.44
9627,119,2524,2022-08-19,2,212.28,In-Store,212.28
9628,147,2593,2024-10-30,3,133.4,In-Store,133.4
9629,148,2434,2025-04-07,3,139.42,In-Store,139.42
9630,133,2911,2024-11-09,1,212.0,Online,212.0
9631,115,2512,2023-12-27,5,101.23,Online,101.23
9632,154,2451,2025-05-18,5,111.25,Online,111.25
9633,177,2768,2025-03-04,2,246.12,In-Store,246.12
9634,160,2466,2024-08-11,4,232.36,In-Store,232.36
9635,182,2996,2024-08-24,4,227.28,In-Store,227.28
9636,172,2935,2022-09-13,2,232.96,Online,232.96
9637,113,2547,2025-12-05,2,56.15,Online,56.15
9638,185,2357,2022-12-13,3,142.4,In-Store,142.4
9639,160,2582,2025-05-07,3,232.36,In-Store,232.36
9640,117,2081,2025-06-01,3,156.19,Online,156.19
9641,158,2831,2024-06-12,3,126.55,In-Store,126.55
9642,200,2422,2025-06-06,3,241.01,In-Store,241.01
9643,179,2532,2025-10-22,3,37.7,Online,37.7
9644,173,2845,2023-04-02,4,159.08,Online,159.08
9645,167,2326,2025-06-30,4,235.98,Online,235.98
9646,126,2062,2025-07-15,4,191.39,In-Store,191.39
9647,178,2331,2025-09-14,5,81.85,In-Store,81.85
9648,173,2993,2023-11-22,2,159.08,Online,159.08
9649,191,2149,2025-11-01,4,217.51,Online,217.51
9650,184,2698,2023-04-08,3,195.07,In-Store,195.07
9651,113,2470,2022-09-25,1,56.15,Online,56.15
9652,109,2110,2025-09-01,2,101.18,In-Store,101.18
9653,176,2706,2025-09-11,4,78.4,Online,78.4
9654,127,2526,2024-11-20,5,200.1,Online,200.1
9655,124,2084,2024-01-26,2,112.82,Online,112.82
9656,191,2680,2024-10-21,5,217.51,In-Store,217.51
9657,110,2114,2024-11-09,3,73.49,Online,73.49
9658,186,2669,2024-12-27,1,28.06,In-Store,28.06
9659,175,2645,2025-11-06,1,233.98,In-Store,233.98
9660,198,2779,2025-09-22,1,105.92,Online,105.92
9661,162,2496,2025-01-26,1,55.58,Online,55.58
9662,112,2007,2023-10-17,1,80.36,Online,80.36
9663,171,2193,2025-12-05,2,104.99,In-Store,104.99
9664,181,2117,2025-01-26,5,175.0,Online,175.0
9665,139,2483,2025-06-23,4,168.34,In-Store,168.34
9666,147,2337,2023-11-25,1,133.4,In-Store,133.4
9667,135,2406,2024-04-06,1,87.8,Online,87.8
9668,194,2723,2025-03-17,2,216.06,Online,216.06
9669,123,2080,2025-10-24,2,73.57,In-Store,73.57
9670,154,2206,2023-12-26,1,111.25,Online,111.25
9671,154,2747,2025-10-04,3,111.25,Online,111.25
9672,131,2010,2024-06-05,4,114.34,Online,114.34
9673,173,2386,2024-04-03,2,159.08,In-Store,159.08
9674,153,2614,2024-05-11,1,55.98,Online,55.98
9675,120,2807,2024-08-16,5,203.21,Online,203.21
9676,133,2676,2025-11-13,4,212.0,In-Store,212.0
9677,160,2364,2024-01-27,4,232.36,Online,232.36
9678,101,2892,2024-07-30,3,187.97,In-Store,187.97
9679,151,2750,2025-06-26,5,108.66,In-Store,108.66
9680,121,2859,2024-10-15,5,60.64,Online,60.64
9681,189,2794,2024-05-08,4,60.42,Online,60.42
9682,178,2924,2023-01-21,2,81.85,Online,81.85
9683,101,2920,2023-08-14,2,187.97,In-Store,187.97
9684,159,2226,2024-09-09,3,49.51,In-Store,49.51
9685,154,2631,2024-06-29,4,111.25,In-Store,111.25
9686,191,2929,2025-02-15,5,217.51,In-Store,217.51
9687,154,2594,2024-02-03,3,111.25,In-Store,111.25
9688,186,2237,2025-04-11,1,28.06,In-Store,28.06
9689,181,2719,2023-04-01,4,175.0,In-Store,175.0
9690,126,2010,2025-08-04,2,191.39,In-Store,191.39
9691,113,2528,2025-01-24,2,56.15,In-Store,56.15
9692,111,2071,2025-02-11,2,243.55,In-Store,243.55
9693,130,2990,2025-09-05,4,190.21,In-Store,190.21
9694,162,2607,2024-09-24,4,55.58,In-Store,55.58
9695,168,2518,2023-04-21,4,152.68,Online,152.68
9696,139,2513,2024-07-05,4,168.34,In-Store,168.34
9697,151,2345,2025-03-15,4,108.66,In-Store,108.66
9698,195,2626,2022-11-28,4,93.92,Online,93.92
9699,164,2778,2023-01-14,5,22.03,In-Store,22.03
9700,114,2906,2023-07-30,5,195.54,In-Store,195.54
9701,116,2609,2024-12-13,4,98.84,Online,98.84
9702,107,2593,2023-11-11,5,177.55,Online,177.55
9703,165,2449,2025-08-08,1,240.59,In-Store,240.59
9704,122,2789,2024-03-27,1,167.31,In-Store,167.31
9705,118,2971,2023-12-21,1,120.94,In-Store,120.94
9706,120,2208,2023-02-11,4,203.21,Online,203.21
9707,153,2766,2025-07-07,5,55.98,In-Store,55.98
9708,174,2845,2022-09-24,3,139.03,In-Store,139.03
9709,126,2846,2025-06-08,5,191.39,Online,191.39
9710,147,2982,2023-05-01,1,133.4,In-Store,133.4
9711,166,2998,2025-06-27,3,152.81,In-Store,152.81
9712,143,2167,2025-07-04,1,39.04,Online,39.04
9713,164,2054,2025-04-27,5,22.03,Online,22.03
9714,136,2711,2024-07-07,2,220.89,In-Store,220.89
9715,150,2022,2023-07-30,5,33.26,In-Store,33.26
9716,124,2859,2024-12-27,3,112.82,In-Store,112.82
9717,176,2386,2024-01-16,4,78.4,Online,78.4
9718,143,2901,2023-09-10,5,39.04,Online,39.04
9719,116,2160,2025-12-22,3,98.84,Online,98.84
9720,147,2007,2025-02-23,4,133.4,Online,133.4
9721,188,2893,2023-03-28,4,20.04,Online,20.04
9722,184,2930,2025-08-11,5,195.07,In-Store,195.07
9723,199,2545,2025-07-28,1,37.68,In-Store,37.68
9724,160,2310,2024-01-28,1,232.36,In-Store,232.36
9725,130,2330,2025-02-06,1,190.21,Online,190.21
9726,191,2500,2024-10-08,3,217.51,Online,217.51
9727,157,2803,2024-09-15,2,232.33,Online,232.33
9728,113,2430,2025-04-03,5,56.15,In-Store,56.15
9729,145,2361,2025-10-06,5,62.85,In-Store,62.85
9730,140,2795,2024-08-05,2,136.64,In-Store,136.64
9731,199,2272,2024-08-04,1,37.68,Online,37.68
9732,198,2366,2024-06-30,1,105.92,Online,105.92
9733,164,2469,2024-12-08,5,22.03,Online,22.03
9734,137,2436,2024-11-19,4,67.81,Online,67.81
9735,166,2387,2025-01-21,4,152.81,In-Store,152.81
9736,104,2780,2022-04-28,2,65.84,Online,65.84
9737,181,2563,2024-08-13,1,175.0,Online,175.0
9738,113,2792,2024-04-12,3,56.15,In-Store,56.15
9739,199,2328,2023-09-21,2,37.68,Online,37.68
9740,167,2283,2024-09-17,1,235.98,Online,235.98
9741,109,2643,2023-12-28,5,101.18,In-Store,101.18
9742,129,2193,2025-04-24,5,216.59,In-Store,216.59
9743,108,2379,2025-01-21,4,61.68,In-Store,61.68
9744,154,2336,2025-11-01,2,111.25,In-Store,111.25
9745,163,2254,2024-02-10,5,186.58,In-Store,186.58
9746,106,2649,2023-10-15,3,117.81,Online,117.81
9747,184,2342,2025-03-15,2,195.07,In-Store,195.07
9748,171,2470,2025-12-26,3,104.99,Online,104.99
9749,102,2060,2022-12-29,3,186.75,Online,186.75
9750,120,2846,2025-06-15,3,203.21,Online,203.21
9751,110,2420,2025-05-05,2,73.49,In-Store,73.49
9752,185,2901,2024-04-09,1,142.4,In-Store,142.4
9753,106,2233,2023-03-17,2,117.81,Online,117.81
9754,177,2140,2025-06-27,5,246.12,Online,246.12
9755,133,2207,2025-01-31,4,212.0,In-Store,212.0
9756,168,2768,2025-06-21,5,152.68,In-Store,152.68
9757,133,2979,2025-07-29,5,212.0,Online,212.0
9758,125,2391,2025-12-23,4,62.64,Online,62.64
9759,147,2149,2025-12-14,3,133.4,In-Store,133.4
9760,147,2019,2024-10-06,1,133.4,In-Store,133.4
9761,110,2269,2024-02-12,5,73.49,Online,73.49
9762,110,2858,2025-06-09,5,73.49,In-Store,73.49
9763,184,2893,2024-10-06,5,195.07,Online,195.07
9764,119,2535,2024-05-11,3,212.28,Online,212.28
9765,128,2269,2025-04-26,1,101.59,Online,101.59
9766,120,2865,2025-08-18,3,203.21,In-Store,203.21
9767,142,2078,2024-02-17,3,248.84,Online,248.84
9768,114,2990,2024-08-03,4,195.54,In-Store,195.54
9769,117,2264,2024-06-13,3,156.19,Online,156.19
9770,104,2929,2025-04-19,5,65.84,In-Store,65.84
9771,197,2242,2024-07-21,2,217.44,In-Store,217.44
9772,144,2876,2025-03-05,2,15.05,In-Store,15.05
9773,164,2411,2024-12-23,4,22.03,Online,22.03
9774,119,2464,2024-12-17,1,212.28,Online,212.28
9775,198,2126,2024-10-01,5,105.92,In-Store,105.92
9776,180,2831,2024-08-19,5,77.62,In-Store,77.62
9777,187,2452,2024-11-29,4,149.8,In-Store,149.8
9778,178,2252,2025-12-19,2,81.85,Online,81.85
9779,150,2999,2023-06-03,2,33.26,In-Store,33.26
9780,113,2016,2025-09-16,4,56.15,Online,56.15
9781,141,2555,2024-10-07,2,232.94,Online,232.94
9782,170,2605,2024-12-06,2,59.02,In-Store,59.02
9783,149,2060,2025-08-29,1,198.31,Online,198.31
9784,130,2215,2025-02-04,2,190.21,In-Store,190.21
9785,101,2392,2023-12-10,2,187.97,In-Store,187.97
9786,142,2122,2025-08-22,4,248.84,Online,248.84
9787,146,2681,2022-04-27,3,26.18,In-Store,26.18
9788,126,2545,2024-07-05,5,191.39,Online,191.39
9789,197,2766,2025-04-26,5,217.44,In-Store,217.44
9790,184,2626,2025-09-07,1,195.07,Online,195.07
9791,113,2313,2022-10-30,3,56.15,In-Store,56.15
9792,183,2281,2023-12-09,5,209.04,In-Store,209.04
9793,197,2052,2024-09-24,3,217.44,In-Store,217.44
9794,124,2703,2022-10-24,3,112.82,Online,112.82
9795,160,2863,2024-05-09,4,232.36,Online,232.36
9796,137,2041,2025-10-17,5,67.81,In-Store,67.81
9797,116,2782,2025-06-25,4,98.84,Online,98.84
9798,113,2836,2022-06-22,3,56.15,In-Store,56.15
9799,112,2129,2023-09-19,4,80.36,Online,80.36
9800,191,2280,2025-06-20,3,217.51,Online,217.51
9801,196,2851,2025-04-11,3,168.41,Online,168.41
9802,126,2544,2023-10-14,4,191.39,In-Store,191.39
9803,189,2272,2025-11-10,4,60.42,In-Store,60.42
9804,150,2552,2025-08-30,4,33.26,In-Store,33.26
9805,123,2575,2024-06-23,3,73.57,In-Store,73.57
9806,172,2055,2024-08-29,3,232.96,In-Store,232.96
9807,128,2671,2024-06-13,1,101.59,Online,101.59
9808,187,2095,2023-11-09,1,149.8,Online,149.8
9809,187,2901,2025-03-02,2,149.8,Online,149.8
9810,124,2843,2024-08-22,1,112.82,In-Store,112.82
9811,136,2672,2025-07-17,2,220.89,In-Store,220.89
9812,147,2161,2025-03-29,1,133.4,Online,133.4
9813,102,2103,2023-06-04,4,186.75,Online,186.75
9814,164,2833,2024-12-07,5,22.03,Online,22.03
9815,154,2433,2023-09-02,2,111.25,In-Store,111.25
9816,161,2515,2025-08-13,3,177.18,In-Store,177.18
9817,132,2156,2025-03-11,5,243.25,Online,243.25
9818,150,2231,2025-04-10,3,33.26,In-Store,33.26
9819,138,2173,2022-09-17,1,185.66,In-Store,185.66
9820,156,2257,2025-05-12,5,22.14,In-Store,22.14
9821,168,2291,2024-07-19,2,152.68,Online,152.68
9822,158,2946,2024-11-16,4,126.55,Online,126.55
9823,109,2776,2024-09-16,3,101.18,In-Store,101.18
9824,101,2371,2025-05-26,1,187.97,In-Store,187.97
9825,192,2645,2024-10-19,1,53.05,In-Store,53.05
9826,139,2509,2024-11-14,2,168.34,Online,168.34
9827,146,2178,2025-09-24,3,26.18,Online,26.18
9828,178,2594,2024-05-27,1,81.85,Online,81.85
9829,200,2474,2025-04-01,2,241.01,In-Store,241.01
9830,163,2100,2022-12-08,5,186.58,In-Store,186.58
9831,172,2810,2025-07-23,2,232.96,In-Store,232.96
9832,110,2526,2024-07-14,4,73.49,In-Store,73.49
9833,107,2799,2024-11-26,2,177.55,Online,177.55
9834,192,2143,2024-02-27,2,53.05,Online,53.05
9835,105,2693,2024-12-14,5,57.72,Online,57.72
9836,195,2837,2025-05-19,5,93.92,Online,93.92
9837,182,2684,2025-11-14,5,227.28,Online,227.28
9838,136,2233,2024-11-25,4,220.89,Online,220.89
9839,146,2586,2024-04-06,3,26.18,In-Store,26.18
9840,121,2783,2025-02-14,5,60.64,In-Store,60.64
9841,112,2989,2025-01-27,4,80.36,In-Store,80.36
9842,158,2352,2024-04-22,3,126.55,In-Store,126.55
9843,156,2335,2024-05-29,3,22.14,Online,22.14
9844,126,2148,2025-02-19,1,191.39,Online,191.39
9845,119,2913,2025-10-05,5,212.28,Online,212.28
9846,131,2450,2025-02-28,2,114.34,Online,114.34
9847,120,2605,2023-05-07,5,203.21,In-Store,203.21
9848,151,2109,2025-03-23,5,108.66,Online,108.66
9849,146,2883,2024-04-12,5,26.18,In-Store,26.18
9850,187,2094,2024-07-20,5,149.8,In-Store,149.8
9851,139,2846,2024-10-23,5,168.34,Online,168.34
9852,171,2979,2025-04-25,4,104.99,Online,104.99
9853,168,2071,2024-09-28,2,152.68,Online,152.68
9854,145,2461,2025-02-12,1,62.85,Online,62.85
9855,121,2714,2025-10-27,2,60.64,In-Store,60.64
9856,159,2258,2023-03-27,2,49.51,Online,49.51
9857,150,2699,2024-02-02,1,33.26,Online,33.26
9858,129,2322,2024-06-14,4,216.59,In-Store,216.59
9859,147,2381,2024-01-22,2,133.4,In-Store,133.4
9860,193,2258,2025-06-02,5,74.03,In-Store,74.03
9861,186,2719,2023-11-26,4,28.06,In-Store,28.06
9862,114,2418,2023-08-03,4,195.54,Online,195.54
9863,162,2153,2025-09-24,4,55.58,In-Store,55.58
9864,189,2203,2024-08-18,2,60.42,Online,60.42
9865,158,2334,2022-05-31,5,126.55,In-Store,126.55
9866,137,2139,2024-10-21,5,67.81,Online,67.81
9867,114,2501,2025-02-17,4,195.54,Online,195.54
9868,192,2132,2022-12-05,4,53.05,Online,53.05
9869,109,2266,2025-03-25,5,101.18,Online,101.18
9870,155,2231,2024-09-17,3,219.88,In-Store,219.88
9871,150,2763,2024-09-28,4,33.26,Online,33.26
9872,178,2157,2024-06-24,4,81.85,Online,81.85
9873,110,2228,2023-12-21,2,73.49,In-Store,73.49
9874,191,2074,2024-11-09,1,217.51,Online,217.51
9875,167,2767,2024-07-20,3,235.98,Online,235.98
9876,142,2962,2024-06-22,5,248.84,In-Store,248.84
9877,114,2272,2025-05-31,5,195.54,In-Store,195.54
9878,187,2847,2023-07-26,1,149.8,Online,149.8
9879,147,2946,2025-11-17,4,133.4,Online,133.4
9880,181,2912,2025-12-18,2,175.0,Online,175.0
9881,141,2966,2025-09-02,3,232.94,In-Store,232.94
9882,120,2019,2025-12-16,1,203.21,In-Store,203.21
9883,103,2103,2025-12-28,2,111.26,In-Store,111.26
9884,155,2800,2022-09-27,2,219.88,In-Store,219.88
9885,164,2077,2025-03-26,3,22.03,In-Store,22.03
9886,103,2982,2024-07-02,5,111.26,Online,111.26
9887,119,2753,2025-03-11,4,212.28,In-Store,212.28
9888,117,2122,2025-09-08,1,156.19,In-Store,156.19
9889,199,2279,2024-11-17,1,37.68,In-Store,37.68
9890,153,2155,2025-01-21,5,55.98,Online,55.98
9891,112,2068,2024-07-06,5,80.36,In-Store,80.36
9892,187,2449,2025-04-12,4,149.8,In-Store,149.8
9893,132,2502,2024-01-15,5,243.25,In-Store,243.25
9894,170,2666,2025-12-31,3,59.02,In-Store,59.02
9895,161,2511,2025-05-26,1,177.18,In-Store,177.18
9896,146,2837,2025-01-30,5,26.18,In-Store,26.18
9897,194,2298,2025-06-06,4,216.06,Online,216.06
9898,115,2578,2024-10-06,2,101.23,Online,101.23
9899,149,2889,2025-02-28,1,198.31,Online,198.31
9900,174,2744,2024-11-11,5,139.03,In-Store,139.03
9901,122,2943,2024-07-16,5,167.31,In-Store,167.31
9902,130,2392,2024-11-28,1,190.21,Online,190.21
9903,131,2910,2025-04-23,4,114.34,Online,114.34
9904,163,2491,2023-11-22,5,186.58,In-Store,186.58
9905,128,2013,2025-04-15,5,101.59,In-Store,101.59
9906,103,2784,2024-10-03,4,111.26,In-Store,111.26
9907,172,2754,2024-12-16,4,232.96,In-Store,232.96
9908,156,2337,2023-02-12,5,22.14,In-Store,22.14
9909,106,2113,2023-08-10,1,117.81,Online,117.81
9910,114,2764,2024-11-22,1,195.54,Online,195.54
9911,148,2781,2024-09-01,5,139.42,Online,139.42
9912,141,2029,2025-07-01,1,232.94,Online,232.94
9913,175,2354,2025-12-02,4,233.98,Online,233.98
9914,179,2712,2025-01-27,2,37.7,Online,37.7
9915,152,2215,2025-03-23,3,106.63,In-Store,106.63
9916,117,2449,2024-08-17,3,156.19,Online,156.19
9917,164,2244,2022-05-21,5,22.03,Online,22.03
9918,181,2154,2024-11-24,3,175.0,Online,175.0
9919,141,2787,2023-04-08,4,232.94,In-Store,232.94
9920,181,2281,2023-08-12,3,175.0,In-Store,175.0
9921,200,2411,2025-06-01,1,241.01,Online,241.01
9922,175,2480,2025-07-13,4,233.98,In-Store,233.98
9923,168,2614,2024-09-14,5,152.68,In-Store,152.68
9924,157,2251,2024-12-21,3,232.33,In-Store,232.33
9925,183,2031,2024-08-17,5,209.04,In-Store,209.04
9926,165,2864,2025-12-28,3,240.59,In-Store,240.59
9927,152,2880,2025-06-06,3,106.63,In-Store,106.63
9928,123,2538,2024-10-06,3,73.57,In-Store,73.57
9929,105,2989,2025-05-08,5,57.72,In-Store,57.72
9930,191,2629,2024-04-30,1,217.51,In-Store,217.51
9931,178,2884,2024-02-04,2,81.85,In-Store,81.85
9932,103,2381,2023-03-02,5,111.26,Online,111.26
9933,152,2640,2025-06-14,1,106.63,In-Store,106.63
9934,102,2706,2025-08-16,3,186.75,In-Store,186.75
9935,194,2742,2022-10-21,5,216.06,Online,216.06
9936,106,2597,2025-07-19,3,117.81,Online,117.81
9937,154,2199,2024-12-14,2,111.25,In-Store,111.25
9938,145,2555,2023-10-07,1,62.85,In-Store,62.85
9939,156,2316,2025-11-24,5,22.14,Online,22.14
9940,198,2352,2025-10-30,1,105.92,In-Store,105.92
9941,154,2754,2025-10-28,3,111.25,Online,111.25
9942,199,2311,2022-09-01,5,37.68,Online,37.68
9943,194,2474,2024-04-10,3,216.06,In-Store,216.06
9944,112,2499,2025-06-20,3,80.36,In-Store,80.36
9945,104,2440,2024-10-05,2,65.84,Online,65.84
9946,169,2732,2024-01-30,1,167.77,Online,167.77
9947,107,2030,2024-08-31,4,177.55,In-Store,177.55
9948,176,2255,2025-10-12,2,78.4,Online,78.4
9949,124,2270,2025-07-30,5,112.82,Online,112.82
9950,176,2832,2024-09-12,1,78.4,Online,78.4
9951,128,2323,2025-07-07,3,101.59,Online,101.59
9952,148,2118,2023-12-25,1,139.42,Online,139.42
9953,129,2386,2025-11-16,3,216.59,In-Store,216.59
9954,188,2170,2022-08-26,2,20.04,Online,20.04
9955,139,2032,2025-12-16,4,168.34,Online,168.34
9956,196,2807,2025-01-11,1,168.41,In-Store,168.41
9957,112,2833,2023-09-28,2,80.36,Online,80.36
9958,199,2204,2025-03-18,1,37.68,In-Store,37.68
9959,120,2154,2025-09-28,2,203.21,In-Store,203.21
9960,145,2311,2024-12-21,5,62.85,In-Store,62.85
9961,192,2983,2025-05-04,5,53.05,Online,53.05
9962,160,2997,2025-12-27,1,232.36,In-Store,232.36
9963,194,2243,2025-08-02,5,216.06,In-Store,216.06
9964,146,2261,2022-12-07,2,26.18,Online,26.18
9965,198,2236,2025-01-22,3,105.92,In-Store,105.92
9966,118,2468,2025-05-12,1,120.94,Online,120.94
9967,135,2116,2025-01-22,5,87.8,Online,87.8
9968,135,2449,2024-10-18,2,87.8,In-Store,87.8
9969,140,2733,2023-11-19,3,136.64,In-Store,136.64
9970,166,2471,2025-02-20,1,152.81,Online,152.81
9971,120,2753,2024-03-03,5,203.21,In-Store,203.21
9972,155,2625,2023-08-19,4,219.88,In-Store,219.88
9973,193,2019,2024-11-26,4,74.03,Online,74.03
9974,139,2716,2025-01-26,4,168.34,Online,168.34
9975,184,2029,2024-05-14,2,195.07,Online,195.07
9976,118,2471,2025-12-19,1,120.94,Online,120.94
9977,104,2639,2022-10-14,2,65.84,Online,65.84
9978,144,2911,2023-10-21,5,15.05,Online,15.05
9979,196,2856,2024-11-08,1,168.41,Online,168.41
9980,142,2567,2024-12-28,5,248.84,In-Store,248.84
9981,108,2821,2025-02-23,1,61.68,Online,61.68
9982,163,2610,2025-12-23,5,186.58,Online,186.58
9983,101,2282,2025-05-07,5,187.97,Online,187.97
9984,133,2613,2025-08-12,4,212.0,In-Store,212.0
9985,147,2234,2025-03-21,3,133.4,Online,133.4
9986,199,2606,2025-01-23,1,37.68,Online,37.68
9987,117,2669,2025-12-21,5,156.19,Online,156.19
9988,158,2369,2025-04-16,2,126.55,Online,126.55
9989,168,2073,2025-06-12,2,152.68,Online,152.68
9990,162,2484,2024-09-26,4,55.58,Online,55.58
9991,184,2866,2024-05-08,4,195.07,Online,195.07
9992,121,2137,2024-02-14,4,60.64,In-Store,60.64
9993,126,2780,2024-11-27,1,191.39,In-Store,191.39
9994,107,2393,2023-07-27,4,177.55,Online,177.55
9995,130,2813,2022-01-27,2,190.21,Online,190.21
9996,102,2341,2025-09-13,1,186.75,In-Store,186.75
9997,141,2337,2024-08-11,1,232.94,In-Store,232.94
9998,152,2330,2022-08-25,1,106.63,Online,106.63
9999,120,2523,2024-03-22,2,203.21,Online,203.21
10000,163,2587,2025-12-28,2,186.58,In-Store,186.58
10001,166,2697,2024-04-11,5,152.81,In-Store,152.81
10002,148,2640,2025-05-18,1,139.42,In-Store,139.42
10003,186,2139,2023-10-06,3,28.06,In-Store,28.06
10004,115,2592,2025-07-27,4,101.23,In-Store,101.23
10005,161,2219,2024-07-21,4,177.18,In-Store,177.18
10006,154,2679,2024-07-24,2,111.25,In-Store,111.25
10007,182,2825,2025-10-26,2,227.28,Online,227.28
10008,104,2740,2024-12-02,4,65.84,Online,65.84
10009,120,2995,2024-08-26,4,203.21,Online,203.21
10010,134,2518,2025-08-09,2,99.74,In-Store,99.74
10011,160,2135,2025-06-08,5,232.36,Online,232.36
10012,188,2359,2024-04-25,1,20.04,In-Store,20.04
10013,190,2982,2024-08-31,1,197.23,Online,197.23
10014,147,2753,2025-09-12,5,133.4,In-Store,133.4
10015,192,2529,2025-12-19,2,53.05,Online,53.05
10016,181,2102,2024-07-14,4,175.0,In-Store,175.0
10017,102,2193,2024-05-09,1,186.75,In-Store,186.75
10018,197,2446,2024-04-04,4,217.44,In-Store,217.44
10019,136,2580,2025-02-17,5,220.89,Online,220.89
10020,114,2533,2023-11-28,2,195.54,Online,195.54
10021,149,2786,2025-08-23,1,198.31,Online,198.31
10022,135,2465,2025-05-24,1,87.8,In-Store,87.8
10023,188,2516,2025-10-19,1,20.04,Online,20.04
10024,188,2051,2024-11-18,4,20.04,Online,20.04
10025,140,2830,2023-09-17,1,136.64,In-Store,136.64
10026,118,2825,2025-01-31,2,120.94,Online,120.94
10027,142,2648,2025-02-18,3,248.84,Online,248.84
10028,153,2298,2023-03-08,4,55.98,In-Store,55.98
10029,179,2758,2025-02-18,4,37.7,In-Store,37.7
10030,149,2860,2024-02-29,5,198.31,Online,198.31
10031,151,2454,2025-01-19,2,108.66,Online,108.66
10032,188,2507,2024-11-14,3,20.04,Online,20.04
10033,111,2585,2025-04-23,4,243.55,Online,243.55
10034,199,2773,2023-08-24,5,37.68,In-Store,37.68
10035,172,2249,2024-11-17,3,232.96,In-Store,232.96
10036,170,2407,2025-12-05,3,59.02,In-Store,59.02
10037,120,2116,2024-05-24,1,203.21,Online,203.21
10038,107,2055,2024-12-17,1,177.55,In-Store,177.55
10039,102,2408,2025-11-19,1,186.75,Online,186.75
10040,165,2839,2025-12-10,3,240.59,Online,240.59
10041,177,2207,2025-12-12,2,246.12,In-Store,246.12
10042,117,2342,2025-08-15,5,156.19,Online,156.19
10043,117,2927,2024-12-05,4,156.19,Online,156.19
10044,122,2390,2025-03-02,5,167.31,Online,167.31
10045,166,2600,2023-10-07,2,152.81,Online,152.81
10046,114,2450,2024-09-24,3,195.54,Online,195.54
10047,106,2200,2024-06-23,3,117.81,In-Store,117.81
10048,136,2539,2025-04-01,5,220.89,In-Store,220.89
10049,146,2154,2025-04-25,4,26.18,In-Store,26.18
10050,154,2813,2024-11-28,4,111.25,In-Store,111.25
10051,113,2991,2024-04-11,1,56.15,In-Store,56.15
10052,188,2547,2025-01-12,4,20.04,Online,20.04
10053,143,2350,2023-09-28,1,39.04,In-Store,39.04
10054,135,2068,2024-02-22,1,87.8,In-Store,87.8
10055,172,2151,2025-02-05,3,232.96,Online,232.96
10056,170,2635,2025-07-11,4,59.02,In-Store,59.02
10057,189,2655,2024-10-30,1,60.42,In-Store,60.42
10058,149,2808,2024-09-11,5,198.31,In-Store,198.31
10059,171,2919,2022-05-08,5,104.99,Online,104.99
10060,134,2825,2024-11-03,3,99.74,In-Store,99.74
10061,163,2608,2024-08-05,3,186.58,In-Store,186.58
10062,183,2188,2023-12-20,5,209.04,Online,209.04
10063,127,2473,2025-10-30,3,200.1,Online,200.1
10064,137,2205,2024-10-30,1,67.81,Online,67.81
10065,120,2618,2025-05-21,5,203.21,In-Store,203.21
10066,145,2883,2023-03-04,1,62.85,In-Store,62.85
10067,134,2660,2024-07-22,1,99.74,Online,99.74
10068,165,2289,2024-12-12,1,240.59,Online,240.59
10069,139,2911,2025-07-22,5,168.34,Online,168.34
10070,195,2271,2025-01-25,1,93.92,In-Store,93.92
10071,105,2744,2025-01-09,3,57.72,In-Store,57.72
10072,193,2426,2025-05-22,3,74.03,In-Store,74.03
10073,104,2994,2024-01-20,4,65.84,Online,65.84
10074,183,2657,2024-05-12,5,209.04,In-Store,209.04
10075,167,2518,2025-11-09,2,235.98,In-Store,235.98
10076,120,2454,2024-07-27,1,203.21,In-Store,203.21
10077,198,2559,2023-02-10,2,105.92,In-Store,105.92
10078,134,2839,2025-11-19,3,99.74,In-Store,99.74
10079,159,2439,2025-01-27,3,49.51,In-Store,49.51
10080,152,2164,2025-09-26,4,106.63,Online,106.63
10081,144,2531,2023-06-29,2,15.05,Online,15.05
10082,112,2846,2024-07-24,1,80.36,In-Store,80.36
10083,167,2785,2023-04-06,2,235.98,In-Store,235.98
10084,192,2378,2025-11-28,2,53.05,Online,53.05
10085,112,2087,2025-12-08,4,80.36,In-Store,80.36
10086,138,2966,2024-11-16,2,185.66,Online,185.66
10087,109,3000,2025-03-19,2,101.18,In-Store,101.18
10088,150,2586,2025-06-13,2,33.26,In-Store,33.26
10089,197,2188,2025-04-24,1,217.44,In-Store,217.44
10090,121,2091,2025-11-16,4,60.64,Online,60.64
10091,143,2258,2023-10-23,3,39.04,Online,39.04
10092,153,2557,2025-12-20,5,55.98,Online,55.98
10093,147,2957,2024-12-05,3,133.4,Online,133.4
10094,197,2223,2025-08-06,1,217.44,Online,217.44
10095,154,2046,2025-02-12,4,111.25,In-Store,111.25
10096,178,2197,2022-12-22,2,81.85,In-Store,81.85
10097,150,2764,2025-03-28,5,33.26,In-Store,33.26
10098,178,2416,2024-09-11,4,81.85,In-Store,81.85
10099,138,2394,2022-05-12,1,185.66,In-Store,185.66
10100,142,2160,2024-11-24,4,248.84,In-Store,248.84
10101,118,2679,2025-08-02,5,120.94,In-Store,120.94
10102,162,2231,2024-06-09,3,55.58,Online,55.58
10103,200,2646,2024-12-17,3,241.01,In-Store,241.01
10104,115,2808,2025-05-30,4,101.23,In-Store,101.23
10105,102,2049,2025-12-23,3,186.75,In-Store,186.75
10106,152,2707,2024-08-01,1,106.63,In-Store,106.63
10107,150,2393,2025-03-01,4,33.26,Online,33.26
10108,157,2277,2025-01-11,3,232.33,Online,232.33
10109,122,2342,2025-08-20,1,167.31,Online,167.31
10110,137,2582,2024-10-30,4,67.81,Online,67.81
10111,157,2905,2025-07-09,2,232.33,In-Store,232.33
10112,134,2544,2024-06-26,4,99.74,In-Store,99.74
10113,157,2218,2023-12-18,5,232.33,Online,232.33
10114,109,2648,2025-03-08,3,101.18,Online,101.18
10115,135,2323,2025-06-30,4,87.8,Online,87.8
10116,191,2114,2025-05-09,2,217.51,Online,217.51
10117,146,2905,2025-05-20,3,26.18,In-Store,26.18
10118,189,2121,2023-02-05,1,60.42,Online,60.42
10119,199,2403,2024-10-09,4,37.68,Online,37.68
10120,184,2943,2025-03-04,5,195.07,Online,195.07
10121,148,2389,2024-01-19,5,139.42,In-Store,139.42
10122,163,2055,2025-01-02,3,186.58,In-Store,186.58
10123,148,2728,2024-12-06,1,139.42,Online,139.42
10124,111,2617,2024-03-18,3,243.55,In-Store,243.55
10125,128,2738,2025-11-25,3,101.59,Online,101.59
10126,139,2674,2024-11-16,2,168.34,Online,168.34
10127,132,2701,2024-07-16,3,243.25,Online,243.25
10128,200,2633,2025-05-30,5,241.01,Online,241.01
10129,125,2240,2025-09-25,2,62.64,In-Store,62.64
10130,142,2611,2023-02-26,5,248.84,In-Store,248.84
10131,168,2623,2024-07-23,4,152.68,In-Store,152.68
10132,165,2895,2025-07-29,5,240.59,Online,240.59
10133,127,2464,2025-10-01,2,200.1,Online,200.1
10134,124,2299,2023-11-08,4,112.82,In-Store,112.82
10135,112,2755,2024-08-05,3,80.36,In-Store,80.36
10136,195,2992,2025-06-02,4,93.92,Online,93.92
10137,137,2485,2023-08-13,3,67.81,Online,67.81
10138,108,2834,2025-10-22,1,61.68,In-Store,61.68
10139,173,2015,2025-12-31,1,159.08,In-Store,159.08
10140,191,2352,2023-11-11,1,217.51,In-Store,217.51
10141,171,2450,2025-09-15,5,104.99,Online,104.99
10142,124,2169,2024-01-07,4,112.82,Online,112.82
10143,166,2067,2024-10-25,3,152.81,In-Store,152.81
10144,151,2856,2024-12-12,3,108.66,In-Store,108.66
10145,166,2578,2024-05-30,1,152.81,Online,152.81
10146,158,2689,2022-11-06,5,126.55,In-Store,126.55
10147,145,2188,2024-06-26,3,62.85,Online,62.85
10148,176,2362,2024-02-15,4,78.4,Online,78.4
10149,171,2659,2025-06-09,5,104.99,In-Store,104.99
10150,124,2996,2025-01-30,2,112.82,In-Store,112.82
10151,187,2040,2025-04-04,4,149.8,In-Store,149.8
10152,144,2965,2025-06-28,4,15.05,In-Store,15.05
10153,119,2067,2024-09-19,1,212.28,In-Store,212.28
10154,127,2464,2025-08-11,5,200.1,Online,200.1
10155,189,2768,2025-03-01,2,60.42,In-Store,60.42
10156,168,2238,2024-09-27,2,152.68,In-Store,152.68
10157,144,2358,2023-03-29,2,15.05,Online,15.05
10158,191,2469,2025-12-10,5,217.51,Online,217.51
10159,190,2485,2024-01-25,2,197.23,In-Store,197.23
10160,114,2444,2025-11-14,5,195.54,Online,195.54
10161,131,2478,2024-12-17,4,114.34,In-Store,114.34
10162,122,2030,2024-06-29,1,167.31,Online,167.31
10163,185,2640,2025-05-19,3,142.4,Online,142.4
10164,181,2501,2025-12-01,2,175.0,In-Store,175.0
10165,176,2998,2025-09-18,1,78.4,In-Store,78.4
10166,181,2718,2024-03-11,4,175.0,Online,175.0
10167,129,2041,2024-09-30,1,216.59,Online,216.59
10168,162,2666,2024-03-03,4,55.58,Online,55.58
10169,162,2704,2025-10-19,1,55.58,In-Store,55.58
10170,162,2262,2024-05-25,2,55.58,In-Store,55.58
10171,145,2572,2024-12-27,1,62.85,In-Store,62.85
10172,110,2157,2024-12-31,5,73.49,Online,73.49
10173,155,2895,2023-04-12,1,219.88,In-Store,219.88
10174,168,2808,2025-12-08,1,152.68,Online,152.68
10175,123,2064,2025-03-12,5,73.57,In-Store,73.57
10176,161,2558,2025-07-02,2,177.18,In-Store,177.18
10177,156,2676,2025-12-12,3,22.14,In-Store,22.14
10178,173,2354,2025-08-27,2,159.08,In-Store,159.08
10179,185,2799,2024-09-14,1,142.4,In-Store,142.4
10180,124,2654,2025-11-09,3,112.82,In-Store,112.82
10181,168,2793,2025-08-17,3,152.68,In-Store,152.68
10182,191,2744,2024-12-15,4,217.51,Online,217.51
10183,156,2428,2025-01-20,4,22.14,In-Store,22.14
10184,132,2624,2024-05-25,3,243.25,Online,243.25
10185,168,2869,2025-11-30,2,152.68,Online,152.68
10186,137,2922,2025-09-07,5,67.81,In-Store,67.81
10187,151,2106,2025-12-10,4,108.66,In-Store,108.66
10188,133,2262,2024-04-11,1,212.0,Online,212.0
10189,167,2435,2024-07-28,3,235.98,Online,235.98
10190,126,2792,2025-06-02,2,191.39,Online,191.39
10191,193,2258,2023-10-07,4,74.03,Online,74.03
10192,135,2677,2025-07-21,5,87.8,Online,87.8
10193,143,2752,2024-11-02,2,39.04,Online,39.04
10194,113,2226,2025-08-19,3,56.15,In-Store,56.15
10195,131,2911,2023-08-16,3,114.34,In-Store,114.34
10196,116,2203,2025-03-05,2,98.84,Online,98.84
10197,180,2437,2025-10-11,1,77.62,In-Store,77.62
10198,160,2448,2023-09-07,1,232.36,In-Store,232.36
10199,154,2142,2025-02-20,3,111.25,Online,111.25
10200,149,2837,2025-04-19,5,198.31,In-Store,198.31
10201,110,2830,2022-12-30,2,73.49,In-Store,73.49
10202,128,2733,2025-03-08,4,101.59,In-Store,101.59
10203,195,2977,2025-05-11,1,93.92,Online,93.92
10204,180,2623,2024-06-19,5,77.62,Online,77.62
10205,148,2878,2025-10-26,5,139.42,Online,139.42
10206,116,2810,2023-12-14,3,98.84,Online,98.84
10207,124,2756,2024-12-27,4,112.82,Online,112.82
10208,109,2924,2023-04-20,2,101.18,In-Store,101.18
10209,161,2848,2025-04-09,2,177.18,Online,177.18
10210,179,2190,2023-08-03,2,37.7,Online,37.7
10211,177,2659,2024-11-17,3,246.12,In-Store,246.12
10212,121,2239,2023-09-19,5,60.64,Online,60.64
10213,151,2048,2025-02-19,2,108.66,Online,108.66
10214,140,2336,2025-01-13,2,136.64,Online,136.64
10215,146,2266,2024-04-23,5,26.18,Online,26.18
10216,120,2626,2023-03-08,1,203.21,Online,203.21
10217,114,2608,2025-01-05,4,195.54,Online,195.54
10218,143,2358,2022-09-30,5,39.04,In-Store,39.04
10219,161,2865,2023-09-24,2,177.18,In-Store,177.18
10220,124,2398,2025-12-20,1,112.82,Online,112.82
10221,152,2665,2025-08-28,4,106.63,Online,106.63
10222,177,2931,2025-04-16,2,246.12,Online,246.12
10223,171,2230,2023-10-30,2,104.99,Online,104.99
10224,139,2162,2025-12-29,5,168.34,Online,168.34
10225,137,2532,2025-07-17,3,67.81,In-Store,67.81
10226,139,2359,2025-03-04,1,168.34,Online,168.34
10227,169,2079,2024-05-16,4,167.77,Online,167.77
10228,194,2508,2023-12-21,4,216.06,Online,216.06
10229,151,2080,2025-08-05,1,108.66,In-Store,108.66
10230,124,2217,2025-12-23,1,112.82,In-Store,112.82
10231,138,2219,2025-07-28,5,185.66,In-Store,185.66
10232,142,2616,2024-10-04,1,248.84,In-Store,248.84
10233,196,2088,2025-05-29,3,168.41,In-Store,168.41
10234,173,2530,2025-01-16,3,159.08,Online,159.08
10235,119,2998,2024-09-11,3,212.28,In-Store,212.28
10236,161,2750,2025-12-22,5,177.18,Online,177.18
10237,160,2377,2025-04-29,5,232.36,Online,232.36
10238,130,2058,2025-04-28,3,190.21,Online,190.21
10239,123,2266,2024-04-08,2,73.57,Online,73.57
10240,135,2704,2025-12-31,4,87.8,Online,87.8
10241,199,2855,2025-10-02,4,37.68,In-Store,37.68
10242,147,2432,2025-10-20,2,133.4,In-Store,133.4
10243,142,2904,2024-05-19,5,248.84,Online,248.84
10244,166,2500,2025-09-09,5,152.81,Online,152.81
10245,169,2346,2025-01-25,5,167.77,In-Store,167.77
10246,183,2329,2025-09-12,5,209.04,In-Store,209.04
10247,145,2994,2025-12-21,2,62.85,Online,62.85
10248,148,2546,2024-10-12,3,139.42,Online,139.42
10249,141,2962,2024-03-10,2,232.94,Online,232.94
10250,170,2303,2025-10-08,3,59.02,In-Store,59.02
10251,175,2729,2025-05-17,3,233.98,Online,233.98
10252,189,2834,2025-03-29,1,60.42,Online,60.42
10253,194,2443,2024-08-08,1,216.06,In-Store,216.06
10254,184,2720,2025-01-20,4,195.07,In-Store,195.07
10255,110,2332,2025-07-12,1,73.49,In-Store,73.49
10256,150,2636,2025-11-06,2,33.26,In-Store,33.26
10257,147,2377,2025-07-01,4,133.4,In-Store,133.4
10258,110,2381,2022-12-09,3,73.49,In-Store,73.49
10259,111,2560,2024-07-19,2,243.55,In-Store,243.55
10260,185,2050,2025-07-23,1,142.4,Online,142.4
10261,150,2756,2024-01-17,5,33.26,In-Store,33.26
10262,171,2792,2023-10-28,3,104.99,Online,104.99
10263,182,2216,2025-06-25,4,227.28,Online,227.28
10264,161,2954,2024-02-02,1,177.18,In-Store,177.18
10265,141,2132,2024-11-11,5,232.94,In-Store,232.94
10266,114,2753,2024-03-31,4,195.54,In-Store,195.54
10267,104,2627,2023-12-11,5,65.84,In-Store,65.84
10268,104,2064,2025-01-25,5,65.84,In-Store,65.84
10269,149,2263,2024-07-13,5,198.31,In-Store,198.31
10270,165,2165,2023-06-14,2,240.59,In-Store,240.59
10271,102,2583,2023-12-11,3,186.75,In-Store,186.75
10272,130,2445,2025-03-13,4,190.21,In-Store,190.21
10273,185,2194,2023-04-28,1,142.4,In-Store,142.4
10274,111,2475,2022-12-28,5,243.55,In-Store,243.55
10275,165,2469,2025-03-12,1,240.59,Online,240.59
10276,172,2638,2024-08-06,1,232.96,Online,232.96
10277,116,2229,2025-08-03,2,98.84,In-Store,98.84
10278,164,2910,2024-01-12,4,22.03,In-Store,22.03
10279,192,2208,2023-04-04,2,53.05,In-Store,53.05
10280,144,2600,2025-06-03,4,15.05,In-Store,15.05
10281,182,2901,2024-01-11,2,227.28,Online,227.28
10282,181,2218,2023-04-27,3,175.0,In-Store,175.0
10283,131,2882,2024-09-17,5,114.34,Online,114.34
10284,115,2847,2025-09-11,1,101.23,In-Store,101.23
10285,147,2985,2025-02-13,4,133.4,Online,133.4
10286,176,2033,2023-05-20,5,78.4,Online,78.4
10287,148,2476,2024-05-14,5,139.42,Online,139.42
10288,198,2603,2023-11-06,5,105.92,In-Store,105.92
10289,107,2741,2024-05-12,1,177.55,In-Store,177.55
10290,186,2441,2024-07-26,2,28.06,In-Store,28.06
10291,135,2752,2025-03-11,3,87.8,In-Store,87.8
10292,136,2543,2025-05-26,5,220.89,Online,220.89
10293,123,2954,2025-07-10,4,73.57,In-Store,73.57
10294,190,2358,2024-09-28,3,197.23,Online,197.23
10295,156,2895,2025-01-26,4,22.14,Online,22.14
10296,142,2337,2023-02-10,5,248.84,Online,248.84
10297,143,2408,2025-06-25,1,39.04,In-Store,39.04
10298,193,2024,2025-04-24,3,74.03,Online,74.03
10299,153,2318,2022-07-16,3,55.98,In-Store,55.98
10300,186,2977,2025-11-23,4,28.06,Online,28.06
10301,148,2843,2025-06-25,3,139.42,In-Store,139.42
10302,112,2670,2025-01-09,5,80.36,In-Store,80.36
10303,192,2431,2023-09-20,4,53.05,Online,53.05
10304,102,2104,2025-08-07,2,186.75,In-Store,186.75
10305,147,2644,2025-09-19,1,133.4,In-Store,133.4
10306,114,2542,2023-01-23,5,195.54,Online,195.54
10307,120,2940,2025-06-02,4,203.21,In-Store,203.21
10308,174,2263,2024-07-30,1,139.03,Online,139.03
10309,124,2020,2025-07-25,5,112.82,In-Store,112.82
10310,112,2245,2025-08-12,4,80.36,Online,80.36
10311,106,2839,2025-06-26,5,117.81,Online,117.81
10312,135,2055,2025-12-17,4,87.8,In-Store,87.8
10313,175,2755,2023-11-07,3,233.98,In-Store,233.98
10314,158,2781,2024-02-08,5,126.55,In-Store,126.55
10315,181,2773,2024-09-02,3,175.0,Online,175.0
10316,162,2776,2025-03-08,1,55.58,In-Store,55.58
10317,147,2020,2024-10-06,3,133.4,Online,133.4
10318,168,2277,2024-02-13,2,152.68,Online,152.68
10319,168,2634,2025-03-21,5,152.68,In-Store,152.68
10320,194,2264,2024-07-14,4,216.06,Online,216.06
10321,162,2534,2023-09-29,2,55.58,In-Store,55.58
10322,169,2839,2025-09-27,2,167.77,In-Store,167.77
10323,154,2569,2024-08-23,5,111.25,In-Store,111.25
10324,118,2848,2025-06-30,3,120.94,Online,120.94
10325,156,2743,2024-02-24,2,22.14,Online,22.14
10326,169,2119,2025-09-20,3,167.77,In-Store,167.77
10327,159,2649,2022-03-26,2,49.51,In-Store,49.51
10328,159,2191,2023-06-03,1,49.51,Online,49.51
10329,197,2482,2024-08-12,3,217.44,In-Store,217.44
10330,126,2658,2024-05-26,5,191.39,In-Store,191.39
10331,151,2522,2024-07-31,4,108.66,Online,108.66
10332,149,2707,2025-01-13,5,198.31,Online,198.31
10333,143,2183,2024-06-29,4,39.04,In-Store,39.04
10334,196,2978,2024-01-17,4,168.41,In-Store,168.41
10335,153,2439,2025-04-29,4,55.98,Online,55.98
10336,117,2702,2025-12-29,1,156.19,In-Store,156.19
10337,179,2396,2024-07-03,2,37.7,Online,37.7
10338,133,2396,2024-08-07,3,212.0,Online,212.0
10339,128,2849,2025-10-16,2,101.59,In-Store,101.59
10340,117,2240,2023-11-26,3,156.19,In-Store,156.19
10341,173,2099,2025-10-24,1,159.08,Online,159.08
10342,179,2949,2024-11-03,3,37.7,Online,37.7
10343,129,2341,2023-12-29,5,216.59,Online,216.59
10344,177,2592,2024-01-06,2,246.12,In-Store,246.12
10345,182,2822,2024-09-20,5,227.28,In-Store,227.28
10346,163,2833,2025-06-28,4,186.58,Online,186.58
10347,153,2860,2023-02-15,2,55.98,In-Store,55.98
10348,186,2992,2024-04-23,1,28.06,Online,28.06
10349,143,2118,2023-12-15,5,39.04,In-Store,39.04
10350,157,2238,2025-05-30,2,232.33,Online,232.33
10351,150,2489,2024-01-10,1,33.26,Online,33.26
10352,160,2389,2024-03-19,3,232.36,In-Store,232.36
10353,183,2801,2025-08-17,4,209.04,Online,209.04
10354,176,2921,2025-12-04,1,78.4,In-Store,78.4
10355,120,2927,2024-12-17,1,203.21,In-Store,203.21
10356,155,2238,2025-11-22,1,219.88,In-Store,219.88
10357,178,2633,2024-11-27,5,81.85,Online,81.85
10358,145,2889,2023-12-12,4,62.85,In-Store,62.85
10359,180,2121,2022-10-16,3,77.62,In-Store,77.62
10360,172,2649,2022-09-24,5,232.96,Online,232.96
10361,133,2336,2025-07-28,2,212.0,In-Store,212.0
10362,178,2802,2025-05-09,4,81.85,Online,81.85
10363,106,2272,2024-11-03,4,117.81,In-Store,117.81
10364,181,2481,2022-11-21,4,175.0,Online,175.0
10365,124,2588,2025-10-14,1,112.82,In-Store,112.82
10366,119,2863,2023-10-17,5,212.28,Online,212.28
10367,137,2217,2025-11-30,2,67.81,In-Store,67.81
10368,164,2362,2022-07-12,4,22.03,Online,22.03
10369,156,2226,2025-09-22,1,22.14,Online,22.14
10370,176,2679,2025-03-31,2,78.4,Online,78.4
10371,115,2011,2023-10-06,1,101.23,Online,101.23
10372,147,2320,2024-05-03,5,133.4,In-Store,133.4
10373,186,2762,2024-12-23,2,28.06,Online,28.06
10374,189,2742,2025-07-17,3,60.42,Online,60.42
10375,117,2936,2025-12-02,1,156.19,Online,156.19
10376,187,2248,2024-12-15,1,149.8,In-Store,149.8
10377,143,2768,2024-10-12,3,39.04,In-Store,39.04
10378,165,2783,2024-06-16,2,240.59,In-Store,240.59
10379,102,2471,2024-07-12,5,186.75,Online,186.75
10380,103,2227,2024-09-16,4,111.26,Online,111.26
10381,196,2958,2023-02-27,2,168.41,In-Store,168.41
10382,162,2126,2024-12-16,1,55.58,Online,55.58
10383,180,2244,2022-07-03,4,77.62,In-Store,77.62
10384,167,2491,2025-11-12,1,235.98,In-Store,235.98
10385,134,2334,2024-02-29,4,99.74,Online,99.74
10386,103,2848,2024-11-24,1,111.26,Online,111.26
10387,183,2739,2025-07-18,4,209.04,Online,209.04
10388,180,2989,2025-12-19,1,77.62,Online,77.62
10389,101,2646,2023-08-26,2,187.97,Online,187.97
10390,194,2543,2025-09-19,5,216.06,Online,216.06
10391,200,2219,2024-12-09,1,241.01,Online,241.01
10392,197,2134,2025-07-01,3,217.44,In-Store,217.44
10393,149,2888,2023-09-24,1,198.31,In-Store,198.31
10394,115,2391,2024-04-25,2,101.23,Online,101.23
10395,111,2994,2024-08-30,3,243.55,In-Store,243.55
10396,198,2839,2025-06-07,5,105.92,Online,105.92
10397,200,2810,2023-11-01,5,241.01,In-Store,241.01
10398,148,2659,2025-02-28,1,139.42,In-Store,139.42
10399,188,2588,2025-11-06,1,20.04,In-Store,20.04
10400,178,2320,2024-10-13,1,81.85,In-Store,81.85
10401,144,2250,2024-12-08,1,15.05,Online,15.05
10402,199,2522,2023-03-26,1,37.68,Online,37.68
10403,103,2808,2025-11-30,4,111.26,Online,111.26
10404,200,2134,2024-12-06,4,241.01,In-Store,241.01
10405,184,2545,2023-06-05,5,195.07,Online,195.07
10406,159,2059,2024-01-27,3,49.51,In-Store,49.51
10407,180,2867,2023-11-11,5,77.62,Online,77.62
10408,162,2184,2025-11-06,4,55.58,Online,55.58
10409,102,2157,2024-01-01,1,186.75,Online,186.75
10410,118,2585,2023-08-08,4,120.94,In-Store,120.94
10411,131,2782,2024-04-22,3,114.34,In-Store,114.34
10412,151,2682,2024-08-29,4,108.66,Online,108.66
10413,150,2971,2025-07-20,3,33.26,Online,33.26
10414,129,2234,2025-07-13,2,216.59,In-Store,216.59
10415,189,2210,2023-08-13,3,60.42,In-Store,60.42
10416,156,2217,2025-07-12,5,22.14,Online,22.14
10417,104,2941,2025-05-02,5,65.84,In-Store,65.84
10418,187,2659,2024-12-27,1,149.8,In-Store,149.8
10419,195,2628,2024-05-05,2,93.92,In-Store,93.92
10420,188,2553,2023-09-20,3,20.04,Online,20.04
10421,110,2734,2025-10-14,5,73.49,Online,73.49
10422,141,2561,2023-11-13,5,232.94,In-Store,232.94
10423,132,2523,2025-08-13,4,243.25,In-Store,243.25
10424,182,2185,2024-09-23,3,227.28,Online,227.28
10425,178,2156,2025-07-01,3,81.85,In-Store,81.85
10426,183,2057,2024-11-18,4,209.04,Online,209.04
10427,183,2689,2025-11-16,3,209.04,Online,209.04
10428,115,2561,2022-06-28,1,101.23,In-Store,101.23
10429,164,2663,2024-05-20,4,22.03,Online,22.03
10430,190,2130,2025-12-05,4,197.23,Online,197.23
10431,120,2970,2025-01-28,3,203.21,In-Store,203.21
10432,178,2146,2025-03-28,3,81.85,Online,81.85
10433,150,2030,2023-09-19,4,33.26,Online,33.26
10434,142,2982,2025-08-12,4,248.84,In-Store,248.84
10435,174,2625,2023-02-13,1,139.03,In-Store,139.03
10436,132,2796,2025-02-04,2,243.25,In-Store,243.25
10437,110,2873,2025-07-01,1,73.49,Online,73.49
10438,194,2447,2024-10-18,5,216.06,Online,216.06
10439,132,2729,2025-03-01,4,243.25,In-Store,243.25
10440,148,2155,2025-02-03,1,139.42,Online,139.42
10441,183,2688,2024-10-27,3,209.04,In-Store,209.04
10442,157,2678,2024-01-26,4,232.33,In-Store,232.33
10443,138,2929,2025-08-19,3,185.66,Online,185.66
10444,168,2564,2024-03-16,1,152.68,In-Store,152.68
10445,144,2345,2025-04-03,2,15.05,Online,15.05
10446,166,2978,2023-07-24,2,152.81,In-Store,152.81
10447,158,2745,2024-02-13,3,126.55,Online,126.55
10448,124,2801,2025-12-03,2,112.82,In-Store,112.82
10449,139,2475,2023-07-07,3,168.34,In-Store,168.34
10450,144,2667,2022-09-22,1,15.05,In-Store,15.05
10451,136,2606,2025-11-04,5,220.89,In-Store,220.89
10452,179,2727,2025-10-07,4,37.7,Online,37.7
10453,147,2380,2024-12-13,2,133.4,Online,133.4
10454,133,2221,2024-11-10,1,212.0,In-Store,212.0
10455,117,2467,2023-11-20,1,156.19,In-Store,156.19
10456,171,2541,2024-01-23,3,104.99,Online,104.99
10457,190,2470,2023-01-10,2,197.23,Online,197.23
10458,109,2084,2025-12-04,3,101.18,In-Store,101.18
10459,160,2338,2025-12-21,4,232.36,Online,232.36
10460,196,2808,2024-08-13,5,168.41,Online,168.41
10461,165,2124,2024-03-22,2,240.59,Online,240.59
10462,119,2336,2023-02-01,2,212.28,Online,212.28
10463,106,2828,2022-12-09,5,117.81,Online,117.81
10464,164,2200,2025-10-19,2,22.03,In-Store,22.03
10465,152,2312,2024-01-09,2,106.63,Online,106.63
10466,168,2657,2023-10-15,1,152.68,In-Store,152.68
10467,103,2086,2023-04-06,5,111.26,In-Store,111.26
10468,182,2201,2025-06-30,2,227.28,In-Store,227.28
10469,144,2851,2025-01-25,4,15.05,In-Store,15.05
10470,159,2315,2025-10-30,5,49.51,Online,49.51
10471,194,2972,2025-04-29,3,216.06,Online,216.06
10472,163,2210,2022-12-23,1,186.58,Online,186.58
10473,110,2183,2025-02-04,5,73.49,Online,73.49
10474,161,2097,2024-12-21,1,177.18,Online,177.18
10475,164,2103,2024-10-09,5,22.03,Online,22.03
10476,128,2826,2024-12-05,1,101.59,Online,101.59
10477,168,2799,2023-11-07,5,152.68,In-Store,152.68
10478,143,2370,2024-12-01,3,39.04,Online,39.04
10479,176,2042,2025-01-11,3,78.4,In-Store,78.4
10480,121,2053,2025-07-23,2,60.64,In-Store,60.64
10481,102,2575,2024-09-01,5,186.75,In-Store,186.75
10482,136,2395,2024-12-16,3,220.89,In-Store,220.89
10483,164,2822,2024-09-16,4,22.03,Online,22.03
10484,150,2001,2023-11-25,5,33.26,Online,33.26
10485,130,2157,2023-08-29,4,190.21,Online,190.21
10486,150,2835,2025-03-12,3,33.26,In-Store,33.26
10487,120,2697,2023-11-04,2,203.21,In-Store,203.21
10488,189,2348,2025-01-26,3,60.42,Online,60.42
10489,141,2742,2022-10-07,4,232.94,Online,232.94
10490,196,2225,2024-08-07,3,168.41,Online,168.41
10491,109,2553,2024-03-13,3,101.18,In-Store,101.18
10492,142,2973,2025-03-08,2,248.84,Online,248.84
10493,148,2379,2025-09-26,4,139.42,Online,139.42
10494,132,2545,2022-11-20,3,243.25,In-Store,243.25
10495,149,2423,2025-06-12,4,198.31,In-Store,198.31
10496,114,2678,2025-04-25,4,195.54,Online,195.54
10497,142,2562,2025-05-30,2,248.84,In-Store,248.84
10498,197,2149,2025-04-22,3,217.44,In-Store,217.44
10499,127,2686,2024-03-29,2,200.1,Online,200.1
10500,191,2113,2025-12-16,4,217.51,In-Store,217.51
10501,145,2505,2024-04-27,1,62.85,Online,62.85
10502,120,2336,2024-06-07,5,203.21,In-Store,203.21
10503,171,2832,2025-07-20,2,104.99,Online,104.99
10504,129,2597,2024-11-02,2,216.59,In-Store,216.59
10505,150,2371,2024-04-22,1,33.26,Online,33.26
10506,200,2176,2024-10-02,3,241.01,Online,241.01
10507,128,2376,2024-09-29,3,101.59,Online,101.59
10508,131,2657,2022-04-03,1,114.34,Online,114.34
10509,181,2563,2025-10-30,4,175.0,Online,175.0
10510,142,2566,2024-06-15,3,248.84,In-Store,248.84
10511,145,2028,2024-11-10,5,62.85,In-Store,62.85
10512,172,2067,2025-02-20,3,232.96,In-Store,232.96
10513,160,2423,2025-04-29,3,232.36,Online,232.36
10514,164,2687,2024-02-15,1,22.03,In-Store,22.03
10515,156,2370,2024-10-07,1,22.14,In-Store,22.14
10516,110,2057,2024-05-19,2,73.49,Online,73.49
10517,115,2694,2023-12-13,5,101.23,In-Store,101.23
10518,111,2283,2024-11-24,5,243.55,In-Store,243.55
10519,156,2405,2025-08-27,1,22.14,Online,22.14
10520,127,2948,2024-05-14,1,200.1,Online,200.1
10521,188,2629,2025-07-08,3,20.04,Online,20.04
10522,135,2185,2025-01-19,3,87.8,In-Store,87.8
10523,187,2071,2024-11-04,5,149.8,In-Store,149.8
10524,163,2022,2025-12-02,4,186.58,Online,186.58
10525,187,2244,2025-02-22,5,149.8,Online,149.8
10526,190,2983,2025-01-15,5,197.23,In-Store,197.23
10527,169,2270,2024-12-07,2,167.77,Online,167.77
10528,104,2863,2025-01-07,5,65.84,Online,65.84
10529,170,2243,2025-08-24,5,59.02,In-Store,59.02
10530,171,2492,2024-12-25,4,104.99,In-Store,104.99
10531,161,2736,2024-10-05,5,177.18,Online,177.18
10532,166,2423,2025-07-30,3,152.81,Online,152.81
10533,188,2505,2024-05-03,2,20.04,Online,20.04
10534,182,2291,2024-08-13,2,227.28,Online,227.28
10535,181,2991,2024-01-27,5,175.0,In-Store,175.0
10536,155,2647,2024-05-11,5,219.88,Online,219.88
10537,137,2922,2025-08-30,1,67.81,In-Store,67.81
10538,179,2908,2025-01-09,2,37.7,Online,37.7
10539,157,2671,2024-07-19,5,232.33,Online,232.33
10540,161,2799,2025-12-19,4,177.18,In-Store,177.18
10541,130,2256,2024-06-28,4,190.21,In-Store,190.21
10542,200,2225,2025-12-03,3,241.01,Online,241.01
10543,137,2544,2025-05-06,1,67.81,Online,67.81
10544,149,2711,2025-04-19,4,198.31,In-Store,198.31
10545,137,2275,2025-12-12,3,67.81,In-Store,67.81
10546,180,2459,2023-05-03,1,77.62,In-Store,77.62
10547,160,2721,2025-07-05,2,232.36,Online,232.36
10548,119,2340,2025-03-08,2,212.28,Online,212.28
10549,185,2865,2025-10-04,2,142.4,Online,142.4
10550,196,2572,2023-11-14,5,168.41,Online,168.41
10551,141,2847,2025-03-01,4,232.94,Online,232.94
10552,131,2382,2025-07-29,5,114.34,In-Store,114.34
10553,136,2601,2025-06-08,2,220.89,In-Store,220.89
10554,115,2995,2025-01-20,2,101.23,Online,101.23
10555,178,2896,2024-05-17,1,81.85,In-Store,81.85
10556,117,2937,2025-06-16,3,156.19,In-Store,156.19
10557,189,2259,2025-08-01,2,60.42,Online,60.42
10558,153,2399,2025-01-22,4,55.98,In-Store,55.98
10559,138,2401,2024-12-06,3,185.66,In-Store,185.66
10560,151,2746,2024-09-18,1,108.66,Online,108.66
10561,137,2740,2025-02-05,3,67.81,In-Store,67.81
10562,192,2376,2024-08-07,3,53.05,In-Store,53.05
10563,185,2589,2025-07-29,5,142.4,Online,142.4
10564,181,2195,2023-03-06,5,175.0,In-Store,175.0
10565,199,2249,2025-09-12,3,37.68,Online,37.68
10566,105,2280,2024-07-01,3,57.72,Online,57.72
10567,108,2157,2023-03-24,1,61.68,In-Store,61.68
10568,151,2437,2023-09-01,4,108.66,Online,108.66
10569,154,2070,2025-06-15,1,111.25,In-Store,111.25
10570,119,2487,2025-11-16,2,212.28,In-Store,212.28
10571,137,2049,2025-01-26,5,67.81,Online,67.81
10572,165,2038,2024-05-14,4,240.59,In-Store,240.59
10573,116,2731,2025-08-23,3,98.84,In-Store,98.84
10574,150,2692,2025-02-21,3,33.26,In-Store,33.26
10575,199,2098,2024-08-07,1,37.68,Online,37.68
10576,101,2483,2025-07-14,5,187.97,Online,187.97
10577,124,2651,2024-11-26,2,112.82,In-Store,112.82
10578,124,2573,2023-10-28,4,112.82,In-Store,112.82
10579,150,2479,2025-08-22,2,33.26,In-Store,33.26
10580,101,2211,2024-06-15,4,187.97,In-Store,187.97
10581,102,2910,2024-12-01,4,186.75,In-Store,186.75
10582,200,2238,2025-06-05,3,241.01,Online,241.01
10583,135,2151,2025-02-19,5,87.8,In-Store,87.8
10584,141,2776,2022-10-07,2,232.94,In-Store,232.94
10585,179,2035,2024-07-29,4,37.7,In-Store,37.7
10586,164,2603,2025-06-28,1,22.03,In-Store,22.03
10587,148,2874,2024-05-12,5,139.42,Online,139.42
10588,107,2227,2025-08-08,5,177.55,In-Store,177.55
10589,145,2016,2023-06-24,4,62.85,In-Store,62.85
10590,104,2868,2023-04-13,2,65.84,Online,65.84
10591,129,2908,2025-11-27,5,216.59,Online,216.59
10592,181,2469,2025-11-03,4,175.0,In-Store,175.0
10593,140,2628,2023-07-17,3,136.64,Online,136.64
10594,138,2310,2023-04-21,1,185.66,Online,185.66
10595,152,2065,2023-04-26,2,106.63,Online,106.63
10596,184,2804,2024-03-16,3,195.07,Online,195.07
10597,113,2273,2024-08-01,3,56.15,Online,56.15
10598,104,2102,2025-06-12,2,65.84,In-Store,65.84
10599,106,2999,2024-05-26,4,117.81,Online,117.81
10600,199,2430,2025-09-21,1,37.68,In-Store,37.68
10601,192,2622,2025-09-28,5,53.05,Online,53.05
10602,191,2768,2023-08-21,1,217.51,In-Store,217.51
10603,190,2801,2023-07-02,4,197.23,In-Store,197.23
10604,123,2023,2025-09-03,5,73.57,Online,73.57
10605,130,2336,2023-12-30,5,190.21,Online,190.21
10606,116,2615,2024-07-06,4,98.84,Online,98.84
10607,188,2800,2025-06-24,1,20.04,In-Store,20.04
10608,129,2862,2025-05-11,5,216.59,In-Store,216.59
10609,185,2523,2025-08-28,2,142.4,In-Store,142.4
10610,112,2842,2025-05-03,2,80.36,Online,80.36
10611,199,2427,2025-04-26,4,37.68,Online,37.68
10612,196,2001,2022-06-20,2,168.41,Online,168.41
10613,153,2894,2024-11-13,2,55.98,In-Store,55.98
10614,165,2884,2023-12-28,2,240.59,Online,240.59
10615,194,2658,2023-05-21,3,216.06,In-Store,216.06
10616,175,2062,2025-08-19,5,233.98,In-Store,233.98
10617,110,2836,2022-11-28,3,73.49,In-Store,73.49
10618,173,2686,2025-10-05,4,159.08,Online,159.08
10619,182,2038,2025-12-30,3,227.28,In-Store,227.28
10620,182,2039,2025-08-02,4,227.28,Online,227.28
10621,104,2170,2023-06-24,4,65.84,In-Store,65.84
10622,171,2954,2023-09-06,1,104.99,Online,104.99
10623,176,2472,2025-02-02,3,78.4,Online,78.4
10624,198,2108,2025-08-06,4,105.92,In-Store,105.92
10625,126,2563,2024-02-24,2,191.39,In-Store,191.39
10626,121,2696,2023-09-09,5,60.64,In-Store,60.64
10627,179,2566,2025-02-06,3,37.7,In-Store,37.7
10628,112,2424,2025-03-18,5,80.36,In-Store,80.36
10629,146,2693,2024-07-17,1,26.18,In-Store,26.18
10630,179,2211,2025-03-22,5,37.7,In-Store,37.7
10631,139,2277,2024-04-05,3,168.34,In-Store,168.34
10632,175,2142,2025-11-05,5,233.98,In-Store,233.98
10633,147,2684,2024-04-29,2,133.4,In-Store,133.4
10634,108,2284,2025-04-17,3,61.68,In-Store,61.68
10635,168,2310,2023-05-28,2,152.68,In-Store,152.68
10636,102,2381,2023-07-17,2,186.75,In-Store,186.75
10637,163,2235,2024-11-10,4,186.58,In-Store,186.58
10638,130,2410,2024-12-17,5,190.21,In-Store,190.21
10639,178,2375,2025-08-04,3,81.85,In-Store,81.85
10640,125,2884,2025-03-08,4,62.64,In-Store,62.64
10641,106,2742,2024-07-18,5,117.81,In-Store,117.81
10642,169,2637,2025-11-22,5,167.77,In-Store,167.77
10643,184,2313,2024-12-13,1,195.07,In-Store,195.07
10644,134,2158,2024-09-02,2,99.74,In-Store,99.74
10645,152,2276,2025-09-15,3,106.63,In-Store,106.63
10646,153,2961,2022-11-03,2,55.98,In-Store,55.98
10647,161,2893,2022-09-15,3,177.18,Online,177.18
10648,153,2868,2025-01-12,4,55.98,Online,55.98
10649,152,2464,2025-09-01,1,106.63,In-Store,106.63
10650,111,2908,2025-06-09,5,243.55,In-Store,243.55
10651,102,2044,2025-06-08,2,186.75,In-Store,186.75
10652,151,2300,2024-04-19,1,108.66,Online,108.66
10653,159,2393,2025-08-27,3,49.51,In-Store,49.51
10654,110,2835,2025-07-12,1,73.49,In-Store,73.49
10655,138,2743,2025-04-22,1,185.66,In-Store,185.66
10656,187,2845,2023-10-31,5,149.8,Online,149.8
10657,167,2226,2025-02-05,5,235.98,In-Store,235.98
10658,150,2356,2025-05-28,5,33.26,Online,33.26
10659,193,2130,2024-12-24,5,74.03,Online,74.03
10660,149,2988,2023-12-09,4,198.31,In-Store,198.31
10661,178,2190,2023-11-03,5,81.85,Online,81.85
10662,132,2912,2023-12-13,1,243.25,In-Store,243.25
10663,158,2802,2024-06-24,4,126.55,Online,126.55
10664,147,2033,2023-02-26,3,133.4,Online,133.4
10665,186,2356,2025-04-06,1,28.06,In-Store,28.06
10666,145,2252,2023-11-06,2,62.85,In-Store,62.85
10667,172,2823,2024-03-16,3,232.96,Online,232.96
10668,147,2898,2023-06-23,2,133.4,In-Store,133.4
10669,116,2918,2024-11-16,5,98.84,Online,98.84
10670,200,2058,2025-08-06,4,241.01,In-Store,241.01
10671,134,2052,2023-05-19,2,99.74,In-Store,99.74
10672,194,2840,2025-12-08,4,216.06,In-Store,216.06
10673,162,2300,2024-01-04,4,55.58,In-Store,55.58
10674,112,2559,2025-03-03,4,80.36,Online,80.36
10675,123,2736,2024-11-03,2,73.57,Online,73.57
10676,179,2259,2025-05-07,2,37.7,In-Store,37.7
10677,145,2646,2024-06-14,1,62.85,In-Store,62.85
10678,133,2848,2025-06-30,2,212.0,Online,212.0
10679,145,2423,2025-11-18,5,62.85,In-Store,62.85
10680,176,2717,2024-06-13,1,78.4,Online,78.4
10681,192,2686,2024-01-30,2,53.05,In-Store,53.05
10682,199,2752,2025-05-15,1,37.68,In-Store,37.68
10683,165,2818,2025-06-27,1,240.59,In-Store,240.59
10684,135,2221,2023-06-23,4,87.8,In-Store,87.8
10685,118,2114,2025-04-05,3,120.94,In-Store,120.94
10686,185,2600,2024-09-10,5,142.4,In-Store,142.4
10687,135,2219,2024-12-16,5,87.8,Online,87.8
10688,191,2804,2023-08-28,1,217.51,In-Store,217.51
10689,145,2615,2023-01-30,3,62.85,In-Store,62.85
10690,187,2819,2023-04-09,3,149.8,In-Store,149.8
10691,134,2427,2025-07-08,3,99.74,In-Store,99.74
10692,144,2297,2025-05-10,5,15.05,Online,15.05
10693,190,2555,2025-10-05,3,197.23,Online,197.23
10694,165,2550,2025-11-15,3,240.59,Online,240.59
10695,109,2475,2024-12-17,1,101.18,Online,101.18
10696,196,2597,2025-12-05,4,168.41,Online,168.41
10697,133,2393,2025-06-11,5,212.0,In-Store,212.0
10698,122,2301,2025-06-03,4,167.31,In-Store,167.31
10699,162,2486,2024-12-11,4,55.58,Online,55.58
10700,165,2674,2025-11-07,5,240.59,Online,240.59
10701,120,2751,2024-01-18,5,203.21,Online,203.21
10702,103,2974,2024-03-21,4,111.26,Online,111.26
10703,165,2528,2024-05-15,5,240.59,Online,240.59
10704,169,2573,2023-08-21,2,167.77,In-Store,167.77
10705,116,2692,2024-08-19,3,98.84,In-Store,98.84
10706,175,2293,2025-09-17,3,233.98,Online,233.98
10707,153,2331,2025-12-06,2,55.98,Online,55.98
10708,104,2126,2025-12-27,4,65.84,In-Store,65.84
10709,109,2634,2022-05-27,3,101.18,Online,101.18
10710,167,2860,2025-04-22,5,235.98,Online,235.98
10711,146,2090,2022-12-16,4,26.18,In-Store,26.18
10712,186,2914,2024-01-03,1,28.06,In-Store,28.06
10713,182,2568,2024-04-13,1,227.28,In-Store,227.28
10714,181,2262,2024-05-14,4,175.0,Online,175.0
10715,145,2306,2025-05-12,4,62.85,In-Store,62.85
10716,175,2185,2025-08-30,2,233.98,Online,233.98
10717,130,2808,2024-05-01,3,190.21,In-Store,190.21
10718,127,2200,2024-08-14,2,200.1,In-Store,200.1
10719,127,2994,2024-11-28,3,200.1,Online,200.1
10720,118,2665,2024-05-23,3,120.94,Online,120.94
10721,109,2740,2025-06-27,2,101.18,Online,101.18
10722,174,2645,2025-11-15,1,139.03,Online,139.03
10723,185,2193,2024-08-14,4,142.4,Online,142.4
10724,141,2699,2025-05-19,3,232.94,Online,232.94
10725,106,2364,2025-08-20,1,117.81,In-Store,117.81
10726,131,2359,2025-06-08,5,114.34,In-Store,114.34
10727,199,2548,2025-07-15,5,37.68,In-Store,37.68
10728,200,2929,2024-06-12,3,241.01,Online,241.01
10729,145,2870,2025-11-18,5,62.85,In-Store,62.85
10730,171,2382,2025-12-10,5,104.99,Online,104.99
10731,178,2241,2023-02-23,2,81.85,Online,81.85
10732,193,2510,2025-07-17,1,74.03,In-Store,74.03
10733,187,2380,2025-12-04,3,149.8,In-Store,149.8
10734,175,2136,2024-09-17,3,233.98,Online,233.98
10735,119,2883,2024-11-17,5,212.28,Online,212.28
10736,181,2142,2024-11-07,3,175.0,Online,175.0
10737,108,2634,2023-07-06,1,61.68,Online,61.68
10738,137,2463,2025-04-18,5,67.81,In-Store,67.81
10739,180,2946,2025-04-29,2,77.62,Online,77.62
10740,183,2461,2024-10-21,5,209.04,Online,209.04
10741,199,2784,2024-12-30,3,37.68,In-Store,37.68
10742,130,2489,2024-09-19,3,190.21,Online,190.21
10743,115,2675,2023-05-22,1,101.23,In-Store,101.23
10744,115,2937,2025-02-08,5,101.23,Online,101.23
10745,156,2109,2024-10-11,3,22.14,Online,22.14
10746,198,2702,2024-08-28,4,105.92,Online,105.92
10747,142,2799,2024-03-10,1,248.84,Online,248.84
10748,144,2582,2024-12-04,5,15.05,In-Store,15.05
10749,102,2079,2023-12-20,1,186.75,In-Store,186.75
10750,179,2264,2022-12-26,1,37.7,In-Store,37.7
10751,154,2303,2023-08-18,2,111.25,Online,111.25
10752,141,2776,2025-05-05,2,232.94,Online,232.94
10753,179,2539,2025-10-20,4,37.7,Online,37.7
10754,147,2471,2023-12-20,3,133.4,Online,133.4
10755,141,2019,2025-07-25,1,232.94,Online,232.94
10756,153,2143,2024-01-08,3,55.98,In-Store,55.98
10757,118,2315,2025-06-27,3,120.94,In-Store,120.94
10758,103,2873,2025-03-12,5,111.26,In-Store,111.26
10759,148,2575,2024-11-24,4,139.42,In-Store,139.42
10760,122,2979,2025-01-31,5,167.31,Online,167.31
10761,165,2865,2024-02-03,3,240.59,In-Store,240.59
10762,190,2133,2024-12-13,5,197.23,Online,197.23
10763,152,2249,2025-07-14,1,106.63,Online,106.63
10764,126,2554,2025-06-15,2,191.39,Online,191.39
10765,191,2776,2025-04-02,2,217.51,In-Store,217.51
10766,184,2936,2024-10-28,2,195.07,In-Store,195.07
10767,198,2240,2022-09-12,5,105.92,In-Store,105.92
10768,166,2023,2024-11-25,3,152.81,In-Store,152.81
10769,191,2740,2025-09-21,4,217.51,In-Store,217.51
10770,142,2642,2025-08-15,5,248.84,Online,248.84
10771,117,2153,2025-06-18,3,156.19,Online,156.19
10772,181,2759,2024-07-06,1,175.0,Online,175.0
10773,145,2507,2025-06-21,4,62.85,In-Store,62.85
10774,186,2285,2024-03-04,3,28.06,In-Store,28.06
10775,149,2714,2024-07-21,1,198.31,In-Store,198.31
10776,129,2621,2023-10-16,3,216.59,In-Store,216.59
10777,153,2358,2025-12-27,1,55.98,In-Store,55.98
10778,126,2697,2022-12-21,5,191.39,Online,191.39
10779,101,2659,2025-03-22,3,187.97,In-Store,187.97
10780,113,2607,2024-07-22,3,56.15,Online,56.15
10781,170,2051,2023-12-04,3,59.02,Online,59.02
10782,135,2891,2025-10-26,4,87.8,In-Store,87.8
10783,198,2313,2024-05-30,3,105.92,Online,105.92
10784,184,2945,2024-09-22,3,195.07,Online,195.07
10785,142,2116,2025-12-01,1,248.84,Online,248.84
10786,159,2466,2024-12-31,4,49.51,In-Store,49.51
10787,103,2846,2025-03-30,3,111.26,In-Store,111.26
10788,142,2097,2025-08-07,4,248.84,In-Store,248.84
10789,141,2478,2024-01-01,3,232.94,Online,232.94
10790,152,2195,2024-08-14,3,106.63,Online,106.63
10791,117,2647,2023-12-22,2,156.19,In-Store,156.19
10792,155,2311,2023-02-14,3,219.88,Online,219.88
10793,113,2936,2025-05-29,5,56.15,In-Store,56.15
10794,186,2110,2025-06-13,1,28.06,Online,28.06
10795,157,2861,2025-04-24,1,232.33,In-Store,232.33
10796,197,2519,2024-03-06,3,217.44,In-Store,217.44
10797,121,2840,2025-05-29,3,60.64,In-Store,60.64
10798,168,2277,2024-12-28,3,152.68,Online,152.68
10799,154,2623,2024-12-28,4,111.25,Online,111.25
10800,135,2011,2024-01-31,5,87.8,In-Store,87.8
10801,110,2345,2025-01-15,4,73.49,Online,73.49
10802,164,2407,2025-02-06,3,22.03,In-Store,22.03
10803,157,2006,2025-05-27,2,232.33,In-Store,232.33
10804,153,2326,2024-08-24,2,55.98,In-Store,55.98
10805,184,2412,2024-06-17,4,195.07,In-Store,195.07
10806,147,2339,2025-11-08,1,133.4,In-Store,133.4
10807,183,2384,2025-03-29,1,209.04,Online,209.04
10808,110,2918,2024-04-17,4,73.49,Online,73.49
10809,188,2785,2025-03-13,4,20.04,In-Store,20.04
10810,162,2281,2023-08-12,1,55.58,In-Store,55.58
10811,196,2814,2024-03-30,1,168.41,Online,168.41
10812,156,2121,2024-02-19,1,22.14,In-Store,22.14
10813,181,2966,2025-11-30,1,175.0,Online,175.0
10814,200,2213,2025-04-24,3,241.01,In-Store,241.01
10815,106,2670,2024-09-30,5,117.81,Online,117.81
10816,181,2975,2024-07-20,3,175.0,In-Store,175.0
10817,192,2351,2024-06-17,3,53.05,In-Store,53.05
10818,135,2451,2025-10-07,2,87.8,Online,87.8
10819,200,2700,2025-09-02,5,241.01,Online,241.01
10820,187,2772,2023-12-04,3,149.8,In-Store,149.8
10821,105,2324,2025-07-30,4,57.72,In-Store,57.72
10822,146,2605,2025-03-29,1,26.18,In-Store,26.18
10823,195,2601,2024-03-22,3,93.92,Online,93.92
10824,154,2759,2023-11-30,5,111.25,In-Store,111.25
10825,188,2263,2022-12-06,3,20.04,Online,20.04
10826,111,2629,2023-07-10,4,243.55,Online,243.55
10827,123,2674,2025-02-08,3,73.57,In-Store,73.57
10828,135,2300,2025-07-27,3,87.8,Online,87.8
10829,184,2572,2023-10-17,5,195.07,In-Store,195.07
10830,146,2193,2025-12-04,2,26.18,Online,26.18
10831,124,2390,2025-02-19,5,112.82,In-Store,112.82
10832,190,2863,2023-03-23,5,197.23,Online,197.23
10833,181,2347,2024-02-04,4,175.0,Online,175.0
10834,139,2081,2025-04-28,5,168.34,In-Store,168.34
10835,142,2377,2022-11-12,1,248.84,Online,248.84
10836,131,2572,2024-07-25,3,114.34,Online,114.34
10837,151,2731,2025-09-10,1,108.66,Online,108.66
10838,152,2807,2024-07-09,3,106.63,Online,106.63
10839,172,2049,2024-11-06,1,232.96,Online,232.96
10840,113,2692,2024-04-27,3,56.15,Online,56.15
10841,180,2764,2024-08-16,5,77.62,Online,77.62
10842,115,2459,2025-03-23,2,101.23,Online,101.23
10843,166,2749,2025-04-02,4,152.81,Online,152.81
10844,191,2080,2025-09-04,5,217.51,Online,217.51
10845,121,2349,2024-11-24,1,60.64,Online,60.64
10846,153,2830,2025-03-21,5,55.98,In-Store,55.98
10847,105,2762,2025-12-22,2,57.72,Online,57.72
10848,191,2723,2025-02-18,5,217.51,In-Store,217.51
10849,117,2127,2025-04-21,4,156.19,Online,156.19
10850,198,2229,2025-09-18,4,105.92,In-Store,105.92
10851,160,2990,2025-01-07,4,232.36,Online,232.36
10852,137,2498,2024-07-13,2,67.81,Online,67.81
10853,115,2597,2025-04-27,2,101.23,In-Store,101.23
10854,187,2266,2024-10-19,1,149.8,Online,149.8
10855,129,2756,2024-05-25,2,216.59,In-Store,216.59
10856,175,2494,2024-10-29,3,233.98,In-Store,233.98
10857,163,2378,2024-07-06,2,186.58,In-Store,186.58
10858,104,2550,2024-06-20,3,65.84,Online,65.84
10859,157,2631,2023-08-10,4,232.33,Online,232.33
10860,199,2707,2024-08-30,4,37.68,In-Store,37.68
10861,103,2564,2024-11-26,2,111.26,In-Store,111.26
10862,125,2582,2025-06-08,5,62.64,Online,62.64
10863,174,2421,2025-04-19,4,139.03,In-Store,139.03
10864,121,2635,2024-09-28,3,60.64,Online,60.64
10865,198,2354,2025-05-18,4,105.92,In-Store,105.92
10866,172,2253,2025-08-03,1,232.96,In-Store,232.96
10867,115,2329,2024-09-12,4,101.23,Online,101.23
10868,111,2090,2025-11-24,5,243.55,In-Store,243.55
10869,176,2013,2025-02-09,1,78.4,In-Store,78.4
10870,153,2695,2024-06-04,4,55.98,In-Store,55.98
10871,160,2101,2024-12-04,2,232.36,Online,232.36
10872,165,2359,2025-10-11,3,240.59,Online,240.59
10873,116,2492,2024-10-20,4,98.84,Online,98.84
10874,123,2556,2025-07-26,5,73.57,In-Store,73.57
10875,121,2790,2023-12-24,5,60.64,In-Store,60.64
10876,108,2417,2024-08-29,4,61.68,Online,61.68
10877,153,2016,2023-02-27,5,55.98,Online,55.98
10878,114,2650,2024-07-17,5,195.54,Online,195.54
10879,147,2930,2024-05-08,2,133.4,In-Store,133.4
10880,145,2553,2024-07-28,5,62.85,In-Store,62.85
10881,115,2700,2024-11-12,2,101.23,Online,101.23
10882,131,2528,2024-05-31,4,114.34,Online,114.34
10883,104,2637,2025-01-24,4,65.84,In-Store,65.84
10884,147,2908,2022-10-19,4,133.4,Online,133.4
10885,194,2380,2023-07-23,5,216.06,In-Store,216.06
10886,189,2589,2025-06-14,3,60.42,In-Store,60.42
10887,159,2084,2025-10-26,5,49.51,Online,49.51
10888,162,2258,2023-01-05,3,55.58,In-Store,55.58
10889,105,2465,2024-06-20,5,57.72,In-Store,57.72
10890,142,2894,2025-07-04,3,248.84,In-Store,248.84
10891,106,2630,2025-04-09,3,117.81,In-Store,117.81
10892,108,2354,2025-11-30,4,61.68,Online,61.68
10893,193,2870,2024-06-27,3,74.03,In-Store,74.03
10894,127,2788,2024-10-23,2,200.1,In-Store,200.1
10895,107,2512,2025-06-21,4,177.55,In-Store,177.55
10896,162,2807,2024-12-13,3,55.58,In-Store,55.58
10897,146,2080,2025-04-11,4,26.18,Online,26.18
10898,153,2272,2023-11-25,4,55.98,Online,55.98
10899,181,2373,2025-01-13,4,175.0,Online,175.0
10900,180,2076,2024-01-24,4,77.62,In-Store,77.62
10901,184,2671,2023-11-18,3,195.07,In-Store,195.07
10902,190,2735,2023-11-13,1,197.23,Online,197.23
10903,109,2478,2024-01-21,2,101.18,Online,101.18
10904,149,2064,2025-11-10,4,198.31,In-Store,198.31
10905,140,2463,2024-04-18,4,136.64,Online,136.64
10906,177,2845,2024-08-11,2,246.12,Online,246.12
10907,161,2145,2024-11-05,3,177.18,Online,177.18
10908,171,2377,2025-12-12,1,104.99,In-Store,104.99
10909,195,2609,2024-07-30,3,93.92,In-Store,93.92
10910,117,2767,2024-11-20,1,156.19,Online,156.19
10911,185,2831,2025-01-23,3,142.4,In-Store,142.4
10912,189,2188,2023-08-10,5,60.42,Online,60.42
10913,177,2027,2025-09-15,3,246.12,Online,246.12
10914,111,2245,2024-11-15,2,243.55,In-Store,243.55
10915,168,2603,2024-07-10,4,152.68,Online,152.68
10916,150,2656,2023-09-07,4,33.26,Online,33.26
10917,125,2031,2025-10-15,3,62.64,Online,62.64
10918,157,2587,2025-03-19,2,232.33,Online,232.33
10919,192,2439,2024-09-06,4,53.05,Online,53.05
10920,109,2060,2025-07-06,5,101.18,Online,101.18
10921,184,2978,2025-05-20,4,195.07,Online,195.07
10922,139,2231,2024-03-13,3,168.34,Online,168.34
10923,173,2380,2023-02-15,5,159.08,Online,159.08
10924,127,2727,2025-07-26,3,200.1,In-Store,200.1
10925,189,2341,2024-10-22,3,60.42,In-Store,60.42
10926,158,2687,2024-12-15,5,126.55,Online,126.55
10927,108,2502,2024-04-27,2,61.68,In-Store,61.68
10928,153,2684,2023-03-29,2,55.98,In-Store,55.98
10929,105,2977,2025-09-15,5,57.72,In-Store,57.72
10930,110,2130,2024-09-21,1,73.49,In-Store,73.49
10931,172,2378,2024-05-03,3,232.96,Online,232.96
10932,126,2944,2023-01-07,3,191.39,Online,191.39
10933,165,2954,2025-06-02,4,240.59,In-Store,240.59
10934,144,2351,2024-08-18,1,15.05,Online,15.05
10935,183,2706,2024-12-16,4,209.04,Online,209.04
10936,156,2040,2023-04-08,5,22.14,Online,22.14
10937,121,2731,2024-05-30,1,60.64,In-Store,60.64
10938,195,2176,2024-12-11,5,93.92,In-Store,93.92
10939,165,2537,2024-08-27,3,240.59,Online,240.59
10940,176,2905,2025-08-04,1,78.4,In-Store,78.4
10941,136,2232,2024-11-03,2,220.89,Online,220.89
10942,110,2046,2024-09-16,3,73.49,Online,73.49
10943,123,2871,2024-09-15,5,73.57,Online,73.57
10944,148,2910,2024-09-14,3,139.42,Online,139.42
10945,110,2903,2025-06-28,1,73.49,Online,73.49
10946,132,2262,2025-06-05,4,243.25,In-Store,243.25
10947,156,2353,2025-05-16,4,22.14,Online,22.14
10948,143,2302,2023-09-20,2,39.04,Online,39.04
10949,187,2541,2025-01-13,1,149.8,In-Store,149.8
10950,168,2245,2025-05-08,3,152.68,Online,152.68
10951,153,2486,2025-06-13,2,55.98,In-Store,55.98
10952,120,2914,2024-12-11,3,203.21,In-Store,203.21
10953,147,2060,2024-07-28,2,133.4,In-Store,133.4
10954,163,2339,2024-11-30,2,186.58,Online,186.58
10955,101,2740,2025-10-05,2,187.97,In-Store,187.97
10956,106,2296,2025-11-01,4,117.81,Online,117.81
10957,107,2929,2024-02-13,4,177.55,In-Store,177.55
10958,174,2391,2024-03-17,1,139.03,Online,139.03
10959,147,2209,2025-11-24,3,133.4,In-Store,133.4
10960,124,2917,2025-09-29,1,112.82,In-Store,112.82
10961,106,2251,2025-09-07,1,117.81,In-Store,117.81
10962,149,2428,2025-02-25,1,198.31,Online,198.31
10963,131,2916,2025-01-24,1,114.34,Online,114.34
10964,108,2578,2025-04-04,4,61.68,Online,61.68
10965,132,2562,2025-10-19,2,243.25,Online,243.25
10966,185,2542,2024-05-17,2,142.4,Online,142.4
10967,135,2729,2025-01-20,1,87.8,In-Store,87.8
10968,101,2228,2024-03-12,5,187.97,In-Store,187.97
10969,161,2575,2025-09-17,5,177.18,In-Store,177.18
10970,104,2968,2024-11-06,4,65.84,In-Store,65.84
10971,109,2270,2025-07-10,1,101.18,In-Store,101.18
10972,102,2424,2025-06-01,3,186.75,Online,186.75
10973,184,2867,2024-02-24,1,195.07,Online,195.07
10974,118,2177,2022-09-21,2,120.94,In-Store,120.94
10975,175,2689,2023-07-02,4,233.98,In-Store,233.98
10976,198,2789,2024-09-02,5,105.92,In-Store,105.92
10977,133,2528,2024-12-31,1,212.0,Online,212.0
10978,161,2429,2024-02-16,1,177.18,In-Store,177.18
10979,127,2635,2023-06-07,1,200.1,In-Store,200.1
10980,117,2854,2024-07-15,5,156.19,Online,156.19
10981,130,2810,2025-12-17,3,190.21,Online,190.21
10982,176,2796,2024-02-25,5,78.4,Online,78.4
10983,158,2430,2024-12-04,3,126.55,In-Store,126.55
10984,143,2757,2024-05-24,2,39.04,Online,39.04
10985,149,2693,2025-07-14,2,198.31,Online,198.31
10986,200,2041,2024-06-17,3,241.01,In-Store,241.01
10987,143,2643,2025-02-02,3,39.04,Online,39.04
10988,130,2261,2025-01-17,1,190.21,Online,190.21
10989,171,2002,2025-05-18,5,104.99,In-Store,104.99
10990,196,2422,2025-01-29,4,168.41,In-Store,168.41
10991,155,2294,2024-11-06,4,219.88,In-Store,219.88
10992,161,2613,2024-01-31,2,177.18,Online,177.18
10993,126,2200,2025-07-12,4,191.39,Online,191.39
10994,146,2343,2023-09-19,4,26.18,Online,26.18
10995,146,2454,2023-08-13,2,26.18,In-Store,26.18
10996,129,2751,2024-02-07,5,216.59,Online,216.59
10997,109,2083,2024-04-08,5,101.18,In-Store,101.18
10998,137,2318,2022-12-23,4,67.81,In-Store,67.81
10999,127,2362,2024-07-25,5,200.1,Online,200.1
11000,154,2346,2025-09-20,4,111.25,In-Store,111.25
11001,200,2436,2025-05-03,1,241.01,In-Store,241.01
11002,182,2116,2025-03-15,1,227.28,In-Store,227.28
11003,172,2239,2025-12-08,2,232.96,Online,232.96
11004,146,2932,2022-12-03,1,26.18,Online,26.18
11005,126,2714,2025-05-23,3,191.39,In-Store,191.39
11006,173,2599,2025-12-12,5,159.08,Online,159.08
11007,157,2452,2024-09-25,5,232.33,Online,232.33
11008,107,2366,2024-01-18,1,177.55,In-Store,177.55
11009,115,2354,2025-02-05,4,101.23,In-Store,101.23
11010,187,2344,2025-10-22,4,149.8,Online,149.8
11011,167,2686,2025-06-23,5,235.98,In-Store,235.98
11012,102,2671,2024-06-24,1,186.75,In-Store,186.75
11013,141,2682,2025-07-23,3,232.94,In-Store,232.94
11014,161,2992,2025-09-29,2,177.18,In-Store,177.18
11015,179,2885,2024-11-11,2,37.7,In-Store,37.7
11016,135,2318,2025-01-28,1,87.8,In-Store,87.8
11017,190,2583,2024-04-15,3,197.23,Online,197.23
11018,142,2952,2025-09-26,3,248.84,In-Store,248.84
11019,105,2388,2024-02-10,1,57.72,In-Store,57.72
11020,175,2603,2025-03-02,3,233.98,In-Store,233.98
11021,191,2372,2024-01-15,2,217.51,In-Store,217.51
11022,156,2783,2023-09-09,5,22.14,Online,22.14
11023,157,2994,2025-05-16,1,232.33,Online,232.33
11024,108,2486,2025-09-30,4,61.68,Online,61.68
11025,119,2672,2024-08-30,5,212.28,In-Store,212.28
11026,131,2192,2025-04-27,1,114.34,Online,114.34
11027,180,2304,2024-07-12,5,77.62,Online,77.62
11028,154,2817,2025-03-02,1,111.25,Online,111.25
11029,109,2897,2025-04-29,3,101.18,Online,101.18
11030,101,2434,2025-03-22,1,187.97,In-Store,187.97
11031,130,2926,2023-05-06,1,190.21,Online,190.21
11032,160,2606,2024-12-27,4,232.36,In-Store,232.36
11033,189,2201,2025-12-05,2,60.42,Online,60.42
11034,161,2890,2024-07-04,5,177.18,In-Store,177.18
11035,142,2034,2025-06-18,4,248.84,In-Store,248.84
11036,162,2299,2023-05-10,1,55.58,In-Store,55.58
11037,151,2593,2025-09-12,2,108.66,In-Store,108.66
11038,144,2820,2025-03-21,2,15.05,Online,15.05
11039,187,2841,2024-06-19,5,149.8,In-Store,149.8
11040,163,2945,2025-01-20,5,186.58,In-Store,186.58
11041,142,2073,2024-06-04,4,248.84,Online,248.84
11042,120,2235,2025-02-15,4,203.21,Online,203.21
11043,111,2026,2025-06-30,3,243.55,In-Store,243.55
11044,137,2993,2024-11-12,5,67.81,Online,67.81
11045,182,2032,2025-06-15,2,227.28,Online,227.28
11046,179,2896,2023-12-04,3,37.7,Online,37.7
11047,149,2652,2024-02-01,3,198.31,In-Store,198.31
11048,110,2875,2025-04-10,5,73.49,In-Store,73.49
11049,158,2377,2024-04-23,5,126.55,Online,126.55
11050,112,2406,2024-09-27,1,80.36,Online,80.36
11051,110,2545,2025-08-17,3,73.49,Online,73.49
11052,138,2607,2024-08-09,4,185.66,In-Store,185.66
11053,165,2236,2025-12-24,5,240.59,In-Store,240.59
11054,195,2108,2025-01-19,4,93.92,Online,93.92
11055,136,2163,2024-05-14,5,220.89,Online,220.89
11056,173,2868,2025-08-22,2,159.08,Online,159.08
11057,126,2801,2024-08-07,4,191.39,In-Store,191.39
11058,151,2309,2025-07-13,4,108.66,In-Store,108.66
11059,181,2620,2025-04-12,4,175.0,Online,175.0
11060,190,2962,2024-07-27,5,197.23,In-Store,197.23
11061,124,2704,2025-07-22,3,112.82,Online,112.82
11062,104,2283,2025-06-02,2,65.84,In-Store,65.84
11063,157,2319,2024-11-13,5,232.33,In-Store,232.33
11064,115,2796,2024-05-11,2,101.23,In-Store,101.23
11065,118,2228,2023-11-02,1,120.94,Online,120.94
11066,150,2461,2025-08-20,2,33.26,Online,33.26
11067,101,2646,2025-02-06,3,187.97,In-Store,187.97
11068,174,2851,2024-11-11,2,139.03,In-Store,139.03
11069,197,2093,2025-01-15,1,217.44,Online,217.44
11070,125,2325,2025-06-15,4,62.64,Online,62.64
11071,184,2541,2023-12-19,3,195.07,Online,195.07
11072,199,2309,2025-10-08,1,37.68,Online,37.68
11073,162,2353,2024-08-08,2,55.58,In-Store,55.58
11074,173,2988,2024-10-21,2,159.08,Online,159.08
11075,118,2005,2025-04-26,4,120.94,Online,120.94
11076,133,2074,2024-12-11,4,212.0,In-Store,212.0
11077,128,2274,2025-02-03,2,101.59,In-Store,101.59
11078,125,2962,2025-11-20,3,62.64,Online,62.64
11079,152,2309,2025-05-30,2,106.63,Online,106.63
11080,155,2336,2023-01-04,5,219.88,In-Store,219.88
11081,119,2482,2025-07-26,4,212.28,In-Store,212.28
11082,194,2781,2025-04-30,5,216.06,Online,216.06
11083,106,2778,2022-11-16,2,117.81,Online,117.81
11084,110,2762,2025-08-25,5,73.49,Online,73.49
11085,113,2879,2025-03-28,3,56.15,Online,56.15
11086,173,2847,2024-11-15,2,159.08,Online,159.08
11087,189,2057,2025-12-27,2,60.42,Online,60.42
11088,160,2252,2025-11-13,2,232.36,Online,232.36
11089,144,2877,2024-08-27,4,15.05,In-Store,15.05
11090,192,2144,2024-09-29,1,53.05,Online,53.05
11091,169,2985,2024-11-03,3,167.77,In-Store,167.77
11092,127,2500,2024-03-21,1,200.1,In-Store,200.1
11093,164,2179,2024-07-24,4,22.03,In-Store,22.03
11094,124,2683,2025-10-29,5,112.82,Online,112.82
11095,149,2481,2025-01-11,3,198.31,Online,198.31
11096,169,2069,2023-10-09,2,167.77,In-Store,167.77
11097,190,2816,2023-12-23,3,197.23,In-Store,197.23
11098,125,2248,2023-06-08,3,62.64,Online,62.64
11099,167,2545,2025-08-31,1,235.98,Online,235.98
11100,170,2932,2024-08-08,4,59.02,In-Store,59.02
11101,165,2814,2022-05-11,5,240.59,Online,240.59
11102,159,2868,2025-02-15,2,49.51,Online,49.51
11103,157,2139,2025-04-13,3,232.33,Online,232.33
11104,187,2390,2024-01-01,4,149.8,In-Store,149.8
11105,177,2977,2025-06-22,3,246.12,In-Store,246.12
11106,136,2015,2024-11-30,5,220.89,In-Store,220.89
11107,126,2105,2024-03-02,2,191.39,Online,191.39
11108,122,2652,2025-03-21,5,167.31,In-Store,167.31
11109,137,2330,2025-01-23,1,67.81,In-Store,67.81
11110,123,2136,2025-02-28,1,73.57,In-Store,73.57
11111,149,2967,2025-05-16,3,198.31,Online,198.31
11112,103,2567,2025-10-21,3,111.26,In-Store,111.26
11113,112,2556,2023-01-18,1,80.36,Online,80.36
11114,165,2978,2023-05-13,3,240.59,Online,240.59
11115,120,2487,2025-06-20,5,203.21,In-Store,203.21
11116,195,2776,2023-10-28,5,93.92,Online,93.92
11117,178,2694,2024-05-09,3,81.85,Online,81.85
11118,159,2143,2024-03-08,1,49.51,Online,49.51
11119,157,2336,2025-03-10,1,232.33,In-Store,232.33
11120,114,2161,2024-08-17,2,195.54,Online,195.54
11121,173,2859,2025-12-19,2,159.08,In-Store,159.08
11122,151,2049,2025-08-15,3,108.66,Online,108.66
11123,138,2543,2025-03-27,3,185.66,Online,185.66
11124,170,2773,2023-07-13,1,59.02,In-Store,59.02
11125,168,2707,2025-08-06,1,152.68,Online,152.68
11126,161,2685,2024-07-13,4,177.18,In-Store,177.18
11127,117,2861,2025-01-14,1,156.19,Online,156.19
11128,108,2399,2025-02-11,3,61.68,Online,61.68
11129,148,2695,2024-09-23,2,139.42,In-Store,139.42
11130,153,2605,2024-04-05,3,55.98,In-Store,55.98
11131,174,2603,2024-06-26,2,139.03,Online,139.03
11132,162,2538,2025-12-07,2,55.58,Online,55.58
11133,109,2249,2025-02-17,3,101.18,In-Store,101.18
11134,115,2271,2025-01-04,5,101.23,Online,101.23
11135,199,2665,2023-12-24,2,37.68,In-Store,37.68
11136,177,2509,2024-10-30,4,246.12,Online,246.12
11137,125,2735,2025-06-22,4,62.64,Online,62.64
11138,179,2569,2025-10-22,3,37.7,Online,37.7
11139,200,2548,2023-08-02,4,241.01,In-Store,241.01
11140,161,2075,2025-11-29,1,177.18,In-Store,177.18
11141,148,2680,2025-11-20,3,139.42,In-Store,139.42
11142,134,2299,2023-05-10,1,99.74,In-Store,99.74
11143,147,2393,2023-06-19,2,133.4,Online,133.4
11144,110,2080,2025-01-18,4,73.49,In-Store,73.49
11145,185,2996,2024-11-12,4,142.4,Online,142.4
11146,141,2808,2024-08-21,2,232.94,Online,232.94
11147,134,2882,2024-09-08,1,99.74,Online,99.74
11148,110,2179,2022-09-27,2,73.49,Online,73.49
11149,169,2432,2025-05-07,1,167.77,In-Store,167.77
11150,125,2891,2025-07-10,4,62.64,Online,62.64
11151,122,2317,2025-05-09,5,167.31,Online,167.31
11152,112,2343,2025-08-10,3,80.36,In-Store,80.36
11153,158,2778,2023-08-29,1,126.55,In-Store,126.55
11154,121,2143,2024-08-14,1,60.64,Online,60.64
11155,126,2188,2024-01-30,2,191.39,In-Store,191.39
11156,135,2170,2024-10-17,3,87.8,Online,87.8
11157,133,2671,2023-08-02,5,212.0,In-Store,212.0
11158,113,2711,2025-11-04,1,56.15,In-Store,56.15
11159,141,2480,2025-11-28,4,232.94,In-Store,232.94
11160,136,2876,2023-09-25,4,220.89,Online,220.89
11161,120,2482,2025-11-23,3,203.21,In-Store,203.21
11162,176,2012,2025-01-28,2,78.4,Online,78.4
11163,156,2422,2025-11-24,3,22.14,Online,22.14
11164,131,2942,2023-10-04,5,114.34,Online,114.34
11165,188,2625,2023-08-07,1,20.04,Online,20.04
11166,133,2912,2022-12-22,3,212.0,Online,212.0
11167,107,2359,2025-08-27,5,177.55,In-Store,177.55
11168,178,2722,2024-10-12,1,81.85,In-Store,81.85
11169,114,2113,2023-01-25,3,195.54,Online,195.54
11170,142,2288,2024-04-29,2,248.84,In-Store,248.84
11171,140,2664,2024-07-22,5,136.64,Online,136.64
11172,184,2595,2025-10-04,1,195.07,In-Store,195.07
11173,141,2823,2024-08-05,4,232.94,In-Store,232.94
11174,112,2157,2023-06-05,1,80.36,Online,80.36
11175,198,2484,2024-04-17,1,105.92,Online,105.92
11176,117,2444,2025-09-08,3,156.19,Online,156.19
11177,132,2625,2023-07-01,1,243.25,In-Store,243.25
11178,108,2779,2025-04-16,4,61.68,In-Store,61.68
11179,112,2259,2025-02-11,3,80.36,In-Store,80.36
11180,124,2890,2025-01-24,1,112.82,Online,112.82
11181,173,2180,2025-08-17,2,159.08,Online,159.08
11182,106,2950,2024-01-04,4,117.81,In-Store,117.81
11183,130,2470,2024-05-14,5,190.21,Online,190.21
11184,141,2966,2025-04-18,3,232.94,In-Store,232.94
11185,138,2810,2025-09-21,5,185.66,Online,185.66
11186,163,2131,2023-12-02,2,186.58,Online,186.58
11187,166,2131,2022-10-19,5,152.81,Online,152.81
11188,185,2557,2024-07-16,1,142.4,Online,142.4
11189,196,2003,2023-05-31,5,168.41,In-Store,168.41
11190,115,2938,2023-01-15,2,101.23,Online,101.23
11191,184,2710,2024-01-30,4,195.07,Online,195.07
11192,136,2149,2025-02-16,3,220.89,Online,220.89
11193,136,2213,2025-11-19,3,220.89,Online,220.89
11194,147,2340,2025-09-06,2,133.4,Online,133.4
11195,105,2889,2025-11-19,3,57.72,In-Store,57.72
11196,123,2487,2023-09-19,4,73.57,In-Store,73.57
11197,152,2796,2024-03-28,2,106.63,Online,106.63
11198,172,2085,2024-09-23,2,232.96,In-Store,232.96
11199,152,2757,2023-09-25,3,106.63,Online,106.63
11200,140,2378,2024-05-30,5,136.64,In-Store,136.64
11201,144,2591,2025-05-01,1,15.05,In-Store,15.05
11202,143,2598,2025-02-02,4,39.04,Online,39.04
11203,169,2875,2025-05-17,2,167.77,Online,167.77
11204,195,2944,2025-10-08,4,93.92,In-Store,93.92
11205,193,2064,2025-07-15,4,74.03,In-Store,74.03
11206,175,2331,2025-01-08,5,233.98,In-Store,233.98
11207,149,2293,2025-07-09,2,198.31,Online,198.31
11208,145,2839,2024-09-16,4,62.85,In-Store,62.85
11209,113,2618,2025-01-20,3,56.15,Online,56.15
11210,125,2792,2023-05-12,2,62.64,Online,62.64
11211,111,2345,2025-10-26,1,243.55,In-Store,243.55
11212,180,2107,2023-07-09,1,77.62,In-Store,77.62
11213,128,2156,2023-04-27,3,101.59,In-Store,101.59
11214,119,2682,2024-12-17,3,212.28,In-Store,212.28
11215,191,2181,2024-07-25,4,217.51,In-Store,217.51
11216,172,2652,2024-07-23,1,232.96,In-Store,232.96
11217,166,2170,2025-07-31,5,152.81,Online,152.81
11218,132,2505,2024-02-26,4,243.25,In-Store,243.25
11219,125,2333,2025-07-13,2,62.64,In-Store,62.64
11220,181,2791,2025-08-17,2,175.0,Online,175.0
11221,136,2984,2024-11-05,5,220.89,Online,220.89
11222,167,2893,2025-06-10,5,235.98,Online,235.98
11223,187,2397,2024-06-21,2,149.8,Online,149.8
11224,185,2352,2025-11-01,4,142.4,In-Store,142.4
11225,124,2700,2025-12-05,1,112.82,In-Store,112.82
11226,173,2292,2023-01-24,3,159.08,Online,159.08
11227,188,2301,2025-11-12,2,20.04,In-Store,20.04
11228,117,2263,2025-03-16,2,156.19,Online,156.19
11229,102,2026,2025-05-02,5,186.75,In-Store,186.75
11230,155,2786,2025-12-21,2,219.88,Online,219.88
11231,155,2414,2024-04-11,4,219.88,Online,219.88
11232,106,2166,2025-07-03,1,117.81,Online,117.81
11233,106,2192,2025-01-18,2,117.81,In-Store,117.81
11234,117,2883,2025-02-16,1,156.19,In-Store,156.19
11235,184,2137,2022-11-07,4,195.07,Online,195.07
11236,173,2020,2025-09-17,4,159.08,In-Store,159.08
11237,187,2151,2024-08-22,5,149.8,In-Store,149.8
11238,177,2499,2025-11-20,3,246.12,In-Store,246.12
11239,196,2115,2023-08-16,3,168.41,In-Store,168.41
11240,177,2042,2024-12-10,5,246.12,In-Store,246.12
11241,184,2232,2024-08-29,2,195.07,Online,195.07
11242,103,2312,2023-11-28,5,111.26,Online,111.26
11243,163,2598,2024-09-03,5,186.58,In-Store,186.58
11244,172,2363,2024-04-05,5,232.96,In-Store,232.96
11245,107,2271,2025-12-04,3,177.55,In-Store,177.55
11246,143,2409,2025-03-23,2,39.04,Online,39.04
11247,167,2320,2024-11-06,5,235.98,In-Store,235.98
11248,136,2021,2025-02-04,1,220.89,Online,220.89
11249,154,2862,2025-11-13,2,111.25,Online,111.25
11250,149,2238,2024-12-23,5,198.31,Online,198.31
11251,156,2760,2024-04-17,3,22.14,Online,22.14
11252,119,2873,2025-09-14,4,212.28,Online,212.28
11253,171,2243,2025-03-28,1,104.99,Online,104.99
11254,176,2965,2024-09-28,5,78.4,In-Store,78.4
11255,143,2250,2025-11-15,3,39.04,In-Store,39.04
11256,171,2886,2024-08-05,2,104.99,In-Store,104.99
11257,200,2802,2024-07-02,4,241.01,In-Store,241.01
11258,180,2249,2024-07-06,3,77.62,Online,77.62
11259,133,2890,2024-03-31,1,212.0,In-Store,212.0
11260,104,2577,2024-10-18,4,65.84,Online,65.84
11261,153,2044,2025-03-11,2,55.98,In-Store,55.98
11262,173,2771,2023-10-11,4,159.08,In-Store,159.08
11263,194,2042,2025-04-17,4,216.06,Online,216.06
11264,169,2482,2024-08-01,2,167.77,Online,167.77
11265,153,2916,2024-11-17,2,55.98,Online,55.98
11266,187,2814,2024-08-27,1,149.8,Online,149.8
11267,158,2215,2025-05-16,3,126.55,In-Store,126.55
11268,101,2139,2025-08-17,3,187.97,Online,187.97
11269,172,2533,2023-10-24,1,232.96,Online,232.96
11270,105,2929,2024-12-13,3,57.72,In-Store,57.72
11271,165,2033,2024-03-19,4,240.59,Online,240.59
11272,108,2057,2023-12-11,1,61.68,In-Store,61.68
11273,179,2635,2024-03-14,2,37.7,Online,37.7
11274,118,2435,2022-12-10,5,120.94,In-Store,120.94
11275,125,2770,2023-11-19,2,62.64,Online,62.64
11276,138,2039,2025-12-18,4,185.66,In-Store,185.66
11277,127,2390,2024-05-26,1,200.1,Online,200.1
11278,105,2492,2025-01-12,5,57.72,Online,57.72
11279,188,2302,2025-08-04,1,20.04,Online,20.04
11280,191,2433,2025-05-02,4,217.51,In-Store,217.51
11281,182,2734,2025-08-15,3,227.28,Online,227.28
11282,187,2733,2022-10-14,1,149.8,Online,149.8
11283,198,2404,2022-08-30,5,105.92,Online,105.92
11284,167,2729,2025-04-05,1,235.98,In-Store,235.98
11285,174,2616,2023-04-24,5,139.03,Online,139.03
11286,198,2953,2025-01-28,1,105.92,Online,105.92
11287,160,2683,2025-12-04,3,232.36,In-Store,232.36
11288,171,2067,2024-10-19,4,104.99,In-Store,104.99
11289,104,2564,2025-04-04,4,65.84,Online,65.84
11290,142,2252,2023-08-27,1,248.84,In-Store,248.84
11291,131,2537,2025-06-10,5,114.34,In-Store,114.34
11292,106,2814,2022-03-30,2,117.81,Online,117.81
11293,174,2352,2023-09-19,3,139.03,Online,139.03
11294,123,2930,2025-06-23,3,73.57,In-Store,73.57
11295,161,2677,2025-05-09,2,177.18,Online,177.18
11296,140,2668,2024-05-31,3,136.64,Online,136.64
11297,164,2587,2025-01-25,1,22.03,In-Store,22.03
11298,142,2367,2025-07-06,1,248.84,Online,248.84
11299,171,2375,2025-08-01,1,104.99,In-Store,104.99
11300,123,2266,2025-09-23,4,73.57,Online,73.57
11301,114,2150,2023-03-06,1,195.54,In-Store,195.54
11302,135,2652,2023-07-23,2,87.8,Online,87.8
11303,132,2334,2023-09-11,3,243.25,In-Store,243.25
11304,200,2446,2024-07-21,4,241.01,In-Store,241.01
11305,119,2520,2025-02-27,1,212.28,In-Store,212.28
11306,127,2928,2023-07-19,2,200.1,Online,200.1
11307,170,2114,2025-06-25,3,59.02,In-Store,59.02
11308,177,2941,2025-07-14,4,246.12,Online,246.12
11309,186,2063,2024-08-05,4,28.06,In-Store,28.06
11310,139,2512,2025-11-29,1,168.34,In-Store,168.34
11311,173,2394,2025-04-11,4,159.08,In-Store,159.08
11312,133,2934,2024-06-19,4,212.0,In-Store,212.0
11313,178,2316,2024-03-24,1,81.85,Online,81.85
11314,178,2766,2025-02-09,4,81.85,In-Store,81.85
11315,126,2746,2025-11-27,1,191.39,Online,191.39
11316,117,2001,2023-05-30,5,156.19,Online,156.19
11317,118,2015,2025-05-26,5,120.94,Online,120.94
11318,179,2498,2025-07-23,2,37.7,Online,37.7
11319,162,2066,2025-04-25,5,55.58,In-Store,55.58
11320,148,2396,2024-11-27,1,139.42,In-Store,139.42
11321,153,2731,2025-01-11,1,55.98,In-Store,55.98
11322,137,2974,2024-09-01,3,67.81,In-Store,67.81
11323,147,2247,2025-05-02,1,133.4,In-Store,133.4
11324,108,2358,2023-12-17,3,61.68,Online,61.68
11325,150,2159,2025-05-01,5,33.26,Online,33.26
11326,188,2287,2025-08-21,5,20.04,In-Store,20.04
11327,109,2999,2024-09-27,1,101.18,Online,101.18
11328,157,2171,2025-10-08,1,232.33,In-Store,232.33
11329,106,2387,2025-08-03,3,117.81,In-Store,117.81
11330,111,2983,2025-06-11,2,243.55,Online,243.55
11331,163,2486,2025-12-08,5,186.58,In-Store,186.58
11332,132,2132,2024-03-23,4,243.25,Online,243.25
11333,161,2281,2022-09-09,3,177.18,In-Store,177.18
11334,120,2067,2025-11-14,3,203.21,Online,203.21
11335,110,2465,2023-12-14,5,73.49,Online,73.49
11336,132,2164,2025-11-03,1,243.25,In-Store,243.25
11337,122,2876,2024-06-28,1,167.31,In-Store,167.31
11338,130,2171,2024-08-26,5,190.21,In-Store,190.21
11339,196,2942,2024-05-30,4,168.41,Online,168.41
11340,175,2018,2023-11-26,1,233.98,In-Store,233.98
11341,179,2588,2023-03-13,3,37.7,Online,37.7
11342,132,2635,2025-08-14,5,243.25,In-Store,243.25
11343,110,2154,2024-12-30,1,73.49,In-Store,73.49
11344,112,2758,2024-08-22,3,80.36,In-Store,80.36
11345,192,2055,2025-05-04,2,53.05,In-Store,53.05
11346,124,2422,2025-04-14,3,112.82,Online,112.82
11347,153,2789,2024-10-10,5,55.98,In-Store,55.98
11348,102,2535,2025-05-16,4,186.75,Online,186.75
11349,141,2508,2025-01-08,2,232.94,Online,232.94
11350,186,2853,2022-08-13,1,28.06,In-Store,28.06
11351,127,2291,2024-07-23,1,200.1,In-Store,200.1
11352,145,2649,2022-03-05,5,62.85,In-Store,62.85
11353,192,2617,2025-06-26,1,53.05,Online,53.05
11354,138,2254,2023-04-13,3,185.66,In-Store,185.66
11355,196,2395,2023-12-28,4,168.41,In-Store,168.41
11356,163,2528,2025-11-26,5,186.58,Online,186.58
11357,186,2182,2025-12-10,3,28.06,Online,28.06
11358,126,2404,2022-05-31,3,191.39,In-Store,191.39
11359,153,2105,2024-10-05,4,55.98,Online,55.98
11360,162,2169,2025-02-26,4,55.58,In-Store,55.58
11361,150,2098,2024-11-24,2,33.26,In-Store,33.26
11362,158,2160,2024-10-08,3,126.55,In-Store,126.55
11363,162,2973,2025-07-21,1,55.58,In-Store,55.58
11364,173,2569,2025-07-08,5,159.08,In-Store,159.08
11365,106,2398,2025-05-16,1,117.81,Online,117.81
11366,151,2091,2022-02-27,1,108.66,In-Store,108.66
11367,140,2520,2025-08-16,1,136.64,Online,136.64
11368,163,2809,2025-02-16,2,186.58,In-Store,186.58
11369,174,2834,2024-08-18,1,139.03,In-Store,139.03
11370,155,2124,2025-04-06,3,219.88,Online,219.88
11371,149,2464,2025-12-05,1,198.31,In-Store,198.31
11372,143,2532,2023-12-03,2,39.04,In-Store,39.04
11373,135,2159,2024-06-03,4,87.8,In-Store,87.8
11374,170,2576,2023-11-07,5,59.02,Online,59.02
11375,170,2810,2025-11-22,2,59.02,Online,59.02
11376,141,2825,2025-04-06,2,232.94,Online,232.94
11377,131,2277,2025-12-13,4,114.34,In-Store,114.34
11378,168,2373,2025-10-12,5,152.68,Online,152.68
11379,108,2794,2024-11-28,4,61.68,Online,61.68
11380,122,2418,2024-02-18,4,167.31,Online,167.31
11381,151,2190,2023-09-22,5,108.66,Online,108.66
11382,153,2510,2024-01-31,2,55.98,Online,55.98
11383,105,2548,2022-07-23,5,57.72,In-Store,57.72
11384,180,2646,2024-08-02,2,77.62,Online,77.62
11385,158,2252,2024-01-04,1,126.55,In-Store,126.55
11386,116,2907,2025-01-10,4,98.84,In-Store,98.84
11387,108,2393,2023-09-22,5,61.68,Online,61.68
11388,164,2284,2024-12-28,4,22.03,In-Store,22.03
11389,123,2349,2024-08-09,4,73.57,Online,73.57
11390,179,2463,2023-08-28,2,37.7,In-Store,37.7
11391,164,2358,2024-01-24,4,22.03,In-Store,22.03
11392,150,2243,2024-10-19,2,33.26,In-Store,33.26
11393,135,2754,2025-06-13,4,87.8,In-Store,87.8
11394,174,2799,2023-10-24,3,139.03,Online,139.03
11395,163,2822,2025-06-02,2,186.58,In-Store,186.58
11396,109,2174,2024-11-29,2,101.18,Online,101.18
11397,148,2259,2024-05-01,1,139.42,In-Store,139.42
11398,167,2137,2024-04-04,1,235.98,Online,235.98
11399,133,2455,2024-03-03,5,212.0,Online,212.0
11400,113,2581,2023-07-07,1,56.15,In-Store,56.15
11401,192,2132,2022-12-14,4,53.05,Online,53.05
11402,162,2803,2024-08-08,4,55.58,Online,55.58
11403,188,2659,2023-07-15,1,20.04,In-Store,20.04
11404,142,2171,2024-05-16,2,248.84,Online,248.84
11405,152,2604,2024-11-28,3,106.63,Online,106.63
11406,132,2353,2025-07-30,4,243.25,Online,243.25
11407,113,2060,2024-09-22,2,56.15,In-Store,56.15
11408,177,2590,2024-10-26,3,246.12,In-Store,246.12
11409,178,2104,2024-10-20,1,81.85,In-Store,81.85
11410,127,2470,2023-02-22,3,200.1,In-Store,200.1
11411,130,2245,2025-02-09,2,190.21,In-Store,190.21
11412,172,2286,2025-08-11,1,232.96,In-Store,232.96
11413,152,2415,2024-12-08,3,106.63,Online,106.63
11414,112,2042,2025-02-11,3,80.36,Online,80.36
11415,137,2832,2024-12-25,5,67.81,Online,67.81
11416,174,2309,2025-10-29,5,139.03,In-Store,139.03
11417,119,2503,2023-09-18,5,212.28,Online,212.28
11418,129,2233,2024-03-13,5,216.59,In-Store,216.59
11419,195,2814,2022-05-11,2,93.92,Online,93.92
11420,120,2468,2023-10-31,2,203.21,In-Store,203.21
11421,142,2152,2025-10-14,3,248.84,Online,248.84
11422,197,2674,2025-01-16,5,217.44,Online,217.44
11423,139,2759,2025-10-10,2,168.34,In-Store,168.34
11424,133,2835,2025-12-24,2,212.0,Online,212.0
11425,121,2134,2025-07-13,1,60.64,In-Store,60.64
11426,131,2895,2024-02-17,1,114.34,In-Store,114.34
11427,168,2350,2025-11-11,1,152.68,In-Store,152.68
11428,140,2484,2024-06-06,3,136.64,In-Store,136.64
11429,102,2672,2025-02-23,2,186.75,In-Store,186.75
11430,181,2584,2023-07-15,3,175.0,In-Store,175.0
11431,105,2983,2025-02-01,4,57.72,In-Store,57.72
11432,176,2952,2023-12-04,3,78.4,In-Store,78.4
11433,134,2802,2025-06-12,4,99.74,In-Store,99.74
11434,102,2250,2025-03-02,1,186.75,In-Store,186.75
11435,134,2595,2025-04-30,3,99.74,Online,99.74
11436,116,2533,2023-05-31,4,98.84,Online,98.84
11437,122,2128,2025-07-24,5,167.31,Online,167.31
11438,184,2796,2025-02-07,3,195.07,In-Store,195.07
11439,116,2700,2024-10-31,4,98.84,In-Store,98.84
11440,158,2706,2025-05-31,2,126.55,In-Store,126.55
11441,161,2881,2025-10-18,5,177.18,Online,177.18
11442,105,2080,2025-10-06,3,57.72,In-Store,57.72
11443,135,2166,2025-06-11,4,87.8,Online,87.8
11444,143,2777,2025-10-13,1,39.04,Online,39.04
11445,151,2313,2023-02-24,1,108.66,In-Store,108.66
11446,163,2783,2023-06-12,4,186.58,Online,186.58
11447,124,2252,2024-08-23,3,112.82,In-Store,112.82
11448,116,2548,2023-02-23,5,98.84,In-Store,98.84
11449,167,2805,2023-01-15,1,235.98,In-Store,235.98
11450,118,2051,2023-06-05,5,120.94,Online,120.94
11451,123,2403,2024-11-30,3,73.57,In-Store,73.57
11452,102,2890,2023-08-18,4,186.75,Online,186.75
11453,172,2903,2024-05-11,2,232.96,In-Store,232.96
11454,114,2787,2025-11-08,1,195.54,In-Store,195.54
11455,161,2136,2025-02-13,2,177.18,Online,177.18
11456,177,2334,2024-08-03,1,246.12,Online,246.12
11457,126,2610,2024-08-12,3,191.39,Online,191.39
11458,144,2457,2025-07-30,2,15.05,In-Store,15.05
11459,176,2419,2024-09-27,5,78.4,In-Store,78.4
11460,136,2156,2024-01-03,2,220.89,In-Store,220.89
11461,139,2095,2025-06-03,5,168.34,In-Store,168.34
11462,173,2209,2023-11-04,2,159.08,In-Store,159.08
11463,158,2998,2024-09-05,4,126.55,In-Store,126.55
11464,119,2191,2024-11-02,4,212.28,In-Store,212.28
11465,180,2863,2024-11-06,3,77.62,In-Store,77.62
11466,115,2811,2024-12-20,4,101.23,Online,101.23
11467,119,2347,2024-05-21,4,212.28,Online,212.28
11468,131,2174,2025-10-20,1,114.34,In-Store,114.34
11469,172,2034,2024-06-20,2,232.96,In-Store,232.96
11470,108,2993,2023-04-11,5,61.68,Online,61.68
11471,134,2698,2023-08-31,2,99.74,In-Store,99.74
11472,158,2659,2025-11-30,1,126.55,Online,126.55
11473,182,2786,2024-12-12,5,227.28,Online,227.28
11474,176,2879,2025-05-20,2,78.4,In-Store,78.4
11475,149,2040,2024-04-27,1,198.31,In-Store,198.31
11476,141,2463,2024-09-27,3,232.94,Online,232.94
11477,134,2548,2025-10-09,3,99.74,Online,99.74
11478,156,2619,2025-02-04,4,22.14,In-Store,22.14
11479,162,2031,2025-06-18,3,55.58,Online,55.58
11480,179,2040,2023-06-18,2,37.7,In-Store,37.7
11481,185,2813,2023-04-22,5,142.4,Online,142.4
11482,193,2432,2025-02-09,1,74.03,In-Store,74.03
11483,124,2592,2023-06-06,2,112.82,Online,112.82
11484,116,2087,2025-12-27,5,98.84,Online,98.84
11485,117,2280,2024-03-04,4,156.19,In-Store,156.19
11486,127,2289,2025-10-19,3,200.1,In-Store,200.1
11487,174,2027,2025-01-24,5,139.03,Online,139.03
11488,127,2378,2024-12-21,4,200.1,In-Store,200.1
11489,106,2425,2025-01-10,3,117.81,Online,117.81
11490,181,2419,2024-08-17,5,175.0,Online,175.0
11491,191,2215,2025-04-28,3,217.51,Online,217.51
11492,173,2959,2024-08-24,4,159.08,Online,159.08
11493,182,2344,2024-05-17,4,227.28,Online,227.28
11494,116,2124,2025-02-12,4,98.84,Online,98.84
11495,188,2586,2022-12-03,3,20.04,Online,20.04
11496,172,2020,2024-06-09,1,232.96,Online,232.96
11497,104,2549,2024-03-21,1,65.84,In-Store,65.84
11498,174,2123,2024-09-05,2,139.03,Online,139.03
11499,167,2782,2024-04-16,2,235.98,In-Store,235.98
11500,110,2638,2025-08-22,4,73.49,In-Store,73.49
11501,134,2719,2025-01-24,2,99.74,In-Store,99.74
11502,183,2837,2024-10-14,3,209.04,In-Store,209.04
11503,140,2018,2025-10-14,2,136.64,Online,136.64
11504,168,2731,2024-02-03,3,152.68,Online,152.68
11505,116,2351,2022-08-07,5,98.84,Online,98.84
11506,161,2955,2022-12-05,5,177.18,In-Store,177.18
11507,122,2894,2024-03-16,1,167.31,In-Store,167.31
11508,174,2233,2022-12-22,4,139.03,Online,139.03
11509,191,2586,2023-10-13,4,217.51,In-Store,217.51
11510,149,2355,2025-01-28,1,198.31,Online,198.31
11511,124,2832,2025-07-28,4,112.82,Online,112.82
11512,149,2344,2024-10-09,1,198.31,In-Store,198.31
11513,159,2760,2024-10-04,3,49.51,Online,49.51
11514,121,2931,2025-12-28,2,60.64,In-Store,60.64
11515,199,2500,2025-11-18,3,37.68,Online,37.68
11516,107,2381,2025-05-12,2,177.55,In-Store,177.55
11517,125,2190,2025-03-11,1,62.64,Online,62.64
11518,195,2392,2025-11-11,1,93.92,In-Store,93.92
11519,121,2090,2023-07-21,2,60.64,Online,60.64
11520,125,2377,2025-11-14,4,62.64,Online,62.64
11521,107,2333,2025-11-12,2,177.55,Online,177.55
11522,196,2686,2025-06-26,5,168.41,In-Store,168.41
11523,131,2217,2025-05-29,2,114.34,Online,114.34
11524,168,2655,2025-08-12,3,152.68,In-Store,152.68
11525,149,2411,2025-11-09,1,198.31,Online,198.31
11526,155,2795,2023-12-26,2,219.88,Online,219.88
11527,198,2314,2025-06-09,5,105.92,In-Store,105.92
11528,165,2411,2025-04-07,1,240.59,In-Store,240.59
11529,157,2033,2024-11-12,4,232.33,Online,232.33
11530,113,2587,2025-03-14,2,56.15,Online,56.15
11531,192,2730,2022-07-05,5,53.05,Online,53.05
11532,189,2831,2025-08-26,1,60.42,In-Store,60.42
11533,122,2115,2022-11-21,4,167.31,In-Store,167.31
11534,106,2039,2023-09-16,2,117.81,In-Store,117.81
11535,172,2290,2024-03-20,2,232.96,Online,232.96
11536,128,2196,2024-09-04,4,101.59,In-Store,101.59
11537,109,2928,2025-06-28,3,101.18,In-Store,101.18
11538,172,2753,2024-06-24,3,232.96,In-Store,232.96
11539,137,2775,2023-06-20,5,67.81,In-Store,67.81
11540,194,2918,2025-06-23,1,216.06,In-Store,216.06
11541,182,2573,2024-03-21,1,227.28,In-Store,227.28
11542,131,2773,2024-12-24,4,114.34,Online,114.34
11543,178,2771,2025-12-04,2,81.85,In-Store,81.85
11544,119,2728,2024-12-21,5,212.28,In-Store,212.28
11545,116,2282,2024-06-08,2,98.84,In-Store,98.84
11546,181,2183,2024-05-25,5,175.0,In-Store,175.0
11547,164,2412,2023-12-12,1,22.03,Online,22.03
11548,171,2106,2025-05-08,2,104.99,Online,104.99
11549,145,2834,2024-03-12,2,62.85,In-Store,62.85
11550,138,2351,2024-05-23,1,185.66,In-Store,185.66
11551,116,2344,2025-02-15,2,98.84,Online,98.84
11552,185,2825,2025-11-23,4,142.4,In-Store,142.4
11553,176,2303,2023-12-30,3,78.4,Online,78.4
11554,153,2294,2025-10-21,3,55.98,Online,55.98
11555,111,2046,2025-10-12,4,243.55,In-Store,243.55
11556,132,2170,2024-01-14,1,243.25,In-Store,243.25
11557,122,2547,2025-06-27,5,167.31,In-Store,167.31
11558,115,2326,2025-12-30,3,101.23,In-Store,101.23
11559,132,2024,2025-07-12,3,243.25,Online,243.25
11560,176,2021,2024-05-24,1,78.4,In-Store,78.4
11561,113,2353,2025-08-12,4,56.15,Online,56.15
11562,197,2017,2024-07-09,3,217.44,Online,217.44
11563,127,2650,2025-07-26,4,200.1,Online,200.1
11564,166,2097,2025-12-15,4,152.81,In-Store,152.81
11565,177,2906,2023-12-07,4,246.12,In-Store,246.12
11566,189,2829,2022-10-25,1,60.42,Online,60.42
11567,114,2214,2023-12-02,5,195.54,Online,195.54
11568,179,2093,2022-11-26,4,37.7,In-Store,37.7
11569,115,2605,2024-05-20,5,101.23,Online,101.23
11570,155,2328,2024-04-03,2,219.88,In-Store,219.88
11571,192,2360,2025-03-31,1,53.05,In-Store,53.05
11572,142,2744,2025-04-20,1,248.84,In-Store,248.84
11573,189,2553,2023-08-11,4,60.42,Online,60.42
11574,111,2229,2025-03-16,3,243.55,Online,243.55
11575,144,2946,2025-11-30,5,15.05,In-Store,15.05
11576,145,2761,2024-09-14,4,62.85,Online,62.85
11577,129,2782,2024-10-12,5,216.59,Online,216.59
11578,173,2047,2024-04-07,2,159.08,Online,159.08
11579,159,2456,2025-05-27,2,49.51,In-Store,49.51
11580,124,2720,2025-03-23,1,112.82,Online,112.82
11581,151,2771,2024-06-02,4,108.66,In-Store,108.66
11582,131,2395,2024-03-18,1,114.34,Online,114.34
11583,116,2063,2025-01-20,1,98.84,Online,98.84
11584,111,2846,2025-11-13,3,243.55,In-Store,243.55
11585,135,2893,2025-05-30,5,87.8,In-Store,87.8
11586,163,2471,2025-06-17,1,186.58,In-Store,186.58
11587,104,2424,2024-06-10,2,65.84,In-Store,65.84
11588,116,2757,2023-05-14,3,98.84,In-Store,98.84
11589,196,2505,2025-04-16,1,168.41,Online,168.41
11590,148,2418,2025-10-18,5,139.42,Online,139.42
11591,117,2629,2025-10-02,3,156.19,In-Store,156.19
11592,147,2234,2025-11-17,2,133.4,In-Store,133.4
11593,129,2527,2022-12-01,2,216.59,Online,216.59
11594,168,2324,2024-03-08,3,152.68,Online,152.68
11595,130,2406,2024-06-10,4,190.21,In-Store,190.21
11596,133,2044,2025-11-28,2,212.0,Online,212.0
11597,143,2896,2025-06-21,5,39.04,In-Store,39.04
11598,156,2312,2025-01-03,5,22.14,In-Store,22.14
11599,108,2290,2025-08-09,5,61.68,In-Store,61.68
11600,188,2027,2025-11-02,4,20.04,Online,20.04
11601,134,2697,2025-08-05,1,99.74,In-Store,99.74
11602,154,2852,2023-04-30,1,111.25,In-Store,111.25
11603,115,2045,2023-09-05,4,101.23,Online,101.23
11604,146,2423,2025-04-12,2,26.18,Online,26.18
11605,121,2811,2025-06-24,1,60.64,Online,60.64
11606,103,2854,2024-05-20,5,111.26,Online,111.26
11607,104,2732,2025-09-02,3,65.84,In-Store,65.84
11608,126,2141,2024-03-23,4,191.39,In-Store,191.39
11609,164,2648,2024-10-04,4,22.03,Online,22.03
11610,106,2720,2025-03-30,4,117.81,In-Store,117.81
11611,104,2047,2024-08-24,1,65.84,In-Store,65.84
11612,136,2468,2025-10-05,4,220.89,In-Store,220.89
11613,158,2472,2024-03-02,3,126.55,In-Store,126.55
11614,161,2943,2024-08-31,5,177.18,In-Store,177.18
11615,195,2685,2024-11-23,1,93.92,Online,93.92
11616,180,2133,2025-02-06,5,77.62,In-Store,77.62
11617,145,2722,2024-03-25,1,62.85,In-Store,62.85
11618,133,2876,2024-01-13,4,212.0,In-Store,212.0
11619,182,2410,2024-08-19,1,227.28,In-Store,227.28
11620,176,2375,2023-08-19,5,78.4,In-Store,78.4
11621,179,2451,2024-01-03,4,37.7,Online,37.7
11622,144,2142,2025-03-24,5,15.05,Online,15.05
11623,178,2627,2023-08-07,2,81.85,Online,81.85
11624,114,2490,2024-01-01,2,195.54,Online,195.54
11625,191,2718,2023-02-27,3,217.51,Online,217.51
11626,152,2652,2023-01-07,4,106.63,Online,106.63
11627,181,2266,2023-12-16,2,175.0,Online,175.0
11628,119,2447,2024-09-29,3,212.28,In-Store,212.28
11629,159,2537,2024-10-31,4,49.51,In-Store,49.51
11630,145,2399,2025-07-07,1,62.85,In-Store,62.85
11631,127,2030,2025-08-31,3,200.1,Online,200.1
11632,151,2786,2025-08-26,4,108.66,In-Store,108.66
11633,111,2500,2022-03-02,3,243.55,In-Store,243.55
11634,192,2127,2025-06-28,5,53.05,Online,53.05
11635,115,2810,2025-05-24,1,101.23,Online,101.23
11636,170,2402,2024-06-25,3,59.02,In-Store,59.02
11637,191,2711,2025-05-27,4,217.51,In-Store,217.51
11638,184,2388,2025-08-16,4,195.07,In-Store,195.07
11639,139,2899,2025-02-13,4,168.34,In-Store,168.34
11640,193,2447,2025-01-21,3,74.03,In-Store,74.03
11641,143,2941,2024-07-09,1,39.04,In-Store,39.04
11642,111,2291,2024-07-08,1,243.55,In-Store,243.55
11643,149,2238,2025-11-09,2,198.31,In-Store,198.31
11644,118,2047,2024-12-30,3,120.94,In-Store,120.94
11645,135,2616,2025-11-03,2,87.8,Online,87.8
11646,129,2158,2025-01-20,3,216.59,Online,216.59
11647,165,2455,2024-08-28,5,240.59,In-Store,240.59
11648,110,2511,2025-03-05,2,73.49,In-Store,73.49
11649,199,2176,2023-10-23,4,37.68,In-Store,37.68
11650,101,2281,2024-03-07,3,187.97,Online,187.97
11651,103,2475,2023-08-07,1,111.26,In-Store,111.26
11652,149,2674,2024-04-13,5,198.31,In-Store,198.31
11653,170,2227,2022-10-05,4,59.02,Online,59.02
11654,157,2626,2025-12-12,5,232.33,In-Store,232.33
11655,183,2520,2025-12-03,2,209.04,In-Store,209.04
11656,195,2464,2025-12-04,3,93.92,Online,93.92
11657,166,2365,2023-05-23,4,152.81,In-Store,152.81
11658,179,2707,2024-08-03,3,37.7,In-Store,37.7
11659,190,2015,2025-11-10,4,197.23,Online,197.23
11660,161,2137,2023-01-08,2,177.18,Online,177.18
11661,200,2997,2022-07-07,3,241.01,Online,241.01
11662,147,2249,2024-08-21,2,133.4,Online,133.4
11663,139,2003,2024-02-17,5,168.34,Online,168.34
11664,118,2856,2024-11-26,1,120.94,Online,120.94
11665,188,2273,2023-06-20,1,20.04,In-Store,20.04
11666,111,2865,2025-03-16,1,243.55,In-Store,243.55
11667,191,2768,2024-05-20,3,217.51,In-Store,217.51
11668,200,2063,2025-04-26,5,241.01,In-Store,241.01
11669,120,2726,2025-03-25,3,203.21,Online,203.21
11670,125,2026,2025-07-31,3,62.64,In-Store,62.64
11671,198,2033,2023-09-15,5,105.92,In-Store,105.92
11672,185,2537,2024-02-21,3,142.4,Online,142.4
11673,102,2675,2023-07-26,2,186.75,In-Store,186.75
11674,175,2175,2025-09-06,4,233.98,In-Store,233.98
11675,159,2814,2024-02-15,4,49.51,Online,49.51
11676,197,2635,2024-10-28,1,217.44,In-Store,217.44
11677,123,2552,2024-03-13,5,73.57,In-Store,73.57
11678,144,2328,2023-04-22,2,15.05,In-Store,15.05
11679,101,2143,2024-11-03,4,187.97,In-Store,187.97
11680,101,2900,2025-08-09,4,187.97,Online,187.97
11681,143,2988,2025-01-31,2,39.04,In-Store,39.04
11682,103,2652,2025-12-13,4,111.26,In-Store,111.26
11683,173,2742,2022-10-08,4,159.08,Online,159.08
11684,123,2243,2025-02-28,4,73.57,Online,73.57
11685,140,2699,2023-11-19,5,136.64,Online,136.64
11686,130,2763,2025-02-06,2,190.21,In-Store,190.21
11687,192,2821,2024-05-21,5,53.05,In-Store,53.05
11688,164,2850,2025-10-01,4,22.03,In-Store,22.03
11689,194,2389,2025-09-02,2,216.06,Online,216.06
11690,140,2685,2024-10-17,5,136.64,In-Store,136.64
11691,173,2157,2023-05-02,4,159.08,In-Store,159.08
11692,114,2008,2024-08-13,4,195.54,In-Store,195.54
11693,168,2345,2024-05-24,4,152.68,In-Store,152.68
11694,146,2040,2024-10-26,5,26.18,Online,26.18
11695,159,2389,2023-12-14,1,49.51,Online,49.51
11696,104,2700,2025-11-13,1,65.84,Online,65.84
11697,139,2667,2024-04-15,2,168.34,Online,168.34
11698,172,2906,2023-10-09,5,232.96,In-Store,232.96
11699,179,2311,2023-03-08,1,37.7,Online,37.7
11700,187,2363,2024-05-28,3,149.8,Online,149.8
11701,196,2145,2025-10-01,1,168.41,In-Store,168.41
11702,108,2161,2025-04-18,4,61.68,Online,61.68
11703,192,2617,2024-12-14,3,53.05,In-Store,53.05
11704,191,2730,2023-06-16,2,217.51,Online,217.51
11705,122,2454,2023-07-27,4,167.31,In-Store,167.31
11706,130,2906,2025-02-06,4,190.21,Online,190.21
11707,181,2371,2025-09-20,2,175.0,Online,175.0
11708,189,2677,2025-12-12,3,60.42,Online,60.42
11709,165,2839,2025-05-21,2,240.59,In-Store,240.59
11710,143,2137,2023-11-14,2,39.04,In-Store,39.04
11711,134,2693,2024-09-22,3,99.74,Online,99.74
11712,171,2861,2025-10-25,5,104.99,Online,104.99
11713,188,2603,2023-09-14,1,20.04,Online,20.04
11714,148,2492,2024-07-10,4,139.42,In-Store,139.42
11715,149,2194,2023-12-19,5,198.31,In-Store,198.31
11716,134,2719,2023-07-05,3,99.74,Online,99.74
11717,138,2083,2023-06-04,2,185.66,In-Store,185.66
11718,155,2249,2025-12-19,3,219.88,Online,219.88
11719,137,2121,2024-07-12,1,67.81,In-Store,67.81
11720,113,2306,2025-04-20,3,56.15,Online,56.15
11721,114,2419,2025-09-24,2,195.54,Online,195.54
11722,106,2737,2024-11-12,5,117.81,Online,117.81
11723,145,2418,2025-10-26,5,62.85,In-Store,62.85
11724,117,2377,2022-11-12,2,156.19,In-Store,156.19
11725,161,2903,2024-01-02,1,177.18,In-Store,177.18
11726,170,2553,2025-09-15,2,59.02,Online,59.02
11727,162,2305,2023-05-26,5,55.58,Online,55.58
11728,129,2245,2025-08-31,4,216.59,Online,216.59
11729,153,2210,2025-11-23,5,55.98,Online,55.98
11730,115,2867,2024-05-27,3,101.23,Online,101.23
11731,114,2540,2023-09-01,4,195.54,In-Store,195.54
11732,165,2365,2024-04-12,4,240.59,In-Store,240.59
11733,105,2676,2025-07-25,3,57.72,In-Store,57.72
11734,147,2782,2024-10-21,4,133.4,Online,133.4
11735,186,2815,2024-06-19,2,28.06,In-Store,28.06
11736,144,2283,2025-03-02,4,15.05,Online,15.05
11737,137,2588,2024-09-02,3,67.81,In-Store,67.81
11738,186,2789,2025-01-28,1,28.06,In-Store,28.06
11739,153,2678,2025-10-23,1,55.98,Online,55.98
11740,105,2168,2025-06-20,4,57.72,In-Store,57.72
11741,188,2842,2024-05-14,3,20.04,Online,20.04
11742,198,2595,2025-10-04,2,105.92,Online,105.92
11743,166,2195,2025-12-13,3,152.81,Online,152.81
11744,190,2058,2025-05-26,1,197.23,Online,197.23
11745,119,2442,2024-10-23,3,212.28,Online,212.28
11746,116,2171,2025-10-24,1,98.84,Online,98.84
11747,113,2518,2025-09-28,3,56.15,Online,56.15
11748,168,2227,2023-12-07,5,152.68,Online,152.68
11749,149,2966,2025-05-09,2,198.31,In-Store,198.31
11750,113,2275,2025-07-18,5,56.15,In-Store,56.15
11751,132,2568,2025-08-11,2,243.25,In-Store,243.25
11752,188,2774,2025-05-04,4,20.04,Online,20.04
11753,160,2113,2023-08-28,5,232.36,Online,232.36
11754,196,2192,2025-10-07,2,168.41,Online,168.41
11755,127,2183,2024-07-08,4,200.1,Online,200.1
11756,178,2788,2025-09-06,5,81.85,Online,81.85
11757,141,2742,2023-03-21,4,232.94,In-Store,232.94
11758,118,2473,2025-07-12,2,120.94,In-Store,120.94
11759,101,2294,2025-01-29,4,187.97,Online,187.97
11760,125,2522,2024-01-21,2,62.64,Online,62.64
11761,133,2275,2025-11-19,1,212.0,In-Store,212.0
11762,183,2925,2025-12-24,2,209.04,Online,209.04
11763,176,2387,2024-12-15,4,78.4,In-Store,78.4
11764,142,2870,2024-08-01,1,248.84,Online,248.84
11765,148,2116,2025-07-09,3,139.42,In-Store,139.42
11766,189,2913,2023-09-26,4,60.42,In-Store,60.42
11767,174,2889,2025-11-14,2,139.03,In-Store,139.03
11768,161,2754,2025-04-15,3,177.18,In-Store,177.18
11769,144,2269,2023-08-10,2,15.05,In-Store,15.05
11770,198,2896,2025-06-21,1,105.92,In-Store,105.92
11771,165,2394,2022-12-30,2,240.59,Online,240.59
11772,176,2645,2025-12-02,1,78.4,In-Store,78.4
11773,113,2616,2025-01-03,2,56.15,Online,56.15
11774,185,2441,2025-03-23,4,142.4,Online,142.4
11775,121,2589,2025-03-18,2,60.64,In-Store,60.64
11776,138,2502,2024-10-23,1,185.66,In-Store,185.66
11777,122,2741,2025-11-01,5,167.31,In-Store,167.31
11778,159,2106,2025-11-23,1,49.51,Online,49.51
11779,197,2490,2025-02-11,2,217.44,Online,217.44
11780,154,2882,2025-06-23,3,111.25,Online,111.25
11781,115,2833,2023-08-07,1,101.23,Online,101.23
11782,168,2185,2025-11-16,1,152.68,Online,152.68
11783,102,2358,2025-01-29,2,186.75,Online,186.75
11784,159,2303,2024-10-29,5,49.51,In-Store,49.51
11785,197,2454,2025-02-10,4,217.44,In-Store,217.44
11786,156,2994,2024-12-03,3,22.14,In-Store,22.14
11787,112,2693,2025-05-27,5,80.36,In-Store,80.36
11788,101,2733,2023-04-02,4,187.97,Online,187.97
11789,181,2151,2025-05-29,3,175.0,In-Store,175.0
11790,193,2407,2025-10-20,1,74.03,Online,74.03
11791,131,2631,2023-10-14,3,114.34,In-Store,114.34
11792,138,2980,2025-07-24,2,185.66,Online,185.66
11793,161,2101,2024-03-19,3,177.18,In-Store,177.18
11794,164,2244,2024-02-26,4,22.03,In-Store,22.03
11795,141,2565,2023-03-05,3,232.94,In-Store,232.94
11796,115,2537,2025-12-12,4,101.23,Online,101.23
11797,115,2815,2024-03-03,1,101.23,In-Store,101.23
11798,103,2194,2023-12-18,4,111.26,Online,111.26
11799,179,2162,2024-09-27,1,37.7,In-Store,37.7
11800,165,2144,2024-02-09,4,240.59,In-Store,240.59
11801,130,2033,2025-01-04,3,190.21,In-Store,190.21
11802,163,2719,2025-06-06,3,186.58,In-Store,186.58
11803,140,2313,2022-07-16,1,136.64,Online,136.64
11804,167,2830,2023-05-27,4,235.98,In-Store,235.98
11805,178,2184,2023-04-14,2,81.85,In-Store,81.85
11806,197,2042,2025-12-13,3,217.44,In-Store,217.44
11807,117,2446,2023-06-20,1,156.19,Online,156.19
11808,120,2111,2025-11-09,2,203.21,Online,203.21
11809,200,2701,2023-07-02,3,241.01,Online,241.01
11810,196,2062,2025-11-11,3,168.41,In-Store,168.41
11811,124,2033,2024-10-28,4,112.82,In-Store,112.82
11812,172,2820,2023-06-28,4,232.96,Online,232.96
11813,158,2618,2025-02-15,4,126.55,In-Store,126.55
11814,163,2991,2025-02-07,1,186.58,In-Store,186.58
11815,118,2143,2024-01-22,3,120.94,Online,120.94
11816,165,2690,2025-08-09,3,240.59,Online,240.59
11817,152,2898,2023-07-05,2,106.63,In-Store,106.63
11818,200,2460,2024-06-21,5,241.01,Online,241.01
11819,167,2471,2024-06-06,4,235.98,Online,235.98
11820,188,2419,2024-07-20,5,20.04,Online,20.04
11821,158,2866,2024-06-05,1,126.55,Online,126.55
11822,138,2159,2024-05-04,2,185.66,In-Store,185.66
11823,110,2389,2025-07-31,2,73.49,Online,73.49
11824,173,2092,2024-12-01,5,159.08,In-Store,159.08
11825,111,2144,2023-11-24,1,243.55,In-Store,243.55
11826,196,2117,2025-06-07,4,168.41,Online,168.41
11827,109,2008,2025-11-07,3,101.18,Online,101.18
11828,173,2574,2025-08-16,4,159.08,In-Store,159.08
11829,171,2052,2023-05-03,5,104.99,Online,104.99
11830,170,2603,2025-03-18,4,59.02,Online,59.02
11831,191,2940,2025-04-25,4,217.51,In-Store,217.51
11832,192,2370,2025-10-11,5,53.05,Online,53.05
11833,122,2428,2023-12-31,4,167.31,Online,167.31
11834,137,2298,2024-10-02,3,67.81,In-Store,67.81
11835,177,2743,2025-01-16,4,246.12,In-Store,246.12
11836,138,2700,2025-05-07,5,185.66,Online,185.66
11837,195,2564,2024-12-21,1,93.92,In-Store,93.92
11838,148,2655,2025-01-26,5,139.42,In-Store,139.42
11839,148,2066,2025-08-19,2,139.42,In-Store,139.42
11840,174,2107,2023-03-15,5,139.03,In-Store,139.03
11841,124,2584,2024-05-26,5,112.82,Online,112.82
11842,137,2289,2024-10-31,4,67.81,Online,67.81
11843,188,2033,2025-07-08,2,20.04,In-Store,20.04
11844,134,2993,2024-10-22,5,99.74,Online,99.74
11845,172,2843,2024-01-25,2,232.96,In-Store,232.96
11846,189,2359,2025-04-23,2,60.42,In-Store,60.42
11847,184,2105,2024-04-20,3,195.07,In-Store,195.07
11848,102,2565,2025-11-02,5,186.75,Online,186.75
11849,160,2651,2025-06-03,1,232.36,In-Store,232.36
11850,153,2147,2025-06-12,2,55.98,Online,55.98
11851,154,2951,2023-11-07,3,111.25,In-Store,111.25
11852,198,2905,2025-06-05,4,105.92,In-Store,105.92
11853,166,2950,2023-08-11,1,152.81,In-Store,152.81
11854,151,2482,2024-04-22,3,108.66,In-Store,108.66
11855,159,2644,2024-06-03,5,49.51,Online,49.51
11856,154,2916,2025-08-17,5,111.25,In-Store,111.25
11857,154,2032,2024-04-06,5,111.25,In-Store,111.25
11858,163,2293,2025-09-15,5,186.58,In-Store,186.58
11859,123,2805,2023-09-29,3,73.57,In-Store,73.57
11860,140,2337,2024-05-29,1,136.64,Online,136.64
11861,172,2351,2024-08-05,1,232.96,In-Store,232.96
11862,131,2053,2024-12-07,4,114.34,Online,114.34
11863,111,2626,2023-11-25,3,243.55,In-Store,243.55
11864,175,2573,2023-05-31,5,233.98,Online,233.98
11865,131,2149,2025-02-15,1,114.34,Online,114.34
11866,174,2177,2025-08-06,1,139.03,Online,139.03
11867,153,2851,2025-08-16,5,55.98,Online,55.98
11868,107,2016,2023-12-23,4,177.55,In-Store,177.55
11869,194,2937,2025-01-27,1,216.06,Online,216.06
11870,103,2791,2025-07-20,2,111.26,In-Store,111.26
11871,122,2173,2024-10-24,5,167.31,Online,167.31
11872,181,2530,2025-07-01,5,175.0,Online,175.0
11873,135,2947,2025-01-22,2,87.8,Online,87.8
11874,111,2722,2025-12-23,1,243.55,Online,243.55
11875,200,2703,2024-12-11,2,241.01,Online,241.01
11876,139,2868,2025-05-12,3,168.34,Online,168.34
11877,151,2704,2022-08-24,1,108.66,Online,108.66
11878,160,2786,2025-01-09,5,232.36,Online,232.36
11879,168,2816,2024-10-30,2,152.68,Online,152.68
11880,139,2404,2022-09-10,2,168.34,Online,168.34
11881,179,2569,2025-01-17,2,37.7,Online,37.7
11882,198,2238,2024-11-16,1,105.92,Online,105.92
11883,198,2566,2023-11-25,2,105.92,In-Store,105.92
11884,119,2367,2024-08-17,2,212.28,Online,212.28
11885,119,2624,2023-01-23,5,212.28,In-Store,212.28
11886,199,2121,2025-04-20,2,37.68,Online,37.68
11887,107,2523,2023-09-13,2,177.55,In-Store,177.55
11888,157,2694,2025-10-14,1,232.33,Online,232.33
11889,122,2309,2024-12-15,4,167.31,In-Store,167.31
11890,111,2334,2025-12-10,3,243.55,In-Store,243.55
11891,182,2724,2023-01-23,1,227.28,Online,227.28
11892,192,2171,2025-12-12,1,53.05,Online,53.05
11893,128,2995,2025-08-15,4,101.59,In-Store,101.59
11894,129,2502,2025-10-01,2,216.59,Online,216.59
11895,102,2352,2024-06-25,3,186.75,Online,186.75
11896,197,2555,2024-02-01,2,217.44,In-Store,217.44
11897,106,2675,2022-08-26,3,117.81,Online,117.81
11898,174,2158,2024-07-22,3,139.03,In-Store,139.03
11899,112,2526,2024-07-20,4,80.36,Online,80.36
11900,166,2419,2024-05-14,4,152.81,Online,152.81
11901,177,2566,2025-09-06,5,246.12,In-Store,246.12
11902,102,2703,2022-11-05,2,186.75,In-Store,186.75
11903,145,2239,2023-08-31,5,62.85,Online,62.85
11904,132,2022,2023-01-05,3,243.25,Online,243.25
11905,157,2149,2024-08-06,5,232.33,Online,232.33
11906,191,2903,2025-02-01,5,217.51,Online,217.51
11907,177,2527,2025-09-18,2,246.12,In-Store,246.12
11908,148,2874,2025-07-03,5,139.42,Online,139.42
11909,151,2491,2023-09-22,2,108.66,Online,108.66
11910,173,2072,2024-04-21,4,159.08,Online,159.08
11911,146,2602,2023-04-06,3,26.18,Online,26.18
11912,148,2425,2024-03-05,3,139.42,Online,139.42
11913,187,2187,2025-10-03,2,149.8,Online,149.8
11914,102,2997,2025-11-08,3,186.75,Online,186.75
11915,200,2742,2024-11-30,4,241.01,Online,241.01
11916,178,2672,2025-05-02,2,81.85,Online,81.85
11917,176,2571,2024-09-06,1,78.4,Online,78.4
11918,113,2187,2023-04-27,1,56.15,In-Store,56.15
11919,154,2936,2025-05-13,5,111.25,In-Store,111.25
11920,125,2211,2025-05-14,3,62.64,Online,62.64
11921,156,2086,2024-04-17,2,22.14,In-Store,22.14
11922,148,2622,2025-08-12,1,139.42,Online,139.42
11923,188,2005,2024-08-26,4,20.04,In-Store,20.04
11924,103,2245,2025-10-08,1,111.26,Online,111.26
11925,127,2104,2025-10-05,4,200.1,In-Store,200.1
11926,165,2499,2025-09-21,4,240.59,Online,240.59
11927,196,2185,2025-11-26,1,168.41,Online,168.41
11928,107,2781,2024-11-17,1,177.55,In-Store,177.55
11929,153,2361,2025-01-19,5,55.98,In-Store,55.98
11930,163,2265,2024-09-30,2,186.58,In-Store,186.58
11931,174,2013,2025-08-26,2,139.03,Online,139.03
11932,138,2160,2024-11-22,2,185.66,Online,185.66
11933,124,2794,2025-11-25,5,112.82,In-Store,112.82
11934,192,2089,2022-10-10,4,53.05,In-Store,53.05
11935,103,2106,2025-02-16,1,111.26,In-Store,111.26
11936,160,2182,2025-04-30,1,232.36,In-Store,232.36
11937,157,2623,2023-08-27,1,232.33,In-Store,232.33
11938,196,2585,2022-06-27,1,168.41,In-Store,168.41
11939,166,2330,2022-08-20,4,152.81,In-Store,152.81
11940,105,2343,2023-12-30,1,57.72,In-Store,57.72
11941,200,2355,2025-11-04,3,241.01,Online,241.01
11942,149,2789,2025-01-18,3,198.31,In-Store,198.31
11943,137,2453,2025-01-10,4,67.81,Online,67.81
11944,145,2634,2023-08-28,4,62.85,In-Store,62.85
11945,156,2415,2025-07-15,4,22.14,In-Store,22.14
11946,102,2689,2022-10-15,1,186.75,Online,186.75
11947,140,2044,2025-01-10,4,136.64,In-Store,136.64
11948,136,2116,2024-04-10,3,220.89,Online,220.89
11949,193,2882,2024-11-29,5,74.03,Online,74.03
11950,111,2993,2024-06-25,3,243.55,Online,243.55
11951,141,2472,2024-05-21,4,232.94,Online,232.94
11952,185,2954,2024-11-24,2,142.4,In-Store,142.4
11953,151,2169,2025-06-28,5,108.66,In-Store,108.66
11954,165,2228,2024-02-10,2,240.59,Online,240.59
11955,199,2456,2025-12-08,1,37.68,Online,37.68
11956,169,2272,2025-10-23,5,167.77,Online,167.77
11957,141,2703,2023-07-08,1,232.94,In-Store,232.94
11958,125,2711,2024-06-21,1,62.64,Online,62.64
11959,162,2375,2023-07-03,2,55.58,In-Store,55.58
11960,179,2042,2023-12-18,4,37.7,Online,37.7
11961,187,2385,2025-01-03,5,149.8,Online,149.8
11962,118,2727,2024-04-15,5,120.94,Online,120.94
11963,114,2468,2025-02-14,1,195.54,Online,195.54
11964,110,2326,2025-05-31,1,73.49,In-Store,73.49
11965,150,2956,2024-07-06,1,33.26,Online,33.26
11966,102,2555,2025-04-03,4,186.75,In-Store,186.75
11967,189,2607,2025-10-25,4,60.42,Online,60.42
11968,102,2981,2022-08-06,4,186.75,Online,186.75
11969,152,2312,2024-10-11,3,106.63,In-Store,106.63
11970,154,2551,2025-01-24,5,111.25,In-Store,111.25
11971,165,2660,2024-11-26,5,240.59,In-Store,240.59
11972,136,2721,2024-12-30,1,220.89,Online,220.89
11973,195,2059,2025-11-13,3,93.92,Online,93.92
11974,194,2675,2024-07-11,5,216.06,Online,216.06
11975,119,2263,2024-05-15,3,212.28,Online,212.28
11976,139,2542,2023-09-17,5,168.34,Online,168.34
11977,124,2456,2023-02-13,1,112.82,Online,112.82
11978,167,2989,2025-09-30,3,235.98,In-Store,235.98
11979,173,2739,2024-09-19,4,159.08,In-Store,159.08
11980,184,2005,2025-09-20,4,195.07,In-Store,195.07
11981,134,2577,2024-04-30,5,99.74,In-Store,99.74
11982,151,2458,2024-02-29,3,108.66,In-Store,108.66
11983,144,2212,2023-02-20,1,15.05,In-Store,15.05
11984,160,2839,2024-09-15,5,232.36,Online,232.36
11985,147,2523,2023-08-07,4,133.4,In-Store,133.4
11986,188,2069,2024-06-03,3,20.04,Online,20.04
11987,193,2529,2025-02-26,4,74.03,Online,74.03
11988,179,2034,2023-07-31,2,37.7,Online,37.7
11989,200,2313,2025-07-31,1,241.01,In-Store,241.01
11990,182,2260,2024-03-13,2,227.28,In-Store,227.28
11991,172,2322,2024-07-24,5,232.96,Online,232.96
11992,191,2994,2025-07-15,4,217.51,Online,217.51
11993,102,2827,2024-03-22,2,186.75,Online,186.75
11994,176,2894,2023-10-01,5,78.4,In-Store,78.4
11995,184,2061,2025-11-17,5,195.07,Online,195.07
11996,165,2006,2025-04-01,3,240.59,In-Store,240.59
11997,148,2232,2023-08-28,3,139.42,In-Store,139.42
11998,141,2837,2024-12-08,4,232.94,Online,232.94
11999,176,2565,2023-11-16,2,78.4,In-Store,78.4
12000,185,2999,2025-08-22,1,142.4,Online,142.4
12001,142,2144,2025-10-07,3,248.84,Online,248.84
12002,181,2339,2025-10-15,2,175.0,In-Store,175.0
12003,126,2265,2025-11-23,4,191.39,Online,191.39
12004,158,2124,2025-06-01,5,126.55,In-Store,126.55
12005,145,2446,2024-11-01,3,62.85,In-Store,62.85
12006,114,2993,2024-03-03,2,195.54,In-Store,195.54
12007,174,2714,2024-03-01,5,139.03,Online,139.03
12008,190,2682,2025-06-21,4,197.23,In-Store,197.23
12009,105,2233,2023-06-03,2,57.72,Online,57.72
12010,143,2194,2025-04-23,5,39.04,In-Store,39.04
12011,152,2771,2025-04-03,4,106.63,In-Store,106.63
12012,138,2424,2024-04-02,2,185.66,In-Store,185.66
12013,110,2530,2024-12-17,3,73.49,Online,73.49
12014,161,2032,2024-06-13,3,177.18,Online,177.18
12015,200,2157,2024-10-01,2,241.01,Online,241.01
12016,167,2003,2023-08-26,4,235.98,In-Store,235.98
12017,153,2468,2024-03-04,2,55.98,In-Store,55.98
12018,177,2233,2023-01-07,1,246.12,In-Store,246.12
12019,164,2217,2025-11-21,2,22.03,Online,22.03
12020,135,2489,2024-10-11,4,87.8,Online,87.8
12021,114,2203,2025-04-07,3,195.54,Online,195.54
12022,189,2288,2025-04-03,2,60.42,In-Store,60.42
12023,169,2384,2025-01-21,5,167.77,In-Store,167.77
12024,139,2649,2023-01-27,2,168.34,Online,168.34
12025,197,2888,2025-01-05,4,217.44,Online,217.44
12026,176,2966,2024-12-03,3,78.4,In-Store,78.4
12027,166,2236,2025-05-10,3,152.81,Online,152.81
12028,185,2991,2024-07-03,2,142.4,In-Store,142.4
12029,122,2351,2024-03-15,2,167.31,Online,167.31
12030,164,2933,2023-06-28,1,22.03,In-Store,22.03
12031,112,2609,2025-06-20,3,80.36,In-Store,80.36
12032,183,2757,2023-12-29,5,209.04,In-Store,209.04
12033,155,2717,2025-08-05,3,219.88,Online,219.88
12034,188,2344,2024-03-24,5,20.04,In-Store,20.04
12035,124,2189,2024-08-01,3,112.82,In-Store,112.82
12036,193,2613,2024-08-28,5,74.03,Online,74.03
12037,171,2521,2025-12-13,3,104.99,Online,104.99
12038,178,2527,2023-07-25,5,81.85,Online,81.85
12039,140,2018,2023-10-21,4,136.64,In-Store,136.64
12040,178,2202,2025-08-10,5,81.85,Online,81.85
12041,177,2469,2025-03-29,4,246.12,In-Store,246.12
12042,168,2377,2023-09-22,5,152.68,In-Store,152.68
12043,152,2726,2025-01-09,3,106.63,In-Store,106.63
12044,122,2279,2025-02-28,3,167.31,Online,167.31
12045,104,2424,2025-08-12,5,65.84,In-Store,65.84
12046,117,2943,2024-08-31,5,156.19,Online,156.19
12047,121,2504,2025-05-11,2,60.64,Online,60.64
12048,122,2664,2022-09-04,4,167.31,In-Store,167.31
12049,145,2867,2024-01-29,3,62.85,In-Store,62.85
12050,173,2584,2022-12-11,5,159.08,Online,159.08
12051,140,2923,2025-03-08,4,136.64,Online,136.64
12052,112,2942,2025-11-27,2,80.36,Online,80.36
12053,119,2015,2025-02-16,4,212.28,Online,212.28
12054,168,2330,2023-12-09,3,152.68,Online,152.68
12055,137,2236,2024-12-14,1,67.81,Online,67.81
12056,191,2590,2024-10-30,3,217.51,In-Store,217.51
12057,124,2729,2025-04-01,2,112.82,In-Store,112.82
12058,105,2972,2024-11-22,4,57.72,Online,57.72
12059,102,2945,2024-05-22,2,186.75,Online,186.75
12060,136,2723,2024-09-27,3,220.89,In-Store,220.89
12061,128,2285,2022-07-19,4,101.59,In-Store,101.59
12062,196,2184,2025-09-25,4,168.41,Online,168.41
12063,197,2065,2023-01-03,4,217.44,In-Store,217.44
12064,135,2394,2023-07-13,4,87.8,In-Store,87.8
12065,148,2094,2025-10-08,1,139.42,Online,139.42
12066,147,2834,2025-07-28,1,133.4,In-Store,133.4
12067,199,2915,2022-12-23,4,37.68,In-Store,37.68
12068,181,2003,2023-02-12,4,175.0,Online,175.0
12069,160,2666,2025-10-22,3,232.36,In-Store,232.36
12070,105,2907,2023-06-30,3,57.72,Online,57.72
12071,153,2948,2024-08-01,1,55.98,Online,55.98
12072,187,2383,2024-10-21,1,149.8,Online,149.8
12073,143,2310,2024-03-10,1,39.04,In-Store,39.04
12074,189,2941,2023-07-17,1,60.42,In-Store,60.42
12075,195,2322,2022-04-28,2,93.92,In-Store,93.92
12076,187,2621,2024-03-18,5,149.8,In-Store,149.8
12077,175,2526,2025-11-29,5,233.98,Online,233.98
12078,106,2068,2025-04-18,2,117.81,Online,117.81
12079,115,2087,2023-12-22,1,101.23,In-Store,101.23
12080,158,2742,2022-11-01,3,126.55,In-Store,126.55
12081,174,2619,2024-11-26,3,139.03,Online,139.03
12082,174,2148,2024-10-18,5,139.03,In-Store,139.03
12083,153,2142,2025-07-27,5,55.98,In-Store,55.98
12084,109,2659,2024-10-20,3,101.18,Online,101.18
12085,151,2970,2023-11-08,1,108.66,Online,108.66
12086,126,2683,2025-04-10,1,191.39,In-Store,191.39
12087,192,2402,2025-09-15,3,53.05,Online,53.05
12088,153,2786,2025-01-26,4,55.98,Online,55.98
12089,117,2936,2025-11-08,4,156.19,Online,156.19
12090,112,2867,2025-02-10,2,80.36,Online,80.36
12091,177,2471,2025-10-16,5,246.12,In-Store,246.12
12092,127,2425,2023-11-13,3,200.1,In-Store,200.1
12093,193,2013,2024-11-19,5,74.03,In-Store,74.03
12094,130,2417,2025-08-22,5,190.21,In-Store,190.21
12095,186,2831,2025-09-18,3,28.06,In-Store,28.06
12096,193,2917,2025-06-17,2,74.03,In-Store,74.03
12097,125,2522,2025-11-08,5,62.64,Online,62.64
12098,120,2487,2024-01-11,1,203.21,In-Store,203.21
12099,157,2052,2023-12-27,4,232.33,In-Store,232.33
12100,169,2481,2025-09-06,4,167.77,Online,167.77
12101,103,2965,2025-04-02,4,111.26,In-Store,111.26
12102,119,2939,2022-03-14,4,212.28,In-Store,212.28
12103,177,2509,2025-10-31,1,246.12,Online,246.12
12104,115,2199,2025-02-09,5,101.23,Online,101.23
12105,112,2233,2024-03-19,5,80.36,Online,80.36
12106,134,2561,2024-01-06,1,99.74,In-Store,99.74
12107,127,2317,2025-12-17,2,200.1,Online,200.1
12108,151,2538,2024-01-16,3,108.66,In-Store,108.66
12109,190,2547,2025-09-30,1,197.23,Online,197.23
12110,117,2900,2025-02-12,3,156.19,In-Store,156.19
12111,174,2254,2025-10-11,4,139.03,In-Store,139.03
12112,130,2771,2025-05-29,1,190.21,In-Store,190.21
12113,162,2682,2025-03-03,3,55.58,In-Store,55.58
12114,151,2014,2025-10-15,4,108.66,Online,108.66
12115,152,2611,2024-12-06,3,106.63,Online,106.63
12116,130,2654,2025-11-08,2,190.21,Online,190.21
12117,193,2491,2023-05-20,1,74.03,In-Store,74.03
12118,162,2038,2024-06-30,4,55.58,Online,55.58
12119,176,2769,2025-12-29,2,78.4,In-Store,78.4
12120,195,2581,2024-06-26,3,93.92,Online,93.92
12121,119,2803,2025-05-21,1,212.28,Online,212.28
12122,199,2912,2023-12-15,3,37.68,In-Store,37.68
12123,115,2601,2024-05-16,5,101.23,In-Store,101.23
12124,115,2234,2025-01-10,3,101.23,In-Store,101.23
12125,136,2524,2024-04-24,2,220.89,In-Store,220.89
12126,200,2753,2024-01-05,3,241.01,Online,241.01
12127,141,2712,2025-08-09,4,232.94,In-Store,232.94
12128,168,2458,2023-11-27,4,152.68,In-Store,152.68
12129,169,2202,2025-04-01,3,167.77,In-Store,167.77
12130,187,2652,2024-03-10,4,149.8,In-Store,149.8
12131,170,2127,2025-09-09,3,59.02,Online,59.02
12132,186,2008,2025-03-20,1,28.06,Online,28.06
12133,200,2691,2023-09-30,3,241.01,In-Store,241.01
12134,135,2408,2025-05-17,4,87.8,Online,87.8
12135,195,2096,2023-12-08,4,93.92,In-Store,93.92
12136,177,2427,2025-11-05,2,246.12,Online,246.12
12137,163,2233,2025-05-18,5,186.58,Online,186.58
12138,119,2675,2025-07-01,3,212.28,In-Store,212.28
12139,183,2280,2024-12-26,2,209.04,Online,209.04
12140,152,2959,2025-10-03,4,106.63,In-Store,106.63
12141,118,2102,2024-01-22,5,120.94,Online,120.94
12142,129,2225,2024-12-05,1,216.59,Online,216.59
12143,138,2423,2025-10-27,5,185.66,In-Store,185.66
12144,192,2447,2024-09-08,1,53.05,In-Store,53.05
12145,145,2518,2023-04-07,1,62.85,In-Store,62.85
12146,156,2017,2025-06-12,1,22.14,In-Store,22.14
12147,175,2454,2024-11-26,1,233.98,Online,233.98
12148,133,2695,2024-02-28,2,212.0,In-Store,212.0
12149,181,2214,2025-07-09,3,175.0,In-Store,175.0
12150,194,2647,2024-07-07,2,216.06,In-Store,216.06
12151,176,2406,2023-12-12,2,78.4,In-Store,78.4
12152,173,2817,2024-12-30,2,159.08,In-Store,159.08
12153,134,2165,2023-11-18,5,99.74,In-Store,99.74
12154,128,2277,2024-11-13,1,101.59,In-Store,101.59
12155,140,2638,2024-07-17,4,136.64,Online,136.64
12156,118,2390,2023-01-25,3,120.94,Online,120.94
12157,128,2707,2025-08-18,3,101.59,Online,101.59
12158,146,2083,2023-03-16,4,26.18,Online,26.18
12159,182,2106,2025-02-12,3,227.28,In-Store,227.28
12160,114,2470,2022-12-18,1,195.54,In-Store,195.54
12161,131,2752,2025-06-30,4,114.34,Online,114.34
12162,175,2268,2025-02-28,2,233.98,Online,233.98
12163,181,2999,2025-02-19,3,175.0,Online,175.0
12164,112,2552,2024-04-20,5,80.36,Online,80.36
12165,138,2753,2024-05-16,1,185.66,Online,185.66
12166,131,2987,2025-11-19,1,114.34,In-Store,114.34
12167,186,2093,2022-07-23,2,28.06,Online,28.06
12168,170,2406,2025-10-27,2,59.02,Online,59.02
12169,133,2782,2024-12-25,3,212.0,In-Store,212.0
12170,193,2760,2024-02-06,1,74.03,In-Store,74.03
12171,128,2305,2024-01-12,4,101.59,In-Store,101.59
12172,137,2613,2024-02-22,2,67.81,Online,67.81
12173,175,2453,2025-10-26,5,233.98,Online,233.98
12174,187,2694,2022-11-20,2,149.8,In-Store,149.8
12175,112,2075,2025-11-27,5,80.36,Online,80.36
12176,102,2075,2025-05-27,2,186.75,Online,186.75
12177,159,2993,2022-11-08,5,49.51,Online,49.51
12178,179,2707,2025-05-12,4,37.7,In-Store,37.7
12179,148,2235,2025-02-23,4,139.42,In-Store,139.42
12180,167,2402,2024-08-18,2,235.98,In-Store,235.98
12181,136,2139,2024-07-04,4,220.89,In-Store,220.89
12182,167,2619,2025-02-21,3,235.98,In-Store,235.98
12183,102,2534,2023-12-06,3,186.75,Online,186.75
12184,112,2644,2024-10-05,3,80.36,Online,80.36
12185,137,2770,2024-10-30,3,67.81,Online,67.81
12186,118,2812,2024-08-27,1,120.94,Online,120.94
12187,114,2839,2025-12-01,1,195.54,Online,195.54
12188,130,2996,2025-08-19,5,190.21,Online,190.21
12189,169,2840,2025-06-11,3,167.77,In-Store,167.77
12190,194,2900,2023-04-18,2,216.06,Online,216.06
12191,101,2637,2025-07-01,5,187.97,Online,187.97
12192,149,2882,2024-07-01,2,198.31,Online,198.31
12193,172,2095,2025-12-16,1,232.96,Online,232.96
12194,188,2631,2024-03-17,1,20.04,In-Store,20.04
12195,162,2442,2025-08-19,5,55.58,In-Store,55.58
12196,121,2696,2024-08-14,1,60.64,In-Store,60.64
12197,120,2352,2023-09-21,2,203.21,In-Store,203.21
12198,102,2918,2024-07-26,1,186.75,In-Store,186.75
12199,200,2096,2024-02-03,4,241.01,Online,241.01
12200,130,2876,2025-03-29,4,190.21,In-Store,190.21
12201,112,2096,2025-09-18,1,80.36,In-Store,80.36
12202,166,2746,2025-11-02,1,152.81,In-Store,152.81
12203,200,2987,2025-05-24,5,241.01,In-Store,241.01
12204,128,2287,2025-07-20,2,101.59,Online,101.59
12205,169,2311,2024-08-24,3,167.77,Online,167.77
12206,193,2635,2024-06-23,2,74.03,In-Store,74.03
12207,179,2084,2025-07-31,2,37.7,Online,37.7
12208,161,2026,2024-11-06,5,177.18,In-Store,177.18
12209,138,2456,2023-01-26,4,185.66,In-Store,185.66
12210,136,2432,2025-08-10,2,220.89,In-Store,220.89
12211,128,2016,2023-06-01,1,101.59,Online,101.59
12212,198,2874,2024-05-21,3,105.92,Online,105.92
12213,191,2018,2025-08-29,4,217.51,Online,217.51
12214,182,2050,2023-01-04,3,227.28,Online,227.28
12215,141,2713,2025-02-07,3,232.94,Online,232.94
12216,167,2094,2025-09-06,5,235.98,In-Store,235.98
12217,113,2259,2025-09-04,3,56.15,Online,56.15
12218,188,2327,2024-03-30,3,20.04,Online,20.04
12219,108,2014,2025-04-01,3,61.68,In-Store,61.68
12220,164,2587,2025-11-04,3,22.03,In-Store,22.03
12221,191,2209,2024-08-13,3,217.51,In-Store,217.51
12222,151,2535,2023-08-17,2,108.66,Online,108.66
12223,167,2580,2024-02-07,3,235.98,Online,235.98
12224,102,2024,2025-06-03,2,186.75,In-Store,186.75
12225,183,2903,2025-09-10,2,209.04,In-Store,209.04
12226,148,2383,2025-10-18,5,139.42,In-Store,139.42
12227,199,2173,2023-11-24,3,37.68,In-Store,37.68
12228,103,2046,2024-08-12,1,111.26,In-Store,111.26
12229,172,2663,2025-07-08,5,232.96,In-Store,232.96
12230,174,2019,2025-07-07,1,139.03,Online,139.03
12231,198,2745,2025-08-16,3,105.92,In-Store,105.92
12232,164,2114,2025-01-27,1,22.03,Online,22.03
12233,177,2645,2025-05-03,4,246.12,Online,246.12
12234,166,2580,2025-10-26,3,152.81,Online,152.81
12235,119,2866,2024-06-12,5,212.28,Online,212.28
12236,129,2743,2023-12-30,3,216.59,Online,216.59
12237,133,2033,2025-06-07,4,212.0,Online,212.0
12238,124,2738,2025-09-21,2,112.82,In-Store,112.82
12239,200,2915,2025-02-22,1,241.01,Online,241.01
12240,129,2310,2023-09-17,4,216.59,Online,216.59
12241,144,2465,2023-11-15,3,15.05,Online,15.05
12242,191,2994,2025-10-20,5,217.51,Online,217.51
12243,197,2319,2025-09-15,1,217.44,In-Store,217.44
12244,155,2430,2025-11-25,3,219.88,In-Store,219.88
12245,151,2898,2024-09-11,3,108.66,Online,108.66
12246,123,2315,2025-04-01,3,73.57,In-Store,73.57
12247,198,2851,2025-01-07,5,105.92,Online,105.92
12248,155,2835,2025-12-21,2,219.88,In-Store,219.88
12249,194,2029,2024-12-04,5,216.06,In-Store,216.06
12250,141,2925,2024-05-06,3,232.94,Online,232.94
12251,131,2499,2025-01-31,4,114.34,Online,114.34
12252,154,2966,2025-02-06,3,111.25,In-Store,111.25
12253,136,2152,2024-07-15,3,220.89,In-Store,220.89
12254,168,2352,2025-12-31,4,152.68,In-Store,152.68
12255,170,2261,2022-11-21,4,59.02,In-Store,59.02
12256,199,2174,2025-07-27,5,37.68,In-Store,37.68
12257,130,2371,2024-01-26,5,190.21,Online,190.21
12258,200,2450,2025-04-11,2,241.01,In-Store,241.01
12259,177,2893,2023-12-24,4,246.12,Online,246.12
12260,146,2674,2025-01-09,5,26.18,In-Store,26.18
12261,149,2865,2024-03-18,1,198.31,In-Store,198.31
12262,166,2089,2022-12-16,1,152.81,Online,152.81
12263,167,2649,2023-03-20,5,235.98,In-Store,235.98
12264,120,2496,2025-04-13,2,203.21,Online,203.21
12265,198,2167,2024-11-04,3,105.92,In-Store,105.92
12266,136,2777,2022-12-07,5,220.89,Online,220.89
12267,189,2248,2024-05-15,4,60.42,In-Store,60.42
12268,179,3000,2023-02-04,5,37.7,Online,37.7
12269,152,2488,2022-10-12,2,106.63,In-Store,106.63
12270,133,2290,2025-06-20,4,212.0,In-Store,212.0
12271,132,2043,2025-02-06,5,243.25,In-Store,243.25
12272,155,2999,2024-09-11,5,219.88,In-Store,219.88
12273,114,2405,2025-12-11,5,195.54,In-Store,195.54
12274,159,2396,2024-10-30,1,49.51,In-Store,49.51
12275,149,2474,2024-08-23,1,198.31,In-Store,198.31
12276,200,2724,2023-11-22,4,241.01,Online,241.01
12277,200,2347,2024-08-18,2,241.01,In-Store,241.01
12278,127,2815,2024-11-02,2,200.1,Online,200.1
12279,188,2901,2025-08-04,3,20.04,Online,20.04
12280,191,2520,2025-07-25,3,217.51,Online,217.51
12281,165,2460,2024-12-31,1,240.59,Online,240.59
12282,163,2181,2024-06-05,4,186.58,In-Store,186.58
12283,169,2697,2025-01-27,5,167.77,Online,167.77
12284,200,2679,2023-11-25,4,241.01,In-Store,241.01
12285,123,2898,2023-12-02,1,73.57,Online,73.57
12286,181,2499,2025-11-29,5,175.0,In-Store,175.0
12287,161,2107,2024-06-23,4,177.18,Online,177.18
12288,136,2973,2025-08-17,3,220.89,In-Store,220.89
12289,123,2929,2024-05-07,4,73.57,Online,73.57
12290,163,2014,2025-08-27,2,186.58,Online,186.58
12291,153,2424,2024-04-29,1,55.98,In-Store,55.98
12292,168,2123,2023-04-07,3,152.68,In-Store,152.68
12293,136,2068,2024-10-27,2,220.89,In-Store,220.89
12294,124,2340,2025-01-07,4,112.82,In-Store,112.82
12295,111,2780,2024-05-11,5,243.55,In-Store,243.55
12296,112,2139,2024-01-06,5,80.36,In-Store,80.36
12297,155,2244,2022-07-14,1,219.88,In-Store,219.88
12298,184,2344,2024-01-10,1,195.07,Online,195.07
12299,116,2462,2022-12-11,4,98.84,Online,98.84
12300,129,2011,2023-01-29,2,216.59,Online,216.59
12301,157,2006,2024-08-15,5,232.33,Online,232.33
12302,188,2297,2025-04-11,3,20.04,In-Store,20.04
12303,145,2682,2025-02-26,3,62.85,Online,62.85
12304,153,2330,2023-10-07,3,55.98,In-Store,55.98
12305,174,2412,2022-07-01,1,139.03,Online,139.03
12306,178,2223,2024-11-07,2,81.85,Online,81.85
12307,114,2199,2025-04-12,5,195.54,In-Store,195.54
12308,111,2848,2025-05-15,4,243.55,Online,243.55
12309,157,2286,2025-03-30,1,232.33,In-Store,232.33
12310,182,2253,2024-04-15,1,227.28,Online,227.28
12311,175,2739,2022-12-18,2,233.98,Online,233.98
12312,193,2608,2025-09-05,4,74.03,Online,74.03
12313,107,2459,2025-07-27,2,177.55,In-Store,177.55
12314,120,2425,2024-11-12,4,203.21,In-Store,203.21
12315,114,2508,2023-11-10,4,195.54,In-Store,195.54
12316,118,2101,2025-11-16,2,120.94,Online,120.94
12317,133,2886,2024-12-26,2,212.0,In-Store,212.0
12318,141,2542,2024-02-28,5,232.94,In-Store,232.94
12319,176,2122,2025-04-01,1,78.4,Online,78.4
12320,104,2009,2024-03-21,4,65.84,Online,65.84
12321,145,2364,2025-07-28,2,62.85,In-Store,62.85
12322,175,2438,2023-05-03,2,233.98,In-Store,233.98
12323,124,2286,2024-05-26,2,112.82,In-Store,112.82
12324,148,2240,2025-09-11,2,139.42,Online,139.42
12325,183,2947,2025-11-09,2,209.04,Online,209.04
12326,164,2265,2024-09-24,3,22.03,Online,22.03
12327,102,2754,2025-11-17,4,186.75,In-Store,186.75
12328,179,2765,2024-12-30,4,37.7,Online,37.7
12329,178,2599,2025-04-07,3,81.85,Online,81.85
12330,170,2285,2023-11-15,1,59.02,In-Store,59.02
12331,105,2794,2025-04-22,5,57.72,In-Store,57.72
12332,111,2762,2024-09-10,4,243.55,Online,243.55
12333,116,2997,2022-09-23,4,98.84,In-Store,98.84
12334,144,2624,2023-03-24,3,15.05,In-Store,15.05
12335,134,2494,2025-11-02,5,99.74,Online,99.74
12336,111,2399,2025-08-12,3,243.55,Online,243.55
12337,157,2862,2025-11-04,5,232.33,Online,232.33
12338,151,2044,2025-09-14,5,108.66,Online,108.66
12339,198,2526,2023-09-17,1,105.92,In-Store,105.92
12340,128,2143,2024-03-14,3,101.59,In-Store,101.59
12341,199,2219,2025-08-18,4,37.68,In-Store,37.68
12342,108,2512,2024-06-08,5,61.68,Online,61.68
12343,137,2716,2025-02-25,4,67.81,Online,67.81
12344,141,2141,2024-10-26,3,232.94,In-Store,232.94
12345,140,2275,2024-12-20,3,136.64,Online,136.64
12346,195,2037,2025-10-12,2,93.92,Online,93.92
12347,171,2759,2025-10-20,4,104.99,Online,104.99
12348,155,2816,2025-12-21,3,219.88,In-Store,219.88
12349,132,2376,2025-08-09,1,243.25,Online,243.25
12350,163,2350,2024-09-20,5,186.58,In-Store,186.58
12351,172,2294,2025-10-28,3,232.96,Online,232.96
12352,135,2781,2025-11-12,3,87.8,In-Store,87.8
12353,174,2885,2024-07-19,4,139.03,In-Store,139.03
12354,161,2372,2024-09-25,1,177.18,Online,177.18
12355,136,2751,2025-08-07,3,220.89,In-Store,220.89
12356,185,2012,2022-02-03,1,142.4,Online,142.4
12357,139,2690,2025-04-04,5,168.34,In-Store,168.34
12358,136,2931,2025-12-04,4,220.89,In-Store,220.89
12359,111,2890,2024-12-26,2,243.55,Online,243.55
12360,163,2562,2025-12-28,2,186.58,In-Store,186.58
12361,168,2668,2025-09-03,5,152.68,Online,152.68
12362,191,2007,2024-10-04,1,217.51,Online,217.51
12363,162,2680,2025-07-13,3,55.58,Online,55.58
12364,118,2213,2024-10-16,4,120.94,Online,120.94
12365,198,2228,2024-08-05,4,105.92,Online,105.92
12366,159,2723,2025-06-17,2,49.51,In-Store,49.51
12367,125,2340,2023-09-28,5,62.64,In-Store,62.64
12368,142,2855,2025-05-17,1,248.84,In-Store,248.84
12369,116,2448,2022-12-31,1,98.84,Online,98.84
12370,120,2532,2022-09-18,2,203.21,Online,203.21
12371,120,2643,2023-08-03,1,203.21,Online,203.21
12372,149,2465,2022-09-11,5,198.31,In-Store,198.31
12373,151,2321,2024-12-31,4,108.66,In-Store,108.66
12374,165,2400,2024-07-21,4,240.59,Online,240.59
12375,177,2096,2023-10-02,2,246.12,In-Store,246.12
12376,190,2345,2024-06-26,3,197.23,In-Store,197.23
12377,140,2433,2024-10-08,2,136.64,In-Store,136.64
12378,152,2140,2025-05-09,4,106.63,In-Store,106.63
12379,126,2400,2023-12-09,4,191.39,Online,191.39
12380,149,2888,2022-12-26,3,198.31,In-Store,198.31
12381,144,2197,2024-09-10,4,15.05,In-Store,15.05
12382,116,2227,2023-08-14,5,98.84,In-Store,98.84
12383,165,2128,2025-11-06,4,240.59,Online,240.59
12384,169,2041,2025-05-02,3,167.77,In-Store,167.77
12385,118,2299,2025-08-08,2,120.94,Online,120.94
12386,116,2805,2023-03-22,4,98.84,In-Store,98.84
12387,149,2175,2025-08-25,1,198.31,In-Store,198.31
12388,195,2951,2024-01-07,4,93.92,In-Store,93.92
12389,109,2351,2023-12-05,1,101.18,In-Store,101.18
12390,168,2981,2024-12-31,5,152.68,In-Store,152.68
12391,160,2806,2025-07-17,1,232.36,Online,232.36
12392,174,2166,2025-12-30,2,139.03,In-Store,139.03
12393,185,2838,2024-05-07,1,142.4,Online,142.4
12394,129,2501,2024-11-14,4,216.59,In-Store,216.59
12395,192,2390,2023-08-30,3,53.05,In-Store,53.05
12396,167,2971,2025-04-14,5,235.98,Online,235.98
12397,146,2652,2023-02-13,5,26.18,In-Store,26.18
12398,176,2815,2024-09-07,1,78.4,In-Store,78.4
12399,113,2445,2024-09-16,1,56.15,In-Store,56.15
12400,130,2044,2025-07-14,1,190.21,In-Store,190.21
12401,107,2389,2025-05-27,4,177.55,Online,177.55
12402,175,2650,2024-04-07,1,233.98,Online,233.98
12403,126,2521,2025-12-31,5,191.39,Online,191.39
12404,162,2244,2022-05-14,4,55.58,Online,55.58
12405,179,2157,2025-06-22,5,37.7,In-Store,37.7
12406,149,2304,2025-03-05,4,198.31,In-Store,198.31
12407,108,2998,2025-01-28,3,61.68,In-Store,61.68
12408,140,2317,2025-03-18,2,136.64,In-Store,136.64
12409,177,2917,2024-04-24,5,246.12,Online,246.12
12410,186,2204,2025-03-24,5,28.06,In-Store,28.06
12411,151,2577,2024-06-04,2,108.66,Online,108.66
12412,176,2608,2025-12-25,5,78.4,In-Store,78.4
12413,193,2150,2024-12-05,4,74.03,Online,74.03
12414,167,2880,2025-02-08,2,235.98,Online,235.98
12415,193,2537,2024-02-26,2,74.03,Online,74.03
12416,185,2079,2024-05-06,3,142.4,Online,142.4
12417,181,2230,2025-07-23,3,175.0,Online,175.0
12418,137,2443,2024-09-05,1,67.81,Online,67.81
12419,126,2927,2023-08-21,5,191.39,Online,191.39
12420,138,2447,2024-06-26,3,185.66,In-Store,185.66
12421,104,2268,2025-12-31,1,65.84,In-Store,65.84
12422,164,2771,2023-11-13,5,22.03,In-Store,22.03
12423,171,2816,2023-02-22,2,104.99,In-Store,104.99
12424,102,2325,2025-06-07,4,186.75,Online,186.75
12425,191,2384,2025-11-03,2,217.51,Online,217.51
12426,169,2638,2024-11-13,5,167.77,In-Store,167.77
12427,145,2574,2025-05-22,4,62.85,In-Store,62.85
12428,147,2577,2025-05-03,1,133.4,In-Store,133.4
12429,167,2473,2024-04-24,5,235.98,In-Store,235.98
12430,175,2407,2024-12-26,2,233.98,In-Store,233.98
12431,178,2458,2023-11-06,2,81.85,In-Store,81.85
12432,101,2405,2025-11-20,2,187.97,In-Store,187.97
12433,161,2157,2024-03-03,3,177.18,Online,177.18
12434,125,2423,2024-12-01,5,62.64,Online,62.64
12435,128,2039,2025-02-07,2,101.59,In-Store,101.59
12436,108,2352,2024-04-29,2,61.68,Online,61.68
12437,142,2636,2025-10-27,1,248.84,Online,248.84
12438,113,2098,2025-03-19,4,56.15,Online,56.15
12439,144,2341,2025-02-03,2,15.05,Online,15.05
12440,180,2666,2024-12-18,1,77.62,In-Store,77.62
12441,172,2077,2025-03-09,5,232.96,Online,232.96
12442,131,2167,2025-05-22,1,114.34,Online,114.34
12443,164,2150,2024-01-23,1,22.03,Online,22.03
12444,125,2869,2025-10-20,5,62.64,In-Store,62.64
12445,162,2603,2022-06-20,3,55.58,In-Store,55.58
12446,148,2682,2025-11-01,4,139.42,In-Store,139.42
12447,170,2449,2025-11-11,1,59.02,Online,59.02
12448,189,2034,2025-12-27,5,60.42,Online,60.42
12449,147,2659,2025-07-11,1,133.4,Online,133.4
12450,162,2965,2024-10-15,2,55.58,In-Store,55.58
12451,113,2141,2024-07-27,4,56.15,In-Store,56.15
12452,109,2011,2023-03-01,3,101.18,Online,101.18
12453,158,2640,2024-04-20,1,126.55,Online,126.55
12454,114,2626,2024-12-14,1,195.54,In-Store,195.54
12455,158,2973,2025-05-21,4,126.55,In-Store,126.55
12456,187,2222,2024-02-18,5,149.8,Online,149.8
12457,121,2452,2024-02-08,5,60.64,In-Store,60.64
12458,155,2665,2025-06-07,2,219.88,In-Store,219.88
12459,156,2214,2024-03-03,3,22.14,In-Store,22.14
12460,109,2575,2023-11-01,2,101.18,In-Store,101.18
12461,139,2009,2024-06-12,5,168.34,In-Store,168.34
12462,113,2725,2025-06-11,3,56.15,In-Store,56.15
12463,121,2185,2024-06-29,3,60.64,In-Store,60.64
12464,109,2581,2024-01-10,4,101.18,In-Store,101.18
12465,193,2548,2023-01-12,3,74.03,In-Store,74.03
12466,177,2815,2025-04-03,3,246.12,In-Store,246.12
12467,200,2159,2025-03-21,5,241.01,Online,241.01
12468,132,2352,2024-07-24,2,243.25,In-Store,243.25
12469,128,2345,2025-09-11,5,101.59,Online,101.59
12470,199,2235,2025-09-25,1,37.68,In-Store,37.68
12471,144,2161,2024-08-07,1,15.05,Online,15.05
12472,143,2650,2025-01-13,4,39.04,In-Store,39.04
12473,134,2146,2024-06-25,2,99.74,In-Store,99.74
12474,112,2928,2023-02-21,3,80.36,In-Store,80.36
12475,168,2424,2024-12-26,3,152.68,In-Store,152.68
12476,198,2952,2025-04-11,1,105.92,In-Store,105.92
12477,140,2646,2023-04-23,4,136.64,Online,136.64
12478,162,2655,2025-08-18,5,55.58,Online,55.58
12479,143,2344,2025-06-01,2,39.04,Online,39.04
12480,161,2052,2025-06-29,2,177.18,In-Store,177.18
12481,173,2465,2025-01-23,3,159.08,Online,159.08
12482,180,2583,2023-02-21,4,77.62,In-Store,77.62
12483,105,2923,2025-10-31,4,57.72,Online,57.72
12484,119,2817,2024-08-22,3,212.28,In-Store,212.28
12485,133,2235,2024-10-21,2,212.0,Online,212.0
12486,184,2232,2023-06-30,5,195.07,Online,195.07
12487,115,2870,2025-01-08,3,101.23,In-Store,101.23
12488,134,2026,2024-10-18,3,99.74,In-Store,99.74
12489,118,2405,2025-08-11,1,120.94,In-Store,120.94
12490,150,2686,2024-03-27,3,33.26,In-Store,33.26
12491,155,2962,2025-07-19,4,219.88,Online,219.88
12492,121,2237,2025-04-08,2,60.64,Online,60.64
12493,162,2952,2023-08-22,2,55.58,In-Store,55.58
12494,117,2419,2025-12-12,2,156.19,In-Store,156.19
12495,118,2375,2023-07-29,4,120.94,Online,120.94
12496,163,2378,2025-08-07,5,186.58,In-Store,186.58
12497,143,2511,2025-11-10,2,39.04,In-Store,39.04
12498,153,2564,2025-05-22,4,55.98,In-Store,55.98
12499,183,2609,2025-11-12,4,209.04,Online,209.04
12500,132,2673,2023-09-24,4,243.25,Online,243.25
12501,103,2434,2023-04-12,5,111.26,In-Store,111.26
12502,172,2293,2024-05-10,4,232.96,In-Store,232.96
12503,168,2486,2025-12-01,2,152.68,In-Store,152.68
12504,159,2899,2025-04-08,1,49.51,Online,49.51
12505,190,2024,2025-01-27,5,197.23,Online,197.23
12506,153,2660,2023-12-23,5,55.98,In-Store,55.98
12507,152,2273,2023-05-13,2,106.63,Online,106.63
12508,191,2889,2023-10-21,5,217.51,Online,217.51
12509,102,2408,2025-11-10,4,186.75,Online,186.75
12510,127,2729,2025-05-20,2,200.1,In-Store,200.1
12511,162,2534,2022-10-15,5,55.58,In-Store,55.58
12512,160,2148,2023-09-30,3,232.36,In-Store,232.36
12513,137,2421,2023-10-11,1,67.81,Online,67.81
12514,166,2575,2024-07-18,5,152.81,Online,152.81
12515,194,2530,2024-09-24,3,216.06,Online,216.06
12516,146,2881,2024-08-23,2,26.18,In-Store,26.18
12517,135,2903,2024-05-16,2,87.8,Online,87.8
12518,196,2619,2024-12-27,2,168.41,Online,168.41
12519,157,2601,2025-05-30,4,232.33,Online,232.33
12520,124,2996,2025-06-24,3,112.82,Online,112.82
12521,111,2125,2025-04-25,4,243.55,In-Store,243.55
12522,160,2144,2024-10-24,4,232.36,Online,232.36
12523,157,2478,2024-06-07,5,232.33,In-Store,232.33
12524,116,2320,2023-07-21,1,98.84,Online,98.84
12525,112,2480,2024-11-05,3,80.36,Online,80.36
12526,160,2499,2025-08-27,4,232.36,Online,232.36
12527,188,2993,2025-09-14,4,20.04,In-Store,20.04
12528,164,2509,2025-05-13,3,22.03,Online,22.03
12529,163,2957,2024-04-27,4,186.58,In-Store,186.58
12530,198,2803,2024-01-19,5,105.92,Online,105.92
12531,192,2624,2023-07-23,1,53.05,Online,53.05
12532,136,2618,2025-12-30,3,220.89,In-Store,220.89
12533,122,2984,2025-01-20,5,167.31,In-Store,167.31
12534,103,2964,2024-07-18,4,111.26,Online,111.26
12535,154,2287,2025-06-28,2,111.25,Online,111.25
12536,157,2873,2025-06-12,2,232.33,Online,232.33
12537,131,2413,2023-07-12,5,114.34,In-Store,114.34
12538,162,2245,2025-06-09,1,55.58,Online,55.58
12539,131,2207,2025-02-26,2,114.34,In-Store,114.34
12540,199,2424,2024-03-18,5,37.68,Online,37.68
12541,183,2463,2024-04-03,2,209.04,In-Store,209.04
12542,122,2394,2023-12-02,5,167.31,Online,167.31
12543,146,2594,2025-02-24,3,26.18,In-Store,26.18
12544,137,2366,2024-03-28,5,67.81,Online,67.81
12545,168,2714,2025-03-28,1,152.68,In-Store,152.68
12546,149,2379,2024-12-22,3,198.31,Online,198.31
12547,146,2324,2025-07-10,1,26.18,Online,26.18
12548,125,2575,2023-12-03,1,62.64,Online,62.64
12549,158,2344,2025-02-02,4,126.55,Online,126.55
12550,174,2859,2025-05-17,4,139.03,Online,139.03
12551,121,2203,2024-12-14,5,60.64,In-Store,60.64
12552,162,2412,2024-01-30,3,55.58,In-Store,55.58
12553,175,2487,2023-02-23,3,233.98,Online,233.98
12554,138,2225,2025-06-17,4,185.66,In-Store,185.66
12555,186,2801,2023-08-27,2,28.06,In-Store,28.06
12556,129,2650,2024-05-13,1,216.59,Online,216.59
12557,163,2600,2024-10-16,3,186.58,In-Store,186.58
12558,190,2639,2023-02-01,1,197.23,In-Store,197.23
12559,113,2828,2025-03-24,1,56.15,Online,56.15
12560,119,2657,2023-04-05,4,212.28,Online,212.28
12561,176,2899,2024-08-15,4,78.4,Online,78.4
12562,199,2824,2025-07-31,1,37.68,In-Store,37.68
12563,196,2671,2024-04-07,5,168.41,In-Store,168.41
12564,120,2673,2023-08-22,5,203.21,Online,203.21
12565,109,2738,2025-05-25,2,101.18,In-Store,101.18
12566,140,2779,2025-03-17,1,136.64,Online,136.64
12567,196,2390,2025-04-12,4,168.41,In-Store,168.41
12568,183,2481,2025-07-08,5,209.04,In-Store,209.04
12569,144,2292,2024-08-19,4,15.05,Online,15.05
12570,149,2012,2022-10-30,1,198.31,In-Store,198.31
12571,154,2970,2024-09-27,1,111.25,Online,111.25
12572,177,2866,2024-11-08,2,246.12,Online,246.12
12573,191,2035,2025-10-18,5,217.51,Online,217.51
12574,186,2925,2025-01-23,3,28.06,In-Store,28.06
12575,121,2244,2022-04-01,4,60.64,Online,60.64
12576,154,2597,2023-12-27,1,111.25,In-Store,111.25
12577,195,2432,2025-12-31,2,93.92,In-Store,93.92
12578,155,2579,2022-08-25,2,219.88,Online,219.88
12579,121,2272,2025-04-16,1,60.64,In-Store,60.64
12580,112,2105,2025-05-29,1,80.36,In-Store,80.36
12581,117,2213,2025-07-30,4,156.19,Online,156.19
12582,149,2368,2025-02-08,5,198.31,In-Store,198.31
12583,142,2716,2025-02-19,2,248.84,Online,248.84
12584,114,2488,2023-01-03,4,195.54,Online,195.54
12585,123,2468,2024-07-05,4,73.57,In-Store,73.57
12586,177,2687,2024-12-04,3,246.12,Online,246.12
12587,151,2914,2024-02-25,5,108.66,Online,108.66
12588,187,2304,2025-04-10,5,149.8,Online,149.8
12589,133,2453,2023-02-28,1,212.0,Online,212.0
12590,176,2202,2025-08-27,5,78.4,Online,78.4
12591,128,2245,2025-05-09,2,101.59,Online,101.59
12592,195,2371,2025-05-17,5,93.92,In-Store,93.92
12593,153,2312,2023-05-10,1,55.98,In-Store,55.98
12594,192,2436,2025-05-12,5,53.05,Online,53.05
12595,185,2946,2024-12-16,2,142.4,In-Store,142.4
12596,101,2663,2025-03-11,2,187.97,In-Store,187.97
12597,105,2320,2023-01-10,3,57.72,Online,57.72
12598,131,2801,2024-07-25,2,114.34,Online,114.34
12599,154,2282,2023-10-17,5,111.25,Online,111.25
12600,191,2656,2023-12-09,5,217.51,In-Store,217.51
12601,137,2580,2024-09-08,1,67.81,Online,67.81
12602,165,2293,2023-09-27,3,240.59,Online,240.59
12603,162,2550,2025-09-08,2,55.58,In-Store,55.58
12604,112,2603,2023-07-23,5,80.36,In-Store,80.36
12605,196,2735,2025-08-26,2,168.41,Online,168.41
12606,154,2351,2025-09-21,2,111.25,In-Store,111.25
12607,165,2979,2025-05-04,1,240.59,Online,240.59
12608,170,2230,2025-03-22,4,59.02,In-Store,59.02
12609,133,2466,2025-04-17,2,212.0,In-Store,212.0
12610,125,2449,2024-11-29,5,62.64,In-Store,62.64
12611,137,2717,2025-09-22,1,67.81,Online,67.81
12612,196,2734,2025-03-03,1,168.41,In-Store,168.41
12613,171,2006,2025-07-21,3,104.99,Online,104.99
12614,176,2298,2024-08-15,5,78.4,In-Store,78.4
12615,113,2782,2025-05-29,2,56.15,Online,56.15
12616,139,2015,2025-06-25,1,168.34,In-Store,168.34
12617,151,2061,2025-01-06,3,108.66,Online,108.66
12618,150,2151,2025-09-09,3,33.26,In-Store,33.26
12619,180,2823,2025-12-22,1,77.62,In-Store,77.62
12620,119,2859,2025-12-17,1,212.28,In-Store,212.28
12621,193,2300,2023-02-04,5,74.03,Online,74.03
12622,191,2729,2024-12-31,4,217.51,In-Store,217.51
12623,121,2216,2025-01-23,1,60.64,Online,60.64
12624,187,2153,2025-11-07,1,149.8,In-Store,149.8
12625,160,2750,2024-10-26,3,232.36,In-Store,232.36
12626,129,2956,2024-12-12,5,216.59,Online,216.59
12627,155,2798,2023-08-28,1,219.88,In-Store,219.88
12628,157,2248,2022-12-23,4,232.33,In-Store,232.33
12629,154,2120,2024-04-26,1,111.25,Online,111.25
12630,111,2297,2024-09-30,3,243.55,In-Store,243.55
12631,190,2963,2025-11-23,5,197.23,In-Store,197.23
12632,113,2264,2025-12-07,4,56.15,In-Store,56.15
12633,194,2710,2025-11-05,4,216.06,Online,216.06
12634,159,2287,2025-08-11,3,49.51,In-Store,49.51
12635,195,2432,2025-10-11,4,93.92,In-Store,93.92
12636,134,2738,2025-05-23,1,99.74,In-Store,99.74
12637,192,2618,2024-12-29,2,53.05,In-Store,53.05
12638,116,2150,2024-12-06,1,98.84,In-Store,98.84
12639,140,2032,2025-02-09,3,136.64,Online,136.64
12640,197,2674,2024-06-25,1,217.44,Online,217.44
12641,147,2425,2025-03-14,1,133.4,Online,133.4
12642,149,2985,2024-06-21,5,198.31,Online,198.31
12643,141,2117,2025-05-04,2,232.94,In-Store,232.94
12644,184,2110,2024-02-04,5,195.07,In-Store,195.07
12645,165,2867,2023-10-03,3,240.59,Online,240.59
12646,187,2543,2025-07-12,2,149.8,In-Store,149.8
12647,126,2002,2024-02-01,4,191.39,Online,191.39
12648,134,2200,2023-09-16,4,99.74,In-Store,99.74
12649,132,2564,2025-02-12,4,243.25,In-Store,243.25
12650,164,2194,2022-12-14,4,22.03,In-Store,22.03
12651,139,2556,2025-08-06,3,168.34,Online,168.34
12652,198,2774,2024-09-11,1,105.92,In-Store,105.92
12653,175,2851,2025-01-25,4,233.98,In-Store,233.98
12654,171,2743,2025-04-20,1,104.99,In-Store,104.99
12655,132,2540,2024-09-16,2,243.25,In-Store,243.25
12656,127,2295,2025-12-05,5,200.1,Online,200.1
12657,151,2771,2024-02-05,3,108.66,Online,108.66
12658,127,2974,2025-08-12,4,200.1,In-Store,200.1
12659,116,2090,2023-08-02,5,98.84,Online,98.84
12660,172,2437,2025-10-14,2,232.96,Online,232.96
12661,173,2527,2023-10-31,5,159.08,In-Store,159.08
12662,196,2900,2023-06-29,5,168.41,In-Store,168.41
12663,101,2171,2024-05-23,4,187.97,Online,187.97
12664,189,2095,2025-03-23,5,60.42,In-Store,60.42
12665,115,2580,2024-07-18,2,101.23,In-Store,101.23
12666,139,2968,2025-12-20,2,168.34,In-Store,168.34
12667,199,2549,2022-04-06,1,37.68,Online,37.68
12668,111,2429,2024-06-09,5,243.55,In-Store,243.55
12669,181,2376,2024-11-16,4,175.0,In-Store,175.0
12670,150,2553,2024-04-05,4,33.26,Online,33.26
12671,197,2554,2025-12-23,4,217.44,In-Store,217.44
12672,184,2044,2025-01-16,3,195.07,Online,195.07
12673,181,2127,2025-09-17,4,175.0,In-Store,175.0
12674,132,2653,2025-02-18,1,243.25,In-Store,243.25
12675,107,2238,2025-01-30,4,177.55,In-Store,177.55
12676,189,2929,2025-04-29,4,60.42,In-Store,60.42
12677,158,2109,2024-02-08,5,126.55,In-Store,126.55
12678,103,2044,2025-02-15,1,111.26,Online,111.26
12679,166,2320,2024-03-05,1,152.81,In-Store,152.81
12680,127,2863,2025-08-07,2,200.1,In-Store,200.1
12681,141,2063,2025-11-15,5,232.94,Online,232.94
12682,191,2541,2023-01-26,5,217.51,Online,217.51
12683,140,2946,2025-03-15,1,136.64,In-Store,136.64
12684,108,2155,2024-02-22,4,61.68,In-Store,61.68
12685,128,2023,2024-12-25,1,101.59,In-Store,101.59
12686,179,2756,2023-08-27,1,37.7,In-Store,37.7
12687,165,2557,2025-07-18,1,240.59,In-Store,240.59
12688,198,2019,2025-12-17,5,105.92,Online,105.92
12689,183,2190,2024-04-23,3,209.04,In-Store,209.04
12690,150,2734,2025-02-08,2,33.26,In-Store,33.26
12691,138,2611,2023-08-05,3,185.66,Online,185.66
12692,197,2462,2022-09-19,1,217.44,In-Store,217.44
12693,198,2037,2025-11-11,3,105.92,In-Store,105.92
12694,169,2489,2025-04-15,4,167.77,In-Store,167.77
12695,166,2430,2025-12-19,1,152.81,Online,152.81
12696,117,2037,2025-06-08,3,156.19,In-Store,156.19
12697,177,2351,2023-06-22,5,246.12,Online,246.12
12698,190,2752,2025-07-14,2,197.23,Online,197.23
12699,107,2529,2024-04-08,4,177.55,In-Store,177.55
12700,129,2535,2023-09-28,3,216.59,Online,216.59
12701,161,2897,2025-06-04,4,177.18,Online,177.18
12702,193,2556,2025-06-04,3,74.03,Online,74.03
12703,144,2767,2025-11-08,3,15.05,In-Store,15.05
12704,113,2408,2025-04-21,2,56.15,In-Store,56.15
12705,175,2803,2025-11-28,2,233.98,Online,233.98
12706,149,2013,2025-03-10,2,198.31,In-Store,198.31
12707,107,2930,2024-11-02,2,177.55,Online,177.55
12708,106,2117,2025-05-19,3,117.81,In-Store,117.81
12709,197,2179,2025-11-28,4,217.44,In-Store,217.44
12710,126,2044,2025-01-09,4,191.39,Online,191.39
12711,141,2064,2025-08-25,5,232.94,In-Store,232.94
12712,116,2883,2023-12-09,5,98.84,Online,98.84
12713,112,2764,2025-04-17,3,80.36,Online,80.36
12714,170,2599,2023-08-24,1,59.02,In-Store,59.02
12715,127,2241,2023-03-20,4,200.1,In-Store,200.1
12716,101,2411,2025-05-08,1,187.97,Online,187.97
12717,121,2401,2025-03-22,1,60.64,Online,60.64
12718,111,2424,2025-10-28,4,243.55,In-Store,243.55
12719,155,2202,2024-05-06,4,219.88,In-Store,219.88
12720,145,2665,2024-01-08,5,62.85,In-Store,62.85
12721,191,2256,2025-02-02,2,217.51,Online,217.51
12722,129,2517,2025-09-07,5,216.59,In-Store,216.59
12723,103,2727,2024-12-09,2,111.26,In-Store,111.26
12724,115,2800,2023-08-30,3,101.23,In-Store,101.23
12725,169,2824,2025-07-06,4,167.77,Online,167.77
12726,106,2617,2025-02-23,1,117.81,In-Store,117.81
12727,120,2482,2025-12-17,2,203.21,In-Store,203.21
12728,118,2750,2025-04-02,3,120.94,In-Store,120.94
12729,125,2970,2025-01-04,3,62.64,In-Store,62.64
12730,187,2708,2025-12-12,5,149.8,Online,149.8
12731,198,2180,2025-09-07,1,105.92,Online,105.92
12732,128,2232,2024-02-22,2,101.59,Online,101.59
12733,199,2910,2024-06-15,5,37.68,Online,37.68
12734,152,2148,2024-08-13,4,106.63,In-Store,106.63
12735,146,2492,2024-09-17,5,26.18,In-Store,26.18
12736,182,2427,2024-03-23,4,227.28,Online,227.28
12737,187,2955,2023-02-27,4,149.8,In-Store,149.8
12738,197,2911,2023-12-02,1,217.44,In-Store,217.44
12739,183,2623,2022-11-21,2,209.04,In-Store,209.04
12740,129,2185,2025-04-14,1,216.59,Online,216.59
12741,131,2885,2024-02-01,1,114.34,Online,114.34
12742,186,2314,2024-10-18,4,28.06,In-Store,28.06
12743,102,2265,2025-06-01,4,186.75,In-Store,186.75
12744,168,2238,2024-06-22,4,152.68,Online,152.68
12745,126,2178,2025-09-12,1,191.39,Online,191.39
12746,149,2707,2025-06-14,5,198.31,In-Store,198.31
12747,136,2862,2024-11-12,4,220.89,In-Store,220.89
12748,139,2996,2025-02-28,3,168.34,Online,168.34
12749,191,2262,2025-06-02,3,217.51,Online,217.51
12750,116,2951,2025-01-26,2,98.84,Online,98.84
12751,148,2664,2023-12-25,2,139.42,Online,139.42
12752,108,2691,2024-08-19,4,61.68,In-Store,61.68
12753,173,2049,2025-06-24,2,159.08,Online,159.08
12754,128,2627,2025-09-29,4,101.59,Online,101.59
12755,173,2983,2024-02-10,3,159.08,In-Store,159.08
12756,128,2144,2024-06-30,1,101.59,In-Store,101.59
12757,106,2469,2025-10-14,2,117.81,Online,117.81
12758,122,2420,2025-04-20,5,167.31,In-Store,167.31
12759,110,2224,2025-01-01,3,73.49,In-Store,73.49
12760,110,2250,2024-10-31,3,73.49,In-Store,73.49
12761,161,2106,2024-09-11,3,177.18,In-Store,177.18
12762,152,2080,2025-08-19,5,106.63,Online,106.63
12763,166,2779,2024-07-21,2,152.81,In-Store,152.81
12764,103,2253,2025-06-20,1,111.26,In-Store,111.26
12765,189,2753,2025-07-07,1,60.42,In-Store,60.42
12766,169,2979,2025-06-30,1,167.77,Online,167.77
12767,128,2087,2025-03-17,1,101.59,Online,101.59
12768,179,2362,2023-11-16,1,37.7,In-Store,37.7
12769,181,2679,2024-03-22,1,175.0,Online,175.0
12770,107,2793,2023-10-14,1,177.55,In-Store,177.55
12771,156,2420,2025-05-23,4,22.14,In-Store,22.14
12772,163,2413,2024-08-14,3,186.58,In-Store,186.58
12773,150,2784,2024-04-27,3,33.26,Online,33.26
12774,122,2439,2025-09-17,2,167.31,In-Store,167.31
12775,170,2393,2024-01-23,1,59.02,In-Store,59.02
12776,125,2195,2025-09-18,3,62.64,Online,62.64
12777,111,2286,2024-04-29,2,243.55,Online,243.55
12778,180,2311,2025-02-05,4,77.62,Online,77.62
12779,181,2136,2025-05-11,5,175.0,Online,175.0
12780,191,2120,2025-04-25,5,217.51,Online,217.51
12781,175,2221,2024-03-05,5,233.98,Online,233.98
12782,167,2887,2023-12-01,4,235.98,Online,235.98
12783,152,2633,2023-09-23,1,106.63,Online,106.63
12784,101,2494,2024-09-01,4,187.97,In-Store,187.97
12785,142,2743,2024-08-31,3,248.84,In-Store,248.84
12786,165,2802,2024-11-26,2,240.59,In-Store,240.59
12787,177,2137,2023-06-06,3,246.12,Online,246.12
12788,170,2845,2022-09-17,4,59.02,Online,59.02
12789,190,2569,2025-12-31,3,197.23,In-Store,197.23
12790,186,2347,2025-04-18,1,28.06,In-Store,28.06
12791,192,2500,2023-01-02,5,53.05,In-Store,53.05
12792,119,2812,2023-10-02,5,212.28,In-Store,212.28
12793,140,2891,2025-12-15,3,136.64,In-Store,136.64
12794,103,2822,2024-08-11,2,111.26,Online,111.26
12795,172,2427,2024-08-22,5,232.96,In-Store,232.96
12796,113,2422,2025-10-30,2,56.15,In-Store,56.15
12797,157,2157,2025-09-16,4,232.33,Online,232.33
12798,159,2006,2024-11-16,2,49.51,In-Store,49.51
12799,170,2534,2024-09-02,1,59.02,Online,59.02
12800,181,2909,2024-10-17,2,175.0,In-Store,175.0
12801,113,2721,2025-06-03,1,56.15,In-Store,56.15
12802,104,2875,2025-01-22,4,65.84,In-Store,65.84
12803,162,2737,2025-05-14,1,55.58,Online,55.58
12804,111,2954,2024-12-28,5,243.55,In-Store,243.55
12805,115,2673,2025-10-26,3,101.23,Online,101.23
12806,168,2417,2023-10-03,2,152.68,In-Store,152.68
12807,187,2256,2025-11-14,2,149.8,In-Store,149.8
12808,196,2516,2025-01-14,3,168.41,Online,168.41
12809,117,2666,2025-07-08,1,156.19,In-Store,156.19
12810,161,2545,2025-03-21,2,177.18,Online,177.18
12811,151,2859,2024-11-16,3,108.66,In-Store,108.66
12812,154,2318,2022-12-16,4,111.25,In-Store,111.25
12813,130,2385,2024-12-20,1,190.21,In-Store,190.21
12814,134,2839,2024-11-11,4,99.74,In-Store,99.74
12815,169,2334,2023-10-09,2,167.77,Online,167.77
12816,131,2030,2023-09-12,3,114.34,In-Store,114.34
12817,126,2892,2023-10-21,5,191.39,Online,191.39
12818,197,2998,2024-06-07,1,217.44,In-Store,217.44
12819,121,2980,2025-04-02,1,60.64,Online,60.64
12820,108,2600,2024-12-28,4,61.68,Online,61.68
12821,192,2027,2025-09-10,5,53.05,In-Store,53.05
12822,168,2953,2022-10-24,5,152.68,In-Store,152.68
12823,165,2473,2024-07-16,4,240.59,In-Store,240.59
12824,133,2035,2025-11-17,1,212.0,Online,212.0
12825,103,2447,2025-01-22,5,111.26,Online,111.26
12826,195,2666,2025-01-03,5,93.92,Online,93.92
12827,197,2470,2022-07-31,1,217.44,Online,217.44
12828,199,2868,2024-05-13,5,37.68,Online,37.68
12829,119,2181,2024-12-22,5,212.28,Online,212.28
12830,171,2385,2025-12-03,1,104.99,In-Store,104.99
12831,110,2172,2023-09-13,2,73.49,Online,73.49
12832,121,2114,2024-08-07,1,60.64,In-Store,60.64
12833,182,2407,2024-12-07,5,227.28,Online,227.28
12834,114,2666,2025-08-03,1,195.54,In-Store,195.54
12835,133,2912,2024-07-05,2,212.0,In-Store,212.0
12836,127,2411,2025-09-03,5,200.1,In-Store,200.1
12837,121,2783,2025-08-25,5,60.64,Online,60.64
12838,182,2742,2025-12-11,2,227.28,Online,227.28
12839,167,2468,2024-05-28,1,235.98,Online,235.98
12840,145,2554,2025-03-30,4,62.85,In-Store,62.85
12841,153,2888,2025-04-25,1,55.98,Online,55.98
12842,182,2625,2023-01-24,2,227.28,In-Store,227.28
12843,183,2996,2025-10-08,4,209.04,In-Store,209.04
12844,158,2384,2025-11-27,3,126.55,Online,126.55
12845,103,2167,2025-11-22,1,111.26,Online,111.26
12846,142,2219,2025-05-13,5,248.84,Online,248.84
12847,162,2632,2025-07-09,2,55.58,Online,55.58
12848,164,2218,2024-09-26,3,22.03,In-Store,22.03
12849,181,2622,2025-09-28,3,175.0,Online,175.0
12850,164,2246,2024-07-22,4,22.03,Online,22.03
12851,149,2933,2023-11-21,1,198.31,Online,198.31
12852,172,2733,2023-10-31,1,232.96,In-Store,232.96
12853,129,2784,2025-07-10,3,216.59,In-Store,216.59
12854,103,2750,2025-02-06,4,111.26,Online,111.26
12855,159,2308,2025-08-24,4,49.51,In-Store,49.51
12856,198,2883,2025-04-05,5,105.92,Online,105.92
12857,149,2320,2023-12-15,1,198.31,In-Store,198.31
12858,172,2686,2025-08-19,5,232.96,In-Store,232.96
12859,173,2619,2025-11-23,1,159.08,In-Store,159.08
12860,122,2956,2024-04-15,5,167.31,In-Store,167.31
12861,112,2170,2024-03-24,1,80.36,In-Store,80.36
12862,154,2590,2025-03-13,3,111.25,Online,111.25
12863,103,2855,2025-05-04,4,111.26,Online,111.26
12864,106,2770,2024-10-14,2,117.81,Online,117.81
12865,155,2295,2024-06-20,2,219.88,Online,219.88
12866,180,2199,2025-05-26,2,77.62,In-Store,77.62
12867,191,2936,2025-08-08,4,217.51,In-Store,217.51
12868,160,2662,2024-09-05,1,232.36,Online,232.36
12869,102,2788,2025-04-18,1,186.75,Online,186.75
12870,115,2489,2025-08-09,5,101.23,In-Store,101.23
12871,112,2217,2025-06-06,4,80.36,In-Store,80.36
12872,134,2221,2024-08-17,5,99.74,In-Store,99.74
12873,182,2864,2024-08-01,5,227.28,Online,227.28
12874,123,2691,2025-03-13,3,73.57,Online,73.57
12875,142,2898,2024-12-18,2,248.84,In-Store,248.84
12876,150,2760,2025-10-15,1,33.26,Online,33.26
12877,119,2914,2024-09-15,3,212.28,In-Store,212.28
12878,163,2382,2025-02-05,4,186.58,In-Store,186.58
12879,121,2426,2025-08-25,5,60.64,Online,60.64
12880,154,2421,2025-07-10,2,111.25,Online,111.25
12881,165,2857,2025-07-09,5,240.59,In-Store,240.59
12882,112,2039,2024-09-19,4,80.36,Online,80.36
12883,151,2730,2023-06-06,3,108.66,In-Store,108.66
12884,163,2669,2023-07-16,4,186.58,In-Store,186.58
12885,193,2335,2023-07-01,2,74.03,Online,74.03
12886,162,2146,2024-12-11,5,55.58,Online,55.58
12887,160,2825,2024-10-05,2,232.36,In-Store,232.36
12888,152,2775,2024-05-28,2,106.63,In-Store,106.63
12889,157,2443,2024-01-07,5,232.33,Online,232.33
12890,132,2568,2024-09-18,3,243.25,In-Store,243.25
12891,135,2813,2025-02-25,1,87.8,Online,87.8
12892,184,2450,2025-12-15,2,195.07,Online,195.07
12893,144,2883,2023-01-01,4,15.05,In-Store,15.05
12894,184,2584,2022-12-22,1,195.07,In-Store,195.07
12895,154,2015,2024-11-01,5,111.25,In-Store,111.25
12896,172,2622,2025-06-06,1,232.96,Online,232.96
12897,120,2252,2024-10-15,5,203.21,In-Store,203.21
12898,198,2481,2023-12-16,4,105.92,Online,105.92
12899,186,2090,2024-10-02,2,28.06,In-Store,28.06
12900,180,2142,2024-10-08,3,77.62,Online,77.62
12901,145,2678,2023-08-06,1,62.85,Online,62.85
12902,149,2458,2024-04-27,2,198.31,Online,198.31
12903,124,2579,2025-06-23,4,112.82,In-Store,112.82
12904,116,2825,2025-11-04,5,98.84,Online,98.84
12905,168,2916,2025-10-03,4,152.68,In-Store,152.68
12906,148,2298,2024-06-14,4,139.42,In-Store,139.42
12907,182,2100,2023-04-27,1,227.28,Online,227.28
12908,112,2145,2024-05-15,1,80.36,In-Store,80.36
12909,187,2201,2024-01-24,5,149.8,Online,149.8
12910,198,2500,2024-12-25,3,105.92,Online,105.92
12911,161,2388,2025-09-23,5,177.18,Online,177.18
12912,185,2797,2025-01-28,1,142.4,Online,142.4
12913,158,2442,2025-08-12,5,126.55,In-Store,126.55
12914,127,2986,2025-04-23,4,200.1,In-Store,200.1
12915,159,2116,2025-04-25,2,49.51,Online,49.51
12916,125,2753,2025-12-31,3,62.64,Online,62.64
12917,191,2424,2024-02-28,3,217.51,Online,217.51
12918,126,2848,2025-06-28,2,191.39,Online,191.39
12919,122,2459,2023-09-05,3,167.31,Online,167.31
12920,120,2181,2025-01-22,4,203.21,In-Store,203.21
12921,123,2067,2025-05-05,2,73.57,In-Store,73.57
12922,108,2465,2025-03-10,3,61.68,In-Store,61.68
12923,111,2457,2025-04-17,3,243.55,Online,243.55
12924,180,2359,2024-07-07,1,77.62,In-Store,77.62
12925,167,2428,2024-05-19,1,235.98,Online,235.98
12926,162,2404,2023-11-12,5,55.58,In-Store,55.58
12927,147,2233,2025-02-08,1,133.4,Online,133.4
12928,148,2894,2025-07-30,4,139.42,Online,139.42
12929,124,2482,2025-07-07,2,112.82,In-Store,112.82
12930,169,2713,2025-02-02,4,167.77,In-Store,167.77
12931,139,2484,2024-05-01,1,168.34,In-Store,168.34
12932,199,2484,2025-02-18,3,37.68,Online,37.68
12933,146,2957,2024-09-18,5,26.18,In-Store,26.18
12934,197,2139,2024-10-19,4,217.44,Online,217.44
12935,194,2506,2024-05-03,5,216.06,Online,216.06
12936,151,2998,2024-12-03,5,108.66,In-Store,108.66
12937,181,2665,2024-04-02,2,175.0,Online,175.0
12938,198,2644,2024-08-06,3,105.92,In-Store,105.92
12939,189,2709,2025-05-16,1,60.42,In-Store,60.42
12940,182,2067,2025-09-16,4,227.28,In-Store,227.28
12941,184,2487,2025-01-17,4,195.07,In-Store,195.07
12942,121,2915,2025-09-18,1,60.64,In-Store,60.64
12943,154,2906,2023-12-04,4,111.25,Online,111.25
12944,105,2936,2024-09-07,5,57.72,In-Store,57.72
12945,150,2483,2025-09-13,3,33.26,In-Store,33.26
12946,170,2974,2023-08-21,1,59.02,Online,59.02
12947,197,2542,2025-06-21,3,217.44,In-Store,217.44
12948,161,2179,2023-09-16,2,177.18,In-Store,177.18
12949,121,2885,2025-12-16,1,60.64,Online,60.64
12950,149,2397,2025-10-21,3,198.31,In-Store,198.31
12951,106,2486,2025-02-28,4,117.81,In-Store,117.81
12952,196,2042,2025-06-26,4,168.41,Online,168.41
12953,142,2048,2024-12-15,2,248.84,In-Store,248.84
12954,168,2635,2025-01-10,3,152.68,In-Store,152.68
12955,157,2460,2025-08-23,5,232.33,Online,232.33
12956,162,2869,2025-10-29,5,55.58,Online,55.58
12957,160,2810,2024-02-27,1,232.36,Online,232.36
12958,162,2460,2025-11-19,1,55.58,Online,55.58
12959,198,2517,2024-03-11,1,105.92,In-Store,105.92
12960,113,2628,2023-11-23,5,56.15,In-Store,56.15
12961,166,2582,2025-09-07,5,152.81,Online,152.81
12962,119,2515,2025-03-30,2,212.28,In-Store,212.28
12963,158,2375,2023-07-26,3,126.55,In-Store,126.55
12964,123,2597,2024-09-14,5,73.57,In-Store,73.57
12965,109,2842,2024-05-16,3,101.18,Online,101.18
12966,104,2681,2025-06-10,4,65.84,In-Store,65.84
12967,188,2988,2023-07-09,1,20.04,Online,20.04
12968,194,2257,2024-10-15,3,216.06,In-Store,216.06
12969,137,2344,2025-06-12,4,67.81,Online,67.81
12970,184,2848,2025-01-16,2,195.07,Online,195.07
12971,109,2118,2025-09-23,3,101.18,In-Store,101.18
12972,169,2140,2025-06-09,3,167.77,Online,167.77
12973,152,2551,2024-04-08,5,106.63,Online,106.63
12974,184,2661,2022-11-28,3,195.07,Online,195.07
12975,177,2015,2025-04-17,1,246.12,In-Store,246.12
12976,200,2364,2023-12-31,3,241.01,Online,241.01
12977,183,2643,2024-01-13,2,209.04,In-Store,209.04
12978,192,2339,2023-07-05,2,53.05,In-Store,53.05
12979,192,2021,2024-10-20,4,53.05,In-Store,53.05
12980,128,2131,2024-04-03,4,101.59,In-Store,101.59
12981,110,2637,2025-06-10,4,73.49,Online,73.49
12982,171,2844,2023-12-21,2,104.99,In-Store,104.99
12983,159,2999,2024-11-13,5,49.51,In-Store,49.51
12984,165,2029,2024-06-16,1,240.59,Online,240.59
12985,149,2856,2024-06-03,1,198.31,In-Store,198.31
12986,192,2394,2025-10-19,5,53.05,In-Store,53.05
12987,195,2917,2023-07-12,3,93.92,Online,93.92
12988,102,2056,2025-07-30,4,186.75,Online,186.75
12989,155,2476,2024-10-13,5,219.88,Online,219.88
12990,167,2282,2024-07-18,1,235.98,Online,235.98
12991,146,2545,2025-07-18,3,26.18,In-Store,26.18
12992,138,2543,2024-06-22,4,185.66,In-Store,185.66
12993,147,2752,2025-12-04,3,133.4,In-Store,133.4
12994,156,2795,2023-10-02,1,22.14,In-Store,22.14
12995,115,2610,2024-07-31,2,101.23,In-Store,101.23
12996,146,2335,2023-11-15,3,26.18,In-Store,26.18
12997,180,2061,2025-07-31,5,77.62,Online,77.62
12998,177,2159,2022-08-06,2,246.12,Online,246.12
12999,195,2332,2025-02-14,2,93.92,In-Store,93.92
13000,157,2189,2025-09-08,3,232.33,Online,232.33
13001,164,2807,2025-03-27,3,22.03,In-Store,22.03
13002,147,2784,2025-05-16,4,133.4,Online,133.4
13003,167,2066,2025-05-16,1,235.98,In-Store,235.98
13004,148,2966,2025-09-12,1,139.42,Online,139.42
13005,161,2141,2025-07-12,4,177.18,Online,177.18
13006,162,2536,2025-10-22,2,55.58,In-Store,55.58
13007,158,2626,2025-03-13,4,126.55,In-Store,126.55
13008,166,3000,2025-01-17,1,152.81,Online,152.81
13009,165,2560,2025-10-06,4,240.59,Online,240.59
13010,192,2936,2024-10-13,5,53.05,Online,53.05
13011,186,2565,2025-01-29,2,28.06,Online,28.06
13012,112,2358,2025-12-02,4,80.36,Online,80.36
13013,127,2085,2025-12-02,4,200.1,In-Store,200.1
13014,159,2878,2025-04-29,3,49.51,In-Store,49.51
13015,111,2577,2024-10-03,5,243.55,Online,243.55
13016,175,2185,2025-11-11,3,233.98,Online,233.98
13017,131,2876,2024-12-19,4,114.34,In-Store,114.34
13018,131,2907,2024-03-30,1,114.34,Online,114.34
13019,136,2480,2025-07-21,4,220.89,Online,220.89
13020,153,2442,2025-04-05,2,55.98,Online,55.98
13021,174,2475,2022-12-19,3,139.03,Online,139.03
13022,139,2676,2025-08-29,3,168.34,Online,168.34
13023,184,2516,2025-08-01,5,195.07,In-Store,195.07
13024,191,2501,2024-07-13,3,217.51,Online,217.51
13025,171,2501,2024-08-18,2,104.99,In-Store,104.99
13026,129,2830,2023-04-09,4,216.59,Online,216.59
13027,192,2568,2025-02-11,3,53.05,Online,53.05
13028,152,2443,2025-01-10,2,106.63,In-Store,106.63
13029,169,2048,2025-06-17,5,167.77,In-Store,167.77
13030,169,2979,2025-09-30,4,167.77,In-Store,167.77
13031,130,2114,2025-10-05,1,190.21,In-Store,190.21
13032,178,2077,2025-04-04,3,81.85,Online,81.85
13033,156,2185,2025-07-22,1,22.14,Online,22.14
13034,123,2732,2025-02-01,5,73.57,Online,73.57
13035,185,2539,2025-03-12,3,142.4,Online,142.4
13036,183,2906,2025-05-26,1,209.04,Online,209.04
13037,200,2336,2025-12-06,2,241.01,Online,241.01
13038,107,2049,2024-12-21,1,177.55,Online,177.55
13039,116,2309,2024-12-30,4,98.84,Online,98.84
13040,183,2555,2024-09-07,3,209.04,In-Store,209.04
13041,126,2509,2024-11-07,2,191.39,Online,191.39
13042,149,2630,2024-06-07,4,198.31,In-Store,198.31
13043,176,2647,2023-10-31,3,78.4,In-Store,78.4
13044,169,2987,2025-11-20,1,167.77,Online,167.77
13045,116,2549,2025-07-02,1,98.84,In-Store,98.84
13046,179,2181,2024-07-14,3,37.7,Online,37.7
13047,149,2492,2025-05-13,4,198.31,Online,198.31
13048,140,2767,2025-03-01,4,136.64,In-Store,136.64
13049,195,2529,2024-09-29,5,93.92,Online,93.92
13050,154,2544,2023-08-22,2,111.25,In-Store,111.25
13051,154,2407,2025-05-24,2,111.25,In-Store,111.25
13052,111,2501,2025-12-08,4,243.55,Online,243.55
13053,192,2282,2024-09-06,2,53.05,Online,53.05
13054,158,2191,2025-06-09,2,126.55,Online,126.55
13055,157,2886,2025-10-30,2,232.33,Online,232.33
13056,136,2426,2025-12-22,2,220.89,In-Store,220.89
13057,137,2956,2024-01-13,5,67.81,In-Store,67.81
13058,174,2356,2025-10-02,5,139.03,In-Store,139.03
13059,186,2817,2024-03-27,3,28.06,Online,28.06
13060,178,2674,2025-01-19,5,81.85,In-Store,81.85
13061,147,2358,2024-05-23,4,133.4,Online,133.4
13062,132,2562,2025-03-29,5,243.25,In-Store,243.25
13063,130,2942,2024-11-06,3,190.21,In-Store,190.21
13064,135,2880,2023-09-22,3,87.8,In-Store,87.8
13065,161,2669,2022-12-07,4,177.18,Online,177.18
13066,139,2417,2025-01-09,2,168.34,Online,168.34
13067,110,2118,2023-01-27,1,73.49,In-Store,73.49
13068,130,2878,2023-05-23,5,190.21,Online,190.21
13069,132,2617,2025-08-11,4,243.25,In-Store,243.25
13070,200,2585,2024-04-30,3,241.01,In-Store,241.01
13071,134,2136,2025-10-04,1,99.74,In-Store,99.74
13072,171,2508,2024-09-26,1,104.99,Online,104.99
13073,178,2934,2024-03-05,5,81.85,Online,81.85
13074,108,2895,2022-12-19,1,61.68,In-Store,61.68
13075,175,2365,2025-10-09,5,233.98,In-Store,233.98
13076,121,2415,2024-07-19,3,60.64,In-Store,60.64
13077,156,2085,2025-04-28,1,22.14,Online,22.14
13078,137,2309,2025-06-11,5,67.81,In-Store,67.81
13079,132,2898,2024-05-27,2,243.25,In-Store,243.25
13080,196,2183,2025-09-04,3,168.41,In-Store,168.41
13081,171,2369,2024-04-07,2,104.99,Online,104.99
13082,197,2122,2025-02-07,3,217.44,In-Store,217.44
13083,103,2885,2024-07-03,3,111.26,In-Store,111.26
13084,112,2776,2023-08-24,2,80.36,In-Store,80.36
13085,141,2583,2025-05-20,2,232.94,Online,232.94
13086,171,2768,2025-08-13,4,104.99,Online,104.99
13087,153,2944,2025-08-01,1,55.98,Online,55.98
13088,132,2322,2023-12-18,1,243.25,Online,243.25
13089,145,2593,2024-04-27,4,62.85,In-Store,62.85
13090,176,2902,2023-05-11,5,78.4,In-Store,78.4
13091,167,2176,2024-02-03,3,235.98,In-Store,235.98
13092,143,2730,2022-09-17,3,39.04,Online,39.04
13093,193,2558,2024-10-30,5,74.03,In-Store,74.03
13094,163,2260,2022-04-14,3,186.58,Online,186.58
13095,126,2150,2024-03-23,4,191.39,Online,191.39
13096,190,2825,2025-09-12,1,197.23,In-Store,197.23
13097,155,2525,2025-08-22,5,219.88,In-Store,219.88
13098,102,2474,2024-06-22,5,186.75,Online,186.75
13099,141,2468,2024-08-05,3,232.94,In-Store,232.94
13100,161,2501,2025-08-22,2,177.18,In-Store,177.18
13101,172,2495,2025-05-31,1,232.96,In-Store,232.96
13102,117,2016,2025-09-24,1,156.19,Online,156.19
13103,113,2688,2024-12-10,3,56.15,In-Store,56.15
13104,178,2408,2025-10-18,2,81.85,In-Store,81.85
13105,102,2643,2025-06-20,3,186.75,Online,186.75
13106,162,2710,2025-07-05,4,55.58,In-Store,55.58
13107,103,2897,2025-02-21,4,111.26,In-Store,111.26
13108,152,2420,2025-07-25,5,106.63,In-Store,106.63
13109,154,2746,2025-11-25,3,111.25,In-Store,111.25
13110,181,2069,2023-11-22,2,175.0,Online,175.0
13111,194,2460,2025-11-04,3,216.06,In-Store,216.06
13112,147,2304,2025-03-12,5,133.4,In-Store,133.4
13113,143,2177,2022-11-27,4,39.04,Online,39.04
13114,121,2595,2025-09-18,3,60.64,Online,60.64
13115,113,2855,2024-04-11,4,56.15,In-Store,56.15
13116,150,2909,2025-01-21,4,33.26,In-Store,33.26
13117,194,2132,2024-06-11,2,216.06,In-Store,216.06
13118,144,2605,2025-12-23,2,15.05,Online,15.05
13119,191,2703,2023-07-31,2,217.51,In-Store,217.51
13120,171,2671,2025-09-08,4,104.99,In-Store,104.99
13121,185,2673,2024-08-04,4,142.4,Online,142.4
13122,179,2688,2025-11-30,5,37.7,Online,37.7
13123,119,2020,2025-11-10,5,212.28,In-Store,212.28
13124,159,2447,2024-11-12,3,49.51,In-Store,49.51
13125,115,2098,2025-10-17,5,101.23,Online,101.23
13126,188,2208,2022-09-22,2,20.04,Online,20.04
13127,108,2378,2025-07-11,1,61.68,Online,61.68
13128,130,2182,2024-05-07,5,190.21,Online,190.21
13129,139,2459,2024-03-13,3,168.34,In-Store,168.34
13130,144,2056,2023-07-30,4,15.05,Online,15.05
13131,134,2885,2024-04-29,3,99.74,In-Store,99.74
13132,131,2944,2024-05-12,1,114.34,In-Store,114.34
13133,176,2517,2025-09-12,1,78.4,Online,78.4
13134,186,2036,2024-12-31,3,28.06,Online,28.06
13135,117,2767,2024-08-26,4,156.19,Online,156.19
13136,154,2022,2025-06-17,1,111.25,Online,111.25
13137,172,2417,2024-02-04,5,232.96,Online,232.96
13138,169,2389,2024-05-22,1,167.77,In-Store,167.77
13139,177,2164,2025-07-12,2,246.12,Online,246.12
13140,101,2598,2024-10-20,2,187.97,In-Store,187.97
13141,122,2521,2025-02-23,4,167.31,In-Store,167.31
13142,120,2974,2025-12-01,1,203.21,In-Store,203.21
13143,124,2643,2023-11-26,5,112.82,Online,112.82
13144,125,2362,2023-02-07,5,62.64,In-Store,62.64
13145,200,2873,2024-11-21,5,241.01,In-Store,241.01
13146,162,2424,2025-05-10,4,55.58,In-Store,55.58
13147,131,2075,2025-02-16,4,114.34,Online,114.34
13148,147,2402,2025-07-15,4,133.4,Online,133.4
13149,150,2005,2025-09-21,4,33.26,Online,33.26
13150,158,2938,2022-07-15,5,126.55,In-Store,126.55
13151,122,2600,2024-08-20,2,167.31,Online,167.31
13152,162,2470,2024-12-26,4,55.58,In-Store,55.58
13153,114,2456,2022-12-03,5,195.54,In-Store,195.54
13154,195,2546,2025-12-14,5,93.92,In-Store,93.92
13155,194,2165,2024-05-15,1,216.06,Online,216.06
13156,186,2349,2025-03-14,3,28.06,In-Store,28.06
13157,115,2306,2024-08-24,4,101.23,Online,101.23
13158,118,2339,2025-09-21,4,120.94,Online,120.94
13159,116,2668,2025-04-06,1,98.84,Online,98.84
13160,148,2141,2023-09-21,4,139.42,Online,139.42
13161,127,2782,2025-07-24,2,200.1,Online,200.1
13162,159,2664,2024-08-07,3,49.51,Online,49.51
13163,115,2460,2025-08-07,5,101.23,Online,101.23
13164,179,2226,2025-07-05,3,37.7,In-Store,37.7
13165,159,2060,2024-01-04,1,49.51,In-Store,49.51
13166,154,2773,2024-12-27,3,111.25,Online,111.25
13167,142,2017,2025-05-21,3,248.84,In-Store,248.84
13168,141,2321,2025-07-31,1,232.94,Online,232.94
13169,163,2675,2024-08-02,4,186.58,In-Store,186.58
13170,123,2544,2023-11-29,5,73.57,In-Store,73.57
13171,190,2873,2025-02-13,3,197.23,In-Store,197.23
13172,124,2535,2025-12-02,1,112.82,In-Store,112.82
13173,138,2729,2024-07-03,5,185.66,In-Store,185.66
13174,120,2166,2023-08-20,4,203.21,In-Store,203.21
13175,147,2999,2024-10-04,2,133.4,Online,133.4
13176,170,2586,2024-07-08,2,59.02,In-Store,59.02
13177,139,2987,2025-06-26,5,168.34,In-Store,168.34
13178,117,2991,2023-08-01,4,156.19,Online,156.19
13179,146,2089,2025-10-11,3,26.18,Online,26.18
13180,153,2470,2025-01-28,1,55.98,In-Store,55.98
13181,165,2774,2024-04-26,2,240.59,Online,240.59
13182,193,2621,2024-11-22,5,74.03,In-Store,74.03
13183,136,2356,2025-07-14,2,220.89,Online,220.89
13184,156,2384,2025-11-29,2,22.14,Online,22.14
13185,142,2373,2024-10-03,4,248.84,Online,248.84
13186,173,2816,2025-11-21,4,159.08,Online,159.08
13187,177,2303,2023-12-09,4,246.12,In-Store,246.12
13188,126,2827,2023-09-03,4,191.39,Online,191.39
13189,176,2212,2023-08-08,3,78.4,Online,78.4
13190,158,2653,2024-07-04,1,126.55,Online,126.55
13191,151,2735,2024-09-11,1,108.66,In-Store,108.66
13192,110,2754,2025-04-02,1,73.49,In-Store,73.49
13193,105,2795,2025-04-04,2,57.72,Online,57.72
13194,158,2634,2025-04-26,3,126.55,Online,126.55
13195,120,2961,2022-10-29,4,203.21,In-Store,203.21
13196,102,2720,2025-09-30,5,186.75,Online,186.75
13197,174,2994,2025-06-14,5,139.03,Online,139.03
13198,188,2642,2025-01-13,4,20.04,Online,20.04
13199,171,2205,2023-10-27,5,104.99,In-Store,104.99
13200,152,2503,2024-09-26,3,106.63,In-Store,106.63
13201,156,2332,2024-09-12,4,22.14,In-Store,22.14
13202,137,2201,2025-05-29,3,67.81,In-Store,67.81
13203,190,2094,2025-07-12,3,197.23,In-Store,197.23
13204,187,2951,2023-11-12,3,149.8,In-Store,149.8
13205,180,2273,2023-06-03,1,77.62,In-Store,77.62
13206,121,2894,2025-09-02,4,60.64,In-Store,60.64
13207,116,2655,2025-09-13,2,98.84,In-Store,98.84
13208,165,2576,2022-06-24,3,240.59,Online,240.59
13209,181,2611,2023-03-18,3,175.0,Online,175.0
13210,112,2415,2023-03-27,5,80.36,In-Store,80.36
13211,194,2528,2024-12-20,5,216.06,In-Store,216.06
13212,106,2952,2023-05-09,2,117.81,In-Store,117.81
13213,193,2767,2025-03-13,5,74.03,In-Store,74.03
13214,166,2749,2024-01-26,4,152.81,Online,152.81
13215,150,2236,2024-11-28,5,33.26,Online,33.26
13216,162,2401,2025-02-06,3,55.58,Online,55.58
13217,169,2779,2024-06-22,3,167.77,Online,167.77
13218,188,2065,2024-12-06,1,20.04,In-Store,20.04
13219,127,2366,2024-05-11,5,200.1,Online,200.1
13220,103,2733,2023-03-26,4,111.26,In-Store,111.26
13221,159,2006,2023-10-19,5,49.51,Online,49.51
13222,160,2019,2024-07-28,1,232.36,Online,232.36
13223,198,2023,2025-05-06,3,105.92,In-Store,105.92
13224,129,2952,2024-12-14,1,216.59,Online,216.59
13225,179,2847,2025-12-21,3,37.7,Online,37.7
13226,195,2449,2025-04-02,4,93.92,In-Store,93.92
13227,161,2155,2022-08-21,1,177.18,Online,177.18
13228,107,2878,2024-11-11,3,177.55,In-Store,177.55
13229,195,2145,2024-03-29,5,93.92,Online,93.92
13230,124,2128,2024-11-04,4,112.82,Online,112.82
13231,166,2945,2024-12-08,5,152.81,Online,152.81
13232,178,2438,2025-04-26,3,81.85,In-Store,81.85
13233,146,2333,2025-03-03,2,26.18,In-Store,26.18
13234,118,2576,2024-11-11,3,120.94,Online,120.94
13235,172,2005,2025-01-18,4,232.96,Online,232.96
13236,105,2195,2025-09-12,2,57.72,In-Store,57.72
13237,191,2894,2024-05-27,4,217.51,Online,217.51
13238,160,2826,2023-01-14,3,232.36,In-Store,232.36
13239,121,2073,2024-06-24,5,60.64,Online,60.64
13240,199,2966,2025-06-27,1,37.68,Online,37.68
13241,146,2357,2024-02-14,3,26.18,Online,26.18
13242,197,2168,2025-03-17,2,217.44,In-Store,217.44
13243,112,2491,2023-12-26,5,80.36,In-Store,80.36
13244,198,2989,2024-10-05,2,105.92,Online,105.92
13245,145,2774,2024-03-14,1,62.85,In-Store,62.85
13246,150,2514,2025-04-12,2,33.26,Online,33.26
13247,110,2849,2024-06-10,5,73.49,In-Store,73.49
13248,116,2170,2025-05-18,2,98.84,In-Store,98.84
13249,127,2259,2024-04-11,3,200.1,Online,200.1
13250,186,2785,2025-09-19,4,28.06,Online,28.06
13251,192,2119,2025-10-17,4,53.05,Online,53.05
13252,120,2833,2025-01-26,5,203.21,In-Store,203.21
13253,154,2039,2024-04-06,1,111.25,In-Store,111.25
13254,108,2815,2025-07-20,1,61.68,Online,61.68
13255,199,2515,2025-04-02,4,37.68,Online,37.68
13256,136,2691,2023-11-23,1,220.89,Online,220.89
13257,185,2906,2025-10-11,3,142.4,In-Store,142.4
13258,123,2361,2024-10-29,2,73.57,Online,73.57
13259,166,2500,2024-03-04,1,152.81,Online,152.81
13260,121,2516,2025-05-27,3,60.64,In-Store,60.64
13261,126,2795,2024-01-22,4,191.39,In-Store,191.39
13262,195,2560,2024-04-15,3,93.92,In-Store,93.92
13263,119,2112,2024-11-27,1,212.28,Online,212.28
13264,136,2999,2024-12-13,2,220.89,In-Store,220.89
13265,170,2306,2024-10-26,2,59.02,In-Store,59.02
13266,114,2676,2025-09-12,5,195.54,In-Store,195.54
13267,193,2635,2025-04-05,2,74.03,Online,74.03
13268,172,2938,2025-07-18,3,232.96,In-Store,232.96
13269,107,2146,2025-11-15,5,177.55,In-Store,177.55
13270,140,2631,2024-11-25,3,136.64,In-Store,136.64
13271,107,2767,2023-12-11,5,177.55,Online,177.55
13272,147,2259,2025-10-03,5,133.4,In-Store,133.4
13273,115,2146,2024-02-13,4,101.23,Online,101.23
13274,198,2948,2024-11-30,1,105.92,In-Store,105.92
13275,144,2058,2025-06-29,1,15.05,In-Store,15.05
13276,136,2902,2022-05-28,3,220.89,Online,220.89
13277,153,2921,2025-01-12,1,55.98,In-Store,55.98
13278,174,2593,2024-07-06,4,139.03,Online,139.03
13279,200,2958,2025-02-11,3,241.01,Online,241.01
13280,162,2615,2024-01-29,3,55.58,Online,55.58
13281,174,2204,2024-03-11,2,139.03,In-Store,139.03
13282,159,2680,2025-01-31,3,49.51,In-Store,49.51
13283,195,2697,2025-08-09,2,93.92,In-Store,93.92
13284,140,2973,2025-10-30,3,136.64,In-Store,136.64
13285,169,3000,2024-02-28,1,167.77,Online,167.77
13286,166,2253,2024-05-05,4,152.81,Online,152.81
13287,195,2309,2025-03-05,5,93.92,In-Store,93.92
13288,104,2984,2025-10-04,2,65.84,Online,65.84
13289,197,2280,2025-10-04,2,217.44,Online,217.44
13290,199,2617,2025-05-05,2,37.68,In-Store,37.68
13291,143,2879,2025-04-15,2,39.04,In-Store,39.04
13292,200,2351,2023-07-20,4,241.01,In-Store,241.01
13293,149,2608,2024-05-18,4,198.31,In-Store,198.31
13294,193,2390,2023-08-16,3,74.03,In-Store,74.03
13295,177,2172,2024-05-21,3,246.12,Online,246.12
13296,159,2315,2023-06-20,4,49.51,Online,49.51
13297,164,2647,2024-02-25,3,22.03,Online,22.03
13298,188,2451,2024-04-24,2,20.04,In-Store,20.04
13299,102,2404,2024-04-06,3,186.75,In-Store,186.75
13300,109,2100,2023-01-15,5,101.18,Online,101.18
13301,118,2761,2023-06-01,4,120.94,Online,120.94
13302,150,2731,2024-04-07,2,33.26,In-Store,33.26
13303,189,2616,2025-11-16,1,60.42,In-Store,60.42
13304,138,2033,2024-10-10,1,185.66,Online,185.66
13305,164,2484,2025-06-14,3,22.03,In-Store,22.03
13306,135,2490,2023-10-19,3,87.8,Online,87.8
13307,129,2065,2025-07-22,3,216.59,Online,216.59
13308,167,2556,2024-07-07,4,235.98,Online,235.98
13309,164,2611,2025-01-25,3,22.03,Online,22.03
13310,120,2787,2022-03-08,4,203.21,Online,203.21
13311,125,2777,2025-02-26,1,62.64,Online,62.64
13312,164,2212,2025-03-03,2,22.03,Online,22.03
13313,178,2498,2024-09-20,1,81.85,Online,81.85
13314,162,2291,2025-11-25,2,55.58,In-Store,55.58
13315,192,2601,2025-09-08,1,53.05,Online,53.05
13316,161,2747,2023-10-20,4,177.18,In-Store,177.18
13317,156,2289,2024-05-04,4,22.14,Online,22.14
13318,190,2239,2023-12-14,2,197.23,In-Store,197.23
13319,124,2413,2023-11-01,4,112.82,In-Store,112.82
13320,125,2751,2025-07-23,4,62.64,In-Store,62.64
13321,161,2961,2025-01-27,5,177.18,In-Store,177.18
13322,118,2770,2025-10-25,5,120.94,Online,120.94
13323,140,2908,2025-10-03,3,136.64,In-Store,136.64
13324,198,2502,2024-11-22,4,105.92,In-Store,105.92
13325,175,2288,2024-11-30,5,233.98,Online,233.98
13326,141,2669,2025-12-19,3,232.94,In-Store,232.94
13327,131,2275,2025-07-06,5,114.34,Online,114.34
13328,126,2191,2025-06-13,1,191.39,Online,191.39
13329,115,2499,2025-01-19,4,101.23,In-Store,101.23
13330,193,2313,2025-03-30,2,74.03,In-Store,74.03
13331,136,2442,2025-04-15,5,220.89,In-Store,220.89
13332,140,2639,2022-08-31,3,136.64,Online,136.64
13333,127,2592,2024-07-18,4,200.1,In-Store,200.1
13334,142,2081,2025-08-31,5,248.84,Online,248.84
13335,138,2831,2024-12-16,1,185.66,Online,185.66
13336,178,2666,2023-11-08,4,81.85,Online,81.85
13337,153,2490,2025-12-15,2,55.98,Online,55.98
13338,195,2034,2025-07-26,4,93.92,Online,93.92
13339,105,2683,2025-06-06,2,57.72,In-Store,57.72
13340,130,2031,2023-09-20,2,190.21,Online,190.21
13341,126,2902,2023-04-05,2,191.39,Online,191.39
13342,120,2025,2025-03-25,3,203.21,Online,203.21
13343,175,2832,2025-04-17,1,233.98,Online,233.98
13344,190,2321,2025-01-04,4,197.23,In-Store,197.23
13345,148,2995,2025-11-02,1,139.42,Online,139.42
13346,123,2779,2025-02-16,4,73.57,Online,73.57
13347,155,2361,2024-09-07,1,219.88,Online,219.88
13348,113,2677,2025-09-12,5,56.15,In-Store,56.15
13349,173,2368,2025-01-09,1,159.08,Online,159.08
13350,145,2199,2025-01-25,3,62.85,Online,62.85
13351,170,2402,2024-12-07,4,59.02,Online,59.02
13352,143,2924,2024-03-24,4,39.04,Online,39.04
13353,121,2763,2024-02-19,1,60.64,In-Store,60.64
13354,173,2338,2025-06-30,1,159.08,Online,159.08
13355,165,2980,2025-08-29,4,240.59,In-Store,240.59
13356,130,2932,2022-10-27,5,190.21,In-Store,190.21
13357,197,2572,2025-11-26,2,217.44,Online,217.44
13358,139,2093,2024-06-02,3,168.34,Online,168.34
13359,117,2720,2024-08-23,4,156.19,Online,156.19
13360,188,2516,2024-09-23,4,20.04,Online,20.04
13361,110,2486,2025-12-30,2,73.49,In-Store,73.49
13362,164,2503,2025-12-18,4,22.03,Online,22.03
13363,124,2922,2024-11-02,3,112.82,Online,112.82
13364,170,2438,2023-12-25,4,59.02,Online,59.02
13365,121,2959,2024-09-09,3,60.64,Online,60.64
13366,109,2641,2024-10-21,2,101.18,Online,101.18
13367,157,2486,2024-12-11,5,232.33,In-Store,232.33
13368,142,2549,2022-04-12,1,248.84,In-Store,248.84
13369,186,2348,2025-06-17,5,28.06,In-Store,28.06
13370,112,2628,2022-12-30,4,80.36,Online,80.36
13371,115,2654,2025-08-10,5,101.23,Online,101.23
13372,103,2980,2023-11-17,5,111.26,In-Store,111.26
13373,137,2346,2025-06-10,2,67.81,In-Store,67.81
13374,162,2041,2025-12-06,4,55.58,In-Store,55.58
13375,103,2687,2025-01-09,1,111.26,Online,111.26
13376,121,2349,2025-07-21,5,60.64,Online,60.64
13377,174,2141,2025-10-24,4,139.03,Online,139.03
13378,192,2097,2024-08-26,3,53.05,Online,53.05
13379,197,2188,2024-09-16,2,217.44,In-Store,217.44
13380,158,2334,2023-06-24,1,126.55,In-Store,126.55
13381,121,2125,2024-12-31,3,60.64,Online,60.64
13382,158,2714,2025-02-02,1,126.55,Online,126.55
13383,142,2392,2025-12-04,1,248.84,Online,248.84
13384,185,2316,2022-04-18,1,142.4,In-Store,142.4
13385,141,2222,2025-11-22,4,232.94,Online,232.94
13386,134,2653,2024-10-02,1,99.74,In-Store,99.74
13387,171,2560,2023-11-17,2,104.99,In-Store,104.99
13388,134,2411,2025-06-19,3,99.74,In-Store,99.74
13389,149,2725,2025-04-15,5,198.31,Online,198.31
13390,155,2625,2022-12-31,2,219.88,Online,219.88
13391,157,2507,2024-11-01,2,232.33,Online,232.33
13392,185,2095,2024-02-25,2,142.4,Online,142.4
13393,103,2896,2025-06-29,2,111.26,Online,111.26
13394,183,2756,2023-07-04,5,209.04,In-Store,209.04
13395,126,2163,2025-03-25,2,191.39,In-Store,191.39
13396,185,2450,2025-01-17,1,142.4,Online,142.4
13397,171,2140,2025-04-05,5,104.99,Online,104.99
13398,143,2474,2025-07-23,3,39.04,In-Store,39.04
13399,108,2019,2025-07-14,3,61.68,In-Store,61.68
13400,128,2147,2024-10-17,1,101.59,In-Store,101.59
13401,128,2056,2024-09-07,3,101.59,In-Store,101.59
13402,183,2860,2025-02-09,5,209.04,Online,209.04
13403,147,2343,2022-07-11,4,133.4,Online,133.4
13404,182,2382,2025-12-07,3,227.28,In-Store,227.28
13405,131,2955,2023-10-10,4,114.34,In-Store,114.34
13406,127,2560,2025-07-15,5,200.1,Online,200.1
13407,106,2700,2025-10-27,3,117.81,In-Store,117.81
13408,145,2471,2025-08-08,3,62.85,Online,62.85
13409,150,2233,2024-04-03,3,33.26,Online,33.26
13410,145,2640,2025-12-29,4,62.85,In-Store,62.85
13411,127,2661,2022-11-16,1,200.1,In-Store,200.1
13412,155,2563,2025-09-01,4,219.88,Online,219.88
13413,196,2707,2025-12-04,5,168.41,Online,168.41
13414,101,2043,2023-12-25,1,187.97,In-Store,187.97
13415,138,2740,2025-12-03,2,185.66,Online,185.66
13416,141,2658,2024-12-28,1,232.94,Online,232.94
13417,178,2876,2025-02-10,5,81.85,Online,81.85
13418,107,2691,2024-01-23,2,177.55,Online,177.55
13419,192,2443,2024-05-03,1,53.05,In-Store,53.05
13420,154,2190,2025-11-30,4,111.25,In-Store,111.25
13421,109,2645,2024-11-21,1,101.18,Online,101.18
13422,181,2604,2023-06-13,1,175.0,In-Store,175.0
13423,167,2009,2024-10-17,1,235.98,Online,235.98
13424,166,2708,2025-08-22,2,152.81,Online,152.81
13425,188,2430,2025-02-12,2,20.04,Online,20.04
13426,110,2928,2025-02-28,2,73.49,Online,73.49
13427,130,2558,2025-10-20,4,190.21,Online,190.21
13428,173,2266,2025-04-16,5,159.08,Online,159.08
13429,196,2119,2024-11-12,4,168.41,In-Store,168.41
13430,119,2288,2024-06-15,4,212.28,In-Store,212.28
13431,160,2876,2024-05-08,2,232.36,Online,232.36
13432,158,2896,2024-11-19,1,126.55,In-Store,126.55
13433,168,2993,2022-12-21,5,152.68,Online,152.68
13434,123,2337,2024-01-18,1,73.57,Online,73.57
13435,170,2884,2022-08-20,4,59.02,Online,59.02
13436,188,2271,2025-05-06,1,20.04,In-Store,20.04
13437,174,2966,2025-01-06,4,139.03,In-Store,139.03
13438,176,2312,2022-11-01,3,78.4,Online,78.4
13439,161,2931,2025-10-06,5,177.18,In-Store,177.18
13440,168,2276,2024-07-18,5,152.68,Online,152.68
13441,108,2938,2025-08-15,1,61.68,Online,61.68
13442,191,2450,2025-11-12,3,217.51,In-Store,217.51
13443,183,2981,2024-07-28,2,209.04,In-Store,209.04
13444,150,2771,2023-11-04,4,33.26,Online,33.26
13445,164,2653,2024-08-29,5,22.03,In-Store,22.03
13446,191,2539,2024-11-10,4,217.51,In-Store,217.51
13447,181,2348,2025-02-14,3,175.0,Online,175.0
13448,168,2022,2024-04-22,1,152.68,Online,152.68
13449,153,2165,2025-04-04,1,55.98,Online,55.98
13450,188,2990,2023-08-21,5,20.04,In-Store,20.04
13451,171,2292,2025-07-11,1,104.99,Online,104.99
13452,167,2015,2025-03-18,4,235.98,In-Store,235.98
13453,166,2250,2025-08-31,1,152.81,Online,152.81
13454,160,2532,2024-03-15,5,232.36,Online,232.36
13455,176,2350,2024-02-04,3,78.4,In-Store,78.4
13456,194,2025,2024-08-18,4,216.06,In-Store,216.06
13457,124,2572,2023-10-05,3,112.82,Online,112.82
13458,172,2734,2025-05-15,4,232.96,Online,232.96
13459,112,2355,2025-11-01,3,80.36,Online,80.36
13460,164,2937,2023-11-09,2,22.03,In-Store,22.03
13461,163,2231,2025-11-03,5,186.58,In-Store,186.58
13462,156,2459,2025-03-31,3,22.14,Online,22.14
13463,194,2599,2024-09-26,1,216.06,In-Store,216.06
13464,197,2764,2025-11-01,5,217.44,Online,217.44
13465,190,2100,2024-10-21,5,197.23,Online,197.23
13466,144,2854,2023-05-20,4,15.05,Online,15.05
13467,179,2866,2024-12-22,1,37.7,Online,37.7
13468,200,2258,2023-02-05,3,241.01,Online,241.01
13469,165,2539,2025-10-02,3,240.59,Online,240.59
13470,101,2597,2024-03-27,3,187.97,In-Store,187.97
13471,165,2611,2024-04-01,3,240.59,In-Store,240.59
13472,131,2275,2025-01-16,2,114.34,Online,114.34
13473,182,2497,2023-11-21,4,227.28,Online,227.28
13474,164,2042,2025-12-17,4,22.03,In-Store,22.03
13475,148,2293,2023-04-24,5,139.42,Online,139.42
13476,104,2373,2025-04-10,4,65.84,In-Store,65.84
13477,105,2536,2025-03-18,3,57.72,Online,57.72
13478,122,2721,2025-12-21,3,167.31,In-Store,167.31
13479,198,2786,2024-05-13,2,105.92,In-Store,105.92
13480,166,2857,2024-12-03,1,152.81,Online,152.81
13481,162,2635,2025-10-23,4,55.58,Online,55.58
13482,166,2821,2024-08-05,1,152.81,In-Store,152.81
13483,158,2289,2024-03-09,2,126.55,Online,126.55
13484,141,2584,2023-02-27,1,232.94,Online,232.94
13485,150,2913,2025-03-16,2,33.26,Online,33.26
13486,182,2802,2024-02-11,5,227.28,Online,227.28
13487,108,2534,2024-10-21,2,61.68,Online,61.68
13488,108,2255,2024-07-21,3,61.68,In-Store,61.68
13489,151,2673,2025-10-24,4,108.66,In-Store,108.66
13490,149,2560,2025-01-15,3,198.31,Online,198.31
13491,163,2193,2024-05-17,1,186.58,Online,186.58
13492,139,2892,2025-07-23,3,168.34,In-Store,168.34
13493,127,2360,2022-11-28,4,200.1,Online,200.1
13494,150,2537,2025-11-02,4,33.26,Online,33.26
13495,184,2152,2025-01-16,1,195.07,Online,195.07
13496,105,2758,2024-10-25,3,57.72,Online,57.72
13497,193,2573,2024-01-15,2,74.03,In-Store,74.03
13498,175,2412,2025-10-01,1,233.98,Online,233.98
13499,150,2261,2023-11-10,4,33.26,In-Store,33.26
13500,152,2815,2025-09-12,3,106.63,In-Store,106.63
13501,154,2775,2024-09-03,2,111.25,In-Store,111.25
13502,155,2560,2025-12-19,5,219.88,Online,219.88
13503,165,2988,2023-08-07,2,240.59,Online,240.59
13504,113,2949,2025-09-07,4,56.15,In-Store,56.15
13505,158,2494,2023-12-18,1,126.55,Online,126.55
13506,139,2799,2024-11-30,5,168.34,In-Store,168.34
13507,184,2105,2024-09-26,1,195.07,Online,195.07
13508,151,2679,2025-01-15,5,108.66,In-Store,108.66
13509,102,2969,2022-10-22,3,186.75,Online,186.75
13510,188,2041,2025-02-09,3,20.04,In-Store,20.04
13511,119,2635,2025-03-28,3,212.28,Online,212.28
13512,107,2473,2024-01-12,4,177.55,In-Store,177.55
13513,145,2722,2024-07-23,3,62.85,In-Store,62.85
13514,157,2934,2023-10-22,2,232.33,Online,232.33
13515,120,2884,2024-09-15,3,203.21,In-Store,203.21
13516,146,2257,2024-10-19,4,26.18,Online,26.18
13517,144,2633,2025-05-21,3,15.05,In-Store,15.05
13518,182,2185,2024-07-07,1,227.28,Online,227.28
13519,139,2606,2025-06-19,1,168.34,Online,168.34
13520,109,2618,2025-09-14,3,101.18,In-Store,101.18
13521,101,2587,2025-12-18,2,187.97,Online,187.97
13522,121,2185,2024-04-05,4,60.64,Online,60.64
13523,181,2800,2025-03-20,5,175.0,In-Store,175.0
13524,124,2664,2025-07-25,3,112.82,In-Store,112.82
13525,175,2622,2025-12-20,4,233.98,Online,233.98
13526,122,2184,2023-01-18,5,167.31,Online,167.31
13527,157,2918,2023-11-27,3,232.33,Online,232.33
13528,113,2444,2024-12-20,3,56.15,In-Store,56.15
13529,101,2080,2025-08-30,3,187.97,In-Store,187.97
13530,128,2711,2024-11-04,2,101.59,In-Store,101.59
13531,145,2274,2025-10-02,2,62.85,In-Store,62.85
13532,190,2119,2025-09-04,5,197.23,In-Store,197.23
13533,162,2771,2024-02-05,4,55.58,In-Store,55.58
13534,147,2812,2023-10-01,1,133.4,In-Store,133.4
13535,149,2861,2025-05-03,3,198.31,Online,198.31
13536,110,2920,2025-03-17,2,73.49,Online,73.49
13537,141,2893,2025-04-14,3,232.94,Online,232.94
13538,199,2611,2023-08-19,1,37.68,Online,37.68
13539,186,2281,2025-02-28,1,28.06,Online,28.06
13540,177,2960,2023-03-03,5,246.12,In-Store,246.12
13541,177,2519,2025-10-22,4,246.12,In-Store,246.12
13542,178,2778,2023-09-30,1,81.85,In-Store,81.85
13543,198,2336,2023-03-13,5,105.92,Online,105.92
13544,165,2364,2024-06-24,3,240.59,Online,240.59
13545,187,2735,2025-01-18,3,149.8,In-Store,149.8
13546,181,2271,2023-09-08,5,175.0,Online,175.0
13547,146,2735,2024-11-09,3,26.18,In-Store,26.18
13548,137,2081,2025-11-25,2,67.81,In-Store,67.81
13549,191,2232,2024-07-26,5,217.51,Online,217.51
13550,144,2502,2024-07-01,2,15.05,Online,15.05
13551,193,2174,2025-03-10,1,74.03,In-Store,74.03
13552,135,2360,2025-09-29,1,87.8,Online,87.8
13553,197,2039,2025-05-07,3,217.44,In-Store,217.44
13554,157,2045,2022-05-08,4,232.33,Online,232.33
13555,199,2936,2025-06-03,5,37.68,Online,37.68
13556,174,2892,2025-02-14,5,139.03,Online,139.03
13557,146,2646,2025-03-06,5,26.18,Online,26.18
13558,117,2515,2024-05-21,1,156.19,Online,156.19
13559,146,2533,2023-10-20,4,26.18,In-Store,26.18
13560,137,2707,2025-11-20,2,67.81,Online,67.81
13561,191,2256,2025-10-21,2,217.51,Online,217.51
13562,145,2195,2023-11-25,1,62.85,Online,62.85
13563,178,2249,2025-05-29,4,81.85,In-Store,81.85
13564,178,2056,2025-09-25,2,81.85,In-Store,81.85
13565,128,2676,2024-07-29,2,101.59,In-Store,101.59
13566,119,2355,2025-08-22,1,212.28,In-Store,212.28
13567,186,2056,2023-12-03,4,28.06,Online,28.06
13568,162,2650,2024-11-19,1,55.58,Online,55.58
13569,149,2034,2024-06-02,2,198.31,In-Store,198.31
13570,137,2417,2025-05-25,4,67.81,Online,67.81
13571,104,2376,2024-06-05,2,65.84,In-Store,65.84
13572,172,2969,2025-11-27,4,232.96,Online,232.96
13573,163,2755,2025-03-22,3,186.58,Online,186.58
13574,142,2173,2022-08-12,3,248.84,Online,248.84
13575,137,2541,2022-11-07,5,67.81,In-Store,67.81
13576,161,2698,2023-12-17,1,177.18,In-Store,177.18
13577,116,2007,2025-05-08,2,98.84,In-Store,98.84
13578,189,2675,2023-06-24,1,60.42,In-Store,60.42
13579,176,2043,2025-10-10,4,78.4,Online,78.4
13580,107,2713,2025-07-22,5,177.55,In-Store,177.55
13581,102,2418,2023-05-07,3,186.75,Online,186.75
13582,139,2815,2025-12-23,3,168.34,Online,168.34
13583,182,2337,2024-10-30,2,227.28,Online,227.28
13584,103,2062,2025-11-29,5,111.26,In-Store,111.26
13585,187,2005,2025-06-04,5,149.8,In-Store,149.8
13586,154,2352,2025-01-16,5,111.25,Online,111.25
13587,175,2296,2025-07-04,3,233.98,Online,233.98
13588,169,2792,2024-09-03,2,167.77,In-Store,167.77
13589,162,2081,2025-06-30,3,55.58,In-Store,55.58
13590,159,2451,2023-12-09,2,49.51,Online,49.51
13591,187,2793,2024-07-14,1,149.8,Online,149.8
13592,185,2849,2025-04-23,2,142.4,Online,142.4
13593,121,2769,2023-08-14,3,60.64,Online,60.64
13594,169,2367,2024-10-14,1,167.77,Online,167.77
13595,170,2354,2025-02-01,1,59.02,Online,59.02
13596,128,2839,2024-09-11,4,101.59,In-Store,101.59
13597,137,2519,2023-05-18,3,67.81,Online,67.81
13598,191,2511,2024-03-11,3,217.51,In-Store,217.51
13599,112,2883,2025-09-28,3,80.36,In-Store,80.36
13600,195,2068,2025-07-01,1,93.92,Online,93.92
13601,105,2392,2023-08-22,2,57.72,Online,57.72
13602,107,2802,2024-05-14,2,177.55,Online,177.55
13603,193,2352,2023-10-02,5,74.03,In-Store,74.03
13604,193,2721,2025-02-24,5,74.03,In-Store,74.03
13605,147,2151,2025-11-15,4,133.4,Online,133.4
13606,153,2096,2025-11-09,5,55.98,In-Store,55.98
13607,153,2621,2024-04-30,5,55.98,Online,55.98
13608,190,2920,2024-07-26,4,197.23,Online,197.23
13609,195,2318,2025-05-30,3,93.92,In-Store,93.92
13610,196,2037,2025-10-23,2,168.41,In-Store,168.41
13611,178,2296,2025-10-26,2,81.85,Online,81.85
13612,118,2613,2024-08-15,1,120.94,In-Store,120.94
13613,145,2285,2025-07-30,2,62.85,Online,62.85
13614,185,2011,2025-01-30,1,142.4,Online,142.4
13615,119,2513,2024-02-26,4,212.28,Online,212.28
13616,162,2555,2024-05-29,1,55.58,Online,55.58
13617,125,2257,2024-11-22,4,62.64,In-Store,62.64
13618,122,2668,2024-04-23,5,167.31,Online,167.31
13619,169,2851,2024-07-11,2,167.77,In-Store,167.77
13620,185,2614,2025-01-07,4,142.4,Online,142.4
13621,141,2229,2025-06-03,1,232.94,Online,232.94
13622,199,2208,2023-04-08,2,37.68,In-Store,37.68
13623,105,2830,2022-07-08,3,57.72,In-Store,57.72
13624,118,2288,2025-03-14,2,120.94,In-Store,120.94
13625,122,2609,2025-07-18,3,167.31,In-Store,167.31
13626,195,2512,2023-10-09,4,93.92,In-Store,93.92
13627,126,2141,2023-09-19,1,191.39,In-Store,191.39
13628,179,2102,2025-11-27,2,37.7,In-Store,37.7
13629,188,2044,2025-06-11,5,20.04,Online,20.04
13630,159,2026,2025-10-20,2,49.51,In-Store,49.51
13631,121,2065,2025-12-14,1,60.64,Online,60.64
13632,112,2358,2025-07-28,1,80.36,Online,80.36
13633,163,2470,2025-09-13,2,186.58,In-Store,186.58
13634,159,2069,2023-09-23,2,49.51,In-Store,49.51
13635,153,2544,2025-07-12,4,55.98,Online,55.98
13636,130,2436,2025-04-16,5,190.21,In-Store,190.21
13637,153,2159,2024-04-19,2,55.98,In-Store,55.98
13638,184,2706,2024-12-31,3,195.07,In-Store,195.07
13639,177,2350,2024-08-30,1,246.12,In-Store,246.12
13640,159,2690,2024-07-06,2,49.51,Online,49.51
13641,153,2538,2024-08-17,1,55.98,In-Store,55.98
13642,133,2865,2024-06-25,4,212.0,In-Store,212.0
13643,109,2617,2024-04-08,4,101.18,Online,101.18
13644,105,2115,2023-10-27,1,57.72,Online,57.72
13645,135,2673,2025-09-25,1,87.8,In-Store,87.8
13646,191,2833,2025-06-10,1,217.51,Online,217.51
13647,123,2038,2025-10-15,3,73.57,In-Store,73.57
13648,140,2665,2025-08-29,2,136.64,Online,136.64
13649,180,2030,2025-01-03,2,77.62,In-Store,77.62
13650,126,2076,2023-12-04,1,191.39,Online,191.39
13651,192,2652,2024-05-15,1,53.05,Online,53.05
13652,129,2546,2025-12-03,4,216.59,Online,216.59
13653,133,2888,2025-08-02,1,212.0,Online,212.0
13654,140,2530,2025-04-17,5,136.64,Online,136.64
13655,122,2961,2022-10-17,4,167.31,Online,167.31
13656,179,2162,2025-12-31,5,37.7,Online,37.7
13657,118,2082,2023-11-11,1,120.94,In-Store,120.94
13658,133,2909,2024-10-04,5,212.0,Online,212.0
13659,169,2621,2023-11-16,4,167.77,Online,167.77
13660,140,2353,2024-08-28,4,136.64,Online,136.64
13661,109,2070,2024-11-18,4,101.18,In-Store,101.18
13662,149,2252,2023-05-03,3,198.31,In-Store,198.31
13663,181,2434,2025-03-28,3,175.0,In-Store,175.0
13664,143,2845,2023-11-29,2,39.04,In-Store,39.04
13665,156,2498,2024-10-19,1,22.14,In-Store,22.14
13666,166,2676,2025-06-28,2,152.81,Online,152.81
13667,148,2771,2024-05-04,2,139.42,In-Store,139.42
13668,200,2460,2025-07-30,5,241.01,Online,241.01
13669,103,2143,2024-03-23,1,111.26,In-Store,111.26
13670,141,2646,2023-11-11,1,232.94,In-Store,232.94
13671,138,2067,2025-05-19,5,185.66,Online,185.66
13672,154,2663,2024-02-04,3,111.25,In-Store,111.25
13673,137,2622,2024-12-08,5,67.81,Online,67.81
13674,147,2109,2025-12-26,5,133.4,In-Store,133.4
13675,112,2740,2025-07-28,3,80.36,In-Store,80.36
13676,198,2100,2024-05-12,4,105.92,In-Store,105.92
13677,150,2999,2025-06-30,5,33.26,Online,33.26
13678,112,2862,2025-11-17,4,80.36,In-Store,80.36
13679,114,2748,2023-10-13,2,195.54,Online,195.54
13680,155,2237,2025-02-22,3,219.88,Online,219.88
13681,109,2642,2024-09-08,1,101.18,In-Store,101.18
13682,111,2832,2025-10-17,3,243.55,In-Store,243.55
13683,153,2320,2025-06-26,3,55.98,Online,55.98
13684,176,2556,2025-08-13,2,78.4,Online,78.4
13685,105,2002,2024-02-01,4,57.72,In-Store,57.72
13686,190,2861,2024-10-24,5,197.23,Online,197.23
13687,197,2674,2024-03-02,1,217.44,Online,217.44
13688,154,2735,2023-12-31,3,111.25,Online,111.25
13689,143,2797,2024-10-27,1,39.04,In-Store,39.04
13690,131,2875,2025-12-21,5,114.34,Online,114.34
13691,173,2378,2024-10-26,4,159.08,Online,159.08
13692,178,2283,2025-06-20,1,81.85,In-Store,81.85
13693,156,2386,2024-07-27,4,22.14,In-Store,22.14
13694,119,2800,2024-03-28,5,212.28,In-Store,212.28
13695,171,2391,2023-11-28,1,104.99,Online,104.99
13696,126,2088,2025-01-18,3,191.39,Online,191.39
13697,192,2097,2024-05-25,3,53.05,In-Store,53.05
13698,185,2706,2025-04-05,3,142.4,In-Store,142.4
13699,146,2974,2025-06-21,4,26.18,Online,26.18
13700,194,2610,2025-01-27,5,216.06,In-Store,216.06
13701,158,2235,2024-09-25,2,126.55,In-Store,126.55
13702,161,2640,2025-03-31,1,177.18,In-Store,177.18
13703,187,2319,2025-05-01,5,149.8,Online,149.8
13704,129,2885,2025-09-03,3,216.59,In-Store,216.59
13705,110,2815,2024-06-06,2,73.49,In-Store,73.49
13706,122,2309,2025-06-10,4,167.31,Online,167.31
13707,166,2131,2022-08-18,2,152.81,Online,152.81
13708,134,2384,2025-10-17,4,99.74,In-Store,99.74
13709,177,2127,2025-12-10,1,246.12,Online,246.12
13710,160,2221,2025-09-03,1,232.36,Online,232.36
13711,181,2674,2025-12-09,1,175.0,In-Store,175.0
13712,126,2565,2024-10-14,2,191.39,In-Store,191.39
13713,170,2519,2022-08-29,5,59.02,Online,59.02
13714,192,2232,2024-05-25,5,53.05,In-Store,53.05
13715,111,2023,2024-06-12,3,243.55,Online,243.55
13716,166,2706,2025-01-20,3,152.81,Online,152.81
13717,172,2592,2024-08-22,1,232.96,In-Store,232.96
13718,187,2336,2023-09-08,1,149.8,In-Store,149.8
13719,193,2371,2025-11-12,3,74.03,In-Store,74.03
13720,115,2545,2025-07-24,4,101.23,Online,101.23
13721,196,2072,2024-04-09,1,168.41,Online,168.41
13722,185,2598,2025-12-09,2,142.4,Online,142.4
13723,122,2871,2024-10-25,5,167.31,In-Store,167.31
13724,110,2967,2024-06-01,4,73.49,Online,73.49
13725,115,2691,2023-09-22,3,101.23,In-Store,101.23
13726,114,2576,2024-07-08,1,195.54,In-Store,195.54
13727,106,2868,2025-05-30,3,117.81,In-Store,117.81
13728,110,2914,2024-06-14,4,73.49,In-Store,73.49
13729,146,2067,2025-02-08,3,26.18,Online,26.18
13730,199,2173,2023-06-15,3,37.68,Online,37.68
13731,153,2238,2025-12-03,5,55.98,Online,55.98
13732,125,2243,2024-10-06,5,62.64,Online,62.64
13733,115,2892,2023-12-10,2,101.23,In-Store,101.23
13734,181,2390,2023-08-29,3,175.0,In-Store,175.0
13735,188,2667,2025-04-19,5,20.04,Online,20.04
13736,196,2038,2025-10-03,4,168.41,In-Store,168.41
13737,196,2070,2025-09-26,1,168.41,In-Store,168.41
13738,137,2925,2024-12-06,5,67.81,In-Store,67.81
13739,127,2117,2024-08-31,1,200.1,In-Store,200.1
13740,196,2474,2025-02-03,3,168.41,In-Store,168.41
13741,172,2228,2025-12-11,4,232.96,Online,232.96
13742,155,2527,2025-11-28,2,219.88,In-Store,219.88
13743,124,2528,2025-12-19,4,112.82,Online,112.82
13744,122,2634,2025-12-17,4,167.31,Online,167.31
13745,190,2391,2025-03-26,4,197.23,In-Store,197.23
13746,185,2146,2024-12-15,3,142.4,In-Store,142.4
13747,169,2804,2023-06-27,4,167.77,Online,167.77
13748,131,2541,2024-08-02,2,114.34,In-Store,114.34
13749,174,2171,2024-06-05,3,139.03,Online,139.03
13750,110,2219,2025-12-20,1,73.49,In-Store,73.49
13751,165,2937,2023-10-11,4,240.59,Online,240.59
13752,123,2082,2025-03-24,5,73.57,In-Store,73.57
13753,157,2637,2025-03-04,4,232.33,In-Store,232.33
13754,133,2653,2025-11-25,4,212.0,In-Store,212.0
13755,117,2707,2025-05-22,4,156.19,Online,156.19
13756,130,2991,2023-03-31,5,190.21,Online,190.21
13757,152,2140,2025-09-08,2,106.63,In-Store,106.63
13758,127,2577,2024-08-03,4,200.1,In-Store,200.1
13759,137,2637,2024-12-02,3,67.81,Online,67.81
13760,171,2693,2024-09-06,4,104.99,In-Store,104.99
13761,175,2940,2025-11-18,1,233.98,In-Store,233.98
13762,128,2246,2025-04-02,4,101.59,In-Store,101.59
13763,157,2835,2025-07-23,1,232.33,Online,232.33
13764,180,2355,2025-06-27,4,77.62,Online,77.62
13765,189,2369,2025-09-23,4,60.42,In-Store,60.42
13766,183,2858,2024-12-29,3,209.04,In-Store,209.04
13767,147,2769,2024-10-09,4,133.4,In-Store,133.4
13768,114,2574,2023-08-31,3,195.54,Online,195.54
13769,153,2609,2025-07-06,4,55.98,In-Store,55.98
13770,195,2224,2022-12-14,2,93.92,In-Store,93.92
13771,180,2789,2025-08-13,1,77.62,Online,77.62
13772,194,2855,2024-05-24,3,216.06,In-Store,216.06
13773,147,2511,2024-05-30,5,133.4,In-Store,133.4
13774,108,2382,2024-12-13,5,61.68,In-Store,61.68
13775,152,2792,2024-08-03,3,106.63,Online,106.63
13776,195,2827,2024-06-28,4,93.92,Online,93.92
13777,159,2244,2024-12-02,3,49.51,In-Store,49.51
13778,117,2520,2025-09-28,3,156.19,In-Store,156.19
13779,129,2565,2024-09-11,3,216.59,In-Store,216.59
13780,145,2902,2024-05-21,4,62.85,Online,62.85
13781,169,2336,2023-08-09,3,167.77,In-Store,167.77
13782,155,2201,2024-07-29,1,219.88,In-Store,219.88
13783,162,2438,2023-04-24,5,55.58,In-Store,55.58
13784,119,2450,2024-12-27,1,212.28,In-Store,212.28
13785,181,2026,2024-10-30,4,175.0,In-Store,175.0
13786,165,2365,2023-10-11,5,240.59,Online,240.59
13787,118,2470,2025-03-13,4,120.94,In-Store,120.94
13788,102,2544,2025-08-13,5,186.75,In-Store,186.75
13789,104,2205,2023-01-16,5,65.84,In-Store,65.84
13790,122,2724,2023-11-13,4,167.31,In-Store,167.31
13791,168,2890,2023-08-10,2,152.68,In-Store,152.68
13792,177,2539,2025-05-01,5,246.12,Online,246.12
13793,139,2646,2024-01-08,4,168.34,In-Store,168.34
13794,157,2523,2024-10-14,3,232.33,Online,232.33
13795,106,2814,2025-10-11,5,117.81,In-Store,117.81
13796,197,2846,2024-11-14,3,217.44,Online,217.44
13797,137,2772,2023-02-06,4,67.81,In-Store,67.81
13798,166,2917,2023-08-03,4,152.81,In-Store,152.81
13799,112,2342,2024-11-10,4,80.36,In-Store,80.36
13800,124,2604,2025-10-17,5,112.82,In-Store,112.82
13801,181,2278,2023-02-05,3,175.0,In-Store,175.0
13802,172,2585,2022-08-31,4,232.96,In-Store,232.96
13803,200,2442,2025-07-03,1,241.01,Online,241.01
13804,113,2863,2025-02-23,2,56.15,In-Store,56.15
13805,196,2538,2025-01-03,3,168.41,Online,168.41
13806,135,2821,2025-11-09,4,87.8,Online,87.8
13807,136,2336,2024-03-03,5,220.89,Online,220.89
13808,119,2855,2024-04-22,1,212.28,Online,212.28
13809,142,2854,2025-01-02,5,248.84,Online,248.84
13810,139,2061,2025-06-23,4,168.34,In-Store,168.34
13811,147,2825,2024-09-14,4,133.4,Online,133.4
13812,146,2397,2023-07-03,1,26.18,In-Store,26.18
13813,168,2454,2025-03-07,1,152.68,Online,152.68
13814,179,2390,2025-11-18,1,37.7,Online,37.7
13815,115,2111,2023-11-27,3,101.23,Online,101.23
13816,191,2127,2025-02-07,2,217.51,In-Store,217.51
13817,149,2545,2024-07-11,2,198.31,Online,198.31
13818,138,2913,2025-02-04,5,185.66,Online,185.66
13819,166,2292,2024-05-27,5,152.81,In-Store,152.81
13820,115,2688,2023-12-27,5,101.23,Online,101.23
13821,158,2537,2024-02-07,4,126.55,In-Store,126.55
13822,142,2618,2025-08-29,5,248.84,Online,248.84
13823,123,2289,2024-03-23,2,73.57,In-Store,73.57
13824,186,2792,2024-06-25,3,28.06,Online,28.06
13825,146,2259,2024-09-05,1,26.18,Online,26.18
13826,104,2747,2024-11-23,2,65.84,In-Store,65.84
13827,165,2570,2024-12-24,1,240.59,In-Store,240.59
13828,186,2189,2025-04-20,3,28.06,In-Store,28.06
13829,155,2338,2024-10-26,1,219.88,Online,219.88
13830,108,2562,2024-09-14,2,61.68,Online,61.68
13831,110,2436,2025-08-08,1,73.49,In-Store,73.49
13832,128,2962,2025-03-19,4,101.59,In-Store,101.59
13833,168,2620,2024-11-27,5,152.68,In-Store,152.68
13834,160,2118,2023-11-18,2,232.36,In-Store,232.36
13835,113,2461,2025-12-08,2,56.15,Online,56.15
13836,117,2008,2025-08-22,3,156.19,In-Store,156.19
13837,109,2391,2024-05-03,5,101.18,In-Store,101.18
13838,143,2162,2025-02-20,2,39.04,In-Store,39.04
13839,172,2671,2025-06-26,2,232.96,In-Store,232.96
13840,182,2775,2025-03-18,5,227.28,In-Store,227.28
13841,144,2193,2024-06-09,2,15.05,Online,15.05
13842,194,2751,2024-02-27,4,216.06,In-Store,216.06
13843,165,2465,2023-05-25,1,240.59,In-Store,240.59
13844,119,2686,2025-08-20,2,212.28,Online,212.28
13845,199,2444,2025-05-30,2,37.68,In-Store,37.68
13846,147,2993,2022-12-09,3,133.4,In-Store,133.4
13847,181,2882,2024-07-07,2,175.0,In-Store,175.0
13848,126,2466,2025-10-25,5,191.39,Online,191.39
13849,101,2355,2025-03-20,3,187.97,Online,187.97
13850,105,2154,2025-09-14,4,57.72,Online,57.72
13851,195,2603,2024-05-13,5,93.92,In-Store,93.92
13852,171,2168,2025-09-29,5,104.99,Online,104.99
13853,161,2897,2025-09-24,5,177.18,In-Store,177.18
13854,198,2203,2024-10-09,2,105.92,In-Store,105.92
13855,140,2310,2025-08-07,2,136.64,In-Store,136.64
13856,155,2636,2025-11-29,3,219.88,In-Store,219.88
13857,107,2912,2025-06-01,4,177.55,Online,177.55
13858,111,2478,2023-05-21,3,243.55,Online,243.55
13859,128,2143,2025-02-07,4,101.59,Online,101.59
13860,150,2220,2025-07-18,5,33.26,In-Store,33.26
13861,112,2313,2024-03-24,2,80.36,In-Store,80.36
13862,123,2846,2024-08-07,3,73.57,In-Store,73.57
13863,127,2798,2024-04-16,1,200.1,Online,200.1
13864,131,2535,2023-08-10,1,114.34,In-Store,114.34
13865,113,2391,2023-12-13,3,56.15,Online,56.15
13866,166,2678,2023-03-26,4,152.81,Online,152.81
13867,161,2783,2024-12-19,1,177.18,Online,177.18
13868,129,2025,2025-01-24,3,216.59,Online,216.59
13869,187,2444,2024-07-21,4,149.8,Online,149.8
13870,167,2469,2025-02-21,4,235.98,In-Store,235.98
13871,117,2756,2025-03-15,5,156.19,Online,156.19
13872,122,2540,2024-07-29,5,167.31,In-Store,167.31
13873,108,2587,2025-03-26,3,61.68,In-Store,61.68
13874,187,2412,2022-03-19,1,149.8,Online,149.8
13875,154,2554,2025-02-16,2,111.25,Online,111.25
13876,149,2512,2025-07-16,1,198.31,Online,198.31
13877,103,2331,2025-02-09,3,111.26,In-Store,111.26
13878,109,2756,2024-10-26,4,101.18,In-Store,101.18
13879,119,2758,2025-12-31,2,212.28,Online,212.28
13880,157,2722,2025-08-25,2,232.33,In-Store,232.33
13881,188,2002,2023-12-02,1,20.04,Online,20.04
13882,130,2400,2025-10-19,4,190.21,In-Store,190.21
13883,125,2005,2024-12-14,1,62.64,In-Store,62.64
13884,180,2404,2024-04-19,4,77.62,Online,77.62
13885,164,2130,2025-11-09,2,22.03,Online,22.03
13886,101,2030,2023-11-10,1,187.97,In-Store,187.97
13887,110,2921,2024-01-31,4,73.49,Online,73.49
13888,102,2173,2023-05-15,5,186.75,In-Store,186.75
13889,170,2981,2025-08-26,1,59.02,Online,59.02
13890,191,2449,2024-06-29,1,217.51,In-Store,217.51
13891,152,2494,2025-03-12,2,106.63,In-Store,106.63
13892,190,2020,2024-10-05,1,197.23,Online,197.23
13893,108,2318,2023-05-09,3,61.68,Online,61.68
13894,181,2398,2024-09-18,4,175.0,Online,175.0
13895,154,2994,2024-03-28,5,111.25,In-Store,111.25
13896,191,2620,2024-05-10,3,217.51,In-Store,217.51
13897,170,2506,2024-06-12,1,59.02,Online,59.02
13898,175,2117,2025-12-02,3,233.98,Online,233.98
13899,105,2741,2025-12-27,3,57.72,Online,57.72
13900,197,2720,2024-10-15,5,217.44,Online,217.44
13901,186,2036,2025-10-13,3,28.06,In-Store,28.06
13902,103,2670,2024-01-15,1,111.26,Online,111.26
13903,155,2635,2023-03-25,3,219.88,In-Store,219.88
13904,138,2470,2022-10-30,1,185.66,In-Store,185.66
13905,121,2518,2025-05-10,2,60.64,Online,60.64
13906,138,2753,2025-07-21,1,185.66,In-Store,185.66
13907,161,2626,2024-11-21,1,177.18,Online,177.18
13908,117,2776,2025-01-23,4,156.19,Online,156.19
13909,117,2455,2025-10-27,3,156.19,In-Store,156.19
13910,196,2110,2025-01-30,5,168.41,In-Store,168.41
13911,127,2030,2024-07-05,1,200.1,In-Store,200.1
13912,126,2472,2024-11-13,5,191.39,In-Store,191.39
13913,125,2584,2024-08-18,2,62.64,In-Store,62.64
13914,111,2233,2025-05-02,3,243.55,Online,243.55
13915,161,2536,2025-02-08,2,177.18,Online,177.18
13916,121,2867,2024-08-11,4,60.64,In-Store,60.64
13917,147,2856,2024-05-21,4,133.4,In-Store,133.4
13918,136,2247,2025-04-12,4,220.89,Online,220.89
13919,196,2151,2025-09-22,4,168.41,In-Store,168.41
13920,127,2260,2023-09-07,1,200.1,Online,200.1
13921,172,2334,2025-03-05,4,232.96,Online,232.96
13922,190,2282,2022-11-18,3,197.23,Online,197.23
13923,118,2705,2024-04-17,1,120.94,In-Store,120.94
13924,125,2244,2025-04-16,1,62.64,Online,62.64
13925,180,2370,2025-11-23,3,77.62,In-Store,77.62
13926,198,2279,2025-12-17,1,105.92,Online,105.92
13927,148,2673,2024-10-09,4,139.42,In-Store,139.42
13928,115,2226,2025-06-15,1,101.23,In-Store,101.23
13929,176,2551,2024-02-13,3,78.4,Online,78.4
13930,151,2159,2023-12-28,3,108.66,Online,108.66
13931,141,2311,2025-10-16,3,232.94,Online,232.94
13932,112,2617,2025-03-26,4,80.36,Online,80.36
13933,144,2498,2025-12-21,5,15.05,Online,15.05
13934,184,2748,2024-01-28,1,195.07,Online,195.07
13935,105,2394,2024-01-05,1,57.72,Online,57.72
13936,158,2871,2025-09-14,5,126.55,In-Store,126.55
13937,129,2016,2023-06-20,4,216.59,In-Store,216.59
13938,135,2886,2025-07-16,1,87.8,In-Store,87.8
13939,181,2194,2023-01-04,3,175.0,Online,175.0
13940,190,2822,2025-07-03,5,197.23,Online,197.23
13941,138,2534,2023-11-28,2,185.66,Online,185.66
13942,144,2038,2025-05-19,4,15.05,Online,15.05
13943,113,2054,2025-03-03,1,56.15,Online,56.15
13944,130,2273,2025-04-06,5,190.21,Online,190.21
13945,101,2064,2025-03-04,2,187.97,In-Store,187.97
13946,107,2380,2024-06-07,5,177.55,In-Store,177.55
13947,158,2248,2023-02-21,2,126.55,In-Store,126.55
13948,121,2575,2024-10-01,4,60.64,Online,60.64
13949,194,2014,2024-08-10,3,216.06,In-Store,216.06
13950,144,2150,2023-06-28,4,15.05,Online,15.05
13951,106,2726,2025-03-27,1,117.81,Online,117.81
13952,173,2994,2025-11-03,4,159.08,Online,159.08
13953,191,2893,2023-01-09,4,217.51,In-Store,217.51
13954,185,2578,2024-06-29,5,142.4,Online,142.4
13955,129,2739,2022-06-20,4,216.59,In-Store,216.59
13956,160,2368,2025-07-12,3,232.36,Online,232.36
13957,171,2164,2025-05-19,3,104.99,In-Store,104.99
13958,191,2221,2025-05-23,4,217.51,Online,217.51
13959,112,2890,2025-01-10,4,80.36,In-Store,80.36
13960,124,2505,2025-11-10,1,112.82,In-Store,112.82
13961,124,2577,2025-05-01,4,112.82,Online,112.82
13962,195,2912,2022-12-01,5,93.92,Online,93.92
13963,129,2520,2025-03-21,5,216.59,Online,216.59
13964,162,2200,2024-02-29,5,55.58,Online,55.58
13965,191,2269,2023-11-18,2,217.51,Online,217.51
13966,169,2892,2025-06-22,5,167.77,Online,167.77
13967,164,2185,2024-07-15,3,22.03,Online,22.03
13968,195,2158,2024-12-12,2,93.92,In-Store,93.92
13969,113,2051,2025-01-01,4,56.15,Online,56.15
13970,137,2362,2023-07-13,4,67.81,In-Store,67.81
13971,197,2649,2023-08-17,1,217.44,Online,217.44
13972,153,2864,2024-09-23,1,55.98,In-Store,55.98
13973,184,2559,2024-06-17,3,195.07,In-Store,195.07
13974,143,2474,2025-10-11,4,39.04,Online,39.04
13975,109,2419,2024-04-20,2,101.18,Online,101.18
13976,113,2645,2025-02-09,4,56.15,Online,56.15
13977,112,2460,2024-07-06,5,80.36,Online,80.36
13978,142,2382,2025-06-25,1,248.84,Online,248.84
13979,145,2448,2025-05-16,5,62.85,Online,62.85
13980,175,2526,2024-02-12,3,233.98,In-Store,233.98
13981,151,2611,2025-11-23,1,108.66,Online,108.66
13982,153,2585,2024-05-01,2,55.98,Online,55.98
13983,145,2049,2025-06-24,2,62.85,In-Store,62.85
13984,180,2449,2024-08-26,2,77.62,In-Store,77.62
13985,159,2729,2025-05-09,5,49.51,In-Store,49.51
13986,113,2122,2025-08-25,1,56.15,In-Store,56.15
13987,176,2047,2024-06-21,4,78.4,In-Store,78.4
13988,197,2233,2024-10-22,1,217.44,In-Store,217.44
13989,127,2891,2025-09-25,2,200.1,In-Store,200.1
13990,135,2115,2024-06-17,5,87.8,In-Store,87.8
13991,192,2815,2025-10-29,2,53.05,In-Store,53.05
13992,198,2706,2024-12-23,2,105.92,In-Store,105.92
13993,129,2237,2025-01-16,4,216.59,In-Store,216.59
13994,166,2942,2023-02-09,2,152.81,Online,152.81
13995,166,2845,2023-05-17,2,152.81,In-Store,152.81
13996,139,2713,2023-08-23,3,168.34,Online,168.34
13997,184,2491,2025-06-24,5,195.07,Online,195.07
13998,119,2980,2024-11-09,5,212.28,In-Store,212.28
13999,113,2400,2023-12-27,5,56.15,In-Store,56.15
14000,190,2378,2025-04-20,4,197.23,Online,197.23
14001,188,2169,2025-12-31,5,20.04,In-Store,20.04
14002,128,2772,2023-04-30,5,101.59,Online,101.59
14003,175,2710,2025-08-19,3,233.98,Online,233.98
14004,113,2001,2022-07-12,1,56.15,Online,56.15
14005,120,2131,2024-08-12,4,203.21,In-Store,203.21
14006,129,2507,2025-04-10,3,216.59,In-Store,216.59
14007,150,2138,2025-03-09,5,33.26,Online,33.26
14008,111,2483,2024-11-14,1,243.55,In-Store,243.55
14009,139,2803,2025-02-11,1,168.34,Online,168.34
14010,143,2523,2024-10-28,4,39.04,Online,39.04
14011,151,2725,2025-10-05,5,108.66,In-Store,108.66
14012,113,2224,2022-11-09,4,56.15,In-Store,56.15
14013,104,2528,2024-07-08,4,65.84,In-Store,65.84
14014,101,2136,2025-07-31,1,187.97,In-Store,187.97
14015,198,2776,2023-12-12,4,105.92,Online,105.92
14016,134,2792,2025-01-31,3,99.74,Online,99.74
14017,159,2473,2024-01-05,3,49.51,In-Store,49.51
14018,198,2410,2024-01-08,2,105.92,In-Store,105.92
14019,177,2554,2025-12-05,5,246.12,Online,246.12
14020,116,2174,2025-01-03,4,98.84,In-Store,98.84
14021,194,2238,2024-10-18,3,216.06,Online,216.06
14022,147,2151,2024-11-23,1,133.4,Online,133.4
14023,135,2991,2024-08-01,1,87.8,Online,87.8
14024,179,2222,2025-07-27,5,37.7,In-Store,37.7
14025,175,2116,2024-11-19,3,233.98,In-Store,233.98
14026,171,2949,2025-06-16,2,104.99,Online,104.99
14027,178,2665,2025-02-03,3,81.85,Online,81.85
14028,195,2474,2025-05-17,3,93.92,Online,93.92
14029,126,2464,2025-05-12,2,191.39,Online,191.39
14030,191,2938,2025-01-29,3,217.51,Online,217.51
14031,161,2069,2024-10-23,2,177.18,In-Store,177.18
14032,126,2322,2023-10-17,2,191.39,Online,191.39
14033,125,2691,2023-04-22,3,62.64,Online,62.64
14034,126,2655,2025-07-12,3,191.39,Online,191.39
14035,138,2437,2024-02-21,3,185.66,Online,185.66
14036,138,2589,2024-12-04,2,185.66,In-Store,185.66
14037,102,2393,2024-01-23,3,186.75,In-Store,186.75
14038,179,2092,2024-10-18,1,37.7,In-Store,37.7
14039,195,2583,2025-03-31,5,93.92,In-Store,93.92
14040,188,2492,2025-05-05,1,20.04,In-Store,20.04
14041,142,2195,2023-03-26,2,248.84,Online,248.84
14042,186,2122,2025-07-09,3,28.06,Online,28.06
14043,182,2099,2025-11-04,1,227.28,In-Store,227.28
14044,140,2751,2023-09-02,3,136.64,Online,136.64
14045,178,2533,2023-11-08,1,81.85,Online,81.85
14046,170,2567,2025-07-24,3,59.02,Online,59.02
14047,174,2671,2024-05-03,3,139.03,Online,139.03
14048,185,2828,2024-10-04,4,142.4,Online,142.4
14049,200,2809,2025-01-20,2,241.01,In-Store,241.01
14050,142,2738,2025-06-22,5,248.84,Online,248.84
14051,114,2950,2025-07-07,4,195.54,In-Store,195.54
14052,176,2334,2024-11-21,2,78.4,In-Store,78.4
14053,165,2366,2023-10-19,1,240.59,Online,240.59
14054,134,2116,2025-05-26,3,99.74,Online,99.74
14055,160,2570,2025-09-08,2,232.36,Online,232.36
14056,167,2574,2025-02-22,1,235.98,In-Store,235.98
14057,168,2765,2024-12-26,2,152.68,In-Store,152.68
14058,101,2827,2022-09-01,4,187.97,Online,187.97
14059,147,2385,2023-09-10,3,133.4,Online,133.4
14060,196,2457,2024-12-14,4,168.41,Online,168.41
14061,157,2729,2025-03-29,5,232.33,Online,232.33
14062,128,2998,2024-10-23,3,101.59,Online,101.59
14063,110,2107,2024-05-09,4,73.49,In-Store,73.49
14064,184,2528,2024-10-03,2,195.07,In-Store,195.07
14065,137,2948,2025-02-17,2,67.81,In-Store,67.81
14066,157,2735,2024-05-08,2,232.33,Online,232.33
14067,155,2905,2024-09-24,3,219.88,In-Store,219.88
14068,166,2118,2025-02-08,4,152.81,Online,152.81
14069,154,2857,2025-06-06,1,111.25,In-Store,111.25
14070,195,2642,2023-04-09,3,93.92,In-Store,93.92
14071,128,2616,2025-03-18,2,101.59,Online,101.59
14072,149,2328,2025-10-19,4,198.31,In-Store,198.31
14073,156,2605,2024-09-09,2,22.14,Online,22.14
14074,179,2021,2024-04-13,2,37.7,Online,37.7
14075,195,2711,2024-03-11,3,93.92,Online,93.92
14076,147,2147,2024-09-22,2,133.4,Online,133.4
14077,180,2238,2025-12-31,5,77.62,Online,77.62
14078,167,2860,2023-02-22,5,235.98,In-Store,235.98
14079,115,2928,2022-09-30,2,101.23,In-Store,101.23
14080,125,2399,2022-12-16,5,62.64,Online,62.64
14081,174,2484,2025-03-24,1,139.03,In-Store,139.03
14082,108,2348,2024-10-17,1,61.68,In-Store,61.68
14083,127,2264,2024-05-03,5,200.1,In-Store,200.1
14084,164,2301,2025-06-26,4,22.03,In-Store,22.03
14085,161,2238,2025-05-15,1,177.18,In-Store,177.18
14086,185,2215,2025-10-16,2,142.4,In-Store,142.4
14087,145,2240,2022-05-21,2,62.85,In-Store,62.85
14088,169,2029,2024-06-08,4,167.77,In-Store,167.77
14089,176,2306,2025-09-17,2,78.4,In-Store,78.4
14090,182,2095,2025-02-14,1,227.28,In-Store,227.28
14091,115,2063,2024-12-06,4,101.23,Online,101.23
14092,149,2959,2025-06-28,1,198.31,Online,198.31
14093,152,2357,2023-12-06,2,106.63,Online,106.63
14094,136,2208,2025-03-06,4,220.89,Online,220.89
14095,178,2078,2023-11-29,5,81.85,Online,81.85
14096,172,2734,2025-04-07,4,232.96,In-Store,232.96
14097,133,2956,2023-10-09,4,212.0,In-Store,212.0
14098,142,2953,2023-02-15,5,248.84,In-Store,248.84
14099,180,2387,2025-02-06,1,77.62,Online,77.62
14100,118,2608,2025-12-13,5,120.94,In-Store,120.94
14101,190,2120,2024-10-25,4,197.23,In-Store,197.23
14102,132,2960,2025-06-24,2,243.25,Online,243.25
14103,129,2807,2025-05-28,5,216.59,In-Store,216.59
14104,126,2614,2024-04-09,1,191.39,In-Store,191.39
14105,165,2986,2025-09-26,4,240.59,Online,240.59
14106,136,2419,2024-06-30,4,220.89,Online,220.89
14107,102,2443,2024-07-19,2,186.75,In-Store,186.75
14108,184,2593,2024-01-22,5,195.07,In-Store,195.07
14109,143,2230,2024-08-20,3,39.04,Online,39.04
14110,127,2602,2025-06-27,5,200.1,Online,200.1
14111,176,2516,2025-08-05,5,78.4,Online,78.4
14112,114,2693,2024-10-21,3,195.54,Online,195.54
14113,200,2153,2025-12-03,5,241.01,In-Store,241.01
14114,120,2217,2025-10-08,4,203.21,Online,203.21
14115,152,2823,2024-09-24,1,106.63,Online,106.63
14116,135,2676,2024-09-28,5,87.8,Online,87.8
14117,155,2145,2024-11-20,5,219.88,Online,219.88
14118,193,2213,2025-11-22,3,74.03,In-Store,74.03
14119,150,2694,2023-11-04,5,33.26,In-Store,33.26
14120,120,2023,2025-12-05,5,203.21,Online,203.21
14121,138,2266,2025-08-30,3,185.66,Online,185.66
14122,191,2411,2025-01-16,3,217.51,In-Store,217.51
14123,180,2981,2023-11-19,5,77.62,In-Store,77.62
14124,157,2137,2025-05-18,2,232.33,In-Store,232.33
14125,116,2496,2024-04-14,2,98.84,Online,98.84
14126,190,2572,2024-02-20,1,197.23,Online,197.23
14127,125,2187,2025-01-22,4,62.64,In-Store,62.64
14128,169,2922,2025-04-07,1,167.77,In-Store,167.77
14129,189,2659,2025-12-21,5,60.42,In-Store,60.42
14130,199,2707,2025-12-23,3,37.68,Online,37.68
14131,136,2332,2025-07-13,1,220.89,In-Store,220.89
14132,185,2511,2025-09-22,5,142.4,Online,142.4
14133,156,2183,2025-11-13,2,22.14,In-Store,22.14
14134,163,2935,2025-01-22,2,186.58,In-Store,186.58
14135,167,2354,2025-03-07,4,235.98,Online,235.98
14136,102,2696,2024-01-12,4,186.75,In-Store,186.75
14137,165,2846,2024-05-20,3,240.59,Online,240.59
14138,150,2543,2024-02-22,3,33.26,In-Store,33.26
14139,145,2477,2025-09-08,1,62.85,Online,62.85
14140,174,2592,2025-03-07,4,139.03,Online,139.03
14141,113,2818,2022-12-07,3,56.15,Online,56.15
14142,169,2421,2022-11-20,4,167.77,In-Store,167.77
14143,121,2132,2025-01-23,2,60.64,In-Store,60.64
14144,138,2586,2025-03-03,5,185.66,In-Store,185.66
14145,161,2477,2024-01-27,2,177.18,Online,177.18
14146,141,2201,2024-05-15,4,232.94,Online,232.94
14147,148,2362,2024-12-13,2,139.42,Online,139.42
14148,188,2099,2025-05-23,5,20.04,In-Store,20.04
14149,178,2251,2025-06-12,4,81.85,Online,81.85
14150,119,2486,2024-11-27,5,212.28,In-Store,212.28
14151,161,2562,2025-10-27,1,177.18,In-Store,177.18
14152,153,2467,2025-12-18,3,55.98,In-Store,55.98
14153,173,2890,2024-04-02,1,159.08,Online,159.08
14154,165,2125,2025-05-08,4,240.59,In-Store,240.59
14155,152,2063,2025-03-07,4,106.63,In-Store,106.63
14156,149,2591,2024-11-28,1,198.31,In-Store,198.31
14157,106,2494,2025-01-15,3,117.81,In-Store,117.81
14158,192,2518,2024-03-23,2,53.05,In-Store,53.05
14159,183,2606,2025-04-12,3,209.04,Online,209.04
14160,163,2720,2024-07-27,3,186.58,In-Store,186.58
14161,119,2595,2025-04-04,4,212.28,Online,212.28
14162,182,2735,2025-01-29,2,227.28,Online,227.28
14163,179,2607,2024-09-18,2,37.7,Online,37.7
14164,184,2666,2025-08-27,4,195.07,In-Store,195.07
14165,128,2266,2025-02-02,3,101.59,Online,101.59
14166,149,2280,2025-04-13,1,198.31,Online,198.31
14167,134,2943,2024-04-29,3,99.74,Online,99.74
14168,151,2714,2024-02-09,5,108.66,Online,108.66
14169,187,2049,2025-08-04,2,149.8,In-Store,149.8
14170,128,2517,2025-12-28,5,101.59,Online,101.59
14171,122,2342,2024-11-23,5,167.31,Online,167.31
14172,196,2339,2023-06-29,5,168.41,In-Store,168.41
14173,171,2471,2024-03-14,2,104.99,In-Store,104.99
14174,148,2997,2025-08-25,3,139.42,In-Store,139.42
14175,190,2003,2025-11-16,4,197.23,Online,197.23
14176,141,2656,2025-10-18,4,232.94,In-Store,232.94
14177,155,2059,2023-08-09,1,219.88,Online,219.88
14178,133,2618,2025-04-23,4,212.0,In-Store,212.0
14179,126,2883,2025-04-18,3,191.39,Online,191.39
14180,169,2208,2025-02-24,3,167.77,Online,167.77
14181,161,2489,2025-02-07,1,177.18,In-Store,177.18
14182,154,2570,2025-08-20,5,111.25,Online,111.25
14183,189,2674,2025-03-21,2,60.42,In-Store,60.42
14184,134,2392,2023-10-03,3,99.74,Online,99.74
14185,122,2493,2025-12-20,4,167.31,Online,167.31
14186,152,2687,2023-03-22,1,106.63,Online,106.63
14187,116,2672,2025-07-10,4,98.84,In-Store,98.84
14188,152,2385,2025-01-17,1,106.63,In-Store,106.63
14189,191,2886,2024-07-04,3,217.51,Online,217.51
14190,190,2541,2025-12-17,1,197.23,Online,197.23
14191,120,2037,2024-06-27,5,203.21,Online,203.21
14192,168,2886,2025-07-02,4,152.68,In-Store,152.68
14193,133,2965,2025-11-16,5,212.0,In-Store,212.0
14194,127,2500,2023-11-10,3,200.1,In-Store,200.1
14195,128,2224,2024-01-14,1,101.59,Online,101.59
14196,140,2047,2024-05-24,4,136.64,In-Store,136.64
14197,119,2985,2025-08-23,4,212.28,Online,212.28
14198,175,2535,2025-07-27,3,233.98,Online,233.98
14199,103,2146,2023-10-18,3,111.26,Online,111.26
14200,186,2232,2023-01-25,3,28.06,In-Store,28.06
14201,197,2800,2023-08-12,1,217.44,In-Store,217.44
14202,120,2834,2025-07-02,2,203.21,Online,203.21
14203,174,2846,2024-08-16,4,139.03,In-Store,139.03
14204,108,2623,2024-08-21,4,61.68,Online,61.68
14205,112,2362,2022-09-08,4,80.36,Online,80.36
14206,122,2105,2025-05-17,5,167.31,In-Store,167.31
14207,163,2646,2023-05-04,1,186.58,In-Store,186.58
14208,167,2660,2023-09-26,2,235.98,In-Store,235.98
14209,155,2546,2024-07-22,2,219.88,In-Store,219.88
14210,117,2181,2024-02-23,1,156.19,In-Store,156.19
14211,117,2100,2024-01-26,2,156.19,Online,156.19
14212,173,2494,2024-11-22,4,159.08,In-Store,159.08
14213,156,2021,2024-11-03,3,22.14,In-Store,22.14
14214,182,2434,2025-11-14,4,227.28,In-Store,227.28
14215,189,2167,2024-11-13,4,60.42,In-Store,60.42
14216,138,2863,2023-04-22,3,185.66,Online,185.66
14217,126,2789,2024-04-24,4,191.39,In-Store,191.39
14218,152,2157,2024-01-15,1,106.63,Online,106.63
14219,167,2469,2025-06-19,1,235.98,Online,235.98
14220,123,2951,2025-05-08,3,73.57,In-Store,73.57
14221,126,2831,2024-12-21,5,191.39,In-Store,191.39
14222,166,2268,2024-11-12,3,152.81,In-Store,152.81
14223,176,2590,2025-04-29,5,78.4,Online,78.4
14224,115,2671,2023-02-17,3,101.23,Online,101.23
14225,189,2799,2025-08-14,3,60.42,In-Store,60.42
14226,117,2603,2023-01-26,5,156.19,Online,156.19
14227,145,2936,2024-09-10,1,62.85,Online,62.85
14228,184,2346,2025-07-26,3,195.07,Online,195.07
14229,106,2974,2022-12-29,2,117.81,Online,117.81
14230,128,2487,2025-07-07,4,101.59,In-Store,101.59
14231,170,2528,2024-10-18,3,59.02,Online,59.02
14232,143,2267,2023-09-20,2,39.04,In-Store,39.04
14233,109,2624,2024-04-23,4,101.18,In-Store,101.18
14234,200,2086,2025-11-19,3,241.01,Online,241.01
14235,130,2359,2024-11-18,4,190.21,In-Store,190.21
14236,172,2128,2024-11-03,3,232.96,In-Store,232.96
14237,186,2077,2025-10-05,3,28.06,In-Store,28.06
14238,163,2149,2024-11-20,5,186.58,Online,186.58
14239,113,2792,2025-02-27,3,56.15,Online,56.15
14240,149,2134,2024-08-13,4,198.31,In-Store,198.31
14241,148,2318,2025-12-23,1,139.42,Online,139.42
14242,148,2359,2024-02-22,5,139.42,In-Store,139.42
14243,150,2195,2025-09-05,3,33.26,In-Store,33.26
14244,131,2019,2023-11-10,5,114.34,Online,114.34
14245,148,2774,2025-09-16,5,139.42,Online,139.42
14246,168,2407,2024-12-23,4,152.68,In-Store,152.68
14247,122,2271,2023-07-25,1,167.31,Online,167.31
14248,182,2896,2025-03-25,2,227.28,In-Store,227.28
14249,132,2865,2024-04-30,5,243.25,In-Store,243.25
14250,139,2921,2025-07-10,1,168.34,Online,168.34
14251,149,2047,2024-12-03,5,198.31,Online,198.31
14252,128,2102,2023-05-08,3,101.59,In-Store,101.59
14253,143,2091,2024-09-13,5,39.04,Online,39.04
14254,184,2180,2025-05-05,5,195.07,In-Store,195.07
14255,126,2192,2024-12-03,3,191.39,In-Store,191.39
14256,173,2530,2025-11-11,4,159.08,In-Store,159.08
14257,170,2254,2022-12-18,2,59.02,Online,59.02
14258,161,2948,2025-02-06,2,177.18,In-Store,177.18
14259,189,2286,2024-02-28,1,60.42,In-Store,60.42
14260,160,2663,2022-12-06,5,232.36,Online,232.36
14261,107,2673,2024-11-04,2,177.55,Online,177.55
14262,186,2502,2025-06-11,2,28.06,In-Store,28.06
14263,200,2250,2025-04-19,2,241.01,In-Store,241.01
14264,165,2306,2025-10-11,5,240.59,In-Store,240.59
14265,135,2549,2023-12-03,5,87.8,Online,87.8
14266,187,2953,2025-03-20,2,149.8,Online,149.8
14267,114,2480,2024-11-09,5,195.54,Online,195.54
14268,196,2227,2022-12-11,1,168.41,Online,168.41
14269,135,2817,2024-06-15,4,87.8,In-Store,87.8
14270,139,2104,2025-07-12,2,168.34,Online,168.34
14271,172,2748,2025-10-31,5,232.96,Online,232.96
14272,180,2318,2024-04-01,3,77.62,In-Store,77.62
14273,155,2160,2025-10-21,5,219.88,Online,219.88
14274,119,2139,2025-09-12,4,212.28,In-Store,212.28
14275,194,2132,2023-03-07,4,216.06,Online,216.06
14276,173,2023,2025-06-02,1,159.08,In-Store,159.08
14277,109,2326,2024-08-19,5,101.18,In-Store,101.18
14278,168,2697,2022-11-29,4,152.68,Online,152.68
14279,142,2777,2024-09-03,2,248.84,Online,248.84
14280,160,2814,2024-09-01,4,232.36,Online,232.36
14281,176,2942,2023-06-26,2,78.4,Online,78.4
14282,140,2929,2024-11-29,3,136.64,In-Store,136.64
14283,187,2969,2023-02-12,1,149.8,In-Store,149.8
14284,102,2684,2023-06-06,3,186.75,In-Store,186.75
14285,183,2926,2023-04-18,4,209.04,Online,209.04
14286,169,2332,2025-04-02,5,167.77,In-Store,167.77
14287,169,2676,2025-12-15,3,167.77,Online,167.77
14288,183,2706,2025-11-19,2,209.04,In-Store,209.04
14289,105,2101,2024-04-11,4,57.72,Online,57.72
14290,141,2146,2025-03-28,3,232.94,In-Store,232.94
14291,167,2941,2024-03-11,3,235.98,Online,235.98
14292,121,3000,2025-10-10,2,60.64,In-Store,60.64
14293,148,2891,2025-11-04,5,139.42,Online,139.42
14294,177,2576,2025-05-14,2,246.12,In-Store,246.12
14295,107,2840,2025-10-09,2,177.55,Online,177.55
14296,171,2355,2024-09-20,4,104.99,In-Store,104.99
14297,191,2723,2024-11-01,3,217.51,In-Store,217.51
14298,179,2974,2023-10-23,4,37.7,In-Store,37.7
14299,102,2282,2024-09-25,5,186.75,In-Store,186.75
14300,102,2564,2024-01-16,3,186.75,In-Store,186.75
14301,119,2985,2025-04-23,2,212.28,Online,212.28
14302,159,2810,2024-05-08,1,49.51,In-Store,49.51
14303,188,2169,2025-04-20,2,20.04,Online,20.04
14304,179,2707,2024-10-17,3,37.7,In-Store,37.7
14305,110,2558,2025-02-16,4,73.49,Online,73.49
14306,132,2063,2025-07-17,1,243.25,In-Store,243.25
14307,200,2760,2024-05-16,3,241.01,Online,241.01
14308,114,2532,2023-05-08,1,195.54,Online,195.54
14309,134,2695,2022-09-08,1,99.74,Online,99.74
14310,190,2328,2025-08-08,5,197.23,In-Store,197.23
14311,155,2246,2024-12-08,5,219.88,In-Store,219.88
14312,108,2125,2025-08-13,4,61.68,Online,61.68
14313,142,2341,2022-04-06,3,248.84,Online,248.84
14314,142,2355,2024-10-15,3,248.84,Online,248.84
14315,111,2239,2024-09-15,1,243.55,In-Store,243.55
14316,171,2759,2024-05-15,1,104.99,Online,104.99
14317,156,2952,2024-05-11,2,22.14,In-Store,22.14
14318,167,2668,2025-11-22,4,235.98,Online,235.98
14319,137,2825,2025-01-03,5,67.81,In-Store,67.81
14320,156,2153,2025-11-17,5,22.14,Online,22.14
14321,152,2276,2025-11-10,3,106.63,In-Store,106.63
14322,138,2400,2024-06-17,2,185.66,In-Store,185.66
14323,192,2336,2025-02-19,5,53.05,In-Store,53.05
14324,168,2415,2024-11-13,2,152.68,Online,152.68
14325,137,2571,2024-06-09,3,67.81,Online,67.81
14326,138,2208,2025-10-05,3,185.66,Online,185.66
14327,156,2756,2025-10-08,4,22.14,Online,22.14
14328,110,2934,2025-09-08,1,73.49,In-Store,73.49
14329,173,2059,2024-04-09,4,159.08,Online,159.08
14330,153,2458,2025-11-08,1,55.98,In-Store,55.98
14331,170,2149,2025-04-22,3,59.02,In-Store,59.02
14332,158,2963,2023-07-31,5,126.55,In-Store,126.55
14333,102,2245,2025-02-09,3,186.75,In-Store,186.75
14334,126,2864,2024-09-29,3,191.39,Online,191.39
14335,118,2619,2025-06-25,3,120.94,Online,120.94
14336,153,2518,2025-12-21,5,55.98,Online,55.98
14337,147,2825,2025-11-29,4,133.4,Online,133.4
14338,185,2755,2024-06-18,4,142.4,Online,142.4
14339,156,2597,2025-08-30,4,22.14,In-Store,22.14
14340,148,2606,2024-10-21,4,139.42,Online,139.42
14341,122,2884,2024-01-28,1,167.31,Online,167.31
14342,159,2715,2025-03-18,1,49.51,Online,49.51
14343,144,2412,2022-03-20,2,15.05,Online,15.05
14344,132,2151,2025-07-19,5,243.25,In-Store,243.25
14345,190,2206,2025-09-13,2,197.23,Online,197.23
14346,136,2124,2024-10-01,3,220.89,Online,220.89
14347,110,2122,2025-02-28,3,73.49,In-Store,73.49
14348,183,2165,2024-08-04,4,209.04,Online,209.04
14349,106,2416,2025-11-26,4,117.81,In-Store,117.81
14350,104,2866,2025-05-17,4,65.84,Online,65.84
14351,134,2586,2022-12-28,3,99.74,Online,99.74
14352,150,2052,2023-09-28,2,33.26,In-Store,33.26
14353,151,2328,2022-10-25,1,108.66,Online,108.66
14354,131,2936,2024-07-28,4,114.34,In-Store,114.34
14355,162,2960,2024-06-09,4,55.58,In-Store,55.58
14356,123,2444,2024-11-12,4,73.57,In-Store,73.57
14357,142,2479,2025-03-17,4,248.84,In-Store,248.84
14358,140,2765,2025-03-28,2,136.64,Online,136.64
14359,142,2725,2025-06-11,4,248.84,In-Store,248.84
14360,121,2040,2023-06-21,1,60.64,In-Store,60.64
14361,180,2557,2024-04-12,4,77.62,In-Store,77.62
14362,180,2889,2025-02-19,1,77.62,Online,77.62
14363,156,2253,2024-05-28,2,22.14,Online,22.14
14364,179,2351,2024-03-29,4,37.7,Online,37.7
14365,119,2757,2023-01-03,3,212.28,In-Store,212.28
14366,176,2502,2025-03-03,1,78.4,In-Store,78.4
14367,131,2707,2024-06-21,4,114.34,In-Store,114.34
14368,120,2139,2024-03-01,4,203.21,Online,203.21
14369,146,2542,2022-05-26,3,26.18,Online,26.18
14370,101,2347,2024-09-24,2,187.97,Online,187.97
14371,162,2907,2025-10-11,5,55.58,Online,55.58
14372,169,2360,2025-09-28,4,167.77,Online,167.77
14373,130,2971,2025-07-08,2,190.21,Online,190.21
14374,161,2921,2025-01-02,1,177.18,In-Store,177.18
14375,153,2686,2024-03-06,4,55.98,Online,55.98
14376,111,2612,2022-10-05,4,243.55,In-Store,243.55
14377,140,2073,2023-11-28,4,136.64,Online,136.64
14378,144,2402,2023-12-22,4,15.05,In-Store,15.05
14379,179,2810,2023-12-10,3,37.7,Online,37.7
14380,146,2603,2023-08-30,1,26.18,Online,26.18
14381,142,2579,2025-02-03,5,248.84,In-Store,248.84
14382,197,2027,2025-06-13,5,217.44,In-Store,217.44
14383,179,2618,2025-10-01,2,37.7,Online,37.7
14384,121,2552,2024-09-03,4,60.64,In-Store,60.64
14385,101,2609,2024-08-10,5,187.97,In-Store,187.97
14386,159,2479,2023-02-17,5,49.51,In-Store,49.51
14387,130,2828,2024-06-03,5,190.21,In-Store,190.21
14388,118,2935,2022-07-05,2,120.94,Online,120.94
14389,175,2576,2025-10-21,5,233.98,Online,233.98
14390,105,2128,2024-07-12,5,57.72,In-Store,57.72
14391,147,2580,2025-07-15,5,133.4,In-Store,133.4
14392,180,2956,2025-08-17,4,77.62,In-Store,77.62
14393,200,2144,2025-05-20,5,241.01,Online,241.01
14394,124,2374,2023-12-23,2,112.82,In-Store,112.82
14395,160,2811,2024-12-08,5,232.36,In-Store,232.36
14396,154,2662,2025-06-15,4,111.25,In-Store,111.25
14397,197,2315,2023-07-04,4,217.44,In-Store,217.44
14398,153,2402,2025-12-08,5,55.98,Online,55.98
14399,189,2192,2025-12-01,2,60.42,Online,60.42
14400,177,2102,2025-10-16,1,246.12,In-Store,246.12
14401,104,2932,2023-02-11,3,65.84,In-Store,65.84
14402,188,2065,2025-08-05,3,20.04,In-Store,20.04
14403,118,2382,2024-12-03,1,120.94,Online,120.94
14404,112,2479,2024-01-26,4,80.36,In-Store,80.36
14405,102,2336,2023-02-05,1,186.75,Online,186.75
14406,193,2439,2025-11-07,3,74.03,In-Store,74.03
14407,136,2139,2024-10-18,5,220.89,Online,220.89
14408,113,2659,2024-02-29,1,56.15,Online,56.15
14409,126,2729,2025-11-27,2,191.39,In-Store,191.39
14410,140,2880,2024-06-11,3,136.64,Online,136.64
14411,142,2034,2024-03-14,4,248.84,Online,248.84
14412,193,2194,2024-07-25,3,74.03,Online,74.03
14413,183,2315,2025-09-12,3,209.04,Online,209.04
14414,159,2876,2024-04-17,1,49.51,In-Store,49.51
14415,137,2033,2025-02-18,2,67.81,In-Store,67.81
14416,132,2313,2025-06-28,1,243.25,Online,243.25
14417,158,2332,2024-10-19,5,126.55,Online,126.55
14418,187,2947,2025-06-11,1,149.8,Online,149.8
14419,102,2507,2023-08-08,4,186.75,Online,186.75
14420,137,2265,2024-02-07,3,67.81,In-Store,67.81
14421,152,2786,2024-06-26,3,106.63,In-Store,106.63
14422,113,2464,2025-11-08,3,56.15,In-Store,56.15
14423,109,2403,2025-04-03,1,101.18,In-Store,101.18
14424,136,2345,2025-10-09,5,220.89,Online,220.89
14425,197,2697,2024-08-22,1,217.44,Online,217.44
14426,133,2560,2025-08-02,3,212.0,Online,212.0
14427,140,2749,2024-10-28,5,136.64,Online,136.64
14428,101,2581,2023-02-24,5,187.97,Online,187.97
14429,165,2845,2024-12-22,5,240.59,Online,240.59
14430,125,2145,2024-03-16,5,62.64,In-Store,62.64
14431,123,2778,2022-07-09,4,73.57,Online,73.57
14432,174,2647,2025-12-14,3,139.03,In-Store,139.03
14433,135,2893,2023-01-10,4,87.8,In-Store,87.8
14434,183,2635,2025-03-24,1,209.04,Online,209.04
14435,188,2277,2025-01-13,4,20.04,Online,20.04
14436,133,2093,2025-09-14,3,212.0,Online,212.0
14437,101,2399,2022-10-26,4,187.97,In-Store,187.97
14438,183,2066,2024-12-29,5,209.04,Online,209.04
14439,165,2453,2024-03-15,5,240.59,In-Store,240.59
14440,153,2663,2025-11-21,2,55.98,In-Store,55.98
14441,163,2497,2022-10-23,3,186.58,In-Store,186.58
14442,170,2081,2025-03-19,5,59.02,In-Store,59.02
14443,168,2479,2025-07-28,2,152.68,In-Store,152.68
14444,196,2711,2024-03-09,1,168.41,Online,168.41
14445,102,2908,2022-10-30,2,186.75,Online,186.75
14446,180,2877,2024-03-26,1,77.62,In-Store,77.62
14447,137,2461,2024-11-27,4,67.81,In-Store,67.81
14448,137,2138,2025-09-03,5,67.81,In-Store,67.81
14449,158,2407,2025-02-19,2,126.55,In-Store,126.55
14450,181,2804,2025-10-03,3,175.0,In-Store,175.0
14451,102,2267,2024-10-16,3,186.75,Online,186.75
14452,148,2039,2025-05-20,3,139.42,In-Store,139.42
14453,166,2259,2025-05-28,2,152.81,Online,152.81
14454,127,2422,2025-06-02,1,200.1,Online,200.1
14455,106,2431,2022-10-02,1,117.81,Online,117.81
14456,133,2626,2024-11-15,2,212.0,Online,212.0
14457,192,2696,2024-05-30,5,53.05,Online,53.05
14458,117,2053,2023-12-06,4,156.19,In-Store,156.19
14459,149,2370,2025-10-27,1,198.31,In-Store,198.31
14460,117,2285,2025-09-16,3,156.19,Online,156.19
14461,140,2946,2025-05-20,5,136.64,Online,136.64
14462,172,2937,2024-02-03,5,232.96,In-Store,232.96
14463,134,2914,2025-10-02,3,99.74,In-Store,99.74
14464,151,2646,2024-01-31,3,108.66,In-Store,108.66
14465,158,2888,2025-12-27,2,126.55,Online,126.55
14466,111,2534,2023-08-10,5,243.55,Online,243.55
14467,193,2866,2024-06-01,1,74.03,In-Store,74.03
14468,115,2612,2024-05-18,4,101.23,In-Store,101.23
14469,151,2725,2024-04-27,1,108.66,In-Store,108.66
14470,144,2426,2024-12-31,2,15.05,In-Store,15.05
14471,151,2029,2024-08-02,2,108.66,Online,108.66
14472,109,2921,2024-01-14,4,101.18,In-Store,101.18
14473,131,2457,2024-09-08,5,114.34,Online,114.34
14474,110,2334,2025-10-18,4,73.49,Online,73.49
14475,142,2855,2023-01-13,4,248.84,In-Store,248.84
14476,134,2943,2023-07-02,3,99.74,Online,99.74
14477,179,2005,2025-01-13,2,37.7,In-Store,37.7
14478,148,2424,2024-06-11,3,139.42,Online,139.42
14479,193,2683,2024-09-28,2,74.03,In-Store,74.03
14480,175,2308,2025-10-28,5,233.98,In-Store,233.98
14481,157,2946,2025-03-31,4,232.33,Online,232.33
14482,195,2059,2024-11-27,1,93.92,In-Store,93.92
14483,168,2743,2024-05-22,2,152.68,In-Store,152.68
14484,111,2528,2023-04-02,1,243.55,In-Store,243.55
14485,106,2039,2025-08-30,3,117.81,In-Store,117.81
14486,196,2318,2024-04-14,5,168.41,Online,168.41
14487,168,2863,2024-09-03,5,152.68,Online,152.68
14488,167,2176,2025-02-14,3,235.98,Online,235.98
14489,138,2111,2025-05-13,5,185.66,Online,185.66
14490,154,2149,2025-12-03,4,111.25,Online,111.25
14491,136,2106,2025-07-27,3,220.89,In-Store,220.89
14492,144,2029,2025-08-26,2,15.05,Online,15.05
14493,131,2661,2025-03-11,1,114.34,In-Store,114.34
14494,134,2674,2024-07-05,3,99.74,In-Store,99.74
14495,161,2701,2024-01-02,4,177.18,Online,177.18
14496,148,2314,2025-12-27,1,139.42,In-Store,139.42
14497,157,2405,2025-05-01,5,232.33,Online,232.33
14498,188,2201,2025-12-15,2,20.04,In-Store,20.04
14499,117,2616,2023-08-25,2,156.19,Online,156.19
14500,126,2022,2025-02-13,4,191.39,In-Store,191.39
14501,101,2727,2024-02-21,1,187.97,Online,187.97
14502,112,2466,2025-08-10,2,80.36,Online,80.36
14503,110,2485,2025-09-02,1,73.49,Online,73.49
14504,119,2749,2023-09-27,1,212.28,In-Store,212.28
14505,174,2148,2024-09-10,4,139.03,In-Store,139.03
14506,174,2111,2024-10-28,5,139.03,In-Store,139.03
14507,182,2724,2024-03-03,4,227.28,Online,227.28
14508,186,2183,2024-07-24,4,28.06,In-Store,28.06
14509,107,2111,2022-09-28,5,177.55,Online,177.55
14510,144,2970,2025-09-11,3,15.05,Online,15.05
14511,123,2866,2025-07-04,2,73.57,Online,73.57
14512,119,2963,2023-12-03,2,212.28,Online,212.28
14513,179,2366,2024-11-06,3,37.7,In-Store,37.7
14514,182,2309,2025-10-13,3,227.28,Online,227.28
14515,182,2177,2025-04-09,4,227.28,In-Store,227.28
14516,142,2115,2024-02-17,3,248.84,Online,248.84
14517,118,2503,2023-12-28,3,120.94,In-Store,120.94
14518,111,2171,2024-06-12,2,243.55,Online,243.55
14519,186,2353,2024-06-03,5,28.06,Online,28.06
14520,167,2443,2025-11-15,3,235.98,In-Store,235.98
14521,175,2462,2023-06-28,3,233.98,Online,233.98
14522,200,2215,2025-09-14,5,241.01,In-Store,241.01
14523,185,2365,2023-09-23,2,142.4,Online,142.4
14524,157,2788,2025-05-06,1,232.33,In-Store,232.33
14525,193,2286,2023-07-07,4,74.03,Online,74.03
14526,200,2744,2025-10-06,5,241.01,In-Store,241.01
14527,102,2096,2024-08-28,1,186.75,Online,186.75
14528,103,2112,2025-05-02,5,111.26,Online,111.26
14529,196,2983,2025-02-28,2,168.41,Online,168.41
14530,158,2113,2022-11-05,4,126.55,Online,126.55
14531,136,2390,2025-11-03,4,220.89,Online,220.89
14532,165,2440,2024-09-07,2,240.59,In-Store,240.59
14533,158,2736,2025-07-27,3,126.55,In-Store,126.55
14534,144,2713,2022-09-08,1,15.05,Online,15.05
14535,160,2229,2025-04-01,2,232.36,Online,232.36
14536,119,2459,2024-04-23,4,212.28,In-Store,212.28
14537,164,2255,2025-07-06,2,22.03,In-Store,22.03
14538,148,2784,2024-05-28,5,139.42,In-Store,139.42
14539,175,2899,2025-07-06,3,233.98,Online,233.98
14540,165,2243,2024-08-21,2,240.59,In-Store,240.59
14541,145,2277,2024-03-03,5,62.85,Online,62.85
14542,153,2310,2025-04-08,1,55.98,Online,55.98
14543,109,2744,2024-04-28,1,101.18,In-Store,101.18
14544,133,2258,2023-04-13,3,212.0,Online,212.0
14545,126,2019,2025-12-08,2,191.39,In-Store,191.39
14546,112,2123,2022-05-08,2,80.36,In-Store,80.36
14547,169,2331,2025-08-31,1,167.77,In-Store,167.77
14548,183,2305,2024-11-23,5,209.04,In-Store,209.04
14549,140,2793,2024-01-31,3,136.64,Online,136.64
14550,162,2215,2025-07-24,2,55.58,Online,55.58
14551,163,2660,2025-10-30,2,186.58,Online,186.58
14552,132,2023,2025-08-04,4,243.25,In-Store,243.25
14553,186,2438,2025-07-01,2,28.06,Online,28.06
14554,147,2528,2023-07-21,5,133.4,Online,133.4
14555,193,2566,2025-08-05,5,74.03,Online,74.03
14556,187,2407,2025-04-24,2,149.8,In-Store,149.8
14557,137,2363,2024-09-24,1,67.81,In-Store,67.81
14558,125,2887,2025-03-31,4,62.64,In-Store,62.64
14559,139,2505,2025-04-06,5,168.34,In-Store,168.34
14560,186,2803,2024-05-27,1,28.06,Online,28.06
14561,156,2107,2023-04-18,1,22.14,In-Store,22.14
14562,131,2242,2024-09-30,4,114.34,Online,114.34
14563,181,2963,2023-06-13,2,175.0,Online,175.0
14564,114,2877,2022-11-15,2,195.54,In-Store,195.54
14565,197,2947,2025-06-07,5,217.44,In-Store,217.44
14566,183,2262,2025-02-18,4,209.04,Online,209.04
14567,133,2933,2024-04-09,1,212.0,Online,212.0
14568,198,2826,2025-12-17,2,105.92,Online,105.92
14569,187,2572,2023-11-27,1,149.8,In-Store,149.8
14570,126,2030,2024-10-26,1,191.39,In-Store,191.39
14571,180,2414,2024-02-06,3,77.62,Online,77.62
14572,195,2151,2025-08-14,2,93.92,Online,93.92
14573,116,2787,2024-11-16,3,98.84,Online,98.84
14574,123,2487,2023-03-09,5,73.57,In-Store,73.57
14575,107,2408,2025-08-23,2,177.55,Online,177.55
14576,120,2315,2024-11-01,2,203.21,Online,203.21
14577,151,2940,2025-03-22,1,108.66,In-Store,108.66
14578,122,2999,2024-12-02,2,167.31,In-Store,167.31
14579,136,2301,2025-03-09,4,220.89,Online,220.89
14580,167,2573,2024-10-30,5,235.98,Online,235.98
14581,159,2609,2024-07-17,5,49.51,In-Store,49.51
14582,170,2563,2024-03-15,1,59.02,Online,59.02
14583,138,2786,2024-05-27,1,185.66,In-Store,185.66
14584,163,2199,2025-10-06,2,186.58,In-Store,186.58
14585,122,2360,2022-07-17,2,167.31,In-Store,167.31
14586,114,2985,2025-09-06,2,195.54,Online,195.54
14587,170,2735,2023-12-01,5,59.02,Online,59.02
14588,180,2738,2024-07-17,2,77.62,In-Store,77.62
14589,106,2438,2023-05-05,2,117.81,Online,117.81
14590,134,2373,2023-06-27,5,99.74,In-Store,99.74
14591,130,2648,2024-07-17,1,190.21,In-Store,190.21
14592,170,2247,2024-08-25,5,59.02,In-Store,59.02
14593,180,2691,2023-07-02,2,77.62,In-Store,77.62
14594,111,2804,2022-07-14,4,243.55,In-Store,243.55
14595,139,2136,2024-11-27,4,168.34,Online,168.34
14596,152,2452,2022-10-25,3,106.63,In-Store,106.63
14597,163,2258,2022-12-30,5,186.58,Online,186.58
14598,154,2360,2024-08-12,2,111.25,In-Store,111.25
14599,174,2472,2024-10-16,2,139.03,Online,139.03
14600,159,2179,2024-10-08,1,49.51,Online,49.51
14601,179,2598,2024-11-20,2,37.7,In-Store,37.7
14602,197,2607,2023-10-15,3,217.44,Online,217.44
14603,144,2452,2022-10-24,3,15.05,In-Store,15.05
14604,200,2562,2025-03-12,1,241.01,In-Store,241.01
14605,174,2536,2025-01-10,1,139.03,In-Store,139.03
14606,134,2311,2022-09-16,3,99.74,Online,99.74
14607,198,2979,2025-02-02,2,105.92,Online,105.92
14608,124,2474,2024-02-06,5,112.82,In-Store,112.82
14609,170,2660,2024-09-18,2,59.02,Online,59.02
14610,163,2797,2025-08-13,2,186.58,In-Store,186.58
14611,133,2761,2022-08-12,4,212.0,In-Store,212.0
14612,157,2191,2023-07-03,2,232.33,In-Store,232.33
14613,109,2699,2025-07-19,4,101.18,In-Store,101.18
14614,122,2389,2024-05-14,2,167.31,Online,167.31
14615,176,2904,2024-08-19,4,78.4,Online,78.4
14616,177,2565,2025-09-16,3,246.12,In-Store,246.12
14617,131,2037,2025-02-18,2,114.34,Online,114.34
14618,174,2806,2025-09-28,1,139.03,In-Store,139.03
14619,178,2875,2025-08-24,1,81.85,Online,81.85
14620,192,2651,2024-10-18,5,53.05,In-Store,53.05
14621,142,2027,2024-12-21,4,248.84,Online,248.84
14622,148,2800,2024-08-14,4,139.42,In-Store,139.42
14623,165,2721,2024-07-28,1,240.59,In-Store,240.59
14624,126,2641,2024-11-20,5,191.39,Online,191.39
14625,110,2562,2025-07-28,1,73.49,In-Store,73.49
14626,190,2771,2024-06-30,3,197.23,Online,197.23
14627,140,2335,2022-09-06,2,136.64,In-Store,136.64
14628,148,2156,2024-08-01,3,139.42,In-Store,139.42
14629,126,2184,2024-08-07,3,191.39,Online,191.39
14630,104,2935,2022-06-14,1,65.84,Online,65.84
14631,168,2125,2025-12-14,5,152.68,Online,152.68
14632,113,2688,2024-02-08,2,56.15,Online,56.15
14633,183,2571,2024-03-25,1,209.04,In-Store,209.04
14634,108,2429,2024-09-13,1,61.68,Online,61.68
14635,174,2245,2025-06-28,1,139.03,Online,139.03
14636,132,2722,2025-10-04,4,243.25,In-Store,243.25
14637,147,2138,2024-11-22,4,133.4,In-Store,133.4
14638,165,2384,2024-12-26,5,240.59,Online,240.59
14639,159,2059,2024-06-15,4,49.51,In-Store,49.51
14640,181,2685,2025-06-21,3,175.0,Online,175.0
14641,103,2922,2025-03-21,4,111.26,Online,111.26
14642,114,2769,2024-06-20,2,195.54,Online,195.54
14643,142,2216,2025-10-07,5,248.84,In-Store,248.84
14644,165,2023,2024-12-06,5,240.59,In-Store,240.59
14645,139,2782,2024-07-16,4,168.34,In-Store,168.34
14646,155,2934,2025-06-24,2,219.88,Online,219.88
14647,195,2612,2023-04-11,1,93.92,In-Store,93.92
14648,106,2008,2025-11-06,4,117.81,Online,117.81
14649,110,2647,2023-09-14,2,73.49,In-Store,73.49
14650,145,2378,2025-12-05,3,62.85,Online,62.85
14651,145,2813,2023-08-09,4,62.85,In-Store,62.85
14652,111,2323,2025-04-26,3,243.55,Online,243.55
14653,167,2553,2024-03-16,3,235.98,Online,235.98
14654,114,2806,2025-05-12,1,195.54,In-Store,195.54
14655,138,2525,2025-11-05,3,185.66,In-Store,185.66
14656,183,2905,2024-03-27,1,209.04,In-Store,209.04
14657,112,2653,2024-08-28,5,80.36,In-Store,80.36
14658,113,2538,2024-05-16,1,56.15,Online,56.15
14659,113,2136,2024-10-10,2,56.15,Online,56.15
14660,158,2427,2024-11-15,5,126.55,In-Store,126.55
14661,124,2763,2024-05-21,4,112.82,Online,112.82
14662,191,2751,2024-12-01,4,217.51,In-Store,217.51
14663,183,2200,2023-09-14,4,209.04,Online,209.04
14664,168,2796,2025-09-03,3,152.68,Online,152.68
14665,187,2231,2025-03-31,1,149.8,Online,149.8
14666,127,2380,2025-11-01,1,200.1,Online,200.1
14667,145,2310,2024-07-31,3,62.85,Online,62.85
14668,196,2224,2025-07-26,1,168.41,In-Store,168.41
14669,157,2905,2025-06-05,3,232.33,In-Store,232.33
14670,138,2275,2023-12-05,2,185.66,Online,185.66
14671,161,2816,2025-02-18,1,177.18,In-Store,177.18
14672,121,2084,2024-09-11,1,60.64,In-Store,60.64
14673,111,2483,2024-12-01,4,243.55,Online,243.55
14674,134,2003,2024-01-02,2,99.74,In-Store,99.74
14675,152,2671,2023-10-01,3,106.63,In-Store,106.63
14676,132,2537,2024-06-01,1,243.25,Online,243.25
14677,167,2552,2024-07-03,1,235.98,In-Store,235.98
14678,175,2189,2025-04-06,2,233.98,Online,233.98
14679,162,2041,2025-12-22,1,55.58,In-Store,55.58
14680,118,2667,2024-03-18,1,120.94,In-Store,120.94
14681,174,2906,2024-10-16,3,139.03,Online,139.03
14682,147,2122,2024-11-29,4,133.4,Online,133.4
14683,160,2155,2024-11-25,5,232.36,Online,232.36
14684,114,2055,2024-03-16,5,195.54,In-Store,195.54
14685,138,2412,2025-02-25,2,185.66,Online,185.66
14686,143,2623,2025-01-16,2,39.04,Online,39.04
14687,112,2102,2023-12-09,5,80.36,In-Store,80.36
14688,188,2242,2025-09-13,1,20.04,Online,20.04
14689,128,2892,2025-10-29,5,101.59,Online,101.59
14690,128,2418,2025-10-28,4,101.59,In-Store,101.59
14691,162,2614,2025-06-16,1,55.58,Online,55.58
14692,184,2754,2024-12-31,4,195.07,In-Store,195.07
14693,198,2295,2025-03-12,3,105.92,In-Store,105.92
14694,122,2789,2025-11-10,4,167.31,In-Store,167.31
14695,109,2314,2025-03-31,4,101.18,In-Store,101.18
14696,131,2560,2024-12-05,2,114.34,In-Store,114.34
14697,159,2504,2024-06-25,5,49.51,In-Store,49.51
14698,127,2491,2025-10-21,3,200.1,Online,200.1
14699,183,2020,2024-07-16,3,209.04,Online,209.04
14700,102,2863,2023-11-01,3,186.75,In-Store,186.75
14701,196,2109,2022-11-19,5,168.41,Online,168.41
14702,136,2749,2024-12-08,4,220.89,Online,220.89
14703,197,2947,2024-12-11,2,217.44,In-Store,217.44
14704,129,2076,2025-02-09,3,216.59,Online,216.59
14705,109,2431,2023-09-11,2,101.18,Online,101.18
14706,188,2673,2024-04-30,3,20.04,Online,20.04
14707,185,2029,2023-08-02,2,142.4,Online,142.4
14708,179,2796,2025-11-23,5,37.7,In-Store,37.7
14709,151,2556,2024-05-05,5,108.66,Online,108.66
14710,185,2823,2025-08-17,1,142.4,Online,142.4
14711,135,2112,2025-03-27,2,87.8,Online,87.8
14712,149,2341,2025-08-16,1,198.31,In-Store,198.31
14713,177,2359,2024-08-07,1,246.12,In-Store,246.12
14714,120,2434,2024-11-05,2,203.21,Online,203.21
14715,195,2629,2025-05-10,5,93.92,Online,93.92
14716,114,2810,2023-12-05,2,195.54,In-Store,195.54
14717,137,2089,2022-05-30,1,67.81,In-Store,67.81
14718,181,2500,2025-09-13,4,175.0,In-Store,175.0
14719,194,2843,2025-09-11,4,216.06,Online,216.06
14720,136,2954,2025-08-11,1,220.89,Online,220.89
14721,190,2737,2024-05-25,3,197.23,Online,197.23
14722,167,2381,2025-02-27,1,235.98,In-Store,235.98
14723,198,2559,2023-02-26,5,105.92,In-Store,105.92
14724,177,2374,2025-12-31,4,246.12,In-Store,246.12
14725,180,2571,2025-01-30,3,77.62,In-Store,77.62
14726,101,2396,2024-05-06,4,187.97,Online,187.97
14727,140,2332,2025-11-18,3,136.64,Online,136.64
14728,123,2936,2025-06-26,4,73.57,In-Store,73.57
14729,163,2564,2025-01-31,2,186.58,In-Store,186.58
14730,126,2326,2025-04-02,1,191.39,In-Store,191.39
14731,154,2969,2024-05-07,4,111.25,In-Store,111.25
14732,168,2355,2025-08-17,5,152.68,In-Store,152.68
14733,122,2366,2025-04-01,5,167.31,Online,167.31
14734,104,2244,2025-04-30,4,65.84,Online,65.84
14735,198,2138,2025-11-18,4,105.92,Online,105.92
14736,174,2304,2024-11-30,4,139.03,Online,139.03
14737,136,2019,2023-11-04,3,220.89,Online,220.89
14738,125,2175,2025-05-06,1,62.64,Online,62.64
14739,174,2250,2024-09-12,5,139.03,Online,139.03
14740,148,2147,2025-01-19,4,139.42,In-Store,139.42
14741,193,2711,2025-01-25,1,74.03,In-Store,74.03
14742,130,2662,2024-02-22,2,190.21,In-Store,190.21
14743,108,2607,2023-12-14,1,61.68,In-Store,61.68
14744,159,2594,2024-10-26,5,49.51,Online,49.51
14745,184,2947,2025-02-21,5,195.07,In-Store,195.07
14746,115,2114,2024-11-19,5,101.23,Online,101.23
14747,111,2155,2025-12-23,4,243.55,Online,243.55
14748,179,2177,2024-07-12,1,37.7,Online,37.7
14749,174,2355,2025-10-04,1,139.03,Online,139.03
14750,103,2086,2024-08-03,2,111.26,Online,111.26
14751,196,2990,2024-12-29,2,168.41,In-Store,168.41
14752,197,2936,2024-10-03,2,217.44,In-Store,217.44
14753,126,2908,2023-11-24,5,191.39,Online,191.39
14754,131,2904,2024-03-13,2,114.34,Online,114.34
14755,169,2539,2025-06-23,3,167.77,Online,167.77
14756,118,2688,2024-07-08,1,120.94,Online,120.94
14757,119,2802,2024-10-28,4,212.28,Online,212.28
14758,170,2075,2025-08-11,4,59.02,Online,59.02
14759,135,2762,2025-09-05,1,87.8,Online,87.8
14760,172,2071,2024-02-16,3,232.96,In-Store,232.96
14761,157,2795,2024-05-24,2,232.33,Online,232.33
14762,154,2157,2025-01-21,2,111.25,In-Store,111.25
14763,160,2633,2024-06-30,5,232.36,In-Store,232.36
14764,113,2004,2025-02-01,3,56.15,In-Store,56.15
14765,112,2212,2023-08-27,3,80.36,In-Store,80.36
14766,185,2632,2025-05-21,4,142.4,In-Store,142.4
14767,143,2820,2024-11-29,2,39.04,Online,39.04
14768,157,2068,2025-05-01,1,232.33,In-Store,232.33
14769,112,2506,2025-01-21,5,80.36,In-Store,80.36
14770,122,2387,2025-09-27,2,167.31,In-Store,167.31
14771,111,2114,2024-12-08,2,243.55,In-Store,243.55
14772,110,2692,2025-08-13,1,73.49,Online,73.49
14773,121,2452,2025-09-02,5,60.64,In-Store,60.64
14774,192,2923,2025-01-11,5,53.05,Online,53.05
14775,147,2996,2024-09-09,1,133.4,In-Store,133.4
14776,138,2269,2025-06-30,3,185.66,In-Store,185.66
14777,134,2463,2025-01-06,1,99.74,In-Store,99.74
14778,111,2387,2025-06-07,4,243.55,Online,243.55
14779,172,2023,2025-11-02,5,232.96,Online,232.96
14780,163,2776,2023-11-05,1,186.58,Online,186.58
14781,180,2355,2024-10-19,3,77.62,In-Store,77.62
14782,108,2296,2025-07-07,2,61.68,Online,61.68
14783,145,2089,2024-09-23,1,62.85,In-Store,62.85
14784,188,2772,2023-12-08,3,20.04,In-Store,20.04
14785,187,2147,2024-03-25,5,149.8,In-Store,149.8
14786,128,2472,2024-10-04,4,101.59,Online,101.59
14787,122,2281,2022-12-11,3,167.31,Online,167.31
14788,112,2523,2023-08-05,5,80.36,Online,80.36
14789,179,2230,2023-08-03,4,37.7,Online,37.7
14790,155,2818,2023-05-07,5,219.88,Online,219.88
14791,114,2171,2025-06-21,1,195.54,In-Store,195.54
14792,182,2779,2025-05-19,1,227.28,Online,227.28
14793,155,2904,2024-01-08,5,219.88,Online,219.88
14794,121,2807,2024-12-29,5,60.64,Online,60.64
14795,110,3000,2023-03-04,4,73.49,In-Store,73.49
14796,189,2150,2025-07-22,4,60.42,In-Store,60.42
14797,137,2816,2023-10-29,4,67.81,Online,67.81
14798,149,2786,2025-12-03,4,198.31,Online,198.31
14799,198,2401,2025-03-04,2,105.92,In-Store,105.92
14800,156,2101,2023-12-03,2,22.14,In-Store,22.14
14801,181,2953,2025-09-12,1,175.0,Online,175.0
14802,111,2480,2025-02-24,3,243.55,Online,243.55
14803,189,2544,2023-10-23,3,60.42,Online,60.42
14804,126,2147,2024-03-25,2,191.39,Online,191.39
14805,193,2881,2025-01-22,4,74.03,In-Store,74.03
14806,107,2507,2022-08-08,4,177.55,Online,177.55
14807,138,2441,2025-10-24,2,185.66,Online,185.66
14808,104,2025,2024-10-22,3,65.84,Online,65.84
14809,170,2692,2024-09-12,5,59.02,In-Store,59.02
14810,127,2449,2025-08-11,1,200.1,Online,200.1
14811,131,2188,2024-11-25,4,114.34,In-Store,114.34
14812,199,2301,2025-10-16,1,37.68,In-Store,37.68
14813,166,2620,2023-05-18,4,152.81,In-Store,152.81
14814,153,2949,2025-07-11,5,55.98,Online,55.98
14815,140,2238,2024-01-26,3,136.64,Online,136.64
14816,123,2178,2025-03-02,5,73.57,Online,73.57
14817,196,2220,2025-08-28,4,168.41,Online,168.41
14818,153,2904,2024-06-30,5,55.98,Online,55.98
14819,176,2213,2025-08-09,5,78.4,Online,78.4
14820,103,2381,2025-10-15,5,111.26,In-Store,111.26
14821,140,2995,2025-11-29,2,136.64,Online,136.64
14822,195,2979,2024-12-11,2,93.92,In-Store,93.92
14823,171,2096,2025-07-07,5,104.99,Online,104.99
14824,145,2248,2023-10-24,4,62.85,In-Store,62.85
14825,134,2410,2024-09-04,5,99.74,In-Store,99.74
14826,131,2006,2024-06-11,4,114.34,Online,114.34
14827,171,2752,2025-02-05,2,104.99,Online,104.99
14828,149,2133,2025-07-08,2,198.31,In-Store,198.31
14829,156,2264,2025-10-30,4,22.14,Online,22.14
14830,141,2149,2024-09-15,3,232.94,In-Store,232.94
14831,175,2173,2025-10-24,2,233.98,Online,233.98
14832,154,2792,2023-06-14,4,111.25,In-Store,111.25
14833,128,2538,2024-12-04,1,101.59,Online,101.59
14834,110,2872,2025-09-01,5,73.49,In-Store,73.49
14835,142,2485,2025-04-24,4,248.84,Online,248.84
14836,171,2109,2023-04-10,3,104.99,Online,104.99
14837,119,2843,2025-11-09,2,212.28,Online,212.28
14838,158,2661,2024-02-02,3,126.55,In-Store,126.55
14839,128,2114,2024-02-07,2,101.59,Online,101.59
14840,194,2036,2025-12-30,5,216.06,Online,216.06
14841,130,2273,2025-03-18,2,190.21,In-Store,190.21
14842,186,2981,2025-03-05,4,28.06,In-Store,28.06
14843,134,2619,2025-05-30,3,99.74,In-Store,99.74
14844,168,2314,2025-01-15,2,152.68,In-Store,152.68
14845,192,2992,2024-12-13,5,53.05,In-Store,53.05
14846,137,2092,2025-09-01,1,67.81,In-Store,67.81
14847,188,2896,2024-06-10,2,20.04,In-Store,20.04
14848,159,2974,2025-06-15,4,49.51,Online,49.51
14849,112,2086,2025-06-02,2,80.36,In-Store,80.36
14850,136,2127,2025-10-20,1,220.89,Online,220.89
14851,144,2126,2025-09-25,5,15.05,Online,15.05
14852,186,2228,2024-08-16,3,28.06,In-Store,28.06
14853,163,2485,2024-10-14,1,186.58,In-Store,186.58
14854,106,2685,2025-05-10,5,117.81,In-Store,117.81
14855,122,2987,2025-02-24,4,167.31,In-Store,167.31
14856,144,2374,2025-11-13,2,15.05,Online,15.05
14857,133,2947,2025-08-07,3,212.0,In-Store,212.0
14858,187,2211,2025-07-10,1,149.8,In-Store,149.8
14859,145,2876,2025-01-23,2,62.85,In-Store,62.85
14860,115,2097,2025-09-07,4,101.23,In-Store,101.23
14861,144,2428,2025-11-10,4,15.05,In-Store,15.05
14862,195,2506,2025-05-05,2,93.92,In-Store,93.92
14863,154,2245,2025-04-21,5,111.25,Online,111.25
14864,103,2414,2025-03-18,1,111.26,Online,111.26
14865,142,2547,2025-04-29,3,248.84,In-Store,248.84
14866,177,2331,2025-09-16,5,246.12,Online,246.12
14867,196,2003,2024-02-18,5,168.41,In-Store,168.41
14868,142,2585,2022-04-12,3,248.84,Online,248.84
14869,101,2333,2024-03-05,3,187.97,In-Store,187.97
14870,106,2360,2022-03-16,2,117.81,In-Store,117.81
14871,104,2737,2025-06-11,4,65.84,Online,65.84
14872,101,2282,2023-02-07,1,187.97,In-Store,187.97
14873,142,2843,2025-10-02,5,248.84,Online,248.84
14874,150,2287,2025-10-21,3,33.26,Online,33.26
14875,151,2306,2025-08-19,1,108.66,Online,108.66
14876,167,2077,2025-01-29,4,235.98,In-Store,235.98
14877,131,2427,2024-04-06,2,114.34,In-Store,114.34
14878,120,2379,2024-04-23,2,203.21,Online,203.21
14879,105,2682,2025-06-06,2,57.72,In-Store,57.72
14880,131,2270,2025-03-20,1,114.34,Online,114.34
14881,123,2055,2024-06-12,5,73.57,Online,73.57
14882,109,2534,2025-02-16,4,101.18,In-Store,101.18
14883,171,2011,2024-10-06,1,104.99,Online,104.99
14884,172,2453,2025-03-22,4,232.96,Online,232.96
14885,129,2531,2025-03-10,5,216.59,In-Store,216.59
14886,188,2487,2022-10-04,4,20.04,Online,20.04
14887,104,2541,2023-12-11,1,65.84,Online,65.84
14888,175,2956,2023-12-27,5,233.98,In-Store,233.98
14889,122,2023,2024-06-22,2,167.31,In-Store,167.31
14890,116,2455,2024-11-17,5,98.84,In-Store,98.84
14891,172,2412,2023-01-23,3,232.96,Online,232.96
14892,173,2624,2022-09-30,4,159.08,In-Store,159.08
14893,148,2550,2024-11-12,3,139.42,In-Store,139.42
14894,167,2598,2024-08-28,4,235.98,In-Store,235.98
14895,154,2856,2025-09-08,4,111.25,Online,111.25
14896,137,2332,2025-07-10,2,67.81,Online,67.81
14897,192,2122,2024-10-16,4,53.05,Online,53.05
14898,134,2027,2025-12-05,3,99.74,In-Store,99.74
14899,139,2336,2022-07-31,3,168.34,In-Store,168.34
14900,141,2225,2025-11-15,2,232.94,In-Store,232.94
14901,156,2007,2024-01-04,1,22.14,In-Store,22.14
14902,143,2526,2023-09-19,1,39.04,In-Store,39.04
14903,104,2110,2024-10-14,1,65.84,In-Store,65.84
14904,171,2183,2025-10-15,1,104.99,In-Store,104.99
14905,106,2542,2023-06-01,1,117.81,In-Store,117.81
14906,106,2946,2025-04-27,4,117.81,Online,117.81
14907,138,2838,2024-01-30,3,185.66,In-Store,185.66
14908,195,2483,2025-10-22,3,93.92,In-Store,93.92
14909,111,2439,2025-07-10,4,243.55,Online,243.55
14910,150,2897,2025-02-07,1,33.26,In-Store,33.26
14911,197,2556,2023-08-25,2,217.44,In-Store,217.44
14912,191,2137,2025-05-05,3,217.51,In-Store,217.51
14913,175,2362,2024-04-17,3,233.98,In-Store,233.98
14914,195,2686,2025-02-14,1,93.92,In-Store,93.92
14915,195,2954,2025-03-21,2,93.92,In-Store,93.92
14916,123,2762,2025-01-09,4,73.57,Online,73.57
14917,118,2200,2024-05-14,2,120.94,Online,120.94
14918,156,2523,2023-12-14,3,22.14,In-Store,22.14
14919,131,2138,2025-09-03,4,114.34,In-Store,114.34
14920,176,2397,2022-08-13,5,78.4,Online,78.4
14921,165,2260,2025-02-12,4,240.59,In-Store,240.59
14922,165,2577,2025-07-31,5,240.59,Online,240.59
14923,131,2755,2024-02-03,1,114.34,In-Store,114.34
14924,111,2722,2025-02-28,1,243.55,Online,243.55
14925,147,2792,2024-06-24,2,133.4,In-Store,133.4
14926,190,2130,2025-12-07,4,197.23,In-Store,197.23
14927,133,2877,2024-01-21,1,212.0,Online,212.0
14928,123,2956,2025-11-17,4,73.57,Online,73.57
14929,148,2215,2025-09-01,2,139.42,In-Store,139.42
14930,142,2984,2024-09-18,2,248.84,Online,248.84
14931,105,2358,2023-11-16,1,57.72,In-Store,57.72
14932,141,2290,2024-09-13,2,232.94,Online,232.94
14933,144,2840,2025-08-08,2,15.05,Online,15.05
14934,123,2972,2025-08-12,2,73.57,In-Store,73.57
14935,133,2736,2025-01-20,3,212.0,In-Store,212.0
14936,116,2876,2023-04-02,1,98.84,In-Store,98.84
14937,157,2879,2025-02-02,3,232.33,In-Store,232.33
14938,181,2055,2024-04-22,5,175.0,In-Store,175.0
14939,101,2956,2023-12-31,2,187.97,Online,187.97
14940,179,2294,2025-04-07,2,37.7,In-Store,37.7
14941,159,2101,2025-02-19,4,49.51,Online,49.51
14942,114,2497,2025-03-23,1,195.54,In-Store,195.54
14943,129,2196,2024-11-06,1,216.59,In-Store,216.59
14944,143,2732,2023-06-28,2,39.04,In-Store,39.04
14945,147,2675,2024-09-26,4,133.4,In-Store,133.4
14946,179,2957,2024-10-11,4,37.7,In-Store,37.7
14947,105,2380,2025-08-31,2,57.72,Online,57.72
14948,158,2184,2023-03-02,3,126.55,In-Store,126.55
14949,180,2523,2025-10-03,2,77.62,In-Store,77.62
14950,164,2841,2024-05-24,5,22.03,In-Store,22.03
14951,183,2748,2024-10-10,3,209.04,In-Store,209.04
14952,176,2672,2025-08-03,5,78.4,Online,78.4
14953,196,2808,2025-12-17,2,168.41,Online,168.41
14954,119,2233,2024-05-26,3,212.28,In-Store,212.28
14955,154,2176,2025-04-14,1,111.25,Online,111.25
14956,153,2801,2024-09-26,5,55.98,In-Store,55.98
14957,125,2927,2025-12-03,3,62.64,Online,62.64
14958,154,2169,2025-04-06,5,111.25,Online,111.25
14959,138,2831,2025-06-29,5,185.66,In-Store,185.66
14960,133,2306,2025-08-25,5,212.0,In-Store,212.0
14961,111,2223,2025-01-01,2,243.55,In-Store,243.55
14962,126,2189,2025-03-02,4,191.39,In-Store,191.39
14963,194,2964,2025-05-23,5,216.06,In-Store,216.06
14964,197,2806,2025-06-19,5,217.44,In-Store,217.44
14965,118,2865,2025-01-07,1,120.94,In-Store,120.94
14966,165,2206,2025-07-16,2,240.59,Online,240.59
14967,155,2819,2023-09-24,1,219.88,Online,219.88
14968,158,2163,2024-04-04,5,126.55,Online,126.55
14969,147,2897,2025-10-06,5,133.4,In-Store,133.4
14970,194,2469,2025-09-29,1,216.06,In-Store,216.06
14971,109,2004,2025-04-06,3,101.18,In-Store,101.18
14972,117,2866,2024-11-13,2,156.19,In-Store,156.19
14973,175,2289,2024-01-17,4,233.98,Online,233.98
14974,137,2216,2025-05-01,3,67.81,In-Store,67.81
14975,196,2945,2024-08-02,2,168.41,In-Store,168.41
14976,157,2429,2025-04-19,4,232.33,Online,232.33
14977,178,2296,2025-01-14,5,81.85,In-Store,81.85
14978,136,2761,2024-01-11,4,220.89,Online,220.89
14979,168,2864,2025-10-16,4,152.68,In-Store,152.68
14980,195,2209,2025-12-10,1,93.92,In-Store,93.92
14981,191,2450,2025-02-17,1,217.51,Online,217.51
14982,160,2313,2025-11-23,1,232.36,In-Store,232.36
14983,146,2429,2024-10-17,1,26.18,Online,26.18
14984,181,2212,2025-06-29,5,175.0,Online,175.0
14985,105,2161,2025-11-16,1,57.72,Online,57.72
14986,114,2806,2024-12-04,4,195.54,Online,195.54
14987,192,2775,2025-05-07,1,53.05,In-Store,53.05
14988,178,2449,2025-12-23,4,81.85,In-Store,81.85
14989,192,2179,2025-04-24,1,53.05,In-Store,53.05
14990,124,2039,2024-09-04,1,112.82,Online,112.82
14991,102,2338,2024-12-13,5,186.75,Online,186.75
14992,174,2543,2025-08-22,2,139.03,In-Store,139.03
14993,116,2465,2024-11-02,4,98.84,In-Store,98.84
14994,130,2526,2025-08-21,3,190.21,In-Store,190.21
14995,141,2038,2024-10-26,1,232.94,In-Store,232.94
14996,137,2263,2025-05-07,1,67.81,In-Store,67.81
14997,129,2787,2023-02-15,4,216.59,In-Store,216.59
14998,117,2816,2025-04-03,5,156.19,In-Store,156.19
14999,137,2499,2023-02-08,4,67.81,Online,67.81
15000,104,2073,2025-10-18,2,65.84,In-Store,65.84
