Sale_ID,Product_ID,Customer_ID,Date,Quantity,Sale_Price,Channel
1,200,2799,2025-05-31,5,241.01,In-Store
2,119,2596,2025-04-16,4,212.28,In-Store
3,177,2978,2025-01-09,2,246.12,In-Store
4,159,2683,2025-08-03,3,49.51,In-Store
5,190,2562,2025-04-19,2,197.23,Online
6,184,2130,2025-08-12,5,195.07,In-Store
7,137,2803,2025-11-16,5,67.81,In-Store
8,153,2368,2025-10-01,5,55.98,Online
9,162,2699,2024-04-27,2,55.58,In-Store
10,171,2685,2025-08-14,3,104.99,Online
11,137,2634,2025-12-30,2,67.81,In-Store
12,193,2721,2024-10-10,3,74.03,In-Store
13,159,2669,2025-12-10,4,49.51,In-Store
14,171,2182,2025-11-25,4,104.99,Online
15,105,2968,2025-06-20,1,57.72,Online
16,133,2139,2024-08-13,2,212.0,Online
17,134,2622,2025-11-11,1,99.74,Online
18,102,2341,2023-09-24,2,186.75,In-Store
19,168,2917,2024-06-01,2,152.68,Online
20,167,2758,2025-07-28,3,235.98,Online
21,124,2842,2025-08-03,1,112.82,In-Store
22,109,2888,2025-07-04,1,101.18,Online
23,110,2447,2025-09-30,5,73.49,In-Store
24,193,2113,2023-10-13,5,74.03,In-Store
25,143,2143,2025-10-21,1,39.04,In-Store
26,151,2292,2025-01-05,4,108.66,In-Store
27,174,2972,2024-12-10,1,139.03,Online
28,164,2667,2023-12-11,2,22.03,In-Store
29,158,2694,2023-08-30,3,126.55,Online
30,149,2559,2024-01-17,3,198.31,In-Store
31,199,2265,2024-07-11,1,37.68,Online
32,175,2282,2023-03-16,5,233.98,Online
33,120,2632,2025-06-19,1,203.21,In-Store
34,130,2638,2024-12-16,5,190.21,In-Store
35,153,2689,2023-03-29,2,55.98,In-Store
36,135,2245,2024-05-14,3,87.8,In-Store
37,106,2770,2023-11-05,1,117.81,Online
38,143,2755,2024-04-13,5,39.04,Online
39,141,2805,2024-06-25,4,232.94,In-Store
40,188,2408,2024-11-21,3,20.04,Online
41,195,2548,2023-01-25,5,93.92,Online
42,184,2733,2025-05-29,2,195.07,In-Store
43,107,2211,2024-11-09,5,177.55,In-Store
44,153,2165,2023-09-09,3,55.98,Online
45,191,2416,2024-10-06,3,217.51,In-Store
46,157,2267,2024-06-18,3,232.33,Online
47,105,2485,2025-10-24,5,57.72,Online
48,160,2635,2023-09-09,3,232.36,In-Store
49,113,2857,2025-04-02,5,56.15,Online
50,190,2013,2024-07-09,3,197.23,In-Store
51,107,2830,2022-10-23,4,177.55,In-Store
52,168,2593,2024-09-06,1,152.68,In-Store
53,193,2456,2025-08-27,5,74.03,In-Store
54,153,2635,2025-10-10,1,55.98,In-Store
55,198,2629,2025-10-25,2,105.92,In-Store
56,157,2297,2025-06-21,1,232.33,Online
57,189,2063,2024-10-28,5,60.42,Online
58,104,2067,2025-08-03,1,65.84,Online
59,181,2631,2025-12-02,2,175.0,In-Store
60,179,2577,2024-06-03,2,37.7,In-Store
61,141,2634,2025-12-23,1,232.94,Online
62,149,2510,2023-11-09,4,198.31,In-Store
63,164,2127,2024-12-16,1,22.03,Online
64,145,2320,2023-01-28,2,62.85,In-Store
65,137,2263,2025-10-09,1,67.81,Online
66,135,2839,2025-12-06,3,87.8,In-Store
67,138,2489,2024-10-25,4,185.66,In-Store
68,189,2123,2024-08-19,3,60.42,Online
69,161,2296,2025-07-01,1,177.18,Online
70,173,2689,2025-12-23,1,159.08,Online
71,180,2352,2025-08-15,1,77.62,In-Store
72,181,2889,2024-10-27,1,175.0,In-Store
73,129,2654,2025-10-28,3,216.59,Online
74,141,2621,2024-07-15,4,232.94,In-Store
75,134,2383,2025-03-27,1,99.74,In-Store
76,183,2650,2024-08-04,5,209.04,Online
77,169,2095,2023-01-24,4,167.77,In-Store
78,155,2852,2023-11-21,3,219.88,In-Store
79,155,2913,2022-09-25,5,219.88,Online
80,157,2270,2025-01-12,1,232.33,Online
81,173,2461,2025-07-31,5,159.08,In-Store
82,105,2702,2025-08-29,5,57.72,Online
83,198,2563,2024-06-05,2,105.92,In-Store
84,154,2362,2023-08-14,4,111.25,Online
85,153,2649,2022-12-15,2,55.98,Online
86,171,2418,2023-12-17,2,104.99,Online
87,177,2334,2023-05-25,5,246.12,Online
88,152,2136,2025-11-24,5,106.63,In-Store
89,123,2100,2025-08-21,1,73.57,In-Store
90,129,2170,2022-12-22,3,216.59,Online
91,161,2842,2024-08-16,5,177.18,In-Store
92,153,2678,2025-01-15,3,55.98,Online
93,200,2303,2024-03-23,1,241.01,In-Store
94,115,2113,2025-12-03,1,101.23,Online
95,197,2593,2024-11-16,4,217.44,In-Store
96,104,2212,2024-10-25,5,65.84,In-Store
97,195,2024,2025-11-16,5,93.92,Online
98,109,2830,2025-05-06,5,101.18,In-Store
99,193,2213,2025-03-31,4,74.03,Online
100,193,2689,2022-07-15,3,74.03,Online
101,181,2697,2024-01-16,4,175.0,In-Store
102,188,2152,2025-03-28,2,20.04,In-Store
103,190,2913,2025-05-12,4,197.23,In-Store
104,186,2934,2024-04-14,3,28.06,In-Store
105,106,2365,2023-08-27,2,117.81,Online
106,153,2470,2024-02-09,2,55.98,Online
107,162,2637,2025-02-10,1,55.58,Online
108,185,2712,2023-01-27,5,142.4,Online
109,195,2734,2025-12-29,5,93.92,In-Store
110,144,2055,2025-05-18,5,15.05,Online
111,173,2935,2022-04-30,5,159.08,In-Store
112,183,2427,2025-03-15,5,209.04,In-Store
113,139,2430,2025-07-29,2,168.34,In-Store
114,150,2233,2024-11-19,2,33.26,In-Store
115,186,2738,2024-09-16,4,28.06,Online
116,110,2505,2025-05-19,3,73.49,Online
117,109,2496,2025-12-22,2,101.18,Online
118,194,2231,2025-07-13,2,216.06,In-Store
119,187,2600,2023-10-22,2,149.8,Online
120,185,2559,2025-09-02,3,142.4,Online
121,147,2850,2023-06-04,4,133.4,Online
122,176,2561,2022-08-04,3,78.4,In-Store
123,141,2144,2024-06-17,1,232.94,Online
124,159,2104,2025-05-12,3,49.51,In-Store
125,124,2833,2024-10-20,4,112.82,Online
126,129,2323,2023-04-27,3,216.59,Online
127,138,2127,2025-11-22,5,185.66,In-Store
128,109,2131,2023-08-22,5,101.18,Online
129,173,2218,2024-04-14,4,159.08,In-Store
130,172,2281,2025-10-19,1,232.96,In-Store
131,185,2495,2025-05-30,2,142.4,In-Store
132,108,2551,2024-07-30,3,61.68,In-Store
133,167,2439,2025-10-16,4,235.98,Online
134,197,2882,2025-05-14,2,217.44,In-Store
135,121,2415,2024-01-08,2,60.64,Online
136,104,2978,2024-10-04,3,65.84,Online
137,154,2355,2024-11-09,2,111.25,Online
138,104,2760,2024-04-28,5,65.84,Online
139,107,2817,2025-10-18,2,177.55,In-Store
140,165,2420,2025-12-28,3,240.59,Online
141,195,2480,2025-04-25,4,93.92,In-Store
142,117,2234,2024-12-17,5,156.19,Online
143,191,2213,2025-07-06,1,217.51,Online
144,156,2801,2023-05-08,2,22.14,Online
145,190,2346,2024-10-28,5,197.23,Online
146,136,2127,2025-09-16,2,220.89,Online
147,168,2863,2023-11-24,3,152.68,Online
148,141,2207,2025-04-16,4,232.94,Online
149,160,2947,2025-12-10,3,232.36,Online
150,126,2837,2024-12-29,4,191.39,In-Store
151,194,2352,2025-01-03,2,216.06,Online
152,189,2652,2025-03-29,5,60.42,Online
153,122,2730,2025-09-12,2,167.31,In-Store
154,178,2818,2023-06-09,3,81.85,In-Store
155,178,2795,2024-12-30,5,81.85,Online
156,158,2428,2024-07-02,4,126.55,In-Store
157,169,2979,2024-11-18,1,167.77,Online
158,197,2781,2024-07-20,5,217.44,In-Store
159,104,2198,2024-09-15,5,65.84,Online
160,106,2851,2025-01-05,4,117.81,Online
161,114,2698,2025-11-25,5,195.54,Online
162,105,2543,2022-10-17,4,57.72,Online
163,117,2937,2025-12-17,5,156.19,Online
164,164,2140,2025-12-06,4,22.03,In-Store
165,170,2447,2024-12-21,1,59.02,In-Store
166,142,2786,2024-12-28,4,248.84,In-Store
167,199,2849,2024-08-28,5,37.68,Online
168,184,2303,2025-04-18,2,195.07,In-Store
169,193,2098,2025-06-21,2,74.03,Online
170,187,2544,2024-05-11,5,149.8,In-Store
171,110,2255,2024-08-17,2,73.49,Online
172,161,2766,2025-09-11,1,177.18,Online
173,143,2659,2024-11-04,1,39.04,In-Store
174,151,2638,2024-10-02,3,108.66,In-Store
175,180,2936,2025-01-25,1,77.62,Online
176,184,2276,2025-08-29,5,195.07,In-Store
177,126,2731,2024-10-01,5,191.39,In-Store
178,128,2490,2025-01-04,3,101.59,In-Store
179,114,2388,2025-04-30,2,195.54,In-Store
180,104,2088,2025-10-07,5,65.84,In-Store
181,194,2131,2023-03-02,3,216.06,In-Store
182,118,2900,2023-07-26,3,120.94,In-Store
183,164,2302,2024-12-19,2,22.03,Online
184,151,2966,2024-10-09,4,108.66,Online
185,127,2524,2022-10-13,2,200.1,In-Store
186,140,2359,2025-01-01,5,136.64,Online
187,170,2671,2023-09-13,4,59.02,Online
188,170,2292,2023-05-09,2,59.02,In-Store
189,173,2560,2025-07-16,4,159.08,Online
190,105,2492,2024-07-21,3,57.72,Online
191,119,2368,2025-04-09,1,212.28,Online
192,129,2926,2025-03-23,4,216.59,In-Store
193,145,2206,2023-06-26,2,62.85,In-Store
194,133,2199,2025-04-22,1,212.0,Online
195,147,2883,2025-05-31,3,133.4,Online
196,155,2020,2024-06-01,5,219.88,Online
197,109,2568,2023-09-26,1,101.18,In-Store
198,171,2904,2024-09-05,1,104.99,Online
199,177,2166,2023-11-09,3,246.12,In-Store
200,183,2278,2024-04-18,4,209.04,In-Store
201,160,2223,2025-08-28,2,232.36,Online
202,172,2186,2024-05-28,1,232.96,In-Store
203,134,2592,2025-06-12,5,99.74,In-Store
204,116,2608,2025-05-06,3,98.84,Online
205,114,2357,2023-11-22,4,195.54,In-Store
206,106,2330,2025-09-14,1,117.81,In-Store
207,180,2827,2023-05-25,4,77.62,Online
208,152,2185,2025-10-17,1,106.63,In-Store
209,142,2010,2025-04-24,1,248.84,In-Store
210,158,2321,2025-10-17,5,126.55,In-Store
211,132,2372,2025-07-28,4,243.25,In-Store
212,165,2445,2025-06-24,4,240.59,Online
213,183,2076,2025-06-21,3,209.04,In-Store
214,191,2108,2025-03-03,4,217.51,Online
215,153,2132,2025-08-04,1,55.98,In-Store
216,163,2016,2022-11-08,4,186.58,Online
217,144,2955,2023-11-06,3,15.05,In-Store
218,106,2822,2025-05-05,5,117.81,Online
219,112,2889,2025-05-18,3,80.36,Online
220,101,2780,2023-10-11,1,187.97,In-Store
221,177,2686,2025-11-28,3,246.12,Online
222,156,2446,2025-10-16,2,22.14,In-Store
223,200,2520,2025-05-30,3,241.01,Online
224,139,2518,2025-10-08,5,168.34,In-Store
225,169,2137,2023-11-02,2,167.77,In-Store
226,133,2822,2024-11-29,2,212.0,Online
227,140,2266,2025-10-23,3,136.64,Online
228,130,2021,2024-10-17,2,190.21,Online
229,181,2438,2025-02-27,2,175.0,Online
230,127,2901,2023-10-16,1,200.1,In-Store
231,166,2070,2025-11-05,1,152.81,Online
232,163,2374,2025-08-20,4,186.58,In-Store
233,174,2525,2024-12-15,3,139.03,In-Store
234,150,2839,2025-11-29,5,33.26,In-Store
235,122,2028,2025-05-08,2,167.31,In-Store
236,186,2824,2025-03-30,2,28.06,Online
237,103,2381,2022-09-19,5,111.26,In-Store
238,160,2905,2025-09-11,5,232.36,Online
239,128,2259,2025-05-24,3,101.59,In-Store
240,108,2953,2023-07-19,4,61.68,Online
241,123,2259,2025-12-11,5,73.57,In-Store
242,160,2347,2024-10-14,1,232.36,Online
243,139,2892,2025-08-01,2,168.34,In-Store
244,132,2589,2025-07-30,1,243.25,In-Store
245,150,2245,2025-05-14,5,33.26,In-Store
246,128,2558,2024-12-05,5,101.59,In-Store
247,122,2531,2024-02-17,3,167.31,In-Store
248,110,2273,2024-10-12,3,73.49,Online
249,103,2043,2025-09-21,4,111.26,Online
250,122,2420,2025-06-10,3,167.31,In-Store
251,179,2430,2025-11-09,4,37.7,In-Store
252,123,2315,2025-01-15,2,73.57,Online
253,130,2589,2025-07-27,2,190.21,Online
254,103,2693,2025-02-14,2,111.26,In-Store
255,111,2175,2025-01-16,2,243.55,Online
256,174,2501,2024-10-18,4,139.03,Online
257,150,2865,2023-10-29,4,33.26,In-Store
258,180,2450,2024-11-15,5,77.62,In-Store
259,143,2962,2025-09-22,4,39.04,In-Store
260,147,2209,2024-02-09,5,133.4,Online
261,120,2804,2024-07-25,1,203.21,Online
262,130,2532,2022-11-20,2,190.21,In-Store
263,176,2692,2024-09-18,1,78.4,In-Store
264,187,2609,2025-06-15,3,149.8,In-Store
265,172,2957,2024-09-01,5,232.96,In-Store
266,119,2916,2025-07-13,1,212.28,In-Store
267,105,2730,2023-02-10,3,57.72,Online
268,177,2813,2025-03-30,5,246.12,Online
269,104,2328,2024-05-26,3,65.84,In-Store
270,159,2214,2025-03-21,4,49.51,In-Store
271,182,2520,2025-01-30,4,227.28,In-Store
272,193,2789,2024-10-24,2,74.03,Online
273,117,2045,2025-09-28,3,156.19,In-Store
274,159,2017,2025-02-01,5,49.51,In-Store
275,110,2270,2024-12-16,1,73.49,Online
276,196,2140,2025-04-29,2,168.41,In-Store
277,168,2892,2024-07-31,3,152.68,In-Store
278,144,2804,2025-09-22,4,15.05,In-Store
279,193,2235,2024-12-30,3,74.03,In-Store
280,140,2269,2024-09-30,2,136.64,Online
281,132,2155,2022-07-07,2,243.25,Online
282,108,2117,2025-07-25,3,61.68,Online
283,116,2706,2025-03-13,2,98.84,In-Store
284,181,2698,2023-07-01,1,175.0,Online
285,159,2509,2025-06-27,5,49.51,Online
286,140,2956,2023-09-14,4,136.64,Online
287,103,2150,2023-05-23,3,111.26,Online
288,189,2422,2025-01-11,4,60.42,In-Store
289,153,2751,2024-06-08,2,55.98,In-Store
290,183,2644,2025-06-02,2,209.04,Online
291,110,2698,2025-11-15,2,73.49,Online
292,152,2190,2022-05-03,3,106.63,In-Store
293,138,2362,2025-02-06,4,185.66,In-Store
294,154,2925,2025-08-18,4,111.25,Online
295,199,2696,2025-08-19,5,37.68,Online
296,148,2068,2025-02-28,5,139.42,In-Store
297,131,2191,2025-01-04,5,114.34,In-Store
298,109,2335,2025-07-08,5,101.18,In-Store
299,154,2942,2024-01-01,4,111.25,Online
300,148,2618,2025-12-07,1,139.42,In-Store
301,114,2109,2024-07-10,3,195.54,In-Store
302,135,2855,2023-11-01,2,87.8,In-Store
303,199,2514,2024-10-17,1,37.68,Online
304,102,2349,2025-05-06,3,186.75,In-Store
305,153,2757,2025-05-07,1,55.98,In-Store
306,155,2556,2025-02-16,3,219.88,Online
307,140,2401,2025-12-17,4,136.64,In-Store
308,120,2015,2025-06-28,2,203.21,Online
309,163,2185,2025-10-06,3,186.58,Online
310,119,2903,2024-05-26,5,212.28,In-Store
311,151,2182,2024-07-19,2,108.66,Online
312,123,2548,2025-08-28,4,73.57,In-Store
313,158,2558,2024-12-22,3,126.55,Online
314,111,2615,2024-12-16,2,243.55,In-Store
315,184,2856,2025-01-09,5,195.07,In-Store
316,142,2981,2024-05-31,2,248.84,Online
317,169,2065,2023-11-18,2,167.77,In-Store
318,142,2829,2023-02-21,4,248.84,In-Store
319,116,2668,2024-04-25,5,98.84,In-Store
320,176,2490,2023-12-15,3,78.4,Online
321,143,2888,2023-10-28,1,39.04,Online
322,153,2776,2023-05-28,1,55.98,In-Store
323,155,2677,2025-05-16,2,219.88,In-Store
324,131,2314,2024-07-17,2,114.34,Online
325,103,2992,2023-11-06,1,111.26,In-Store
326,200,2452,2023-10-30,3,241.01,In-Store
327,167,2241,2024-10-04,4,235.98,In-Store
328,111,2348,2025-06-09,1,243.55,In-Store
329,186,2043,2023-05-18,2,28.06,Online
330,131,2881,2025-03-31,4,114.34,Online
331,146,2726,2025-07-18,4,26.18,Online
332,115,2623,2023-08-16,3,101.23,In-Store
333,179,2291,2024-03-14,1,37.7,Online
334,134,2589,2025-04-21,4,99.74,Online
335,168,2062,2025-11-14,1,152.68,Online
336,166,2787,2024-09-09,1,152.81,Online
337,144,2126,2025-12-01,4,15.05,In-Store
338,143,2845,2024-05-09,2,39.04,Online
339,194,2109,2025-11-17,5,216.06,Online
340,189,2151,2024-12-26,4,60.42,In-Store
341,129,2123,2023-04-27,3,216.59,Online
342,127,2245,2024-12-18,1,200.1,Online
343,130,2931,2025-10-21,4,190.21,In-Store
344,131,2333,2023-06-19,2,114.34,In-Store
345,167,2565,2023-06-25,4,235.98,Online
346,140,2118,2023-01-25,1,136.64,In-Store
347,154,2608,2024-10-21,3,111.25,Online
348,176,2472,2024-11-05,2,78.4,In-Store
349,191,2282,2022-09-29,5,217.51,In-Store
350,171,2901,2025-08-01,1,104.99,Online
351,167,2392,2024-06-13,2,235.98,Online
352,175,2372,2023-12-24,4,233.98,Online
353,114,2230,2024-04-18,5,195.54,In-Store
354,138,2911,2025-02-13,2,185.66,Online
355,103,2009,2025-08-03,4,111.26,In-Store
356,164,2401,2025-11-25,2,22.03,In-Store
357,166,2954,2023-10-09,4,152.81,In-Store
358,124,2173,2025-03-06,3,112.82,In-Store
359,138,2585,2023-02-18,5,185.66,Online
360,141,2036,2025-05-17,3,232.94,In-Store
361,187,2849,2025-09-23,4,149.8,In-Store
362,165,2774,2025-10-07,5,240.59,Online
363,113,2412,2022-06-07,5,56.15,Online
364,135,2323,2024-06-20,3,87.8,In-Store
365,111,2738,2025-11-07,3,243.55,In-Store
366,138,2774,2024-02-02,5,185.66,In-Store
367,154,2879,2025-11-10,2,111.25,Online
368,180,2522,2025-12-01,3,77.62,Online
369,107,2690,2024-12-29,1,177.55,In-Store
370,166,2531,2023-12-31,5,152.81,In-Store
371,131,2548,2025-02-16,2,114.34,In-Store
372,135,2668,2024-06-16,4,87.8,In-Store
373,154,2947,2025-02-01,1,111.25,Online
374,171,2560,2023-12-24,2,104.99,Online
375,197,2652,2023-02-11,2,217.44,Online
376,128,2489,2025-02-02,2,101.59,Online
377,161,2821,2022-03-09,5,177.18,In-Store
378,145,2482,2025-11-14,4,62.85,In-Store
379,139,2855,2022-08-26,3,168.34,Online
380,173,2308,2024-09-01,1,159.08,Online
381,171,2640,2025-09-21,1,104.99,In-Store
382,144,2504,2024-07-09,3,15.05,In-Store
383,191,2037,2025-05-22,1,217.51,In-Store
384,178,2273,2025-10-28,1,81.85,Online
385,179,2465,2024-05-02,1,37.7,Online
386,122,2494,2025-01-23,1,167.31,Online
387,144,2301,2025-12-20,2,15.05,In-Store
388,168,2378,2024-04-07,2,152.68,Online
389,160,2538,2024-12-22,2,232.36,In-Store
390,113,2664,2022-12-04,5,56.15,In-Store
391,173,2987,2025-10-27,4,159.08,Online
392,115,2321,2023-09-18,2,101.23,In-Store
393,117,2645,2025-07-25,3,156.19,Online
394,156,2147,2025-08-19,5,22.14,In-Store
395,195,2141,2024-08-29,3,93.92,In-Store
396,131,2552,2025-02-28,4,114.34,In-Store
397,122,2174,2025-12-10,3,167.31,Online
398,142,2928,2025-11-18,5,248.84,Online
399,128,2911,2024-10-06,5,101.59,In-Store
400,123,2323,2024-03-20,4,73.57,In-Store
401,162,2605,2024-08-12,1,55.58,Online
402,200,2378,2024-07-13,5,241.01,Online
403,182,2210,2025-01-17,2,227.28,In-Store
404,110,2172,2023-09-03,3,73.49,Online
405,170,2930,2024-04-09,3,59.02,Online
406,157,2037,2025-02-16,5,232.33,Online
407,116,2464,2024-12-16,1,98.84,In-Store
408,156,2351,2024-07-27,2,22.14,Online
409,154,2850,2023-09-06,3,111.25,Online
410,186,2520,2025-04-19,3,28.06,In-Store
411,200,2517,2024-05-14,5,241.01,In-Store
412,145,2062,2025-08-20,2,62.85,Online
413,128,2906,2024-07-15,4,101.59,Online
414,196,2535,2025-07-21,5,168.41,Online
415,171,2215,2025-09-17,3,104.99,Online
416,149,2024,2025-12-05,5,198.31,In-Store
417,181,2911,2023-02-06,1,175.0,In-Store
418,191,2105,2024-08-04,4,217.51,In-Store
419,193,2788,2025-12-07,1,74.03,Online
420,108,2488,2025-12-25,5,61.68,Online
421,175,2204,2025-09-03,4,233.98,Online
422,112,2985,2024-02-08,5,80.36,Online
423,127,2458,2024-09-10,5,200.1,Online
424,154,2806,2024-12-17,5,111.25,Online
425,172,2395,2024-02-14,1,232.96,In-Store
426,174,2634,2024-11-06,5,139.03,Online
427,189,2284,2025-02-23,4,60.42,In-Store
428,149,2846,2025-06-04,2,198.31,Online
429,160,2702,2025-02-04,1,232.36,In-Store
430,113,2136,2025-07-04,1,56.15,In-Store
431,159,2809,2025-03-08,1,49.51,In-Store
432,130,2587,2025-08-16,4,190.21,Online
433,133,2474,2024-05-24,4,212.0,Online
434,199,2764,2025-11-25,4,37.68,Online
435,186,2974,2025-10-26,2,28.06,Online
436,106,2031,2023-10-21,3,117.81,In-Store
437,106,2515,2025-01-16,5,117.81,Online
438,112,2646,2023-08-08,4,80.36,In-Store
439,190,2204,2024-03-02,3,197.23,Online
440,153,2294,2025-02-04,3,55.98,Online
441,127,2445,2025-10-08,3,200.1,Online
442,192,2865,2024-04-24,5,53.05,In-Store
443,101,2767,2025-08-02,2,187.97,In-Store
444,171,2571,2024-05-07,2,104.99,Online
445,198,2761,2024-09-15,2,105.92,Online
446,159,2234,2024-09-08,1,49.51,Online
447,191,2536,2024-10-03,3,217.51,Online
448,148,2599,2024-08-05,1,139.42,In-Store
449,174,2781,2025-03-30,4,139.03,Online
450,111,2463,2024-07-10,2,243.55,Online
451,134,2599,2024-03-15,5,99.74,In-Store
452,169,2972,2024-12-06,4,167.77,Online
453,139,2432,2025-11-29,1,168.34,In-Store
454,138,2577,2025-10-06,5,185.66,Online
455,106,2101,2024-08-13,2,117.81,Online
456,138,2981,2023-09-10,2,185.66,In-Store
457,125,2583,2022-06-11,4,62.64,Online
458,138,2871,2024-08-30,4,185.66,In-Store
459,152,2093,2025-12-27,3,106.63,Online
460,173,2724,2023-02-03,3,159.08,In-Store
461,188,2072,2024-08-20,4,20.04,Online
462,146,2582,2025-05-27,4,26.18,Online
463,142,2882,2024-06-25,2,248.84,In-Store
464,116,2057,2025-04-26,1,98.84,Online
465,112,2979,2025-03-16,5,80.36,In-Store
466,116,2710,2023-12-09,4,98.84,In-Store
467,191,2098,2024-07-28,1,217.51,In-Store
468,181,2835,2025-09-17,3,175.0,In-Store
469,115,2296,2025-10-30,3,101.23,Online
470,177,2790,2025-12-20,5,246.12,In-Store
471,184,2960,2022-11-13,3,195.07,In-Store
472,133,2325,2022-06-07,5,212.0,In-Store
473,136,2726,2025-02-05,2,220.89,In-Store
474,131,2243,2025-05-07,2,114.34,Online
475,138,2079,2025-05-30,4,185.66,Online
476,133,2020,2025-06-29,2,212.0,Online
477,199,2452,2025-01-01,3,37.68,In-Store
478,172,2475,2025-03-07,5,232.96,Online
479,117,2607,2023-12-30,2,156.19,Online
480,157,2909,2024-02-09,3,232.33,Online
481,160,2455,2025-01-21,2,232.36,Online
482,180,2715,2025-02-14,1,77.62,Online
483,199,2236,2025-02-07,3,37.68,Online
484,145,2758,2025-09-03,1,62.85,In-Store
485,119,2907,2025-05-06,4,212.28,In-Store
486,159,2943,2025-01-18,3,49.51,Online
487,117,2459,2025-06-26,2,156.19,Online
488,121,2569,2024-04-22,2,60.64,Online
489,106,2676,2025-04-26,5,117.81,Online
490,117,2975,2024-03-24,2,156.19,Online
491,167,2263,2024-08-28,1,235.98,In-Store
492,123,2534,2023-01-03,5,73.57,In-Store
493,176,2470,2024-08-18,2,78.4,In-Store
494,165,2527,2025-05-31,4,240.59,Online
495,132,2749,2022-12-21,2,243.25,Online
496,119,2963,2023-02-12,4,212.28,Online
497,196,2416,2024-12-03,4,168.41,Online
498,195,2596,2025-12-16,2,93.92,Online
499,121,2075,2023-07-16,2,60.64,In-Store
500,126,2838,2025-11-27,3,191.39,In-Store
501,108,2773,2025-09-25,2,61.68,In-Store
502,132,2655,2025-05-06,1,243.25,In-Store
503,157,2542,2024-01-31,4,232.33,Online
504,182,2662,2025-06-05,1,227.28,In-Store
505,159,2231,2025-05-15,1,49.51,Online
506,115,2895,2025-04-07,5,101.23,In-Store
507,194,2732,2023-02-26,5,216.06,In-Store
508,157,2168,2025-10-28,1,232.33,Online
509,197,2211,2024-02-25,4,217.44,In-Store
510,124,2321,2024-06-26,3,112.82,In-Store
511,121,2806,2024-07-06,4,60.64,In-Store
512,114,2541,2023-02-02,5,195.54,Online
513,184,2050,2024-09-15,4,195.07,Online
514,114,2258,2025-07-13,1,195.54,Online
515,146,2162,2023-09-28,4,26.18,In-Store
516,147,2607,2024-04-28,4,133.4,Online
517,178,2291,2024-09-01,4,81.85,Online
518,194,2755,2025-01-09,1,216.06,In-Store
519,194,2682,2025-06-26,2,216.06,Online
520,180,2407,2025-01-05,1,77.62,In-Store
521,141,2275,2025-08-03,3,232.94,Online
522,199,2333,2024-11-21,4,37.68,Online
523,122,2555,2024-06-04,5,167.31,In-Store
524,167,2615,2022-11-02,2,235.98,In-Store
525,142,2508,2024-10-20,2,248.84,Online
526,200,2445,2025-11-27,2,241.01,Online
527,171,2571,2024-05-14,4,104.99,In-Store
528,161,2861,2024-10-17,4,177.18,In-Store
529,108,2052,2025-09-26,2,61.68,Online
530,112,2949,2024-12-19,2,80.36,Online
531,168,2105,2025-05-12,3,152.68,Online
532,153,2532,2025-02-14,4,55.98,In-Store
533,142,2961,2025-09-08,1,248.84,In-Store
534,117,2513,2024-04-25,2,156.19,In-Store
535,156,2442,2025-05-08,4,22.14,In-Store
536,186,2199,2024-04-19,5,28.06,Online
537,142,2387,2025-04-02,5,248.84,In-Store
538,132,2641,2025-12-13,5,243.25,Online
539,145,2064,2024-07-26,2,62.85,Online
540,166,2819,2022-05-16,3,152.81,Online
541,153,2824,2024-11-21,1,55.98,In-Store
542,127,2327,2023-12-13,1,200.1,Online
543,171,2020,2024-08-17,4,104.99,Online
544,153,2546,2025-01-03,3,55.98,Online
545,105,2354,2025-10-13,5,57.72,In-Store
546,131,2672,2024-06-03,1,114.34,In-Store
547,144,2408,2025-03-29,3,15.05,In-Store
548,141,2296,2025-01-17,4,232.94,Online
549,159,2585,2023-09-17,4,49.51,Online
550,130,2359,2024-05-24,3,190.21,In-Store
551,176,2945,2025-08-13,4,78.4,Online
552,184,2953,2023-09-28,5,195.07,Online
553,153,2876,2023-09-10,5,55.98,Online
554,187,2612,2025-03-10,5,149.8,In-Store
555,190,2795,2024-07-10,5,197.23,In-Store
556,149,2080,2025-05-04,5,198.31,In-Store
557,187,2700,2024-11-04,5,149.8,In-Store
558,125,2805,2025-09-16,4,62.64,In-Store
559,112,2932,2023-10-05,5,80.36,Online
560,159,2506,2023-10-25,2,49.51,Online
561,152,2569,2024-04-09,1,106.63,In-Store
562,171,2367,2024-10-30,2,104.99,In-Store
563,169,2509,2025-05-27,1,167.77,In-Store
564,164,2741,2024-03-26,5,22.03,Online
565,145,2241,2023-01-28,2,62.85,In-Store
566,180,2933,2024-06-25,1,77.62,In-Store
567,116,2073,2024-05-29,5,98.84,In-Store
568,179,2982,2022-03-27,1,37.7,In-Store
569,182,2118,2024-12-06,4,227.28,Online
570,187,2566,2024-03-02,2,149.8,In-Store
571,147,2266,2025-09-13,3,133.4,In-Store
572,154,2534,2024-11-30,1,111.25,Online
573,158,2353,2025-09-27,2,126.55,In-Store
574,114,2404,2025-04-17,3,195.54,In-Store
575,146,2161,2025-06-20,1,26.18,In-Store
576,107,2057,2025-04-30,3,177.55,Online
577,134,2864,2024-11-01,5,99.74,In-Store
578,170,2499,2024-09-11,1,59.02,Online
579,186,2054,2024-04-12,1,28.06,In-Store
580,142,2821,2024-02-10,5,248.84,Online
581,127,2159,2025-07-07,5,200.1,In-Store
582,145,2235,2024-04-10,5,62.85,Online
583,188,2158,2025-11-15,3,20.04,In-Store
584,101,2729,2024-06-30,3,187.97,In-Store
585,190,2936,2024-04-18,4,197.23,Online
586,110,2905,2025-02-05,4,73.49,In-Store
587,111,2230,2023-09-25,5,243.55,In-Store
588,190,2481,2023-06-10,1,197.23,In-Store
589,186,2001,2022-06-04,2,28.06,Online
590,136,2242,2025-03-18,5,220.89,Online
591,158,2470,2025-03-29,5,126.55,Online
592,122,2367,2025-01-12,3,167.31,In-Store
593,108,2914,2025-09-23,5,61.68,In-Store
594,142,2208,2023-11-07,2,248.84,Online
595,150,2785,2025-05-21,2,33.26,Online
596,183,2248,2022-06-25,4,209.04,In-Store
597,143,2238,2025-07-10,1,39.04,Online
598,109,2655,2025-03-19,1,101.18,Online
599,159,2278,2024-03-08,4,49.51,Online
600,127,2799,2024-01-08,5,200.1,In-Store
601,141,2248,2022-05-28,5,232.94,In-Store
602,138,2745,2025-06-30,2,185.66,In-Store
603,114,2171,2024-07-29,2,195.54,In-Store
604,173,2405,2025-02-13,5,159.08,In-Store
605,198,2283,2025-10-01,4,105.92,Online
606,134,2590,2025-03-15,2,99.74,Online
607,175,2251,2025-04-04,1,233.98,Online
608,143,2292,2025-12-24,5,39.04,Online
609,183,2610,2024-10-28,5,209.04,In-Store
610,170,2393,2024-12-19,3,59.02,Online
611,164,2493,2023-12-05,5,22.03,Online
612,164,2113,2023-05-30,1,22.03,In-Store
613,193,2505,2025-01-20,5,74.03,In-Store
614,121,2404,2022-07-26,2,60.64,Online
615,129,2915,2025-05-30,1,216.59,Online
616,142,2632,2025-06-25,1,248.84,Online
617,192,2843,2024-09-02,4,53.05,Online
618,131,2791,2025-08-19,5,114.34,In-Store
619,159,2827,2025-11-14,3,49.51,In-Store
620,146,2490,2024-05-11,2,26.18,Online
621,156,2641,2025-01-31,5,22.14,Online
622,160,2779,2024-09-09,4,232.36,Online
623,137,2156,2025-01-23,3,67.81,In-Store
624,185,2206,2025-10-19,2,142.4,Online
625,158,2526,2024-02-07,5,126.55,In-Store
626,157,2187,2024-09-24,4,232.33,Online
627,136,2658,2025-03-09,3,220.89,In-Store
628,189,2788,2025-05-09,4,60.42,Online
629,169,2133,2024-06-20,4,167.77,Online
630,126,2481,2024-06-05,4,191.39,In-Store
631,194,2211,2025-09-15,2,216.06,In-Store
632,152,2800,2024-06-16,5,106.63,Online
633,194,2244,2025-01-07,1,216.06,In-Store
634,171,2704,2023-01-27,3,104.99,Online
635,152,2913,2024-05-13,5,106.63,In-Store
636,148,2547,2025-04-09,5,139.42,In-Store
637,116,2994,2024-05-28,5,98.84,Online
638,192,2754,2025-09-06,2,53.05,In-Store
639,117,2695,2024-09-22,1,156.19,In-Store
640,113,2059,2023-12-12,5,56.15,In-Store
641,108,2570,2025-07-02,4,61.68,In-Store
642,106,2057,2025-04-09,2,117.81,Online
643,113,2644,2024-05-24,5,56.15,In-Store
644,131,2331,2025-02-09,5,114.34,In-Store
645,138,2629,2024-03-18,5,185.66,Online
646,121,2003,2025-07-24,2,60.64,In-Store
647,103,2597,2024-12-07,1,111.26,Online
648,144,2925,2025-10-06,4,15.05,In-Store
649,134,2282,2025-01-01,1,99.74,Online
650,113,2565,2024-01-11,2,56.15,Online
651,113,2767,2025-12-17,2,56.15,Online
652,200,2037,2025-08-16,5,241.01,In-Store
653,148,2451,2024-08-12,5,139.42,In-Store
654,171,2940,2025-01-14,2,104.99,In-Store
655,106,2378,2024-07-28,5,117.81,In-Store
656,150,2269,2024-11-12,3,33.26,Online
657,129,2011,2023-01-08,5,216.59,In-Store
658,174,2072,2024-05-06,3,139.03,Online
659,176,2222,2024-11-09,5,78.4,Online
660,165,2759,2023-10-31,5,240.59,In-Store
661,177,2819,2022-09-05,3,246.12,Online
662,109,2821,2023-04-29,4,101.18,In-Store
663,189,2659,2025-02-20,3,60.42,In-Store
664,136,2587,2025-06-28,4,220.89,In-Store
665,133,2787,2025-03-01,2,212.0,Online
666,118,2032,2025-02-14,2,120.94,Online
667,169,2171,2025-07-27,4,167.77,In-Store
668,188,2184,2024-10-05,2,20.04,In-Store
669,182,2042,2025-10-06,2,227.28,Online
670,190,2661,2022-09-21,1,197.23,Online
671,115,2418,2023-05-08,4,101.23,In-Store
672,152,2859,2024-09-14,1,106.63,Online
673,174,2055,2025-01-08,4,139.03,In-Store
674,104,2737,2025-07-17,5,65.84,Online
675,103,2052,2024-10-09,5,111.26,In-Store
676,145,2595,2025-09-05,4,62.85,In-Store
677,155,2827,2024-05-28,2,219.88,Online
678,181,2334,2024-10-04,5,175.0,Online
679,168,2994,2025-11-11,2,152.68,In-Store
680,183,2528,2025-06-13,5,209.04,In-Store
681,189,2910,2023-07-22,1,60.42,In-Store
682,119,2778,2024-04-21,1,212.28,In-Store
683,129,2996,2024-10-14,2,216.59,In-Store
684,196,2980,2025-01-28,5,168.41,Online
685,135,2734,2025-08-02,5,87.8,Online
686,151,2342,2024-12-02,4,108.66,Online
687,106,2507,2025-10-19,5,117.81,In-Store
688,101,2105,2025-05-02,1,187.97,In-Store
689,178,2942,2025-01-19,1,81.85,In-Store
690,117,2036,2025-04-01,5,156.19,In-Store
691,137,2061,2025-10-16,3,67.81,In-Store
692,122,2800,2024-06-25,3,167.31,In-Store
693,178,2677,2025-03-25,1,81.85,In-Store
694,126,2121,2025-09-30,3,191.39,Online
695,141,2471,2025-07-30,4,232.94,Online
696,115,2820,2025-08-04,1,101.23,In-Store
697,130,2217,2025-12-15,5,190.21,Online
698,153,2637,2025-02-22,4,55.98,Online
699,154,2664,2023-01-16,5,111.25,Online
700,186,2051,2025-08-23,3,28.06,In-Store
701,147,2924,2022-12-15,5,133.4,In-Store
702,114,2133,2025-01-21,3,195.54,Online
703,200,2524,2022-11-05,5,241.01,Online
704,145,2085,2025-12-27,5,62.85,Online
705,184,2867,2025-08-03,4,195.07,In-Store
706,114,2829,2023-07-04,3,195.54,Online
707,152,2768,2024-10-01,2,106.63,Online
708,142,2072,2024-12-13,1,248.84,Online
709,141,2887,2025-05-22,2,232.94,In-Store
710,139,2946,2025-11-05,4,168.34,In-Store
711,176,2634,2023-09-08,4,78.4,Online
712,138,2532,2023-09-25,5,185.66,In-Store
713,146,2804,2022-08-21,3,26.18,Online
714,147,2210,2022-06-09,2,133.4,In-Store
715,116,2702,2025-04-09,4,98.84,In-Store
716,168,2172,2024-12-27,5,152.68,Online
717,197,2393,2025-04-23,4,217.44,In-Store
718,194,2538,2024-02-11,2,216.06,In-Store
719,117,2788,2024-09-25,3,156.19,In-Store
720,161,2404,2024-06-04,3,177.18,Online
721,110,2183,2024-03-03,5,73.49,In-Store
722,145,2216,2025-06-06,5,62.85,In-Store
723,150,2878,2024-12-29,3,33.26,In-Store
724,143,2487,2023-04-17,3,39.04,In-Store
725,152,2514,2025-06-05,2,106.63,Online
726,175,2047,2025-08-01,3,233.98,Online
727,123,2689,2024-04-07,5,73.57,Online
728,137,2942,2025-10-28,1,67.81,Online
729,190,2274,2024-10-14,4,197.23,Online
730,174,2979,2025-12-25,1,139.03,In-Store
731,125,2592,2024-05-24,2,62.64,In-Store
732,109,2249,2025-03-10,2,101.18,Online
733,115,2250,2024-07-18,5,101.23,Online
734,181,2450,2024-10-07,5,175.0,Online
735,101,2554,2025-10-09,1,187.97,Online
736,168,2551,2023-01-31,5,152.68,Online
737,139,2561,2024-05-06,5,168.34,Online
738,163,2099,2024-09-18,2,186.58,In-Store
739,187,2259,2024-10-23,4,149.8,Online
740,143,2017,2025-02-09,4,39.04,In-Store
741,160,2934,2025-06-08,4,232.36,In-Store
742,122,2225,2025-04-02,2,167.31,Online
743,117,2519,2023-11-17,1,156.19,In-Store
744,129,2531,2024-07-21,3,216.59,Online
745,159,2516,2025-01-21,3,49.51,Online
746,111,2128,2025-09-18,1,243.55,In-Store
747,160,2773,2025-12-28,2,232.36,In-Store
748,121,2505,2024-02-27,4,60.64,Online
749,126,2113,2023-04-04,5,191.39,In-Store
750,107,2938,2023-06-30,5,177.55,Online
751,125,2855,2024-11-07,3,62.64,Online
752,146,2656,2022-11-01,1,26.18,Online
753,135,2842,2025-09-03,3,87.8,In-Store
754,122,2646,2023-01-28,4,167.31,Online
755,167,2322,2025-09-09,1,235.98,Online
756,181,2969,2025-12-26,4,175.0,In-Store
757,157,2628,2023-09-30,3,232.33,In-Store
758,141,2826,2025-05-02,1,232.94,In-Store
759,136,2001,2024-11-23,4,220.89,In-Store
760,128,2740,2025-12-31,1,101.59,Online
761,106,2326,2024-07-28,4,117.81,In-Store
762,124,2722,2023-09-17,5,112.82,In-Store
763,171,2659,2024-04-27,3,104.99,In-Store
764,171,2206,2023-06-22,1,104.99,In-Store
765,186,2599,2025-02-17,3,28.06,Online
766,172,2006,2025-01-17,3,232.96,Online
767,142,2781,2024-06-23,5,248.84,Online
768,158,2682,2025-08-27,2,126.55,In-Store
769,131,2556,2024-08-21,1,114.34,In-Store
770,158,2702,2025-07-08,1,126.55,In-Store
771,153,2822,2024-11-19,2,55.98,Online
772,105,2770,2024-01-22,1,57.72,Online
773,106,2718,2025-03-18,4,117.81,Online
774,111,2151,2025-09-28,5,243.55,In-Store
775,161,2634,2025-02-25,5,177.18,In-Store
776,122,2546,2024-08-07,1,167.31,In-Store
777,124,2769,2022-08-03,3,112.82,Online
778,104,2628,2025-03-03,1,65.84,Online
779,167,2873,2025-10-21,5,235.98,In-Store
780,155,2738,2025-11-02,2,219.88,Online
781,119,2509,2024-12-03,1,212.28,Online
782,124,2495,2025-09-22,1,112.82,In-Store
783,190,2223,2025-09-13,1,197.23,Online
784,167,2403,2024-11-19,1,235.98,Online
785,130,2127,2025-10-16,1,190.21,In-Store
786,156,2239,2025-07-27,1,22.14,In-Store
787,119,2279,2025-01-24,5,212.28,Online
788,118,2788,2025-11-11,1,120.94,Online
789,168,2142,2025-11-24,5,152.68,Online
790,136,2867,2023-12-02,2,220.89,In-Store
791,195,2330,2024-05-15,4,93.92,In-Store
792,112,2876,2023-10-04,5,80.36,Online
793,153,2221,2024-08-19,2,55.98,Online
794,154,2409,2025-08-31,2,111.25,In-Store
795,147,2776,2022-09-19,1,133.4,In-Store
796,108,2852,2023-11-15,4,61.68,Online
797,125,2160,2025-06-14,5,62.64,Online
798,120,2759,2025-01-22,2,203.21,Online
799,101,2398,2024-11-25,1,187.97,In-Store
800,197,2123,2023-02-03,1,217.44,In-Store
801,123,2157,2023-01-06,1,73.57,Online
802,151,2354,2025-01-03,1,108.66,In-Store
803,137,2116,2024-09-04,4,67.81,Online
804,119,2919,2023-06-25,2,212.28,In-Store
805,148,2770,2025-11-28,4,139.42,In-Store
806,185,2171,2024-09-06,2,142.4,Online
807,148,2372,2025-04-19,2,139.42,In-Store
808,111,2309,2025-09-04,1,243.55,In-Store
809,133,2306,2025-06-29,4,212.0,Online
810,184,2019,2024-12-08,2,195.07,Online
811,108,2970,2024-02-03,5,61.68,Online
812,161,2676,2025-08-01,5,177.18,Online
813,104,2850,2024-10-18,2,65.84,In-Store
814,159,2158,2023-10-30,2,49.51,Online
815,163,2814,2023-01-07,4,186.58,In-Store
816,197,2432,2025-03-09,2,217.44,Online
817,197,2576,2022-09-18,3,217.44,In-Store
818,158,2526,2024-04-14,4,126.55,In-Store
819,117,2214,2024-03-25,5,156.19,In-Store
820,144,2615,2022-11-01,1,15.05,Online
821,144,2980,2025-04-12,2,15.05,Online
822,200,2042,2023-12-19,4,241.01,Online
823,196,2962,2023-09-21,2,168.41,In-Store
824,143,2339,2025-09-04,5,39.04,In-Store
825,200,2154,2025-04-28,2,241.01,In-Store
826,172,2692,2023-05-03,1,232.96,In-Store
827,185,2439,2024-12-31,1,142.4,Online
828,110,2104,2025-09-01,4,73.49,Online
829,144,2015,2025-03-07,2,15.05,Online
830,112,2646,2025-08-11,5,80.36,In-Store
831,164,2278,2022-08-15,4,22.03,Online
832,110,2320,2023-12-25,5,73.49,In-Store
833,149,2306,2025-01-06,4,198.31,In-Store
834,104,2735,2023-10-02,4,65.84,Online
835,149,2522,2025-12-26,3,198.31,In-Store
836,131,2583,2023-04-13,3,114.34,Online
837,136,2767,2023-12-05,5,220.89,Online
838,101,2104,2025-01-10,2,187.97,Online
839,166,2828,2025-07-06,4,152.81,In-Store
840,139,2256,2024-02-07,3,168.34,Online
841,164,2248,2023-12-07,5,22.03,Online
842,184,2126,2025-01-25,5,195.07,Online
843,170,2205,2023-03-11,4,59.02,In-Store
844,104,2687,2024-02-21,5,65.84,In-Store
845,116,2407,2025-07-14,3,98.84,Online
846,168,2785,2024-11-21,2,152.68,Online
847,143,2873,2025-05-07,4,39.04,Online
848,130,2025,2025-11-24,5,190.21,Online
849,161,2636,2024-07-31,4,177.18,Online
850,179,2974,2023-02-08,4,37.7,Online
851,173,2048,2025-01-09,5,159.08,In-Store
852,123,2119,2025-06-06,1,73.57,In-Store
853,187,2343,2024-12-24,2,149.8,Online
854,181,2661,2025-10-15,1,175.0,In-Store
855,156,2477,2023-11-18,2,22.14,In-Store
856,181,2150,2024-06-19,2,175.0,Online
857,153,2297,2024-01-28,4,55.98,In-Store
858,188,2028,2024-11-20,4,20.04,Online
859,118,2917,2025-07-24,4,120.94,Online
860,187,2783,2025-10-30,4,149.8,Online
861,122,2808,2025-11-27,3,167.31,In-Store
862,164,2815,2025-03-18,1,22.03,Online
863,180,2029,2024-08-19,3,77.62,Online
864,142,2190,2023-10-21,4,248.84,In-Store
865,122,2496,2025-11-01,5,167.31,Online
866,144,2841,2024-05-25,5,15.05,In-Store
867,128,2458,2025-11-11,1,101.59,In-Store
868,158,2213,2024-07-03,1,126.55,In-Store
869,124,2182,2024-06-19,4,112.82,Online
870,190,2168,2025-05-27,3,197.23,Online
871,197,2651,2025-08-31,5,217.44,Online
872,124,2828,2024-01-19,2,112.82,In-Store
873,178,2472,2024-10-26,5,81.85,Online
874,197,2995,2025-08-30,5,217.44,Online
875,163,2132,2024-02-25,3,186.58,In-Store
876,176,2141,2024-06-03,5,78.4,In-Store
877,149,2621,2024-07-10,1,198.31,Online
878,128,2937,2024-06-23,3,101.59,In-Store
879,171,2574,2025-10-07,5,104.99,Online
880,120,2275,2025-02-16,5,203.21,In-Store
881,111,2333,2024-09-08,5,243.55,In-Store
882,128,2546,2024-09-27,2,101.59,In-Store
883,168,2498,2023-06-28,1,152.68,In-Store
884,107,2713,2023-02-05,3,177.55,Online
885,120,2994,2023-09-06,2,203.21,In-Store
886,190,2014,2024-10-15,2,197.23,In-Store
887,152,2832,2024-04-12,2,106.63,Online
888,129,2465,2024-04-10,4,216.59,Online
889,158,2148,2024-11-11,3,126.55,In-Store
890,170,2650,2025-05-25,1,59.02,In-Store
891,181,2303,2023-12-21,1,175.0,Online
892,139,2530,2025-11-01,2,168.34,In-Store
893,109,2878,2025-06-04,5,101.18,In-Store
894,160,2512,2025-07-10,3,232.36,In-Store
895,149,2205,2025-09-04,5,198.31,In-Store
896,155,2381,2024-12-24,3,219.88,Online
897,179,2910,2025-12-23,3,37.7,Online
898,152,2865,2025-07-18,3,106.63,Online
899,119,2103,2024-09-23,3,212.28,In-Store
900,164,2685,2025-11-07,1,22.03,Online
901,127,2867,2024-09-24,3,200.1,In-Store
902,109,2427,2024-02-23,5,101.18,Online
903,185,2244,2025-03-04,3,142.4,Online
904,136,2034,2023-11-03,2,220.89,Online
905,113,2557,2024-12-09,1,56.15,Online
906,122,2746,2024-12-14,5,167.31,Online
907,166,2100,2025-01-10,3,152.81,In-Store
908,199,2803,2024-06-04,2,37.68,Online
909,146,2371,2025-10-24,3,26.18,In-Store
910,121,2728,2023-06-28,3,60.64,In-Store
911,135,2408,2025-07-18,2,87.8,In-Store
912,137,2814,2022-11-11,1,67.81,In-Store
913,158,2697,2025-08-07,2,126.55,In-Store
914,176,2468,2024-11-16,2,78.4,Online
915,184,2001,2025-04-11,5,195.07,In-Store
916,171,2252,2024-04-12,4,104.99,In-Store
917,160,2338,2025-09-28,5,232.36,Online
918,144,2718,2025-08-21,4,15.05,In-Store
919,120,2604,2023-10-22,4,203.21,Online
920,195,2273,2023-08-22,5,93.92,Online
921,141,2747,2024-03-28,1,232.94,In-Store
922,102,2328,2024-01-16,4,186.75,In-Store
923,197,2296,2025-01-30,3,217.44,Online
924,162,2142,2025-01-18,5,55.58,Online
925,129,2503,2025-09-26,3,216.59,Online
926,152,2376,2024-02-02,1,106.63,In-Store
927,159,2687,2023-06-01,5,49.51,In-Store
928,163,2972,2023-12-10,4,186.58,In-Store
929,110,2707,2025-11-20,5,73.49,Online
930,110,2549,2025-10-31,3,73.49,In-Store
931,139,2679,2024-01-02,4,168.34,In-Store
932,194,2780,2024-04-30,3,216.06,Online
933,196,2251,2025-04-09,3,168.41,In-Store
934,140,2630,2024-10-04,4,136.64,Online
935,183,2193,2024-11-22,4,209.04,In-Store
936,195,2467,2025-07-11,3,93.92,Online
937,194,2377,2025-02-07,4,216.06,Online
938,117,2850,2025-06-27,5,156.19,Online
939,109,2235,2024-02-26,2,101.18,In-Store
940,195,2021,2025-06-26,5,93.92,In-Store
941,128,2220,2024-09-02,5,101.59,In-Store
942,170,2492,2024-08-15,1,59.02,In-Store
943,180,2138,2025-09-29,3,77.62,In-Store
944,145,2262,2024-10-04,5,62.85,In-Store
945,156,2387,2025-11-26,5,22.14,Online
946,188,2251,2025-02-25,2,20.04,In-Store
947,135,2430,2025-01-24,5,87.8,In-Store
948,117,2590,2024-07-22,3,156.19,In-Store
949,155,2857,2025-08-09,5,219.88,In-Store
950,132,2914,2024-04-20,1,243.25,Online
951,186,2798,2023-12-02,3,28.06,In-Store
952,195,2444,2025-10-23,1,93.92,In-Store
953,172,2476,2025-06-11,2,232.96,In-Store
954,153,2715,2024-12-01,1,55.98,Online
955,109,2991,2024-05-04,4,101.18,Online
956,186,2320,2024-10-18,5,28.06,In-Store
957,167,2373,2025-06-03,3,235.98,In-Store
958,129,2312,2023-03-31,3,216.59,Online
959,198,2484,2024-07-25,2,105.92,Online
960,194,2497,2023-07-26,3,216.06,In-Store
961,150,2188,2025-12-06,2,33.26,In-Store
962,115,2055,2023-09-06,1,101.23,In-Store
963,156,2130,2025-06-20,4,22.14,In-Store
964,157,2318,2022-09-24,3,232.33,In-Store
965,105,2882,2025-06-12,1,57.72,Online
966,189,2314,2025-01-12,1,60.42,Online
967,153,2117,2025-05-26,3,55.98,In-Store
968,118,2811,2024-09-02,3,120.94,In-Store
969,126,2089,2022-11-04,5,191.39,In-Store
970,158,2552,2023-11-19,1,126.55,Online
971,136,2569,2025-05-23,3,220.89,In-Store
972,199,2262,2025-08-17,4,37.68,In-Store
973,165,2168,2024-10-31,1,240.59,Online
974,145,2009,2024-02-03,5,62.85,Online
975,170,2050,2023-03-01,5,59.02,Online
976,124,2705,2024-06-27,4,112.82,Online
977,157,2682,2024-11-26,2,232.33,Online
978,165,2733,2025-04-07,3,240.59,In-Store
979,195,2199,2025-02-03,2,93.92,In-Store
980,183,2383,2025-12-14,3,209.04,Online
981,176,2806,2024-11-24,1,78.4,Online
982,127,2322,2023-04-11,2,200.1,Online
983,110,2483,2025-10-19,2,73.49,In-Store
984,181,2348,2024-12-18,2,175.0,Online
985,194,2402,2023-07-30,4,216.06,Online
986,104,2472,2024-05-14,1,65.84,In-Store
987,104,2868,2024-12-20,1,65.84,Online
988,117,2781,2024-04-14,1,156.19,Online
989,193,2021,2025-06-20,1,74.03,In-Store
990,193,2316,2022-05-23,1,74.03,In-Store
991,111,2696,2025-07-19,1,243.55,Online
992,134,2758,2025-10-30,1,99.74,Online
993,176,2779,2024-12-27,2,78.4,In-Store
994,195,2750,2024-03-10,1,93.92,Online
995,195,2991,2024-05-05,5,93.92,In-Store
996,178,2638,2025-03-01,2,81.85,Online
997,200,2981,2024-12-06,5,241.01,Online
998,188,2696,2023-12-15,5,20.04,Online
999,168,2609,2025-12-31,2,152.68,Online
1000,188,2742,2023-12-20,2,20.04,Online
1001,191,2541,2023-05-04,2,217.51,In-Store
1002,131,2420,2025-05-14,5,114.34,Online
1003,165,2333,2024-08-27,1,240.59,Online
1004,120,2250,2025-06-22,4,203.21,In-Store
1005,124,2612,2023-09-05,5,112.82,Online
1006,169,2549,2024-05-18,1,167.77,In-Store
1007,197,2999,2023-09-08,4,217.44,Online
1008,110,2570,2024-10-04,2,73.49,In-Store
1009,135,2003,2025-02-02,3,87.8,Online
1010,149,2242,2024-03-13,3,198.31,In-Store
1011,118,2587,2025-01-31,4,120.94,In-Store
1012,116,2245,2025-08-19,5,98.84,In-Store
1013,178,2075,2025-04-12,4,81.85,Online
1014,199,2199,2025-08-18,4,37.68,In-Store
1015,144,2659,2025-10-13,4,15.05,Online
1016,194,2699,2023-08-02,4,216.06,In-Store
1017,158,2704,2023-06-24,1,126.55,In-Store
1018,187,2484,2025-09-21,1,149.8,In-Store
1019,120,2923,2025-08-19,5,203.21,Online
1020,131,2388,2023-10-09,2,114.34,In-Store
1021,147,2037,2025-06-24,5,133.4,Online
1022,117,2108,2025-05-04,2,156.19,Online
1023,106,2993,2024-09-18,2,117.81,In-Store
1024,127,2792,2023-11-13,5,200.1,In-Store
1025,116,2163,2023-09-11,2,98.84,In-Store
1026,133,2818,2025-04-18,3,212.0,In-Store
1027,135,2850,2025-10-21,4,87.8,In-Store
1028,112,2952,2025-03-04,5,80.36,In-Store
1029,150,2929,2025-01-27,5,33.26,In-Store
1030,114,2058,2024-07-07,4,195.54,Online
1031,190,2896,2024-03-01,3,197.23,In-Store
1032,120,2016,2025-04-06,2,203.21,Online
1033,175,2168,2024-06-17,1,233.98,Online
1034,163,2062,2024-12-06,4,186.58,Online
1035,147,2965,2024-12-15,4,133.4,In-Store
1036,116,2253,2024-02-27,3,98.84,Online
1037,155,2318,2022-11-20,5,219.88,In-Store
1038,138,2486,2025-12-21,4,185.66,Online
1039,186,2271,2024-06-22,4,28.06,In-Store
1040,101,2400,2025-05-08,3,187.97,In-Store
1041,196,2885,2025-07-13,5,168.41,Online
1042,163,2312,2022-10-02,4,186.58,Online
1043,101,2518,2024-05-03,4,187.97,In-Store
1044,154,2001,2024-04-28,4,111.25,In-Store
1045,120,2714,2023-07-27,1,203.21,Online
1046,143,2782,2025-02-17,3,39.04,Online
1047,154,2654,2024-12-30,4,111.25,Online
1048,143,2996,2025-06-09,4,39.04,In-Store
1049,194,2974,2023-06-30,5,216.06,In-Store
1050,196,2132,2025-12-29,5,168.41,In-Store
1051,117,2772,2025-06-14,5,156.19,Online
1052,126,2303,2025-10-01,1,191.39,In-Store
1053,114,2475,2024-02-21,4,195.54,In-Store
1054,106,2822,2025-05-05,3,117.81,In-Store
1055,122,2059,2023-07-14,1,167.31,Online
1056,157,2149,2024-10-29,3,232.33,In-Store
1057,188,2009,2025-12-04,5,20.04,Online
1058,150,2314,2025-06-23,4,33.26,Online
1059,120,2714,2024-09-01,3,203.21,In-Store
1060,199,2887,2024-05-11,3,37.68,Online
1061,108,2063,2025-01-15,2,61.68,Online
1062,194,2537,2025-08-31,3,216.06,Online
1063,129,2868,2022-12-02,3,216.59,Online
1064,165,2409,2025-04-22,2,240.59,Online
1065,168,2089,2025-04-28,3,152.68,Online
1066,111,2574,2025-08-16,4,243.55,In-Store
1067,114,2258,2024-03-21,1,195.54,In-Store
1068,156,2844,2024-12-01,1,22.14,In-Store
1069,119,2548,2024-02-26,5,212.28,In-Store
1070,192,2826,2023-12-03,5,53.05,Online
1071,112,2718,2025-03-17,1,80.36,Online
1072,109,2190,2024-01-10,4,101.18,In-Store
1073,136,2719,2024-01-28,5,220.89,In-Store
1074,171,2105,2024-08-20,4,104.99,Online
1075,199,2583,2024-12-06,1,37.68,Online
1076,140,2647,2024-06-04,3,136.64,Online
1077,163,2853,2024-02-08,5,186.58,In-Store
1078,147,2079,2025-08-14,2,133.4,Online
1079,155,2733,2025-10-26,1,219.88,In-Store
1080,101,2307,2025-01-04,1,187.97,In-Store
1081,111,2139,2024-09-29,2,243.55,In-Store
1082,190,2187,2023-02-15,3,197.23,In-Store
1083,140,2139,2024-10-05,5,136.64,In-Store
1084,145,2949,2025-01-23,4,62.85,In-Store
1085,127,2130,2025-02-28,5,200.1,In-Store
1086,145,2464,2025-10-07,5,62.85,Online
1087,194,2878,2023-03-22,5,216.06,Online
1088,196,2185,2025-11-04,4,168.41,Online
1089,140,2748,2025-11-02,4,136.64,In-Store
1090,154,2275,2025-08-07,5,111.25,In-Store
1091,122,2225,2024-09-12,5,167.31,Online
1092,137,2088,2025-07-03,4,67.81,Online
1093,114,2031,2024-04-11,2,195.54,In-Store
1094,186,2252,2025-01-23,4,28.06,In-Store
1095,132,2482,2024-03-16,2,243.25,In-Store
1096,135,2294,2024-12-11,3,87.8,Online
1097,129,2335,2024-01-08,5,216.59,Online
1098,121,2883,2024-10-13,2,60.64,Online
1099,152,2436,2025-01-08,2,106.63,Online
1100,178,2383,2024-05-24,3,81.85,In-Store
1101,152,2527,2025-05-19,5,106.63,In-Store
1102,170,2351,2024-12-10,1,59.02,Online
1103,112,2980,2024-03-21,3,80.36,Online
1104,109,2096,2023-10-14,3,101.18,In-Store
1105,147,2039,2025-07-09,5,133.4,Online
1106,179,2098,2025-12-09,1,37.7,In-Store
1107,108,2214,2022-06-20,1,61.68,Online
1108,164,2929,2024-08-05,5,22.03,In-Store
1109,157,2063,2024-07-14,4,232.33,In-Store
1110,192,2090,2023-03-19,4,53.05,Online
1111,199,2200,2023-12-26,1,37.68,Online
1112,161,2674,2025-07-13,5,177.18,In-Store
1113,115,2877,2024-12-19,1,101.23,Online
1114,200,2835,2025-08-05,1,241.01,In-Store
1115,140,2430,2025-02-13,5,136.64,In-Store
1116,106,2972,2025-08-27,2,117.81,In-Store
1117,123,2520,2025-04-11,2,73.57,Online
1118,140,2443,2024-03-01,2,136.64,In-Store
1119,121,2140,2025-06-18,4,60.64,In-Store
1120,149,2756,2023-01-23,4,198.31,In-Store
1121,106,2365,2023-09-05,3,117.81,In-Store
1122,169,2989,2024-12-19,2,167.77,In-Store
1123,125,2755,2023-04-15,3,62.64,In-Store
1124,148,2988,2025-04-01,3,139.42,In-Store
1125,131,2539,2024-10-07,5,114.34,Online
1126,115,2549,2025-10-22,1,101.23,Online
1127,175,2365,2024-06-18,5,233.98,In-Store
1128,153,2634,2024-02-01,3,55.98,Online
1129,151,2204,2025-02-12,2,108.66,In-Store
1130,136,2387,2025-06-14,1,220.89,In-Store
1131,159,2073,2024-04-13,3,49.51,Online
1132,151,2392,2023-10-11,3,108.66,Online
1133,179,2351,2023-06-23,4,37.7,In-Store
1134,139,2465,2024-11-28,1,168.34,In-Store
1135,165,2999,2023-06-11,4,240.59,In-Store
1136,170,2519,2024-08-21,3,59.02,In-Store
1137,158,2983,2023-12-27,2,126.55,In-Store
1138,117,2619,2025-06-01,1,156.19,In-Store
1139,102,2127,2025-06-30,5,186.75,In-Store
1140,127,2441,2025-04-04,1,200.1,Online
1141,102,2855,2025-12-21,2,186.75,In-Store
1142,198,2783,2025-08-06,2,105.92,Online
1143,190,2178,2025-08-05,2,197.23,In-Store
1144,150,2617,2024-12-23,5,33.26,Online
1145,146,2841,2024-06-25,2,26.18,Online
1146,144,2266,2024-10-23,2,15.05,In-Store
1147,109,2789,2025-09-26,3,101.18,In-Store
1148,182,2907,2025-09-15,2,227.28,In-Store
1149,156,2916,2025-01-19,5,22.14,In-Store
1150,193,2580,2024-10-22,2,74.03,Online
1151,181,2909,2024-11-18,3,175.0,Online
1152,121,2722,2024-06-21,4,60.64,Online
1153,164,2257,2024-10-25,1,22.03,Online
1154,187,2636,2024-10-25,4,149.8,Online
1155,158,2775,2024-03-09,2,126.55,Online
1156,131,2392,2024-09-14,5,114.34,In-Store
1157,138,2557,2025-12-15,3,185.66,Online
1158,167,2261,2022-12-08,3,235.98,Online
1159,118,2754,2025-09-16,1,120.94,Online
1160,191,2043,2025-11-15,4,217.51,In-Store
1161,181,2193,2025-09-04,1,175.0,Online
1162,165,2122,2025-10-11,2,240.59,Online
1163,166,2300,2023-12-05,3,152.81,In-Store
1164,147,2828,2025-01-16,2,133.4,In-Store
1165,104,2189,2024-08-29,5,65.84,Online
1166,103,2312,2024-02-29,2,111.26,In-Store
1167,183,2125,2025-02-19,4,209.04,Online
1168,138,2184,2022-08-01,3,185.66,In-Store
1169,185,2372,2024-04-15,5,142.4,In-Store
1170,189,2487,2024-02-18,3,60.42,In-Store
1171,101,2728,2023-02-21,1,187.97,In-Store
1172,125,2953,2023-04-25,3,62.64,In-Store
1173,176,2465,2023-10-27,4,78.4,In-Store
1174,121,2323,2025-04-09,5,60.64,In-Store
1175,154,2576,2022-10-27,1,111.25,Online
1176,198,2529,2023-12-13,3,105.92,Online
1177,194,2968,2025-05-25,3,216.06,Online
1178,152,2115,2022-07-17,3,106.63,In-Store
1179,159,2918,2024-09-17,4,49.51,In-Store
1180,148,2763,2023-06-02,5,139.42,Online
1181,117,2369,2025-09-01,2,156.19,In-Store
1182,108,2977,2025-01-29,5,61.68,In-Store
1183,193,2837,2025-12-30,3,74.03,In-Store
1184,186,2448,2022-12-23,1,28.06,In-Store
1185,185,2969,2025-03-26,4,142.4,Online
1186,135,2519,2023-10-14,1,87.8,In-Store
1187,196,2706,2024-12-18,2,168.41,In-Store
1188,125,2188,2025-11-29,3,62.64,In-Store
1189,101,2392,2024-11-12,3,187.97,In-Store
1190,131,2554,2025-10-23,3,114.34,In-Store
1191,175,2511,2024-11-30,2,233.98,In-Store
1192,151,2160,2025-10-17,2,108.66,In-Store
1193,177,2162,2023-04-12,2,246.12,Online
1194,198,2124,2023-07-26,2,105.92,Online
1195,126,2852,2023-04-13,4,191.39,In-Store
1196,109,2922,2024-11-21,4,101.18,In-Store
1197,114,2704,2023-02-14,4,195.54,Online
1198,122,2959,2025-03-30,3,167.31,In-Store
1199,146,2439,2025-04-28,4,26.18,Online
1200,162,2967,2022-12-29,1,55.58,In-Store
1201,179,2691,2023-07-13,2,37.7,In-Store
1202,192,2694,2023-05-30,2,53.05,In-Store
1203,178,2388,2024-04-16,5,81.85,Online
1204,115,2491,2024-09-11,5,101.23,Online
1205,149,2270,2025-06-11,1,198.31,Online
1206,136,2127,2025-12-25,4,220.89,Online
1207,186,2648,2025-06-13,1,28.06,In-Store
1208,159,2991,2023-06-21,4,49.51,In-Store
1209,127,2582,2024-10-24,3,200.1,Online
1210,133,2402,2023-06-09,1,212.0,In-Store
1211,174,2350,2025-09-13,4,139.03,In-Store
1212,197,2123,2025-07-15,1,217.44,In-Store
1213,189,2827,2022-08-29,5,60.42,In-Store
1214,194,2463,2024-07-03,5,216.06,Online
1215,196,2533,2024-04-28,1,168.41,In-Store
1216,143,2651,2025-03-18,1,39.04,Online
1217,125,2622,2025-09-09,5,62.64,In-Store
1218,174,2236,2024-12-22,4,139.03,In-Store
1219,178,2273,2023-11-09,2,81.85,In-Store
1220,140,2450,2024-10-23,1,136.64,Online
1221,199,2348,2025-01-06,4,37.68,In-Store
1222,200,2131,2023-10-05,2,241.01,Online
1223,147,2733,2024-04-01,4,133.4,In-Store
1224,139,2217,2025-12-14,3,168.34,Online
1225,170,2993,2024-09-09,1,59.02,In-Store
1226,118,2569,2025-05-17,2,120.94,In-Store
1227,120,2846,2025-07-27,4,203.21,In-Store
1228,102,2234,2025-02-14,5,186.75,In-Store
1229,144,2948,2024-07-20,4,15.05,In-Store
1230,196,2793,2025-01-26,2,168.41,In-Store
1231,189,2767,2025-08-09,4,60.42,Online
1232,114,2517,2024-03-22,5,195.54,In-Store
1233,146,2949,2025-06-07,2,26.18,Online
1234,195,2949,2025-06-23,5,93.92,Online
1235,190,2243,2025-01-22,4,197.23,In-Store
1236,116,2949,2024-11-22,4,98.84,In-Store
1237,135,2901,2023-11-15,2,87.8,In-Store
1238,192,2363,2024-10-02,5,53.05,In-Store
1239,149,2792,2024-02-18,5,198.31,Online
1240,104,2666,2025-03-09,1,65.84,Online
1241,178,2929,2025-02-25,1,81.85,In-Store
1242,102,2245,2025-07-05,1,186.75,In-Store
1243,131,2248,2025-12-25,5,114.34,In-Store
1244,197,2995,2025-04-26,3,217.44,Online
1245,198,2149,2025-11-17,1,105.92,Online
1246,166,2248,2025-12-26,4,152.81,Online
1247,170,2633,2025-05-29,2,59.02,In-Store
1248,165,2483,2024-11-24,1,240.59,In-Store
1249,136,2308,2025-04-21,3,220.89,In-Store
1250,112,2303,2025-06-07,5,80.36,In-Store
1251,112,2229,2025-02-19,2,80.36,Online
1252,181,2277,2024-03-20,1,175.0,In-Store
1253,136,2052,2022-10-27,4,220.89,Online
1254,164,2530,2024-08-14,4,22.03,Online
1255,162,2842,2024-02-09,2,55.58,In-Store
1256,173,2233,2025-04-07,4,159.08,In-Store
1257,151,2069,2024-05-31,5,108.66,In-Store
1258,182,2096,2025-08-22,4,227.28,In-Store
1259,187,2201,2024-04-21,2,149.8,Online
1260,152,2741,2023-04-17,2,106.63,Online
1261,102,2172,2025-12-10,1,186.75,Online
1262,109,2195,2022-09-11,2,101.18,In-Store
1263,175,2540,2023-10-04,2,233.98,In-Store
1264,111,2286,2025-10-01,5,243.55,Online
1265,122,2064,2024-09-02,3,167.31,In-Store
1266,151,2342,2024-08-24,4,108.66,In-Store
1267,125,2968,2024-10-07,1,62.64,Online
1268,110,2622,2025-02-19,4,73.49,In-Store
1269,192,2863,2025-08-10,1,53.05,In-Store
1270,195,2940,2025-03-03,2,93.92,In-Store
1271,157,2107,2025-04-22,1,232.33,In-Store
1272,103,2292,2022-11-20,1,111.26,In-Store
1273,162,2594,2024-11-14,4,55.58,In-Store
1274,106,2780,2022-05-16,4,117.81,In-Store
1275,178,2793,2024-09-17,5,81.85,In-Store
1276,133,2833,2024-02-20,1,212.0,Online
1277,110,2938,2024-08-20,5,73.49,In-Store
1278,126,2448,2025-05-04,1,191.39,In-Store
1279,164,2988,2025-09-30,4,22.03,In-Store
1280,170,2292,2023-07-01,4,59.02,In-Store
1281,132,2860,2025-01-28,4,243.25,Online
1282,127,2189,2024-07-14,3,200.1,Online
1283,127,2910,2024-10-10,3,200.1,In-Store
1284,111,2436,2025-02-19,5,243.55,Online
1285,144,2056,2024-11-03,5,15.05,In-Store
1286,125,2640,2023-09-14,3,62.64,In-Store
1287,172,2921,2025-03-23,3,232.96,In-Store
1288,194,2609,2024-12-20,5,216.06,Online
1289,125,2019,2024-03-01,1,62.64,In-Store
1290,164,2453,2023-01-03,2,22.03,Online
1291,181,2157,2023-06-10,5,175.0,In-Store
1292,124,2171,2024-04-18,4,112.82,In-Store
1293,181,2118,2024-09-19,2,175.0,Online
1294,148,2570,2024-11-11,1,139.42,Online
1295,106,2610,2025-04-02,3,117.81,In-Store
1296,146,2707,2024-08-22,2,26.18,Online
1297,149,2578,2024-05-12,3,198.31,In-Store
1298,141,2041,2024-10-05,5,232.94,Online
1299,157,2765,2023-05-08,5,232.33,Online
1300,166,2814,2024-11-28,3,152.81,In-Store
1301,121,2678,2025-03-06,1,60.64,In-Store
1302,118,2132,2023-09-26,5,120.94,Online
1303,108,2614,2024-05-19,4,61.68,In-Store
1304,127,2493,2022-12-17,1,200.1,Online
1305,118,2545,2025-12-31,1,120.94,Online
1306,139,2663,2023-09-20,1,168.34,Online
1307,111,2308,2025-06-26,2,243.55,In-Store
1308,152,2672,2025-07-24,5,106.63,In-Store
1309,167,2403,2024-10-18,2,235.98,In-Store
1310,105,2861,2024-11-12,2,57.72,Online
1311,113,2115,2023-08-24,4,56.15,In-Store
1312,164,2712,2023-01-02,2,22.03,In-Store
1313,117,2349,2025-05-03,3,156.19,Online
1314,143,2504,2024-08-03,3,39.04,In-Store
1315,105,2561,2024-07-25,3,57.72,Online
1316,177,2123,2023-01-21,5,246.12,In-Store
1317,166,2810,2025-12-26,2,152.81,Online
1318,193,2296,2025-07-21,4,74.03,In-Store
1319,139,2700,2025-10-07,5,168.34,In-Store
1320,193,2305,2025-12-23,1,74.03,In-Store
1321,156,2685,2024-02-07,1,22.14,Online
1322,105,2435,2023-04-29,3,57.72,In-Store
1323,199,2977,2025-05-28,2,37.68,In-Store
1324,125,2083,2023-06-04,4,62.64,Online
1325,114,2806,2025-11-24,2,195.54,Online
1326,137,2509,2025-09-16,5,67.81,In-Store
1327,141,2788,2025-04-21,4,232.94,In-Store
1328,136,2795,2025-05-07,3,220.89,In-Store
1329,112,2524,2022-04-07,3,80.36,Online
1330,133,2231,2025-03-22,4,212.0,Online
1331,124,2348,2025-07-20,5,112.82,In-Store
1332,198,2437,2024-04-14,4,105.92,Online
1333,168,2338,2025-12-02,3,152.68,Online
1334,114,2288,2024-03-11,5,195.54,In-Store
1335,177,2566,2024-10-08,2,246.12,In-Store
1336,109,2230,2023-09-20,1,101.18,In-Store
1337,189,2605,2025-04-23,3,60.42,Online
1338,197,2219,2024-06-15,1,217.44,In-Store
1339,135,2841,2024-11-06,3,87.8,In-Store
1340,125,2476,2025-09-09,1,62.64,Online
1341,187,2862,2025-11-25,3,149.8,In-Store
1342,130,2062,2025-09-19,5,190.21,In-Store
1343,179,2915,2023-06-19,1,37.7,Online
1344,172,2666,2024-11-24,3,232.96,Online
1345,109,2469,2025-07-11,3,101.18,Online
1346,200,2720,2025-12-03,5,241.01,Online
1347,109,2909,2024-09-13,3,101.18,In-Store
1348,149,2416,2025-10-09,2,198.31,In-Store
1349,194,2067,2025-06-10,2,216.06,Online
1350,140,2900,2023-12-25,5,136.64,Online
1351,144,2265,2025-01-15,4,15.05,Online
1352,139,2276,2024-11-16,4,168.34,In-Store
1353,120,2182,2023-09-02,1,203.21,Online
1354,159,2946,2025-05-21,2,49.51,In-Store
1355,111,2180,2024-12-05,4,243.55,Online
1356,129,2025,2024-06-07,5,216.59,In-Store
1357,191,2268,2025-07-21,5,217.51,In-Store
1358,145,2983,2024-06-12,5,62.85,In-Store
1359,174,2511,2025-06-23,4,139.03,In-Store
1360,149,2738,2025-09-15,4,198.31,Online
1361,144,2457,2024-11-13,5,15.05,Online
1362,141,2126,2025-12-13,4,232.94,Online
1363,147,2480,2025-12-30,5,133.4,Online
1364,166,2393,2024-05-16,4,152.81,In-Store
1365,168,2043,2023-02-09,2,152.68,In-Store
1366,116,2877,2022-11-07,5,98.84,In-Store
1367,157,2008,2024-08-06,1,232.33,In-Store
1368,193,2513,2024-08-09,1,74.03,Online
1369,197,2991,2023-06-13,3,217.44,In-Store
1370,191,2785,2024-08-03,3,217.51,In-Store
1371,131,2246,2025-06-08,1,114.34,Online
1372,161,2009,2024-01-21,5,177.18,In-Store
1373,152,2880,2022-06-11,3,106.63,In-Store
1374,152,2903,2023-11-07,2,106.63,In-Store
1375,107,2942,2022-01-24,1,177.55,In-Store
1376,144,2792,2023-06-30,1,15.05,In-Store
1377,145,2006,2025-02-08,5,62.85,In-Store
1378,146,2367,2025-10-08,3,26.18,In-Store
1379,127,2255,2025-11-06,5,200.1,Online
1380,132,2069,2025-09-13,2,243.25,In-Store
1381,144,2472,2025-05-30,4,15.05,Online
1382,189,2296,2025-12-21,3,60.42,Online
1383,147,2055,2025-06-19,5,133.4,In-Store
1384,123,2166,2024-09-12,2,73.57,In-Store
1385,145,2272,2024-05-21,5,62.85,Online
1386,158,2283,2025-08-10,4,126.55,In-Store
1387,170,2782,2025-05-19,1,59.02,Online
1388,136,2162,2023-02-13,5,220.89,In-Store
1389,124,2939,2025-04-04,1,112.82,Online
1390,102,2589,2025-01-12,5,186.75,Online
1391,123,2428,2025-06-15,5,73.57,Online
1392,189,2940,2025-10-28,5,60.42,Online
1393,132,2526,2024-01-14,5,243.25,Online
1394,193,2491,2025-12-02,1,74.03,In-Store
1395,198,2444,2024-04-25,2,105.92,In-Store
1396,108,2644,2024-05-31,5,61.68,In-Store
1397,102,2937,2024-07-23,5,186.75,Online
1398,116,2810,2025-02-26,1,98.84,In-Store
1399,194,2165,2024-08-27,2,216.06,In-Store
1400,177,2451,2023-08-03,5,246.12,In-Store
1401,117,2899,2024-11-11,3,156.19,Online
1402,167,2260,2022-11-17,1,235.98,Online
1403,186,2948,2025-02-05,2,28.06,Online
1404,167,2432,2025-04-18,1,235.98,Online
1405,117,2794,2025-01-14,4,156.19,Online
1406,138,2442,2024-10-18,5,185.66,In-Store
1407,111,2570,2023-10-23,1,243.55,Online
1408,129,2443,2024-07-05,4,216.59,Online
1409,159,2586,2024-04-08,2,49.51,In-Store
1410,134,2951,2024-04-25,3,99.74,In-Store
1411,199,2989,2025-12-15,1,37.68,Online
1412,103,2420,2025-02-19,2,111.26,Online
1413,171,2705,2024-11-29,5,104.99,In-Store
1414,187,2539,2024-11-24,3,149.8,Online
1415,132,2622,2025-05-14,4,243.25,In-Store
1416,165,2561,2022-08-10,4,240.59,Online
1417,108,2658,2024-05-14,2,61.68,Online
1418,114,2459,2024-01-21,5,195.54,Online
1419,165,2624,2023-10-04,5,240.59,Online
1420,177,2461,2025-03-15,5,246.12,In-Store
1421,162,2086,2025-08-03,1,55.58,Online
1422,138,2097,2024-09-24,3,185.66,Online
1423,116,2153,2025-05-02,5,98.84,In-Store
1424,174,2808,2025-04-01,4,139.03,Online
1425,180,2088,2024-12-29,4,77.62,In-Store
1426,152,2206,2024-02-06,1,106.63,Online
1427,114,2041,2025-10-17,3,195.54,In-Store
1428,103,2542,2024-06-17,3,111.26,Online
1429,197,2401,2025-09-15,5,217.44,In-Store
1430,106,2232,2022-08-04,2,117.81,Online
1431,187,2587,2025-05-05,1,149.8,In-Store
1432,165,2705,2022-11-02,2,240.59,In-Store
1433,177,2141,2024-11-19,2,246.12,In-Store
1434,145,2229,2025-11-24,3,62.85,In-Store
1435,139,2764,2025-10-20,3,168.34,Online
1436,149,2642,2024-06-18,3,198.31,Online
1437,103,2822,2025-08-22,5,111.26,In-Store
1438,128,2720,2023-11-17,2,101.59,Online
1439,179,2312,2025-12-27,4,37.7,Online
1440,149,2752,2024-10-08,2,198.31,In-Store
1441,103,2782,2025-02-16,4,111.26,In-Store
1442,138,2323,2024-09-19,1,185.66,Online
1443,167,2312,2025-08-06,1,235.98,In-Store
1444,162,2159,2023-01-02,3,55.58,In-Store
1445,140,2521,2025-10-01,5,136.64,In-Store
1446,198,2366,2024-10-30,2,105.92,Online
1447,122,2697,2023-07-02,4,167.31,In-Store
1448,181,2187,2023-10-11,4,175.0,Online
1449,190,2759,2024-06-13,1,197.23,In-Store
1450,155,2394,2025-12-26,3,219.88,Online
1451,175,2236,2024-12-21,5,233.98,In-Store
1452,127,2794,2024-10-18,2,200.1,In-Store
1453,170,2548,2024-01-27,1,59.02,In-Store
1454,130,2054,2025-06-21,5,190.21,Online
1455,144,2117,2024-08-24,2,15.05,In-Store
1456,166,2251,2025-01-10,3,152.81,In-Store
1457,188,2459,2023-10-12,5,20.04,Online
1458,170,2785,2025-08-30,5,59.02,Online
1459,175,2137,2023-03-06,5,233.98,Online
1460,152,2679,2025-09-05,1,106.63,Online
1461,160,2013,2025-02-19,5,232.36,Online
1462,147,2942,2024-12-26,3,133.4,Online
1463,135,2890,2025-12-02,1,87.8,In-Store
1464,109,2476,2025-11-04,4,101.18,Online
1465,145,2115,2024-11-27,1,62.85,In-Store
1466,119,2436,2025-06-02,4,212.28,In-Store
1467,138,2887,2022-09-25,5,185.66,In-Store
1468,132,2489,2025-02-12,3,243.25,Online
1469,102,2700,2025-02-09,1,186.75,In-Store
1470,183,2402,2025-12-06,4,209.04,In-Store
1471,117,2830,2023-12-12,1,156.19,In-Store
1472,137,2238,2024-08-09,3,67.81,Online
1473,122,2751,2023-04-17,2,167.31,In-Store
1474,186,2107,2023-07-12,2,28.06,Online
1475,150,2922,2024-11-22,3,33.26,In-Store
1476,150,2654,2023-10-18,1,33.26,Online
1477,152,2483,2025-07-04,4,106.63,Online
1478,141,2126,2025-07-12,3,232.94,Online
1479,109,2729,2024-09-16,4,101.18,Online
1480,149,2224,2024-07-20,1,198.31,In-Store
1481,149,2939,2025-01-09,2,198.31,Online
1482,189,2307,2025-09-19,5,60.42,In-Store
1483,101,2564,2025-11-27,1,187.97,In-Store
1484,170,2307,2025-06-10,1,59.02,Online
1485,171,2914,2023-11-05,1,104.99,In-Store
1486,175,2258,2024-06-24,1,233.98,Online
1487,159,2273,2023-03-16,4,49.51,Online
1488,127,2833,2024-05-01,5,200.1,In-Store
1489,126,2088,2025-01-31,1,191.39,Online
1490,172,2545,2025-12-25,1,232.96,In-Store
1491,106,2865,2025-09-18,4,117.81,In-Store
1492,195,2976,2023-08-15,5,93.92,In-Store
1493,143,2569,2024-08-04,5,39.04,Online
1494,132,2566,2024-12-12,4,243.25,In-Store
1495,144,2177,2024-12-10,5,15.05,Online
1496,187,2960,2024-06-04,1,149.8,In-Store
1497,116,2105,2025-01-24,3,98.84,Online
1498,135,2633,2023-07-04,1,87.8,Online
1499,133,2192,2025-06-08,1,212.0,Online
1500,128,2897,2025-04-12,2,101.59,In-Store
1501,140,2364,2024-07-22,4,136.64,In-Store
1502,139,2109,2025-04-16,2,168.34,Online
1503,143,2485,2023-12-03,1,39.04,Online
1504,135,2930,2024-01-11,3,87.8,In-Store
1505,168,2664,2025-03-17,3,152.68,In-Store
1506,126,2194,2025-06-25,5,191.39,Online
1507,111,2732,2023-10-05,4,243.55,In-Store
1508,101,2063,2025-04-26,3,187.97,In-Store
1509,108,2106,2024-07-26,5,61.68,Online
1510,112,2667,2022-11-09,2,80.36,Online
1511,124,2895,2024-09-21,3,112.82,Online
1512,157,2975,2024-01-19,2,232.33,Online
1513,156,2668,2024-07-05,2,22.14,In-Store
1514,109,2503,2025-06-29,4,101.18,In-Store
1515,108,2488,2025-07-26,5,61.68,In-Store
1516,177,2146,2025-07-05,3,246.12,In-Store
1517,184,2467,2024-11-20,2,195.07,Online
1518,112,2600,2024-08-19,1,80.36,In-Store
1519,181,2453,2023-07-07,1,175.0,Online
1520,120,2208,2025-11-25,2,203.21,In-Store
1521,198,2493,2025-11-01,2,105.92,Online
1522,105,2539,2025-05-31,3,57.72,In-Store
1523,106,2135,2024-03-18,4,117.81,Online
1524,173,2779,2024-06-12,3,159.08,Online
1525,149,2174,2024-11-20,3,198.31,Online
1526,163,2715,2025-10-15,1,186.58,Online
1527,177,2655,2025-03-08,4,246.12,Online
1528,124,2146,2025-07-21,5,112.82,In-Store
1529,151,2040,2023-05-11,1,108.66,Online
1530,194,2941,2023-12-21,3,216.06,Online
1531,126,2736,2024-10-05,3,191.39,Online
1532,126,2143,2024-10-24,5,191.39,Online
1533,191,2263,2023-08-24,2,217.51,Online
1534,113,2595,2024-08-16,3,56.15,Online
1535,192,2776,2022-06-24,2,53.05,In-Store
1536,115,2058,2025-12-09,1,101.23,In-Store
1537,175,2861,2024-07-08,3,233.98,In-Store
1538,159,2057,2024-06-01,3,49.51,In-Store
1539,157,2580,2025-11-14,2,232.33,In-Store
1540,128,2569,2025-12-07,1,101.59,Online
1541,142,2232,2023-02-22,2,248.84,Online
1542,115,2973,2024-09-11,5,101.23,In-Store
1543,173,2911,2024-10-04,3,159.08,In-Store
1544,105,2916,2025-04-02,1,57.72,Online
1545,174,2601,2025-09-14,3,139.03,Online
1546,162,2972,2024-04-24,2,55.58,Online
1547,119,2369,2025-12-11,3,212.28,Online
1548,125,2508,2025-08-08,5,62.64,In-Store
1549,110,2707,2024-10-13,1,73.49,In-Store
1550,156,2306,2024-09-12,2,22.14,In-Store
1551,179,2928,2025-07-30,3,37.7,In-Store
1552,133,2948,2025-10-02,4,212.0,Online
1553,197,2622,2025-05-16,3,217.44,In-Store
1554,120,2939,2024-11-19,4,203.21,In-Store
1555,169,2428,2025-06-27,4,167.77,Online
1556,140,2177,2023-09-15,2,136.64,Online
1557,175,2147,2025-05-27,2,233.98,In-Store
1558,176,2345,2024-06-21,3,78.4,In-Store
1559,129,2597,2024-11-08,5,216.59,Online
1560,178,2969,2024-05-10,3,81.85,Online
1561,173,2320,2023-07-11,1,159.08,In-Store
1562,116,2164,2025-10-31,5,98.84,In-Store
1563,112,2679,2024-03-26,5,80.36,Online
1564,121,2681,2024-11-17,5,60.64,In-Store
1565,176,2635,2025-06-08,4,78.4,In-Store
1566,154,2201,2025-04-09,4,111.25,In-Store
1567,194,2136,2025-10-31,4,216.06,In-Store
1568,158,2845,2024-01-28,4,126.55,Online
1569,140,2242,2024-06-20,4,136.64,Online
1570,109,2620,2023-12-20,1,101.18,In-Store
1571,152,2472,2024-05-19,3,106.63,Online
1572,146,2919,2023-11-16,2,26.18,Online
1573,146,2265,2024-05-12,1,26.18,In-Store
1574,167,2694,2022-08-12,5,235.98,Online
1575,103,2477,2024-07-12,2,111.26,In-Store
1576,116,2464,2025-03-06,3,98.84,In-Store
1577,185,2093,2023-05-11,5,142.4,Online
1578,195,2735,2025-10-07,5,93.92,In-Store
1579,161,2350,2023-01-22,3,177.18,In-Store
1580,195,2238,2025-01-11,4,93.92,In-Store
1581,106,2836,2025-04-09,1,117.81,In-Store
1582,179,2303,2025-10-13,2,37.7,In-Store
1583,151,2449,2025-02-12,2,108.66,Online
1584,121,2511,2025-01-08,2,60.64,In-Store
1585,103,2128,2025-10-09,3,111.26,Online
1586,172,2749,2023-10-23,2,232.96,In-Store
1587,122,2964,2024-09-02,2,167.31,In-Store
1588,197,2686,2025-04-13,5,217.44,Online
1589,117,2910,2024-07-05,2,156.19,Online
1590,121,2739,2024-02-24,1,60.64,In-Store
1591,162,2246,2025-12-02,3,55.58,In-Store
1592,128,2287,2025-04-03,4,101.59,In-Store
1593,191,2327,2025-12-08,4,217.51,In-Store
1594,183,2193,2025-03-15,5,209.04,Online
1595,135,2250,2024-07-26,2,87.8,Online
1596,139,2385,2024-09-16,5,168.34,In-Store
1597,106,2228,2024-07-01,2,117.81,In-Store
1598,105,2651,2024-11-05,5,57.72,In-Store
1599,160,2162,2024-01-14,4,232.36,Online
1600,103,2632,2025-04-30,5,111.26,In-Store
1601,163,2763,2024-05-20,1,186.58,Online
1602,175,2244,2022-10-03,5,233.98,Online
1603,153,2234,2024-06-17,5,55.98,In-Store
1604,104,2872,2024-10-02,2,65.84,Online
1605,106,2871,2024-09-02,4,117.81,In-Store
1606,106,2099,2024-12-24,2,117.81,In-Store
1607,152,2770,2025-11-30,1,106.63,In-Store
1608,189,2562,2024-09-29,3,60.42,Online
1609,158,2255,2024-02-23,3,126.55,In-Store
1610,175,2180,2025-06-04,2,233.98,Online
1611,196,2939,2022-11-01,5,168.41,In-Store
1612,133,2443,2025-01-05,1,212.0,In-Store
1613,179,2839,2025-12-29,2,37.7,Online
1614,132,2430,2025-11-17,2,243.25,In-Store
1615,182,2807,2025-06-06,4,227.28,Online
1616,128,2106,2025-05-31,5,101.59,Online
1617,102,2590,2025-11-05,4,186.75,In-Store
1618,178,2110,2024-04-15,1,81.85,Online
1619,168,2951,2024-12-30,1,152.68,In-Store
1620,110,2802,2025-07-22,2,73.49,In-Store
1621,185,2456,2025-12-17,4,142.4,In-Store
1622,158,2439,2025-04-30,5,126.55,Online
1623,184,2998,2024-09-06,3,195.07,In-Store
1624,190,2411,2025-04-05,3,197.23,In-Store
1625,166,2370,2024-12-26,4,152.81,Online
1626,178,2651,2025-01-03,5,81.85,In-Store
1627,167,2577,2025-05-31,4,235.98,Online
1628,192,2464,2025-10-21,5,53.05,Online
1629,178,2878,2025-04-27,1,81.85,Online
1630,119,2778,2023-02-15,3,212.28,In-Store
1631,119,2503,2025-05-31,1,212.28,Online
1632,136,2400,2025-04-27,4,220.89,Online
1633,130,2344,2025-01-13,1,190.21,Online
1634,137,2636,2025-12-24,3,67.81,In-Store
1635,152,2503,2024-10-22,2,106.63,In-Store
1636,180,2634,2023-07-07,5,77.62,Online
1637,133,2076,2024-08-23,1,212.0,Online
1638,133,2802,2025-08-26,4,212.0,In-Store
1639,199,2623,2024-06-21,4,37.68,Online
1640,117,2679,2024-09-13,1,156.19,Online
1641,127,2765,2024-01-29,1,200.1,Online
1642,185,2303,2024-09-28,4,142.4,In-Store
1643,144,2416,2025-06-17,1,15.05,Online
1644,189,2579,2025-08-03,2,60.42,In-Store
1645,112,2062,2025-01-12,4,80.36,In-Store
1646,119,2546,2025-01-03,2,212.28,Online
1647,144,2570,2025-01-01,1,15.05,Online
1648,115,2736,2024-12-21,1,101.23,In-Store
1649,102,2826,2023-01-21,1,186.75,Online
1650,140,2566,2025-07-29,3,136.64,Online
1651,157,2232,2024-10-21,3,232.33,Online
1652,106,2356,2024-11-18,1,117.81,Online
1653,171,2026,2025-03-23,1,104.99,Online
1654,166,2356,2025-05-15,3,152.81,In-Store
1655,124,2308,2024-08-13,5,112.82,Online
1656,113,2546,2024-09-09,4,56.15,Online
1657,160,2942,2023-06-15,3,232.36,Online
1658,122,2763,2023-10-19,1,167.31,Online
1659,187,2202,2025-05-31,1,149.8,Online
1660,187,2465,2024-07-09,2,149.8,Online
1661,106,2774,2024-09-14,1,117.81,Online
1662,120,2965,2025-09-20,2,203.21,Online
1663,123,2759,2024-12-29,5,73.57,Online
1664,137,2589,2025-11-27,3,67.81,In-Store
1665,124,2409,2025-08-15,2,112.82,Online
1666,190,2115,2025-07-20,4,197.23,In-Store
1667,192,2941,2023-10-03,2,53.05,Online
1668,179,2312,2023-03-03,3,37.7,In-Store
1669,155,2867,2024-03-24,1,219.88,In-Store
1670,153,2464,2025-09-28,3,55.98,Online
1671,161,2048,2024-12-03,2,177.18,In-Store
1672,163,2420,2025-02-28,1,186.58,In-Store
1673,132,2288,2025-11-29,5,243.25,In-Store
1674,185,2910,2023-08-01,1,142.4,Online
1675,117,2674,2025-03-21,3,156.19,In-Store
1676,194,2957,2023-03-22,5,216.06,Online
1677,158,2439,2025-01-12,1,126.55,In-Store
1678,200,2553,2025-04-08,4,241.01,Online
1679,145,2745,2024-08-20,2,62.85,In-Store
1680,121,2731,2025-11-20,4,60.64,Online
1681,131,2808,2024-08-19,1,114.34,In-Store
1682,196,2603,2024-04-18,5,168.41,Online
1683,191,2807,2025-08-18,5,217.51,Online
1684,131,2763,2023-12-25,1,114.34,Online
1685,146,2563,2024-06-09,2,26.18,In-Store
1686,137,2330,2023-11-05,5,67.81,Online
1687,139,2130,2024-08-16,2,168.34,In-Store
1688,197,2196,2025-12-10,3,217.44,Online
1689,192,2316,2022-12-31,4,53.05,Online
1690,107,2758,2025-06-08,1,177.55,Online
1691,146,2838,2025-08-24,3,26.18,Online
1692,138,2952,2024-01-24,3,185.66,Online
1693,189,2462,2024-12-20,4,60.42,In-Store
1694,155,2227,2022-08-31,2,219.88,In-Store
1695,151,2606,2025-04-12,2,108.66,Online
1696,142,2338,2025-06-10,1,248.84,Online
1697,190,2238,2025-12-26,2,197.23,In-Store
1698,112,2398,2025-06-11,3,80.36,Online
1699,115,2168,2025-08-13,1,101.23,Online
1700,132,2834,2025-10-08,4,243.25,Online
1701,199,2616,2025-12-01,2,37.68,Online
1702,166,2160,2024-10-23,2,152.81,Online
1703,167,2496,2024-05-16,2,235.98,Online
1704,165,2553,2024-02-28,5,240.59,Online
1705,198,2010,2025-07-21,4,105.92,In-Store
1706,138,2192,2024-10-31,2,185.66,Online
1707,152,2591,2025-04-23,2,106.63,Online
1708,173,2739,2024-02-19,3,159.08,In-Store
1709,117,2809,2025-01-05,3,156.19,In-Store
1710,120,2553,2023-09-21,3,203.21,In-Store
1711,170,2150,2024-12-04,2,59.02,In-Store
1712,103,2423,2025-07-04,4,111.26,In-Store
1713,136,2424,2025-12-01,2,220.89,In-Store
1714,179,2195,2022-08-28,4,37.7,In-Store
1715,155,2572,2025-12-04,1,219.88,In-Store
1716,131,2939,2025-06-12,5,114.34,Online
1717,167,2027,2025-08-09,2,235.98,In-Store
1718,151,2350,2025-02-22,4,108.66,In-Store
1719,141,2985,2024-07-09,3,232.94,In-Store
1720,177,2249,2025-10-31,1,246.12,In-Store
1721,155,2332,2024-10-28,4,219.88,Online
1722,145,2537,2024-04-13,2,62.85,Online
1723,152,2282,2022-04-21,5,106.63,In-Store
1724,146,2498,2025-10-03,4,26.18,In-Store
1725,148,2180,2025-06-08,3,139.42,In-Store
1726,176,2868,2025-04-18,3,78.4,Online
1727,124,2549,2024-05-21,1,112.82,Online
1728,124,2933,2025-03-19,5,112.82,Online
1729,163,2932,2023-11-03,4,186.58,In-Store
1730,186,2138,2025-12-05,3,28.06,In-Store
1731,113,2033,2024-11-28,1,56.15,In-Store
1732,165,2537,2025-01-14,2,240.59,Online
1733,136,2280,2025-05-29,1,220.89,In-Store
1734,181,2685,2025-06-18,1,175.0,Online
1735,120,2191,2023-12-22,5,203.21,In-Store
1736,185,2840,2025-12-18,2,142.4,In-Store
1737,134,2983,2024-05-26,5,99.74,Online
1738,151,2632,2024-06-10,1,108.66,Online
1739,194,2073,2025-05-16,4,216.06,In-Store
1740,171,2128,2024-09-14,5,104.99,Online
1741,179,2339,2024-09-22,2,37.7,In-Store
1742,158,2635,2024-06-18,3,126.55,In-Store
1743,181,2384,2025-08-22,3,175.0,In-Store
1744,173,2741,2025-05-12,1,159.08,Online
1745,146,2247,2025-09-07,3,26.18,Online
1746,163,2995,2025-01-28,2,186.58,In-Store
1747,139,2678,2024-11-29,1,168.34,Online
1748,155,2039,2025-12-17,4,219.88,Online
1749,155,2307,2024-10-06,1,219.88,In-Store
1750,163,2252,2025-07-26,4,186.58,In-Store
1751,191,2199,2025-04-14,2,217.51,Online
1752,179,2703,2024-11-19,2,37.7,Online
1753,187,2906,2023-10-30,4,149.8,Online
1754,196,2399,2025-08-16,1,168.41,In-Store
1755,153,2260,2025-06-01,2,55.98,Online
1756,166,2893,2023-09-13,1,152.81,Online
1757,154,2882,2024-07-01,3,111.25,In-Store
1758,110,2800,2024-12-22,5,73.49,Online
1759,113,2398,2025-12-06,2,56.15,Online
1760,108,2147,2024-12-16,1,61.68,In-Store
1761,130,2421,2022-12-01,3,190.21,Online
1762,162,2207,2024-10-19,1,55.58,Online
1763,168,2943,2025-03-30,4,152.68,Online
1764,147,2016,2022-07-12,1,133.4,In-Store
1765,142,2077,2025-10-21,1,248.84,Online
1766,172,2654,2023-11-22,2,232.96,Online
1767,106,2178,2025-07-10,5,117.81,In-Store
1768,186,2699,2025-12-02,4,28.06,In-Store
1769,193,2026,2025-06-14,4,74.03,In-Store
1770,103,2389,2024-09-26,3,111.26,In-Store
1771,128,2035,2024-12-30,3,101.59,In-Store
1772,156,2596,2024-12-08,5,22.14,Online
1773,189,2343,2024-03-14,3,60.42,Online
1774,129,2027,2024-10-31,4,216.59,In-Store
1775,187,2407,2025-11-26,2,149.8,Online
1776,109,2716,2025-08-27,1,101.18,In-Store
1777,179,2536,2025-01-14,3,37.7,In-Store
1778,175,2234,2025-09-14,5,233.98,In-Store
1779,129,2045,2025-11-08,2,216.59,Online
1780,109,2806,2025-11-01,3,101.18,Online
1781,134,2906,2024-09-26,1,99.74,In-Store
1782,129,2392,2024-12-11,2,216.59,In-Store
1783,193,2745,2024-10-28,5,74.03,Online
1784,119,2429,2024-09-13,4,212.28,In-Store
1785,110,2026,2025-12-27,1,73.49,In-Store
1786,109,2430,2025-01-26,5,101.18,Online
1787,140,2155,2023-03-10,5,136.64,Online
1788,108,2449,2024-11-01,4,61.68,Online
1789,104,2967,2023-11-08,5,65.84,In-Store
1790,136,2343,2023-02-23,4,220.89,Online
1791,159,2208,2024-09-19,5,49.51,Online
1792,152,2920,2024-07-15,2,106.63,Online
1793,196,2782,2025-09-06,1,168.41,Online
1794,106,2995,2025-07-17,1,117.81,Online
1795,113,2381,2024-03-30,4,56.15,In-Store
1796,138,2284,2025-02-21,3,185.66,In-Store
1797,107,2448,2025-12-30,1,177.55,Online
1798,142,2060,2025-09-03,4,248.84,Online
1799,198,2337,2024-11-05,2,105.92,Online
1800,181,2149,2025-06-06,4,175.0,In-Store
1801,127,2510,2025-08-15,5,200.1,In-Store
1802,105,2004,2025-02-05,2,57.72,In-Store
1803,158,2900,2022-10-16,3,126.55,Online
1804,196,2387,2025-01-24,1,168.41,In-Store
1805,198,2765,2025-12-28,2,105.92,Online
1806,163,2757,2025-07-24,3,186.58,Online
1807,139,2058,2024-12-24,4,168.34,Online
1808,123,2073,2024-06-09,1,73.57,Online
1809,121,2599,2024-09-20,4,60.64,In-Store
1810,138,2179,2024-10-13,2,185.66,Online
1811,171,2491,2023-07-10,4,104.99,Online
1812,192,2209,2024-11-30,4,53.05,In-Store
1813,104,2435,2023-08-30,3,65.84,Online
1814,173,2996,2025-12-18,4,159.08,Online
1815,199,2444,2024-10-01,2,37.68,Online
1816,154,2003,2024-11-10,3,111.25,Online
1817,142,2413,2024-04-01,5,248.84,In-Store
1818,130,2045,2025-09-09,2,190.21,In-Store
1819,119,2900,2023-10-11,4,212.28,Online
1820,136,2039,2025-12-11,3,220.89,Online
1821,125,2865,2025-08-26,2,62.64,Online
1822,123,2994,2023-05-13,2,73.57,In-Store
1823,153,2378,2025-10-09,4,55.98,In-Store
1824,114,2201,2025-11-28,2,195.54,Online
1825,163,2233,2025-10-04,4,186.58,In-Store
1826,145,2161,2025-06-29,4,62.85,In-Store
1827,142,2605,2024-07-31,4,248.84,Online
1828,142,2229,2025-05-26,3,248.84,In-Store
1829,168,2681,2023-05-14,5,152.68,In-Store
1830,191,2103,2022-07-24,2,217.51,In-Store
1831,147,2050,2025-05-12,1,133.4,In-Store
1832,129,2121,2025-02-25,2,216.59,Online
1833,133,2897,2024-11-29,4,212.0,In-Store
1834,191,2243,2024-08-26,2,217.51,Online
1835,120,2605,2023-06-26,1,203.21,In-Store
1836,187,2603,2025-05-18,1,149.8,Online
1837,188,2772,2024-11-23,4,20.04,Online
1838,173,2815,2025-11-01,1,159.08,Online
1839,184,2097,2025-05-01,4,195.07,Online
1840,186,2652,2023-03-26,1,28.06,In-Store
1841,138,2142,2025-09-20,2,185.66,In-Store
1842,121,2679,2024-04-10,1,60.64,Online
1843,127,2689,2023-11-11,4,200.1,In-Store
1844,110,2346,2025-04-18,5,73.49,Online
1845,178,2610,2025-04-19,1,81.85,In-Store
1846,111,2557,2025-05-06,3,243.55,In-Store
1847,164,2898,2024-05-18,1,22.03,Online
1848,171,2614,2024-07-26,1,104.99,Online
1849,179,2891,2025-12-11,5,37.7,Online
1850,168,2877,2022-04-25,5,152.68,In-Store
1851,162,2447,2024-09-13,1,55.58,Online
1852,168,2774,2025-03-01,4,152.68,In-Store
1853,107,2304,2025-04-16,5,177.55,Online
1854,126,2876,2023-08-21,3,191.39,Online
1855,105,2491,2025-03-22,5,57.72,Online
1856,198,2283,2025-03-27,1,105.92,In-Store
1857,188,2683,2025-12-23,5,20.04,In-Store
1858,118,2222,2024-01-01,5,120.94,Online
1859,106,2686,2024-08-08,1,117.81,Online
1860,183,2564,2025-06-11,2,209.04,Online
1861,133,2183,2025-06-15,4,212.0,In-Store
1862,189,2860,2023-04-02,1,60.42,Online
1863,138,2613,2025-08-08,2,185.66,Online
1864,136,2223,2024-12-15,5,220.89,In-Store
1865,158,2125,2025-12-09,1,126.55,Online
1866,126,2067,2024-11-19,5,191.39,In-Store
1867,176,2307,2025-02-20,5,78.4,Online
1868,147,2160,2025-08-08,1,133.4,Online
1869,134,2707,2025-01-14,1,99.74,In-Store
1870,103,2962,2025-05-15,5,111.26,In-Store
1871,176,2064,2024-10-27,5,78.4,In-Store
1872,132,2460,2025-03-21,5,243.25,In-Store
1873,163,2239,2024-12-19,5,186.58,Online
1874,192,2360,2022-09-26,1,53.05,Online
1875,105,2233,2022-11-22,2,57.72,Online
1876,136,2004,2025-04-14,2,220.89,Online
1877,194,2992,2025-02-10,5,216.06,Online
1878,107,2668,2025-03-18,3,177.55,In-Store
1879,145,2670,2024-03-01,5,62.85,In-Store
1880,134,2771,2023-08-11,5,99.74,In-Store
1881,142,2762,2025-04-01,4,248.84,Online
1882,182,2946,2025-05-08,4,227.28,Online
1883,114,2339,2023-10-12,4,195.54,Online
1884,115,2856,2025-09-23,2,101.23,Online
1885,148,2433,2025-02-14,3,139.42,Online
1886,160,2958,2024-11-11,5,232.36,Online
1887,134,2536,2025-07-08,2,99.74,In-Store
1888,119,2995,2025-07-16,4,212.28,Online
1889,105,2056,2024-04-29,1,57.72,In-Store
1890,151,2122,2024-12-13,5,108.66,Online
1891,137,2681,2025-05-07,4,67.81,Online
1892,143,2859,2025-03-31,1,39.04,In-Store
1893,121,2765,2024-07-17,3,60.64,Online
1894,121,2607,2025-11-07,2,60.64,In-Store
1895,195,2910,2023-06-28,1,93.92,In-Store
1896,134,2856,2024-11-06,4,99.74,Online
1897,195,2987,2024-11-18,2,93.92,In-Store
1898,143,2703,2025-07-12,1,39.04,In-Store
1899,104,2477,2025-11-12,3,65.84,In-Store
1900,196,2854,2023-05-20,1,168.41,Online
1901,166,2998,2025-04-26,4,152.81,Online
1902,191,2084,2024-12-21,5,217.51,In-Store
1903,127,2197,2025-07-16,5,200.1,Online
1904,178,2024,2025-04-07,1,81.85,Online
1905,165,2804,2023-01-15,2,240.59,In-Store
1906,175,2816,2025-12-21,3,233.98,Online
1907,117,2042,2025-12-01,3,156.19,Online
1908,129,2914,2025-07-29,5,216.59,In-Store
1909,177,2684,2025-09-13,2,246.12,In-Store
1910,135,2026,2025-12-26,3,87.8,In-Store
1911,126,2587,2025-08-17,3,191.39,In-Store
1912,175,2712,2025-05-14,5,233.98,Online
1913,121,2533,2024-11-07,1,60.64,In-Store
1914,164,2002,2024-11-24,3,22.03,Online
1915,109,2556,2022-11-24,1,101.18,Online
1916,115,2435,2023-05-17,2,101.23,Online
1917,169,2657,2022-09-16,3,167.77,In-Store
1918,154,2709,2025-12-07,1,111.25,In-Store
1919,150,2783,2025-04-11,5,33.26,Online
1920,182,2932,2025-06-10,4,227.28,Online
1921,187,2708,2025-05-05,1,149.8,Online
1922,178,2384,2025-12-25,1,81.85,In-Store
1923,182,2921,2025-11-19,3,227.28,Online
1924,115,2456,2025-09-24,5,101.23,Online
1925,104,2646,2025-06-26,2,65.84,Online
1926,172,2889,2023-11-27,1,232.96,In-Store
1927,122,2875,2025-02-15,5,167.31,In-Store
1928,125,2936,2024-03-13,4,62.64,In-Store
1929,108,2161,2025-05-16,2,61.68,In-Store
1930,166,2680,2024-11-16,3,152.81,Online
1931,109,2426,2025-08-12,1,101.18,In-Store
1932,111,2780,2023-11-04,4,243.55,In-Store
1933,170,2163,2024-02-04,2,59.02,Online
1934,146,2713,2025-08-19,5,26.18,In-Store
1935,106,2797,2024-07-31,3,117.81,Online
1936,197,2922,2025-09-24,5,217.44,In-Store
1937,124,2717,2024-05-31,3,112.82,Online
1938,177,2762,2025-10-23,3,246.12,In-Store
1939,189,2738,2025-04-29,1,60.42,Online
1940,159,2954,2024-08-22,2,49.51,In-Store
1941,179,2071,2024-10-25,1,37.7,Online
1942,193,2426,2025-06-17,4,74.03,Online
1943,195,2438,2023-08-21,5,93.92,Online
1944,105,2163,2024-07-02,1,57.72,In-Store
1945,169,2951,2022-07-16,2,167.77,In-Store
1946,124,2297,2024-08-30,4,112.82,In-Store
1947,119,2693,2025-06-01,3,212.28,In-Store
1948,167,2424,2024-12-26,2,235.98,In-Store
1949,187,2210,2022-10-02,4,149.8,In-Store
1950,143,2370,2024-12-12,2,39.04,In-Store
1951,186,2120,2025-07-04,1,28.06,In-Store
1952,172,2943,2023-09-05,1,232.96,Online
1953,185,2764,2025-05-01,1,142.4,Online
1954,140,2819,2024-04-11,4,136.64,In-Store
1955,158,2723,2024-08-18,2,126.55,Online
1956,114,2618,2025-06-23,3,195.54,Online
1957,183,2860,2024-12-03,4,209.04,In-Store
1958,148,2222,2025-09-25,2,139.42,In-Store
1959,129,2916,2025-09-08,5,216.59,In-Store
1960,113,2528,2023-11-19,1,56.15,Online
1961,155,2781,2024-01-16,2,219.88,Online
1962,112,2400,2024-11-25,5,80.36,Online
1963,186,2717,2024-12-01,1,28.06,In-Store
1964,123,2013,2025-08-12,5,73.57,Online
1965,122,2461,2025-05-21,4,167.31,In-Store
1966,179,2041,2025-03-26,4,37.7,Online
1967,135,2545,2025-04-02,2,87.8,Online
1968,182,2646,2025-11-02,2,227.28,Online
1969,161,2688,2024-07-01,1,177.18,In-Store
1970,187,2391,2025-11-09,2,149.8,In-Store
1971,127,2074,2023-03-03,4,200.1,Online
1972,108,2217,2025-11-26,5,61.68,Online
1973,139,2739,2023-06-30,5,168.34,Online
1974,136,2188,2024-02-10,1,220.89,Online
1975,198,2417,2024-09-09,1,105.92,In-Store
1976,198,2349,2024-12-01,2,105.92,In-Store
1977,199,2397,2022-06-08,5,37.68,Online
1978,177,2295,2024-05-14,1,246.12,In-Store
1979,187,2378,2024-11-16,5,149.8,In-Store
1980,154,2235,2025-09-17,2,111.25,Online
1981,181,2199,2025-01-07,4,175.0,In-Store
1982,151,2977,2024-12-05,5,108.66,In-Store
1983,113,2603,2025-10-05,1,56.15,In-Store
1984,153,2844,2023-07-30,3,55.98,In-Store
1985,198,2706,2025-04-18,3,105.92,In-Store
1986,109,2127,2025-04-02,3,101.18,Online
1987,159,2888,2023-12-28,1,49.51,Online
1988,156,2794,2024-04-28,3,22.14,Online
1989,116,2171,2024-10-24,4,98.84,In-Store
1990,195,2365,2023-08-11,4,93.92,Online
1991,118,2950,2024-01-09,4,120.94,In-Store
1992,154,2125,2025-05-09,3,111.25,Online
1993,167,2035,2024-08-06,1,235.98,Online
1994,169,2087,2024-11-11,3,167.77,In-Store
1995,184,2602,2025-03-16,2,195.07,In-Store
1996,159,2621,2024-05-03,5,49.51,In-Store
1997,134,2775,2023-09-12,1,99.74,Online
1998,107,2293,2023-06-20,1,177.55,Online
1999,154,2545,2023-12-06,4,111.25,Online
2000,164,2834,2023-07-17,5,22.03,In-Store
2001,145,2888,2024-08-29,4,62.85,Online
2002,161,2731,2025-07-07,2,177.18,Online
2003,153,2624,2023-02-03,2,55.98,In-Store
2004,195,2990,2025-09-06,3,93.92,In-Store
2005,127,2286,2025-11-24,3,200.1,In-Store
2006,154,2277,2025-06-18,1,111.25,In-Store
2007,148,2231,2024-04-12,4,139.42,In-Store
2008,130,2892,2025-02-28,5,190.21,Online
2009,154,2118,2023-12-14,5,111.25,In-Store
2010,148,2305,2025-04-14,2,139.42,In-Store
2011,198,2208,2022-04-09,5,105.92,Online
2012,190,2525,2025-06-11,2,197.23,In-Store
2013,118,2405,2025-09-24,5,120.94,Online
2014,111,2002,2024-03-22,4,243.55,In-Store
2015,105,2319,2025-05-12,4,57.72,In-Store
2016,118,2916,2025-04-30,2,120.94,Online
2017,193,2814,2022-03-15,2,74.03,Online
2018,144,2229,2025-06-28,1,15.05,In-Store
2019,172,2217,2025-08-17,5,232.96,In-Store
2020,150,2086,2024-10-15,2,33.26,In-Store
2021,156,2049,2025-02-11,5,22.14,Online
2022,141,2959,2024-06-26,2,232.94,Online
2023,162,2655,2025-07-11,2,55.58,In-Store
2024,196,2305,2023-06-11,2,168.41,In-Store
2025,110,2665,2023-12-13,3,73.49,Online
2026,137,2731,2025-10-26,2,67.81,Online
2027,170,2875,2025-09-08,1,59.02,Online
2028,172,2291,2025-12-26,3,232.96,In-Store
2029,149,2937,2024-05-05,1,198.31,In-Store
2030,131,2894,2025-08-10,2,114.34,In-Store
2031,161,2239,2025-10-14,5,177.18,In-Store
2032,194,2099,2025-04-25,1,216.06,Online
2033,165,2750,2025-02-08,2,240.59,In-Store
2034,106,2983,2024-03-14,3,117.81,Online
2035,157,2741,2024-10-04,5,232.33,Online
2036,107,2172,2025-09-05,4,177.55,In-Store
2037,149,2799,2025-06-27,5,198.31,Online
2038,188,2249,2025-09-21,2,20.04,In-Store
2039,199,2364,2024-04-25,2,37.68,In-Store
2040,131,2075,2023-10-16,4,114.34,Online
2041,196,2693,2025-08-01,3,168.41,Online
2042,154,2464,2025-07-01,1,111.25,In-Store
2043,151,2877,2023-03-15,4,108.66,Online
2044,114,2779,2024-12-03,2,195.54,In-Store
2045,163,2172,2025-09-12,2,186.58,In-Store
2046,194,2560,2023-12-01,3,216.06,Online
2047,126,2001,2023-03-18,4,191.39,Online
2048,144,2383,2023-05-30,2,15.05,Online
2049,112,2843,2024-09-02,2,80.36,In-Store
2050,107,2304,2025-08-01,1,177.55,Online
2051,183,2001,2022-04-13,5,209.04,Online
2052,131,2898,2024-05-28,4,114.34,Online
2053,135,2172,2023-12-18,1,87.8,Online
2054,115,2010,2024-09-23,2,101.23,Online
2055,101,2742,2023-11-21,2,187.97,Online
2056,106,2238,2024-02-01,1,117.81,In-Store
2057,150,2716,2025-10-20,1,33.26,Online
2058,182,2287,2025-02-18,4,227.28,In-Store
2059,179,2985,2025-07-15,2,37.7,In-Store
2060,123,2641,2024-05-02,4,73.57,Online
2061,170,2346,2025-02-17,1,59.02,In-Store
2062,146,2728,2025-09-16,1,26.18,Online
2063,110,2819,2022-04-25,1,73.49,In-Store
2064,116,2226,2024-10-30,5,98.84,In-Store
2065,135,2836,2022-10-25,1,87.8,Online
2066,138,2729,2024-06-22,2,185.66,In-Store
2067,127,2670,2024-11-19,2,200.1,In-Store
2068,182,2834,2025-03-03,3,227.28,Online
2069,183,2157,2024-09-19,1,209.04,In-Store
2070,148,2148,2023-02-27,1,139.42,Online
2071,182,2451,2023-10-22,3,227.28,In-Store
2072,189,2575,2023-11-14,5,60.42,In-Store
2073,104,2163,2023-09-07,3,65.84,Online
2074,151,2119,2024-10-26,5,108.66,Online
2075,170,2223,2025-01-31,4,59.02,In-Store
2076,157,2481,2025-10-27,2,232.33,In-Store
2077,106,2650,2024-07-28,3,117.81,In-Store
2078,119,2867,2024-09-19,1,212.28,In-Store
2079,109,2167,2025-11-16,3,101.18,In-Store
2080,187,2335,2023-01-04,1,149.8,Online
2081,178,2259,2025-10-28,2,81.85,In-Store
2082,142,2792,2023-09-20,4,248.84,In-Store
2083,138,2537,2025-11-14,4,185.66,Online
2084,166,2845,2023-03-06,5,152.81,In-Store
2085,140,2138,2025-11-13,3,136.64,Online
2086,183,2781,2024-03-27,3,209.04,Online
2087,129,2567,2024-09-09,4,216.59,In-Store
2088,113,2557,2025-03-02,4,56.15,In-Store
2089,199,2305,2024-09-05,4,37.68,In-Store
2090,108,2721,2024-11-02,2,61.68,In-Store
2091,119,2678,2025-07-14,5,212.28,In-Store
2092,177,2810,2025-04-15,5,246.12,In-Store
2093,186,2032,2025-04-14,5,28.06,Online
2094,103,2175,2025-01-19,1,111.26,In-Store
2095,146,2879,2025-07-27,5,26.18,Online
2096,175,2770,2023-06-19,2,233.98,In-Store
2097,199,2616,2023-04-02,2,37.68,Online
2098,116,2990,2024-08-17,5,98.84,In-Store
2099,149,2440,2023-09-20,1,198.31,Online
2100,131,2443,2024-08-26,3,114.34,Online
2101,143,2731,2024-11-04,4,39.04,Online
2102,141,2549,2025-03-09,4,232.94,Online
2103,172,2279,2025-03-06,2,232.96,Online
2104,185,2502,2025-06-24,2,142.4,Online
2105,192,2606,2025-10-10,2,53.05,In-Store
2106,132,2903,2025-04-20,1,243.25,In-Store
2107,172,2844,2024-04-23,1,232.96,Online
2108,196,2377,2025-12-27,1,168.41,In-Store
2109,115,2904,2025-09-04,2,101.23,Online
2110,114,2084,2023-11-11,3,195.54,Online
2111,176,2402,2023-07-30,2,78.4,Online
2112,154,2015,2024-09-02,5,111.25,In-Store
2113,162,2936,2024-06-22,2,55.58,In-Store
2114,135,2380,2023-03-14,5,87.8,In-Store
2115,187,2367,2025-10-26,4,149.8,In-Store
2116,145,2860,2025-01-19,1,62.85,In-Store
2117,110,2649,2022-09-04,2,73.49,Online
2118,126,2818,2022-09-04,5,191.39,Online
2119,194,2411,2025-06-24,2,216.06,Online
2120,121,2940,2025-08-07,4,60.64,In-Store
2121,172,2570,2024-11-08,3,232.96,In-Store
2122,157,2279,2025-03-23,4,232.33,Online
2123,141,2963,2024-06-16,1,232.94,In-Store
2124,199,2687,2023-08-18,2,37.68,In-Store
2125,141,2217,2025-10-15,1,232.94,Online
2126,114,2652,2025-02-19,2,195.54,Online
2127,147,2736,2025-06-17,4,133.4,In-Store
2128,161,2256,2025-06-14,4,177.18,In-Store
2129,196,2898,2023-10-23,1,168.41,In-Store
2130,182,2713,2025-09-20,4,227.28,Online
2131,156,2846,2025-01-28,1,22.14,Online
2132,168,2226,2024-10-04,3,152.68,In-Store
2133,144,2805,2022-12-14,2,15.05,In-Store
2134,153,2454,2023-10-05,5,55.98,Online
2135,170,2577,2024-04-24,2,59.02,Online
2136,191,2922,2025-04-19,2,217.51,Online
2137,128,2270,2025-10-02,1,101.59,Online
2138,169,2178,2025-03-23,1,167.77,Online
2139,166,2902,2025-05-11,4,152.81,Online
2140,134,2124,2023-07-20,3,99.74,Online
2141,159,2726,2025-03-20,1,49.51,In-Store
2142,157,2098,2024-12-04,4,232.33,Online
2143,171,2684,2024-11-24,4,104.99,In-Store
2144,189,2115,2023-03-29,1,60.42,In-Store
2145,135,2001,2024-07-01,5,87.8,Online
2146,138,2157,2025-05-18,2,185.66,Online
2147,147,2975,2025-01-25,4,133.4,Online
2148,127,2605,2024-01-06,2,200.1,Online
2149,120,2110,2025-08-20,4,203.21,Online
2150,130,2468,2023-08-10,2,190.21,Online
2151,190,2857,2025-11-13,2,197.23,Online
2152,151,2665,2024-12-24,5,108.66,In-Store
2153,176,2094,2024-11-15,2,78.4,In-Store
2154,145,2082,2024-07-13,3,62.85,In-Store
2155,102,2578,2024-04-17,4,186.75,Online
2156,130,2408,2025-01-29,5,190.21,Online
2157,114,2288,2024-07-08,5,195.54,In-Store
2158,149,2031,2023-11-16,1,198.31,Online
2159,165,2388,2024-11-01,5,240.59,Online
2160,134,2705,2024-12-11,1,99.74,In-Store
2161,164,2885,2024-02-22,2,22.03,In-Store
2162,161,2519,2023-03-25,1,177.18,In-Store
2163,144,2548,2025-04-08,3,15.05,In-Store
2164,170,2340,2023-11-23,1,59.02,Online
2165,178,2576,2024-12-29,3,81.85,In-Store
2166,117,2381,2023-11-07,4,156.19,Online
2167,125,2227,2023-03-24,5,62.64,In-Store
2168,115,2250,2024-08-03,3,101.23,In-Store
2169,199,2423,2025-06-14,4,37.68,Online
2170,179,2933,2025-07-11,3,37.7,In-Store
2171,149,2266,2024-05-30,1,198.31,In-Store
2172,162,2052,2025-01-23,4,55.58,In-Store
2173,106,2698,2023-02-28,5,117.81,Online
2174,187,2751,2024-07-10,5,149.8,Online
2175,182,2034,2023-09-21,1,227.28,In-Store
2176,154,2547,2025-03-27,2,111.25,In-Store
2177,182,2639,2023-01-18,2,227.28,In-Store
2178,129,2006,2025-01-20,1,216.59,In-Store
2179,108,2214,2024-12-20,4,61.68,In-Store
2180,198,2482,2024-05-01,1,105.92,Online
2181,101,2178,2024-10-09,4,187.97,In-Store
2182,122,2786,2024-11-28,4,167.31,In-Store
2183,182,2225,2024-09-17,3,227.28,In-Store
2184,121,2962,2025-03-20,4,60.64,Online
2185,115,2652,2025-08-10,1,101.23,In-Store
2186,101,2206,2025-09-16,1,187.97,Online
2187,130,2907,2025-08-29,2,190.21,Online
2188,174,2562,2025-02-10,5,139.03,Online
2189,145,2845,2025-11-30,4,62.85,Online
2190,146,2692,2024-01-27,4,26.18,In-Store
2191,178,2769,2023-06-22,1,81.85,Online
2192,174,2014,2024-07-16,4,139.03,In-Store
2193,200,2682,2025-04-14,2,241.01,Online
2194,199,2397,2023-02-17,1,37.68,In-Store
2195,142,2025,2024-07-13,1,248.84,In-Store
2196,162,2294,2025-06-18,4,55.58,Online
2197,137,2879,2025-10-08,3,67.81,Online
2198,172,2911,2022-12-18,1,232.96,In-Store
2199,151,2216,2025-04-21,3,108.66,Online
2200,137,2173,2023-02-27,3,67.81,In-Store
2201,153,2189,2025-06-07,4,55.98,Online
2202,144,2226,2025-10-07,3,15.05,In-Store
2203,118,2071,2023-11-07,5,120.94,Online
2204,116,2076,2023-07-26,5,98.84,Online
2205,103,2330,2024-04-18,3,111.26,Online
2206,161,2777,2023-05-12,4,177.18,Online
2207,106,2091,2024-11-13,3,117.81,Online
2208,115,2432,2025-11-19,4,101.23,In-Store
2209,120,2078,2025-02-09,1,203.21,In-Store
2210,156,2757,2023-01-20,4,22.14,Online
2211,159,2575,2023-10-04,2,49.51,Online
2212,131,2268,2025-01-30,5,114.34,Online
2213,107,2433,2025-01-16,4,177.55,Online
2214,198,2139,2024-07-10,2,105.92,Online
2215,140,2134,2024-08-17,3,136.64,In-Store
2216,101,2748,2022-03-23,3,187.97,In-Store
2217,122,2367,2025-11-28,1,167.31,In-Store
2218,179,2869,2025-10-05,4,37.7,In-Store
2219,139,2511,2024-09-05,3,168.34,In-Store
2220,168,2628,2025-10-30,3,152.68,Online
2221,191,2025,2025-12-29,2,217.51,In-Store
2222,179,2184,2024-10-28,3,37.7,Online
2223,126,2328,2025-11-27,5,191.39,Online
2224,197,2976,2024-11-14,4,217.44,In-Store
2225,143,2449,2025-04-11,4,39.04,In-Store
2226,141,2762,2024-10-18,1,232.94,Online
2227,129,2931,2025-01-15,1,216.59,In-Store
2228,142,2697,2023-05-20,4,248.84,Online
2229,182,2106,2025-10-15,5,227.28,Online
2230,115,2274,2025-09-14,3,101.23,In-Store
2231,176,2211,2023-12-05,2,78.4,In-Store
2232,179,2532,2025-08-23,4,37.7,Online
2233,160,2461,2025-01-19,4,232.36,Online
2234,194,2153,2025-06-25,4,216.06,In-Store
2235,126,2999,2025-03-18,1,191.39,In-Store
2236,191,2248,2023-07-14,5,217.51,In-Store
2237,112,2644,2024-12-05,3,80.36,In-Store
2238,167,2248,2024-08-08,2,235.98,Online
2239,161,2401,2025-06-20,1,177.18,Online
2240,197,2740,2024-11-07,2,217.44,In-Store
2241,167,2477,2025-07-26,5,235.98,In-Store
2242,189,2151,2025-02-06,2,60.42,In-Store
2243,101,2574,2024-05-25,5,187.97,In-Store
2244,111,2301,2025-03-22,5,243.55,In-Store
2245,120,2727,2024-03-24,5,203.21,In-Store
2246,122,2706,2025-01-30,4,167.31,Online
2247,158,2510,2024-12-01,3,126.55,Online
2248,115,2195,2024-12-30,2,101.23,Online
2249,138,2663,2023-06-28,5,185.66,Online
2250,153,2101,2025-05-19,3,55.98,Online
2251,142,2689,2024-04-26,2,248.84,Online
2252,109,2736,2024-05-29,1,101.18,In-Store
2253,178,2797,2024-01-02,5,81.85,Online
2254,108,2912,2022-07-21,5,61.68,Online
2255,114,2499,2025-12-02,4,195.54,Online
2256,150,2996,2024-12-05,4,33.26,In-Store
2257,190,2274,2025-01-11,2,197.23,Online
2258,183,2508,2024-01-19,2,209.04,Online
2259,148,2970,2025-10-18,4,139.42,In-Store
2260,146,2769,2025-12-21,1,26.18,In-Store
2261,115,2654,2023-11-07,2,101.23,Online
2262,185,2578,2025-12-21,5,142.4,Online
2263,131,2942,2022-09-04,4,114.34,Online
2264,136,2124,2023-09-18,2,220.89,In-Store
2265,156,2522,2023-11-29,2,22.14,Online
2266,138,2150,2023-03-30,4,185.66,In-Store
2267,193,2201,2024-08-22,4,74.03,Online
2268,193,2545,2025-08-07,1,74.03,In-Store
2269,117,2384,2024-12-02,4,156.19,Online
2270,195,2016,2023-08-27,4,93.92,In-Store
2271,167,2649,2023-10-24,4,235.98,Online
2272,176,2686,2024-07-11,3,78.4,Online
2273,103,2158,2024-03-06,5,111.26,Online
2274,142,2501,2024-09-15,3,248.84,In-Store
2275,129,2239,2024-08-16,5,216.59,Online
2276,124,2935,2023-01-04,5,112.82,In-Store
2277,105,2437,2023-01-12,2,57.72,Online
2278,162,2311,2025-04-18,1,55.58,Online
2279,159,2260,2023-06-13,3,49.51,Online
2280,155,2679,2024-03-13,1,219.88,In-Store
2281,168,2652,2023-09-18,2,152.68,Online
2282,169,2147,2024-06-28,3,167.77,In-Store
2283,157,2565,2025-07-05,2,232.33,Online
2284,165,2784,2025-04-14,5,240.59,In-Store
2285,106,2748,2024-10-01,4,117.81,In-Store
2286,138,2831,2025-11-14,4,185.66,Online
2287,162,2300,2023-11-02,2,55.58,Online
2288,135,2273,2024-06-07,4,87.8,Online
2289,197,2589,2025-07-31,5,217.44,In-Store
2290,165,2308,2024-12-07,2,240.59,In-Store
2291,120,2757,2024-10-11,4,203.21,In-Store
2292,182,2175,2025-08-24,3,227.28,In-Store
2293,117,2090,2023-04-24,5,156.19,In-Store
2294,126,2071,2025-01-09,2,191.39,In-Store
2295,197,2440,2025-01-24,1,217.44,In-Store
2296,145,2682,2025-01-17,1,62.85,In-Store
2297,132,2229,2025-06-25,4,243.25,In-Store
2298,182,2945,2025-08-20,3,227.28,In-Store
2299,123,2424,2023-11-14,1,73.57,Online
2300,147,2380,2024-03-22,4,133.4,Online
2301,135,2475,2024-09-01,2,87.8,Online
2302,167,2472,2024-10-02,3,235.98,In-Store
2303,150,2744,2024-06-22,3,33.26,Online
2304,129,2721,2024-06-23,3,216.59,Online
2305,128,2941,2025-06-05,3,101.59,Online
2306,181,2649,2024-08-30,5,175.0,In-Store
2307,191,2722,2025-11-21,2,217.51,Online
2308,151,2838,2025-04-27,3,108.66,Online
2309,160,2139,2025-01-09,2,232.36,Online
2310,115,2383,2024-07-30,5,101.23,Online
2311,142,3000,2025-12-08,4,248.84,In-Store
2312,194,2884,2024-01-22,3,216.06,Online
2313,181,2666,2024-03-11,1,175.0,In-Store
2314,105,2754,2025-08-12,1,57.72,In-Store
2315,101,2909,2024-11-25,1,187.97,Online
2316,124,2179,2025-04-11,2,112.82,In-Store
2317,143,2504,2025-06-04,2,39.04,Online
2318,121,2463,2024-05-23,1,60.64,Online
2319,111,2908,2025-02-01,3,243.55,Online
2320,157,2841,2025-04-20,1,232.33,Online
2321,124,2863,2024-11-08,1,112.82,Online
2322,156,2572,2024-11-06,1,22.14,In-Store
2323,128,2105,2025-08-23,3,101.59,In-Store
2324,171,2578,2025-01-26,3,104.99,In-Store
2325,125,2219,2024-08-12,5,62.64,In-Store
2326,140,2061,2025-09-05,5,136.64,Online
2327,193,2600,2024-06-17,3,74.03,In-Store
2328,167,2208,2024-10-12,1,235.98,In-Store
2329,181,2382,2025-10-07,1,175.0,Online
2330,101,2711,2024-10-18,1,187.97,Online
2331,199,2131,2022-12-10,1,37.68,In-Store
2332,163,2619,2025-11-30,4,186.58,Online
2333,139,2970,2024-03-28,1,168.34,Online
2334,141,2133,2025-04-27,5,232.94,Online
2335,170,2451,2025-06-13,1,59.02,In-Store
2336,199,2277,2025-11-24,1,37.68,Online
2337,114,2676,2024-09-14,3,195.54,Online
2338,192,2843,2024-03-20,3,53.05,In-Store
2339,116,2856,2024-12-25,2,98.84,Online
2340,102,2405,2025-12-24,4,186.75,Online
2341,188,2375,2023-09-06,3,20.04,Online
2342,177,2635,2025-05-13,4,246.12,Online
2343,101,2513,2025-11-27,5,187.97,Online
2344,113,2485,2025-10-30,4,56.15,In-Store
2345,134,2514,2025-03-25,4,99.74,Online
2346,162,2401,2025-01-06,3,55.58,In-Store
2347,135,2963,2023-05-26,3,87.8,Online
2348,149,2772,2023-12-09,1,198.31,Online
2349,141,2248,2025-01-18,1,232.94,Online
2350,168,2603,2022-03-23,2,152.68,In-Store
2351,193,2325,2024-06-04,2,74.03,In-Store
2352,165,2827,2023-01-01,3,240.59,Online
2353,127,2850,2025-07-04,5,200.1,In-Store
2354,175,2445,2025-10-03,3,233.98,In-Store
2355,172,2380,2023-04-12,5,232.96,Online
2356,117,2634,2023-01-30,2,156.19,In-Store
2357,164,2113,2024-08-11,4,22.03,Online
2358,169,2154,2025-10-30,4,167.77,Online
2359,126,2428,2024-01-19,3,191.39,In-Store
2360,167,2270,2025-02-02,3,235.98,Online
2361,143,2008,2024-09-13,4,39.04,Online
2362,186,2476,2024-07-31,2,28.06,Online
2363,102,2689,2025-02-03,2,186.75,In-Store
2364,188,2500,2022-04-15,4,20.04,In-Store
2365,118,2606,2025-04-17,3,120.94,Online
2366,169,2346,2025-12-28,1,167.77,In-Store
2367,195,2441,2025-03-12,2,93.92,Online
2368,132,2468,2025-04-22,5,243.25,In-Store
2369,133,2074,2024-11-26,3,212.0,Online
2370,149,2975,2025-05-26,3,198.31,In-Store
2371,142,2542,2022-11-17,1,248.84,In-Store
2372,146,2635,2025-06-01,2,26.18,In-Store
2373,161,2796,2024-07-16,4,177.18,Online
2374,103,2547,2025-07-17,3,111.26,In-Store
2375,159,2175,2025-06-06,4,49.51,Online
2376,111,2781,2025-11-22,1,243.55,Online
2377,144,2069,2023-11-16,2,15.05,Online
2378,169,2328,2023-02-07,1,167.77,In-Store
2379,188,2231,2024-10-04,1,20.04,Online
2380,190,2140,2025-03-26,2,197.23,In-Store
2381,109,2340,2024-09-28,4,101.18,Online
2382,159,2302,2023-12-20,3,49.51,In-Store
2383,183,2897,2024-04-01,2,209.04,Online
2384,130,2026,2025-02-02,3,190.21,In-Store
2385,161,2941,2025-06-22,1,177.18,Online
2386,162,2887,2023-02-02,5,55.58,In-Store
2387,135,2088,2025-06-03,2,87.8,Online
2388,177,2120,2025-03-04,1,246.12,Online
2389,164,2378,2024-04-04,3,22.03,In-Store
2390,105,2476,2024-09-02,1,57.72,In-Store
2391,195,2804,2024-09-24,3,93.92,Online
2392,185,2259,2024-06-25,3,142.4,Online
2393,131,2588,2023-09-26,1,114.34,In-Store
2394,128,2950,2024-08-23,5,101.59,Online
2395,163,2894,2024-12-14,2,186.58,In-Store
2396,198,2310,2023-09-25,1,105.92,Online
2397,137,2723,2025-05-10,2,67.81,Online
2398,104,2347,2024-04-24,1,65.84,Online
2399,109,2643,2024-09-24,3,101.18,In-Store
2400,160,2065,2025-08-10,3,232.36,In-Store
2401,133,2003,2025-10-17,3,212.0,In-Store
2402,199,2872,2025-05-11,1,37.68,In-Store
2403,135,2551,2024-04-15,3,87.8,In-Store
2404,154,2447,2024-04-01,3,111.25,Online
2405,171,2401,2025-02-03,4,104.99,Online
2406,175,2216,2025-09-30,2,233.98,In-Store
2407,108,2808,2025-02-01,1,61.68,Online
2408,194,2160,2025-08-16,3,216.06,Online
2409,184,2318,2022-12-16,2,195.07,In-Store
2410,117,2126,2024-11-22,3,156.19,In-Store
2411,127,2820,2025-05-02,2,200.1,In-Store
2412,154,2909,2025-08-16,3,111.25,In-Store
2413,196,2480,2025-03-10,5,168.41,In-Store
2414,152,2678,2024-09-25,3,106.63,Online
2415,163,2460,2024-06-16,5,186.58,In-Store
2416,133,2529,2025-07-09,1,212.0,In-Store
2417,134,2505,2025-09-15,5,99.74,In-Store
2418,158,2313,2024-02-01,1,126.55,Online
2419,139,2413,2024-11-17,2,168.34,In-Store
2420,138,2449,2024-11-24,5,185.66,In-Store
2421,173,2590,2024-11-22,3,159.08,In-Store
2422,183,2645,2024-12-16,1,209.04,In-Store
2423,132,2523,2023-02-26,4,243.25,Online
2424,124,2098,2024-09-28,3,112.82,Online
2425,137,2264,2023-04-05,4,67.81,In-Store
2426,166,2889,2023-06-06,4,152.81,In-Store
2427,184,2704,2022-06-23,1,195.07,In-Store
2428,103,2753,2023-12-16,3,111.26,In-Store
2429,153,2438,2025-12-23,5,55.98,Online
2430,166,2817,2024-03-09,3,152.81,Online
2431,128,2345,2025-11-30,2,101.59,In-Store
2432,197,2466,2024-10-18,3,217.44,Online
2433,120,2486,2024-11-27,4,203.21,In-Store
2434,151,2432,2025-04-15,4,108.66,In-Store
2435,172,2486,2025-06-03,1,232.96,In-Store
2436,176,2635,2024-09-27,5,78.4,In-Store
2437,197,2498,2023-12-21,5,217.44,In-Store
2438,149,2813,2025-10-25,3,198.31,Online
2439,160,2003,2024-03-08,3,232.36,Online
2440,145,2298,2025-05-06,5,62.85,Online
2441,151,2755,2024-02-29,3,108.66,Online
2442,116,2304,2025-04-15,5,98.84,In-Store
2443,124,2317,2025-07-31,2,112.82,In-Store
2444,105,2769,2024-09-21,1,57.72,Online
2445,189,2425,2025-02-25,4,60.42,In-Store
2446,161,2648,2025-12-09,3,177.18,In-Store
2447,112,2140,2025-05-05,4,80.36,In-Store
2448,139,2996,2025-09-28,4,168.34,In-Store
2449,125,2976,2023-06-06,5,62.64,Online
2450,155,2531,2025-08-13,4,219.88,Online
2451,121,2676,2024-12-17,5,60.64,In-Store
2452,179,2443,2025-11-17,2,37.7,In-Store
2453,165,2740,2024-12-29,5,240.59,In-Store
2454,141,2073,2023-09-19,4,232.94,Online
2455,116,2755,2024-09-25,1,98.84,In-Store
2456,182,2728,2025-07-25,4,227.28,Online
2457,102,2733,2023-01-19,1,186.75,In-Store
2458,113,2122,2025-12-09,1,56.15,In-Store
2459,155,2943,2025-11-24,1,219.88,In-Store
2460,184,2638,2025-10-06,4,195.07,In-Store
2461,179,2958,2023-02-12,1,37.7,Online
2462,176,2704,2023-08-15,5,78.4,Online
2463,110,2321,2025-12-06,4,73.49,Online
2464,192,2467,2024-04-18,2,53.05,In-Store
2465,156,2620,2024-03-22,1,22.14,In-Store
2466,132,2773,2024-12-29,2,243.25,Online
2467,183,2532,2022-12-05,1,209.04,Online
2468,114,2289,2025-08-03,1,195.54,Online
2469,126,2523,2024-06-15,2,191.39,Online
2470,175,2650,2025-06-25,1,233.98,In-Store
2471,146,2894,2024-09-05,1,26.18,Online
2472,163,2999,2024-09-03,4,186.58,In-Store
2473,173,2050,2023-02-20,2,159.08,In-Store
2474,164,2412,2025-06-24,4,22.03,Online
2475,123,2926,2025-06-29,2,73.57,Online
2476,155,2625,2023-09-06,2,219.88,Online
2477,159,2023,2024-11-10,5,49.51,Online
2478,110,2409,2025-07-02,4,73.49,In-Store
2479,107,2433,2024-03-03,1,177.55,In-Store
2480,177,2411,2025-04-16,3,246.12,In-Store
2481,101,2838,2025-04-28,1,187.97,In-Store
2482,176,2169,2024-11-10,4,78.4,Online
2483,182,2630,2023-03-11,3,227.28,In-Store
2484,188,2338,2024-11-07,5,20.04,In-Store
2485,152,2684,2023-03-13,5,106.63,In-Store
2486,190,2108,2023-05-10,5,197.23,In-Store
2487,124,2197,2023-02-08,3,112.82,Online
2488,179,2497,2025-05-15,4,37.7,In-Store
2489,143,2616,2023-04-09,2,39.04,In-Store
2490,188,2419,2025-06-14,5,20.04,Online
2491,118,2792,2024-04-13,5,120.94,In-Store
2492,123,2715,2025-09-02,1,73.57,Online
2493,185,2424,2025-08-16,2,142.4,In-Store
2494,103,2287,2025-11-09,5,111.26,In-Store
2495,154,2282,2024-10-22,2,111.25,In-Store
2496,137,2713,2025-10-14,3,67.81,In-Store
2497,109,2072,2024-03-06,4,101.18,In-Store
2498,167,2584,2025-03-02,5,235.98,Online
2499,177,2908,2025-09-23,5,246.12,In-Store
2500,123,2473,2024-03-18,3,73.57,In-Store
2501,153,2768,2025-01-11,5,55.98,In-Store
2502,194,2660,2023-08-31,1,216.06,Online
2503,138,2799,2025-10-14,2,185.66,Online
2504,135,2937,2023-09-14,1,87.8,In-Store
2505,157,2833,2025-05-23,4,232.33,In-Store
2506,175,2451,2025-08-26,2,233.98,Online
2507,132,2231,2024-05-20,2,243.25,In-Store
2508,135,2821,2024-05-12,1,87.8,Online
2509,197,2553,2025-03-19,3,217.44,Online
2510,171,2091,2022-04-12,1,104.99,In-Store
2511,153,2687,2025-01-09,5,55.98,Online
2512,190,2847,2023-04-26,3,197.23,Online
2513,199,2196,2025-10-21,4,37.68,Online
2514,157,2157,2025-10-12,5,232.33,Online
2515,149,2161,2024-11-09,3,198.31,In-Store
2516,158,2685,2024-12-02,3,126.55,Online
2517,170,2448,2023-05-14,2,59.02,In-Store
2518,143,2195,2025-07-05,2,39.04,Online
2519,174,2293,2022-12-05,1,139.03,Online
2520,124,2934,2023-05-17,2,112.82,Online
2521,194,2401,2025-05-23,4,216.06,Online
2522,143,2759,2024-10-13,2,39.04,In-Store
2523,117,2751,2024-03-20,2,156.19,In-Store
2524,103,2031,2025-01-02,3,111.26,In-Store
2525,156,2576,2025-11-17,5,22.14,Online
2526,175,2347,2024-02-02,4,233.98,In-Store
2527,105,2422,2025-10-15,4,57.72,Online
2528,167,2753,2025-03-01,1,235.98,Online
2529,175,2944,2025-09-01,3,233.98,Online
2530,194,2139,2023-11-17,4,216.06,Online
2531,145,2270,2024-12-06,5,62.85,In-Store
2532,156,2558,2024-09-12,2,22.14,In-Store
2533,174,2092,2025-12-23,3,139.03,In-Store
2534,191,2575,2025-08-17,3,217.51,Online
2535,188,2232,2023-03-22,3,20.04,Online
2536,173,2618,2025-07-21,5,159.08,Online
2537,181,2530,2025-10-22,5,175.0,In-Store
2538,161,2233,2024-12-03,5,177.18,Online
2539,179,2603,2025-03-19,1,37.7,In-Store
2540,174,2754,2025-04-13,1,139.03,Online
2541,101,2952,2024-05-26,4,187.97,In-Store
2542,146,2425,2024-03-28,3,26.18,Online
2543,163,2098,2024-07-10,2,186.58,In-Store
2544,168,2020,2024-06-30,2,152.68,In-Store
2545,191,2632,2024-08-11,5,217.51,Online
2546,154,2872,2025-03-15,1,111.25,In-Store
2547,136,2703,2023-03-28,5,220.89,In-Store
2548,161,2441,2024-05-07,3,177.18,Online
2549,135,2442,2024-11-10,1,87.8,In-Store
2550,187,2876,2025-12-04,2,149.8,In-Store
2551,134,2628,2025-04-25,4,99.74,In-Store
2552,122,2110,2025-11-30,2,167.31,Online
2553,179,2237,2024-10-12,1,37.7,Online
2554,191,2927,2024-11-22,5,217.51,In-Store
2555,193,2710,2025-11-21,1,74.03,In-Store
2556,147,2987,2024-09-06,4,133.4,In-Store
2557,149,2626,2023-04-25,4,198.31,In-Store
2558,151,2195,2025-08-17,2,108.66,Online
2559,128,2933,2025-07-05,1,101.59,In-Store
2560,196,2717,2025-03-29,2,168.41,In-Store
2561,178,2257,2025-05-26,1,81.85,Online
2562,200,2308,2025-02-13,1,241.01,Online
2563,155,2643,2024-04-19,4,219.88,Online
2564,167,2029,2025-10-20,1,235.98,Online
2565,169,2915,2023-02-02,1,167.77,Online
2566,135,2823,2024-06-23,4,87.8,Online
2567,135,2323,2024-01-01,1,87.8,In-Store
2568,198,2666,2024-08-15,5,105.92,Online
2569,141,2991,2024-06-04,2,232.94,In-Store
2570,195,2508,2024-07-23,1,93.92,Online
2571,109,2259,2024-03-14,3,101.18,Online
2572,101,2747,2024-10-05,3,187.97,Online
2573,166,2096,2024-12-12,3,152.81,In-Store
2574,103,2401,2025-12-24,5,111.26,In-Store
2575,124,2969,2025-12-03,2,112.82,In-Store
2576,148,2816,2024-07-30,5,139.42,Online
2577,200,2367,2024-08-26,3,241.01,In-Store
2578,151,2755,2025-12-17,4,108.66,In-Store
2579,151,2496,2024-05-03,2,108.66,Online
2580,169,2605,2025-04-22,2,167.77,In-Store
2581,197,2380,2025-07-07,2,217.44,Online
2582,158,2161,2025-05-09,2,126.55,Online
2583,161,2171,2024-09-02,4,177.18,In-Store
2584,148,2978,2025-12-27,1,139.42,Online
2585,168,2688,2025-02-09,1,152.68,In-Store
2586,180,2124,2024-03-11,5,77.62,In-Store
2587,142,2755,2024-02-28,1,248.84,Online
2588,152,2434,2023-09-02,5,106.63,In-Store
2589,114,2700,2025-11-14,1,195.54,In-Store
2590,173,2642,2024-10-25,4,159.08,Online
2591,183,2819,2023-04-28,2,209.04,In-Store
2592,138,2079,2023-11-18,4,185.66,Online
2593,150,2305,2025-03-08,3,33.26,Online
2594,121,2999,2024-12-10,1,60.64,In-Store
2595,125,2824,2025-12-24,3,62.64,Online
2596,152,2860,2022-09-19,3,106.63,In-Store
2597,175,2248,2024-09-03,1,233.98,Online
2598,196,2263,2025-09-30,4,168.41,In-Store
2599,153,2767,2025-05-03,4,55.98,In-Store
2600,167,2496,2025-09-21,5,235.98,In-Store
2601,190,2286,2023-11-05,4,197.23,In-Store
2602,149,2685,2025-10-13,2,198.31,Online
2603,174,2081,2023-11-24,3,139.03,In-Store
2604,149,2580,2024-04-04,2,198.31,In-Store
2605,130,2791,2025-02-12,5,190.21,In-Store
2606,167,2767,2023-12-12,5,235.98,In-Store
2607,187,2318,2024-06-26,3,149.8,In-Store
2608,192,2244,2025-10-31,5,53.05,Online
2609,170,2510,2024-02-20,3,59.02,In-Store
2610,167,2011,2024-06-16,2,235.98,In-Store
2611,117,2918,2025-02-28,1,156.19,In-Store
2612,192,2386,2023-11-01,4,53.05,Online
2613,102,2008,2025-04-18,4,186.75,Online
2614,165,2536,2025-06-27,1,240.59,Online
2615,161,2173,2023-08-06,5,177.18,In-Store
2616,119,2546,2024-09-25,4,212.28,Online
2617,157,2984,2025-04-13,3,232.33,In-Store
2618,151,2520,2025-08-31,2,108.66,Online
2619,175,2270,2025-09-28,2,233.98,Online
2620,146,2905,2023-04-17,2,26.18,Online
2621,167,2692,2025-09-18,1,235.98,Online
2622,164,2673,2025-05-12,4,22.03,In-Store
2623,118,2943,2022-10-19,5,120.94,Online
2624,171,2311,2022-08-19,3,104.99,In-Store
2625,178,2086,2023-03-07,3,81.85,Online
2626,135,2240,2025-07-06,2,87.8,In-Store
2627,126,2135,2023-12-10,1,191.39,In-Store
2628,178,2742,2023-01-08,5,81.85,Online
2629,126,2819,2023-05-24,2,191.39,In-Store
2630,147,2374,2024-11-09,3,133.4,In-Store
2631,114,2770,2023-05-18,4,195.54,In-Store
2632,159,2090,2023-07-06,1,49.51,In-Store
2633,189,2863,2024-12-25,3,60.42,In-Store
2634,129,2387,2025-10-27,3,216.59,In-Store
2635,181,2383,2024-09-01,5,175.0,Online
2636,174,2142,2024-12-14,3,139.03,Online
2637,197,2328,2024-06-08,2,217.44,Online
2638,159,2448,2022-10-31,5,49.51,Online
2639,118,2142,2025-05-19,5,120.94,In-Store
2640,108,2051,2025-11-22,2,61.68,In-Store
2641,170,2047,2025-10-04,1,59.02,Online
2642,112,2797,2025-01-15,1,80.36,Online
2643,126,2215,2025-03-11,5,191.39,In-Store
2644,153,2801,2024-09-26,1,55.98,Online
2645,118,2219,2025-09-18,5,120.94,In-Store
2646,150,2451,2024-05-29,3,33.26,Online
2647,123,2881,2025-04-28,2,73.57,In-Store
2648,133,2952,2023-11-13,3,212.0,Online
2649,143,2265,2025-04-22,3,39.04,Online
2650,200,2569,2025-11-18,2,241.01,In-Store
2651,152,2425,2025-09-24,4,106.63,In-Store
2652,196,2025,2023-08-15,3,168.41,Online
2653,188,2432,2025-06-12,4,20.04,Online
2654,135,2727,2025-05-05,4,87.8,Online
2655,157,2455,2025-06-13,2,232.33,Online
2656,101,2591,2025-10-20,4,187.97,Online
2657,182,2973,2025-11-09,3,227.28,In-Store
2658,102,2117,2025-02-11,3,186.75,Online
2659,141,2319,2024-01-06,4,232.94,In-Store
2660,173,2956,2025-01-17,2,159.08,In-Store
2661,151,2536,2024-11-23,2,108.66,In-Store
2662,112,2499,2022-10-19,2,80.36,Online
2663,157,2991,2025-02-18,3,232.33,In-Store
2664,173,2353,2024-09-02,2,159.08,Online
2665,170,2948,2025-07-04,1,59.02,Online
2666,164,2888,2023-05-19,2,22.03,In-Store
2667,101,2819,2024-06-06,3,187.97,Online
2668,188,2077,2025-04-25,5,20.04,Online
2669,146,2899,2025-10-15,3,26.18,Online
2670,108,2723,2025-06-26,3,61.68,Online
2671,149,2312,2022-10-30,1,198.31,In-Store
2672,102,2923,2025-08-30,4,186.75,In-Store
2673,139,2837,2025-09-24,4,168.34,In-Store
2674,107,2926,2025-09-29,2,177.55,Online
2675,177,2349,2025-10-22,1,246.12,Online
2676,150,2370,2024-07-07,5,33.26,In-Store
2677,179,2361,2025-10-17,4,37.7,In-Store
2678,126,2435,2025-04-23,2,191.39,In-Store
2679,198,2522,2022-12-26,2,105.92,In-Store
2680,198,2237,2025-05-24,3,105.92,Online
2681,168,2828,2025-10-21,5,152.68,In-Store
2682,115,2485,2024-10-01,3,101.23,In-Store
2683,184,2655,2025-03-23,2,195.07,Online
2684,143,2815,2023-05-10,2,39.04,In-Store
2685,147,2412,2024-12-15,3,133.4,In-Store
2686,172,2989,2023-11-30,3,232.96,In-Store
2687,130,2600,2023-10-28,1,190.21,In-Store
2688,167,2230,2024-01-21,4,235.98,In-Store
2689,178,2165,2024-01-22,2,81.85,In-Store
2690,136,2836,2023-06-23,5,220.89,Online
2691,102,2218,2023-06-22,3,186.75,Online
2692,111,2845,2023-01-30,2,243.55,Online
2693,143,2490,2023-07-04,5,39.04,Online
2694,164,2932,2025-10-11,5,22.03,Online
2695,133,2571,2024-03-29,4,212.0,Online
2696,113,2463,2024-08-18,2,56.15,In-Store
2697,127,2921,2025-04-12,4,200.1,Online
2698,124,2229,2025-10-28,4,112.82,In-Store
2699,126,2497,2023-05-12,1,191.39,In-Store
2700,107,2256,2024-10-31,4,177.55,In-Store
2701,129,2413,2023-09-22,2,216.59,In-Store
2702,121,2964,2022-12-25,3,60.64,Online
2703,182,2791,2025-09-09,2,227.28,Online
2704,144,2980,2024-09-08,2,15.05,In-Store
2705,109,2117,2025-01-09,4,101.18,Online
2706,115,2850,2023-12-17,1,101.23,In-Store
2707,158,2452,2023-03-05,5,126.55,In-Store
2708,167,2445,2024-12-15,5,235.98,Online
2709,136,2579,2022-07-23,2,220.89,Online
2710,168,2987,2025-08-04,2,152.68,Online
2711,127,2521,2024-03-04,4,200.1,Online
2712,119,2114,2025-03-02,2,212.28,In-Store
2713,119,2577,2024-12-03,2,212.28,Online
2714,183,2854,2023-04-29,5,209.04,Online
2715,148,2201,2024-01-26,4,139.42,Online
2716,178,2545,2025-08-06,5,81.85,Online
2717,192,2140,2025-11-03,2,53.05,Online
2718,180,2095,2024-08-23,3,77.62,In-Store
2719,186,2095,2025-11-02,5,28.06,Online
2720,149,2914,2025-06-18,3,198.31,In-Store
2721,109,2895,2025-05-01,2,101.18,In-Store
2722,190,2449,2025-02-16,3,197.23,In-Store
2723,153,2440,2025-09-19,4,55.98,In-Store
2724,157,2573,2024-10-20,4,232.33,In-Store
2725,200,2699,2023-09-26,2,241.01,Online
2726,137,2664,2023-12-11,4,67.81,In-Store
2727,123,2580,2024-12-06,2,73.57,In-Store
2728,128,2283,2024-10-30,2,101.59,In-Store
2729,186,2099,2025-04-19,1,28.06,In-Store
2730,119,2808,2025-08-24,4,212.28,Online
2731,158,2047,2025-06-25,4,126.55,In-Store
2732,127,2138,2025-10-23,2,200.1,Online
2733,186,2284,2025-05-04,3,28.06,Online
2734,168,2312,2024-11-13,1,152.68,In-Store
2735,129,2324,2024-05-07,3,216.59,In-Store
2736,120,2860,2024-10-03,4,203.21,In-Store
2737,197,2335,2024-10-25,3,217.44,Online
2738,185,2782,2024-04-27,4,142.4,Online
2739,111,2326,2025-07-07,1,243.55,In-Store
2740,188,2953,2025-01-28,4,20.04,Online
2741,190,2066,2025-09-23,2,197.23,Online
2742,164,2477,2023-04-11,5,22.03,In-Store
2743,138,2113,2023-03-05,5,185.66,Online
2744,166,2541,2022-11-26,4,152.81,Online
2745,174,2252,2024-06-28,3,139.03,Online
2746,195,2160,2024-07-21,5,93.92,Online
2747,196,2842,2025-01-31,5,168.41,Online
2748,141,2911,2023-07-17,5,232.94,In-Store
2749,180,2949,2025-12-27,2,77.62,In-Store
2750,126,2724,2023-11-21,3,191.39,In-Store
2751,144,2014,2025-08-20,2,15.05,Online
2752,190,2111,2022-10-09,1,197.23,Online
2753,184,2987,2024-10-27,5,195.07,In-Store
2754,149,2408,2025-11-24,4,198.31,Online
2755,104,2826,2022-12-29,3,65.84,In-Store
2756,106,2304,2024-07-09,2,117.81,Online
2757,131,2351,2022-10-07,3,114.34,Online
2758,189,2659,2025-08-31,4,60.42,In-Store
2759,167,2579,2023-04-01,3,235.98,Online
2760,164,2616,2023-06-17,1,22.03,In-Store
2761,116,2516,2024-05-22,1,98.84,Online
2762,199,2137,2023-05-07,5,37.68,In-Store
2763,178,2156,2023-08-06,5,81.85,In-Store
2764,151,2477,2024-06-21,4,108.66,Online
2765,168,2004,2025-04-17,3,152.68,In-Store
2766,116,2625,2023-10-13,1,98.84,In-Store
2767,163,2746,2025-11-26,5,186.58,In-Store
2768,183,2971,2024-12-13,3,209.04,In-Store
2769,168,2642,2023-03-08,2,152.68,In-Store
2770,172,2362,2025-07-29,3,232.96,In-Store
2771,135,2299,2024-09-02,5,87.8,Online
2772,181,2599,2024-09-14,1,175.0,In-Store
2773,186,2971,2025-12-08,4,28.06,In-Store
2774,167,2137,2025-11-16,1,235.98,In-Store
2775,167,2491,2023-11-07,5,235.98,Online
2776,196,2728,2024-11-20,2,168.41,In-Store
2777,192,2483,2025-05-09,4,53.05,Online
2778,197,2605,2025-12-28,3,217.44,In-Store
2779,192,2567,2024-08-01,1,53.05,Online
2780,165,2286,2024-12-17,2,240.59,Online
2781,186,2861,2025-04-20,5,28.06,Online
2782,188,2268,2024-02-20,2,20.04,In-Store
2783,170,2235,2025-06-24,4,59.02,Online
2784,199,2175,2024-02-21,4,37.68,In-Store
2785,162,2059,2024-07-07,3,55.58,In-Store
2786,172,2301,2025-03-01,1,232.96,In-Store
2787,121,2432,2025-11-26,5,60.64,In-Store
2788,131,2981,2022-02-17,3,114.34,Online
2789,186,2651,2025-10-25,5,28.06,In-Store
2790,159,2786,2025-11-17,4,49.51,In-Store
2791,172,2455,2025-09-05,2,232.96,In-Store
2792,161,2499,2025-04-19,4,177.18,Online
2793,185,2992,2023-09-20,4,142.4,Online
2794,165,2240,2024-04-02,2,240.59,Online
2795,176,2829,2023-06-06,5,78.4,Online
2796,162,2505,2024-02-02,2,55.58,In-Store
2797,168,2840,2025-11-10,1,152.68,Online
2798,126,2864,2025-06-10,4,191.39,Online
2799,172,2723,2025-11-27,2,232.96,In-Store
2800,146,2385,2025-02-04,1,26.18,In-Store
2801,125,2126,2024-12-02,4,62.64,In-Store
2802,172,2199,2025-12-21,3,232.96,In-Store
2803,141,2253,2025-06-14,3,232.94,Online
2804,120,2580,2024-05-31,3,203.21,Online
2805,164,2902,2025-08-22,3,22.03,In-Store
2806,123,2626,2025-04-04,4,73.57,Online
2807,159,2221,2024-09-06,2,49.51,Online
2808,114,2828,2025-11-03,4,195.54,Online
2809,128,2495,2025-03-31,4,101.59,Online
2810,139,2408,2024-12-30,4,168.34,Online
2811,143,2593,2023-02-16,3,39.04,Online
2812,145,2978,2023-11-17,1,62.85,In-Store
2813,156,2272,2024-05-12,1,22.14,Online
2814,168,2850,2025-09-12,4,152.68,Online
2815,101,2416,2024-05-09,3,187.97,Online
2816,112,2946,2025-04-10,1,80.36,Online
2817,193,2067,2025-02-04,3,74.03,In-Store
2818,144,2838,2024-11-15,3,15.05,In-Store
2819,158,2098,2024-11-05,5,126.55,Online
2820,162,2607,2023-08-20,5,55.58,Online
2821,183,2650,2024-06-10,2,209.04,In-Store
2822,169,2703,2023-10-14,3,167.77,Online
2823,174,2756,2023-06-17,5,139.03,In-Store
2824,155,2030,2024-04-07,5,219.88,In-Store
2825,130,2725,2025-06-04,2,190.21,Online
2826,200,2659,2023-05-24,2,241.01,Online
2827,189,2674,2024-04-28,5,60.42,Online
2828,192,2627,2023-10-08,2,53.05,In-Store
2829,101,2609,2024-07-08,3,187.97,Online
2830,120,2666,2023-10-15,2,203.21,In-Store
2831,107,2602,2025-07-04,4,177.55,In-Store
2832,125,2391,2024-09-27,5,62.64,Online
2833,139,2902,2023-07-20,5,168.34,In-Store
2834,139,2757,2024-06-18,4,168.34,In-Store
2835,106,2986,2025-02-23,3,117.81,In-Store
2836,104,2070,2025-08-12,1,65.84,Online
2837,145,2201,2024-07-11,3,62.85,Online
2838,110,2832,2025-01-30,5,73.49,In-Store
2839,164,2704,2025-03-21,3,22.03,Online
2840,182,2196,2025-10-06,3,227.28,Online
2841,166,2775,2023-07-10,3,152.81,In-Store
2842,175,2290,2025-10-03,3,233.98,In-Store
2843,120,2517,2024-09-15,5,203.21,Online
2844,179,2769,2024-06-02,3,37.7,Online
2845,194,2584,2022-07-31,2,216.06,In-Store
2846,125,2473,2024-11-10,5,62.64,Online
2847,115,2359,2024-01-26,5,101.23,In-Store
2848,169,2934,2024-03-14,1,167.77,In-Store
2849,144,2196,2025-04-03,5,15.05,Online
2850,110,2948,2025-12-31,3,73.49,Online
2851,179,2572,2025-05-06,3,37.7,In-Store
2852,134,2485,2025-05-20,1,99.74,In-Store
2853,151,2350,2024-07-19,1,108.66,Online
2854,158,2263,2025-04-14,5,126.55,In-Store
2855,190,2932,2025-07-02,2,197.23,In-Store
2856,136,2989,2025-09-26,5,220.89,Online
2857,103,2192,2024-08-27,3,111.26,Online
2858,189,2579,2025-12-13,2,60.42,Online
2859,154,2836,2022-10-04,1,111.25,In-Store
2860,102,2641,2023-02-22,1,186.75,In-Store
2861,166,2972,2025-03-07,1,152.81,In-Store
2862,136,2333,2023-09-11,5,220.89,In-Store
2863,193,2307,2025-10-28,2,74.03,Online
2864,161,2582,2025-06-13,3,177.18,Online
2865,197,2001,2025-07-03,3,217.44,Online
2866,185,2537,2025-09-17,4,142.4,In-Store
2867,108,2521,2025-10-11,1,61.68,Online
2868,125,2343,2023-04-15,5,62.64,Online
2869,164,2671,2024-04-17,1,22.03,Online
2870,123,2013,2025-08-27,1,73.57,In-Store
2871,171,2912,2025-10-23,2,104.99,In-Store
2872,155,2665,2024-01-23,1,219.88,In-Store
2873,125,2879,2025-03-20,5,62.64,In-Store
2874,200,2902,2022-11-10,3,241.01,In-Store
2875,186,2766,2025-04-19,1,28.06,In-Store
2876,101,2655,2024-11-25,1,187.97,Online
2877,119,2756,2023-10-09,1,212.28,Online
2878,192,2412,2023-10-29,5,53.05,Online
2879,129,2443,2025-10-28,2,216.59,Online
2880,102,2148,2023-06-05,3,186.75,In-Store
2881,146,2428,2024-02-01,2,26.18,In-Store
2882,150,2727,2025-12-29,2,33.26,Online
2883,175,2725,2024-07-05,1,233.98,In-Store
2884,139,2406,2025-09-24,3,168.34,Online
2885,198,2459,2024-01-31,2,105.92,In-Store
2886,198,2778,2024-07-23,2,105.92,Online
2887,116,2190,2023-09-02,2,98.84,Online
2888,149,2458,2024-08-17,3,198.31,In-Store
2889,116,2109,2024-04-12,1,98.84,In-Store
2890,148,2276,2025-06-17,5,139.42,In-Store
2891,198,2510,2024-10-07,5,105.92,In-Store
2892,133,2170,2023-07-22,1,212.0,In-Store
2893,106,2693,2024-10-20,5,117.81,Online
2894,134,2474,2025-12-26,4,99.74,In-Store
2895,160,2415,2024-09-16,2,232.36,In-Store
2896,143,2133,2025-09-12,5,39.04,In-Store
2897,108,2606,2024-12-04,5,61.68,Online
2898,105,2926,2024-07-07,2,57.72,In-Store
2899,114,2876,2024-07-17,1,195.54,Online
2900,188,2004,2025-11-23,2,20.04,In-Store
2901,128,2426,2025-01-19,4,101.59,In-Store
2902,193,2882,2025-01-02,5,74.03,In-Store
2903,169,2539,2025-08-30,5,167.77,Online
2904,103,2456,2024-07-30,1,111.26,In-Store
2905,188,2926,2023-02-11,2,20.04,In-Store
2906,153,2910,2024-10-16,3,55.98,In-Store
2907,198,2046,2024-11-13,2,105.92,In-Store
2908,154,2701,2024-07-02,2,111.25,In-Store
2909,109,2624,2025-06-10,2,101.18,Online
2910,169,2590,2025-09-01,5,167.77,In-Store
2911,171,2451,2025-03-08,5,104.99,In-Store
2912,175,2293,2025-01-11,4,233.98,Online
2913,142,2577,2024-11-02,3,248.84,In-Store
2914,104,2315,2025-03-21,4,65.84,In-Store
2915,192,2816,2023-01-06,2,53.05,Online
2916,125,2140,2025-06-08,4,62.64,In-Store
2917,136,2379,2025-12-03,4,220.89,Online
2918,193,2248,2023-03-13,5,74.03,Online
2919,103,2070,2024-12-19,5,111.26,Online
2920,173,2911,2025-11-05,2,159.08,Online
2921,124,2820,2024-03-31,1,112.82,Online
2922,165,2945,2024-05-24,2,240.59,In-Store
2923,154,2541,2025-05-10,4,111.25,Online
2924,194,2858,2025-07-29,1,216.06,Online
2925,154,2845,2023-09-01,2,111.25,In-Store
2926,161,2790,2024-02-02,1,177.18,Online
2927,162,2775,2024-02-11,2,55.58,In-Store
2928,132,2826,2022-08-14,2,243.25,Online
2929,158,2719,2025-03-28,1,126.55,In-Store
2930,132,2162,2023-11-16,3,243.25,Online
2931,177,2847,2024-12-24,5,246.12,In-Store
2932,123,2061,2025-12-19,2,73.57,In-Store
2933,108,2771,2025-04-10,4,61.68,In-Store
2934,193,2598,2025-09-28,2,74.03,Online
2935,139,2399,2024-12-23,2,168.34,In-Store
2936,152,2936,2024-06-05,4,106.63,In-Store
2937,101,2580,2024-10-23,4,187.97,In-Store
2938,133,2932,2025-09-29,1,212.0,In-Store
2939,179,2964,2025-01-25,5,37.7,Online
2940,137,2335,2023-10-29,5,67.81,Online
2941,193,2011,2024-04-17,3,74.03,In-Store
2942,193,2321,2024-09-07,5,74.03,Online
2943,136,2302,2024-12-19,1,220.89,Online
2944,193,2077,2024-12-11,4,74.03,Online
2945,129,2882,2024-02-01,2,216.59,In-Store
2946,147,2688,2024-12-06,1,133.4,In-Store
2947,145,2996,2025-08-22,2,62.85,In-Store
2948,151,2473,2024-04-09,3,108.66,In-Store
2949,190,2524,2024-05-22,4,197.23,Online
2950,169,2828,2024-05-13,4,167.77,Online
2951,135,2791,2024-11-15,4,87.8,Online
2952,105,2895,2024-12-18,1,57.72,In-Store
2953,185,2519,2022-11-22,4,142.4,Online
2954,168,2180,2024-10-11,3,152.68,Online
2955,135,2198,2025-11-24,5,87.8,In-Store
2956,127,2432,2025-11-25,4,200.1,Online
2957,158,2320,2025-06-30,4,126.55,In-Store
2958,173,2436,2025-11-22,1,159.08,In-Store
2959,104,2147,2025-04-30,3,65.84,Online
2960,119,2135,2025-04-30,4,212.28,In-Store
2961,133,2480,2025-09-25,4,212.0,In-Store
2962,118,2172,2025-02-25,3,120.94,Online
2963,187,2953,2023-07-28,4,149.8,In-Store
2964,158,2991,2023-03-27,2,126.55,Online
2965,119,2237,2025-03-05,5,212.28,In-Store
2966,117,2010,2024-11-29,5,156.19,In-Store
2967,183,2507,2024-09-07,1,209.04,In-Store
2968,116,2171,2024-10-20,1,98.84,Online
2969,157,2507,2024-12-28,4,232.33,In-Store
2970,199,2831,2024-07-29,5,37.68,In-Store
2971,152,2393,2024-08-05,4,106.63,In-Store
2972,124,2613,2025-11-19,3,112.82,Online
2973,181,2838,2024-08-28,2,175.0,In-Store
2974,186,2795,2024-04-29,4,28.06,Online
2975,184,2325,2024-10-08,3,195.07,In-Store
2976,162,2688,2025-06-30,1,55.58,Online
2977,173,2416,2025-03-02,1,159.08,In-Store
2978,179,2388,2024-06-30,2,37.7,Online
2979,190,2059,2024-11-10,1,197.23,Online
2980,120,2006,2025-10-18,2,203.21,In-Store
2981,142,2645,2025-05-11,3,248.84,In-Store
2982,137,2383,2025-08-03,5,67.81,Online
2983,200,2515,2025-08-09,5,241.01,In-Store
2984,107,2457,2024-09-21,1,177.55,In-Store
2985,197,2361,2025-07-26,1,217.44,Online
2986,127,2653,2025-05-06,1,200.1,In-Store
2987,135,2103,2024-11-20,1,87.8,In-Store
2988,121,2176,2025-03-11,3,60.64,In-Store
2989,117,2415,2025-05-03,1,156.19,Online
2990,174,2931,2025-12-18,3,139.03,Online
2991,174,2383,2025-06-13,1,139.03,Online
2992,164,2506,2025-05-22,3,22.03,In-Store
2993,169,2595,2025-11-09,5,167.77,Online
2994,124,2057,2025-09-09,1,112.82,In-Store
2995,176,2304,2025-10-12,2,78.4,In-Store
2996,146,2851,2025-04-15,2,26.18,In-Store
2997,141,2304,2025-11-10,1,232.94,In-Store
2998,163,2820,2023-05-25,3,186.58,In-Store
2999,172,2528,2023-03-05,4,232.96,Online
3000,189,2056,2023-01-17,4,60.42,Online
3001,147,2461,2025-02-28,3,133.4,In-Store
3002,151,2133,2025-12-19,3,108.66,Online
3003,119,2077,2025-01-23,2,212.28,Online
3004,104,2519,2024-02-22,2,65.84,Online
3005,154,2988,2024-12-16,3,111.25,In-Store
3006,189,2759,2025-06-24,4,60.42,In-Store
3007,190,2170,2025-08-19,4,197.23,In-Store
3008,164,2820,2025-07-04,1,22.03,In-Store
3009,146,2336,2024-02-27,3,26.18,In-Store
3010,174,2549,2024-08-02,2,139.03,In-Store
3011,184,2449,2025-11-16,2,195.07,Online
3012,195,2865,2025-03-21,4,93.92,In-Store
3013,190,2930,2024-10-19,1,197.23,Online
3014,157,2310,2025-11-05,5,232.33,In-Store
3015,115,2355,2024-09-02,2,101.23,In-Store
3016,148,2626,2024-04-25,3,139.42,In-Store
3017,164,2967,2024-09-10,4,22.03,Online
3018,147,2494,2024-01-17,5,133.4,Online
3019,177,2464,2025-09-13,3,246.12,In-Store
3020,181,2523,2025-05-25,1,175.0,In-Store
3021,125,2911,2025-10-12,4,62.64,Online
3022,192,2605,2024-06-28,5,53.05,Online
3023,166,2062,2025-05-14,5,152.81,Online
3024,143,2610,2024-07-08,4,39.04,Online
3025,121,2887,2023-03-27,1,60.64,In-Store
3026,125,2685,2024-03-11,2,62.64,In-Store
3027,190,2292,2025-12-04,4,197.23,In-Store
3028,107,2321,2023-12-31,4,177.55,In-Store
3029,162,2007,2024-07-31,3,55.58,Online
3030,137,2170,2024-05-18,5,67.81,In-Store
3031,147,2655,2025-02-03,4,133.4,In-Store
3032,171,2973,2025-06-17,3,104.99,In-Store
3033,134,2455,2024-04-16,2,99.74,In-Store
3034,154,2527,2024-04-10,1,111.25,In-Store
3035,186,2212,2025-07-30,2,28.06,Online
3036,126,2053,2025-04-08,5,191.39,In-Store
3037,193,2841,2025-05-06,4,74.03,Online
3038,150,2913,2022-11-01,5,33.26,Online
3039,176,2551,2023-05-18,5,78.4,Online
3040,179,2879,2025-09-02,5,37.7,In-Store
3041,107,2516,2024-05-25,3,177.55,Online
3042,128,2322,2022-12-17,5,101.59,In-Store
3043,149,2979,2024-10-07,3,198.31,Online
3044,149,2139,2025-08-18,5,198.31,In-Store
3045,141,2669,2025-11-02,5,232.94,Online
3046,182,2805,2023-09-13,4,227.28,In-Store
3047,120,2346,2025-02-13,2,203.21,In-Store
3048,164,2805,2023-12-01,3,22.03,Online
3049,101,2144,2024-08-17,1,187.97,Online
3050,160,2059,2023-12-10,5,232.36,In-Store
3051,199,2957,2025-03-23,2,37.68,In-Store
3052,113,2326,2025-03-29,2,56.15,In-Store
3053,145,2679,2024-12-28,1,62.85,In-Store
3054,167,2002,2024-03-16,2,235.98,In-Store
3055,164,2842,2024-04-07,1,22.03,Online
3056,114,2772,2025-01-23,5,195.54,In-Store
3057,135,2598,2024-11-03,1,87.8,In-Store
3058,124,2718,2023-12-05,5,112.82,Online
3059,178,2747,2025-05-19,5,81.85,Online
3060,149,2007,2024-11-30,4,198.31,Online
3061,136,2607,2024-03-27,4,220.89,Online
3062,165,2493,2024-05-17,4,240.59,In-Store
3063,109,2718,2024-11-14,1,101.18,Online
3064,117,2118,2023-11-01,3,156.19,Online
3065,128,2077,2025-10-06,2,101.59,In-Store
3066,142,2656,2024-12-14,3,248.84,Online
3067,185,2904,2024-09-09,4,142.4,Online
3068,129,2941,2024-02-27,1,216.59,In-Store
3069,184,2588,2023-03-12,4,195.07,In-Store
3070,142,2822,2025-01-14,3,248.84,In-Store
3071,185,2992,2024-04-02,4,142.4,In-Store
3072,104,2365,2025-07-27,3,65.84,In-Store
3073,175,2185,2025-11-22,1,233.98,Online
3074,123,2827,2023-03-31,5,73.57,In-Store
3075,137,2525,2023-04-16,2,67.81,In-Store
3076,141,2638,2025-10-04,3,232.94,In-Store
3077,105,2952,2024-03-23,2,57.72,In-Store
3078,175,2663,2025-06-12,4,233.98,In-Store
3079,172,2859,2024-10-03,2,232.96,Online
3080,155,2288,2025-10-17,3,219.88,In-Store
3081,117,2323,2023-12-06,2,156.19,Online
3082,174,2639,2023-10-29,5,139.03,In-Store
3083,161,2616,2023-08-29,5,177.18,Online
3084,150,2703,2024-03-28,3,33.26,In-Store
3085,154,2778,2024-11-29,5,111.25,Online
3086,118,2087,2024-12-07,2,120.94,In-Store
3087,179,2811,2025-12-01,3,37.7,In-Store
3088,151,2261,2025-02-26,2,108.66,In-Store
3089,198,2113,2023-06-08,4,105.92,In-Store
3090,139,2847,2022-06-03,1,168.34,In-Store
3091,143,2713,2023-05-10,3,39.04,Online
3092,101,2282,2023-06-28,2,187.97,In-Store
3093,172,2999,2023-08-30,2,232.96,In-Store
3094,118,2497,2025-07-17,4,120.94,Online
3095,110,2398,2025-11-22,5,73.49,Online
3096,110,2188,2025-07-19,2,73.49,In-Store
3097,157,2205,2022-11-21,4,232.33,Online
3098,183,2764,2025-06-16,5,209.04,Online
3099,149,2683,2025-03-26,5,198.31,Online
3100,178,2069,2025-10-20,1,81.85,In-Store
3101,157,2406,2025-05-05,5,232.33,Online
3102,143,2463,2024-04-12,3,39.04,Online
3103,178,2752,2025-09-22,2,81.85,Online
3104,142,2336,2024-10-21,2,248.84,Online
3105,146,2672,2025-01-25,5,26.18,In-Store
3106,102,2337,2023-06-30,2,186.75,Online
3107,186,2686,2024-05-23,5,28.06,In-Store
3108,126,2590,2024-08-10,2,191.39,Online
3109,167,2172,2024-05-03,5,235.98,In-Store
3110,157,2566,2024-12-23,1,232.33,Online
3111,169,2807,2025-02-10,1,167.77,Online
3112,160,2723,2025-11-18,1,232.36,In-Store
3113,155,2521,2023-08-31,4,219.88,Online
3114,190,2618,2024-12-11,5,197.23,Online
3115,179,2376,2025-09-13,4,37.7,In-Store
3116,128,2152,2025-10-28,1,101.59,In-Store
3117,188,2224,2023-04-08,4,20.04,Online
3118,158,2147,2025-10-15,5,126.55,In-Store
3119,120,2302,2022-09-27,3,203.21,In-Store
3120,113,2816,2024-04-22,4,56.15,Online
3121,165,2012,2023-11-05,5,240.59,In-Store
3122,193,2040,2024-09-04,3,74.03,In-Store
3123,107,2517,2024-11-06,5,177.55,Online
3124,189,2613,2024-12-12,3,60.42,In-Store
3125,134,2580,2025-10-09,4,99.74,Online
3126,183,2456,2023-10-17,4,209.04,Online
3127,180,2680,2025-03-02,5,77.62,In-Store
3128,121,2465,2025-05-30,2,60.64,Online
3129,139,2461,2024-11-13,4,168.34,In-Store
3130,173,2153,2025-02-14,4,159.08,In-Store
3131,192,2163,2025-02-20,5,53.05,Online
3132,122,2439,2024-12-14,1,167.31,Online
3133,159,2538,2023-12-23,3,49.51,In-Store
3134,159,2420,2025-04-20,5,49.51,In-Store
3135,133,2906,2023-04-18,3,212.0,Online
3136,143,2417,2025-03-02,2,39.04,In-Store
3137,198,2509,2025-01-16,2,105.92,In-Store
3138,141,2851,2024-12-30,2,232.94,Online
3139,163,2066,2025-05-19,5,186.58,In-Store
3140,116,2181,2025-11-19,5,98.84,In-Store
3141,163,2228,2025-08-13,3,186.58,Online
3142,152,2459,2025-12-01,3,106.63,In-Store
3143,160,2786,2025-03-14,3,232.36,Online
3144,176,2208,2023-09-25,3,78.4,In-Store
3145,189,2054,2024-06-22,4,60.42,In-Store
3146,183,2448,2024-08-15,5,209.04,In-Store
3147,196,2015,2025-09-21,4,168.41,Online
3148,102,2689,2024-10-10,1,186.75,In-Store
3149,145,2806,2025-01-14,2,62.85,In-Store
3150,115,2880,2023-09-16,1,101.23,Online
3151,139,2766,2024-04-16,3,168.34,In-Store
3152,169,2131,2024-04-03,1,167.77,In-Store
3153,116,2598,2024-12-16,4,98.84,In-Store
3154,179,2026,2025-05-21,5,37.7,Online
3155,139,2029,2025-10-15,2,168.34,In-Store
3156,112,2806,2024-10-24,1,80.36,Online
3157,191,2492,2025-01-20,2,217.51,In-Store
3158,184,2100,2025-03-31,5,195.07,In-Store
3159,126,2170,2022-11-09,4,191.39,In-Store
3160,196,2787,2023-07-05,3,168.41,In-Store
3161,125,2349,2024-07-18,1,62.64,Online
3162,126,2317,2025-09-17,3,191.39,In-Store
3163,121,2787,2025-02-14,3,60.64,In-Store
3164,160,2432,2025-05-03,1,232.36,In-Store
3165,160,2935,2022-11-16,1,232.36,In-Store
3166,147,2255,2025-07-03,2,133.4,Online
3167,121,2641,2025-10-12,3,60.64,Online
3168,105,2937,2025-01-03,1,57.72,In-Store
3169,114,2887,2023-06-05,3,195.54,In-Store
3170,150,2187,2025-10-25,5,33.26,In-Store
3171,193,2729,2024-06-20,2,74.03,Online
3172,199,2863,2024-09-21,3,37.68,In-Store
3173,112,2580,2024-08-14,2,80.36,In-Store
3174,126,2589,2025-06-02,2,191.39,In-Store
3175,197,2270,2025-05-14,3,217.44,Online
3176,173,2520,2025-12-02,3,159.08,In-Store
3177,105,2349,2024-06-11,2,57.72,Online
3178,138,2569,2025-09-27,4,185.66,In-Store
3179,175,2029,2024-08-30,4,233.98,Online
3180,147,2285,2025-06-08,1,133.4,In-Store
3181,141,2250,2024-07-10,5,232.94,In-Store
3182,125,2977,2024-11-20,5,62.64,In-Store
3183,176,2647,2025-11-01,5,78.4,In-Store
3184,120,2003,2024-08-25,5,203.21,In-Store
3185,152,2936,2025-10-31,1,106.63,Online
3186,173,2097,2025-12-01,1,159.08,Online
3187,191,2741,2024-09-28,2,217.51,Online
3188,139,2095,2025-07-08,4,168.34,Online
3189,150,2303,2023-04-27,4,33.26,In-Store
3190,136,2254,2024-12-01,4,220.89,Online
3191,113,2968,2025-08-25,3,56.15,Online
3192,146,2873,2025-02-22,5,26.18,In-Store
3193,154,2192,2025-03-28,5,111.25,In-Store
3194,127,2331,2024-12-23,4,200.1,In-Store
3195,137,2795,2023-05-06,5,67.81,In-Store
3196,194,2305,2023-05-21,1,216.06,Online
3197,144,2216,2025-04-11,4,15.05,Online
3198,182,2485,2024-08-08,2,227.28,In-Store
3199,146,2863,2025-12-13,4,26.18,Online
3200,157,2049,2025-12-22,3,232.33,Online
3201,112,2034,2023-11-30,2,80.36,Online
3202,171,2426,2025-04-15,2,104.99,Online
3203,200,2239,2023-05-05,5,241.01,Online
3204,120,2310,2023-10-31,5,203.21,In-Store
3205,149,2798,2023-06-11,3,198.31,In-Store
3206,192,2518,2025-11-12,2,53.05,Online
3207,164,2571,2024-10-15,3,22.03,Online
3208,114,2082,2024-11-27,3,195.54,Online
3209,145,2886,2024-11-26,3,62.85,Online
3210,109,2189,2024-06-19,4,101.18,Online
3211,190,2549,2024-03-13,1,197.23,In-Store
3212,200,2248,2023-06-13,4,241.01,Online
3213,189,2607,2024-09-01,4,60.42,In-Store
3214,142,2570,2023-11-10,2,248.84,In-Store
3215,116,2292,2023-07-17,1,98.84,Online
3216,161,2263,2025-06-26,5,177.18,Online
3217,142,2155,2023-04-19,2,248.84,Online
3218,168,2142,2025-11-15,5,152.68,In-Store
3219,127,2694,2024-03-04,4,200.1,Online
3220,151,2972,2023-12-26,1,108.66,In-Store
3221,127,2493,2025-01-06,3,200.1,Online
3222,138,2622,2025-07-24,1,185.66,Online
3223,187,2773,2024-04-24,4,149.8,In-Store
3224,200,2743,2024-02-12,3,241.01,In-Store
3225,104,2869,2025-05-09,1,65.84,In-Store
3226,108,2064,2025-04-09,2,61.68,Online
3227,175,2676,2025-08-30,4,233.98,Online
3228,128,2880,2023-09-17,3,101.59,Online
3229,114,2532,2023-05-05,2,195.54,Online
3230,152,2929,2025-04-19,1,106.63,Online
3231,130,2758,2025-02-02,2,190.21,Online
3232,166,2696,2025-08-16,4,152.81,Online
3233,122,2129,2023-09-01,5,167.31,Online
3234,170,2373,2024-08-14,3,59.02,In-Store
3235,177,2643,2023-11-28,4,246.12,Online
3236,110,2907,2024-01-02,5,73.49,Online
3237,127,2863,2023-12-25,3,200.1,Online
3238,125,2370,2024-12-13,1,62.64,In-Store
3239,190,2039,2024-03-30,3,197.23,In-Store
3240,153,2758,2025-05-22,3,55.98,In-Store
3241,139,2657,2025-09-20,3,168.34,Online
3242,118,2394,2022-04-25,3,120.94,Online
3243,161,2243,2025-07-25,1,177.18,Online
3244,138,2894,2024-09-22,1,185.66,In-Store
3245,133,2654,2025-10-03,5,212.0,Online
3246,159,2245,2024-10-17,1,49.51,Online
3247,122,2951,2024-06-15,2,167.31,Online
3248,170,2390,2025-04-19,1,59.02,Online
3249,170,2736,2025-06-25,4,59.02,In-Store
3250,140,2193,2025-10-17,4,136.64,Online
3251,200,2794,2025-11-13,1,241.01,In-Store
3252,106,2576,2025-01-30,4,117.81,In-Store
3253,137,2323,2023-07-27,3,67.81,In-Store
3254,153,2164,2024-11-08,4,55.98,In-Store
3255,163,2433,2025-06-16,5,186.58,Online
3256,152,2097,2024-09-07,2,106.63,Online
3257,160,2106,2024-12-11,2,232.36,Online
3258,152,2850,2022-09-23,4,106.63,In-Store
3259,170,2839,2025-11-24,5,59.02,Online
3260,104,2517,2024-10-22,2,65.84,In-Store
3261,163,2367,2025-01-07,3,186.58,In-Store
3262,161,2143,2025-11-08,4,177.18,In-Store
3263,124,2129,2025-08-17,2,112.82,In-Store
3264,178,2821,2024-05-16,3,81.85,Online
3265,113,2476,2025-11-24,1,56.15,In-Store
3266,128,2299,2023-05-07,2,101.59,Online
3267,103,2724,2023-01-24,2,111.26,Online
3268,142,2254,2023-08-23,2,248.84,In-Store
3269,178,2022,2024-08-20,1,81.85,In-Store
3270,121,2702,2025-07-05,3,60.64,Online
3271,148,2841,2025-12-07,5,139.42,In-Store
3272,196,2717,2025-07-09,2,168.41,In-Store
3273,122,2051,2024-12-31,3,167.31,In-Store
3274,171,2250,2024-10-22,3,104.99,In-Store
3275,167,2400,2024-11-18,2,235.98,In-Store
3276,171,2449,2025-06-08,4,104.99,In-Store
3277,198,2169,2025-07-21,1,105.92,In-Store
3278,140,2430,2025-09-23,5,136.64,In-Store
3279,114,2474,2024-03-11,3,195.54,In-Store
3280,168,2159,2025-11-30,1,152.68,Online
3281,148,2867,2024-01-03,2,139.42,In-Store
3282,185,2048,2024-02-22,1,142.4,In-Store
3283,128,2136,2024-11-18,3,101.59,In-Store
3284,145,2691,2024-07-15,4,62.85,Online
3285,155,2459,2025-09-24,5,219.88,Online
3286,175,2029,2024-09-01,5,233.98,Online
3287,169,2138,2025-01-17,2,167.77,Online
3288,168,2870,2024-11-22,3,152.68,Online
3289,155,2600,2024-12-08,5,219.88,Online
3290,125,2868,2025-07-16,3,62.64,Online
3291,167,2986,2025-08-16,5,235.98,Online
3292,184,2769,2024-05-16,2,195.07,Online
3293,111,2040,2025-02-21,2,243.55,Online
3294,131,2112,2024-09-06,5,114.34,In-Store
3295,158,2450,2025-11-21,2,126.55,In-Store
3296,125,2509,2024-11-22,4,62.64,In-Store
3297,199,2815,2024-05-01,5,37.68,In-Store
3298,108,2962,2024-11-09,4,61.68,In-Store
3299,145,2113,2023-03-19,3,62.85,Online
3300,169,2350,2023-06-07,3,167.77,In-Store
3301,180,2994,2024-03-28,5,77.62,Online
3302,133,2139,2023-09-18,4,212.0,Online
3303,199,2334,2023-03-09,4,37.68,Online
3304,109,2921,2024-03-31,4,101.18,Online
3305,105,2519,2025-12-12,4,57.72,In-Store
3306,132,2775,2025-02-09,2,243.25,Online
3307,132,2865,2025-09-02,3,243.25,Online
3308,136,2260,2023-07-04,3,220.89,Online
3309,190,2045,2024-05-27,1,197.23,Online
3310,179,2020,2024-11-24,4,37.7,Online
3311,155,2727,2025-12-20,3,219.88,In-Store
3312,160,2822,2024-05-20,1,232.36,In-Store
3313,159,2264,2025-11-25,1,49.51,In-Store
3314,155,2171,2024-08-30,4,219.88,In-Store
3315,172,2941,2025-09-20,1,232.96,In-Store
3316,170,2548,2022-11-24,1,59.02,In-Store
3317,143,2653,2024-05-26,1,39.04,In-Store
3318,135,2952,2023-12-09,1,87.8,In-Store
3319,132,2971,2025-02-02,5,243.25,Online
3320,127,2415,2025-10-27,3,200.1,Online
3321,141,2987,2024-10-28,1,232.94,In-Store
3322,140,2983,2024-05-20,4,136.64,In-Store
3323,113,2020,2025-07-03,1,56.15,Online
3324,160,2003,2024-08-20,3,232.36,In-Store
3325,185,2999,2025-11-03,3,142.4,In-Store
3326,177,2688,2025-07-31,3,246.12,In-Store
3327,169,2700,2024-09-18,1,167.77,Online
3328,128,2243,2025-08-10,2,101.59,In-Store
3329,157,2018,2024-05-10,5,232.33,In-Store
3330,157,2801,2025-02-03,3,232.33,Online
3331,128,2294,2025-07-25,5,101.59,In-Store
3332,170,2656,2025-07-19,4,59.02,Online
3333,125,2366,2023-04-07,5,62.64,Online
3334,137,2488,2025-07-20,1,67.81,Online
3335,184,2161,2024-12-23,3,195.07,In-Store
3336,138,2934,2025-07-25,4,185.66,Online
3337,110,2175,2024-12-12,4,73.49,In-Store
3338,181,2342,2025-11-03,5,175.0,Online
3339,145,2780,2024-05-26,4,62.85,Online
3340,192,2085,2025-01-06,5,53.05,Online
3341,130,2066,2024-12-16,3,190.21,Online
3342,176,2016,2024-02-11,4,78.4,Online
3343,134,2476,2025-07-21,3,99.74,In-Store
3344,186,2555,2025-08-29,3,28.06,In-Store
3345,102,2056,2024-05-02,3,186.75,In-Store
3346,137,2499,2022-12-24,3,67.81,In-Store
3347,175,2173,2025-12-18,3,233.98,Online
3348,149,2786,2024-12-08,5,198.31,In-Store
3349,181,2712,2025-03-20,3,175.0,Online
3350,198,2684,2025-12-08,1,105.92,In-Store
3351,148,2965,2025-03-14,5,139.42,Online
3352,190,2080,2025-06-03,3,197.23,Online
3353,166,2399,2023-04-25,4,152.81,In-Store
3354,155,2081,2025-08-06,4,219.88,Online
3355,104,2665,2025-09-11,4,65.84,Online
3356,126,2563,2024-04-25,4,191.39,In-Store
3357,168,2899,2024-09-26,4,152.68,In-Store
3358,163,2030,2025-06-15,2,186.58,Online
3359,116,2267,2024-04-02,1,98.84,Online
3360,189,2670,2024-05-03,5,60.42,In-Store
3361,128,2673,2025-05-11,5,101.59,In-Store
3362,188,2020,2025-11-22,5,20.04,Online
3363,176,2360,2024-05-31,5,78.4,Online
3364,182,2521,2023-12-27,1,227.28,Online
3365,181,2938,2025-08-15,4,175.0,In-Store
3366,151,2059,2023-10-09,3,108.66,In-Store
3367,146,2024,2025-06-17,2,26.18,In-Store
3368,200,2840,2024-10-14,3,241.01,Online
3369,159,2015,2025-02-08,2,49.51,In-Store
3370,123,2104,2025-10-16,1,73.57,Online
3371,148,2141,2025-03-18,2,139.42,In-Store
3372,198,2680,2024-10-03,4,105.92,Online
3373,175,2994,2024-04-18,2,233.98,Online
3374,154,2271,2025-04-18,2,111.25,Online
3375,155,2781,2024-01-07,3,219.88,Online
3376,144,2183,2023-12-16,5,15.05,In-Store
3377,197,2384,2025-12-29,4,217.44,In-Store
3378,191,2287,2025-09-19,5,217.51,Online
3379,158,2097,2025-06-28,2,126.55,In-Store
3380,195,2057,2025-07-03,5,93.92,In-Store
3381,149,2138,2025-11-23,3,198.31,In-Store
3382,183,2092,2025-10-23,3,209.04,In-Store
3383,106,2837,2025-03-18,3,117.81,Online
3384,105,2037,2025-04-02,5,57.72,In-Store
3385,151,2614,2024-06-15,2,108.66,In-Store
3386,133,2311,2023-09-04,5,212.0,Online
3387,131,2472,2024-06-02,5,114.34,In-Store
3388,185,2517,2025-08-11,3,142.4,Online
3389,113,2219,2025-01-11,3,56.15,Online
3390,185,2114,2025-02-10,3,142.4,Online
3391,125,2024,2025-07-19,5,62.64,In-Store
3392,152,2453,2025-01-26,5,106.63,In-Store
3393,194,2388,2023-06-19,2,216.06,Online
3394,193,2875,2025-09-21,4,74.03,Online
3395,148,2431,2024-03-27,4,139.42,Online
3396,175,2112,2024-06-08,3,233.98,Online
3397,151,2525,2025-11-22,3,108.66,In-Store
3398,108,2137,2022-12-19,5,61.68,In-Store
3399,161,2162,2025-05-25,2,177.18,In-Store
3400,187,2472,2024-10-02,4,149.8,In-Store
3401,160,2936,2025-07-25,3,232.36,In-Store
3402,140,2143,2024-07-07,5,136.64,In-Store
3403,118,2322,2022-11-02,5,120.94,In-Store
3404,110,2253,2023-09-30,5,73.49,Online
3405,181,2603,2024-02-28,5,175.0,Online
3406,112,2062,2025-12-03,1,80.36,Online
3407,163,2679,2025-01-27,4,186.58,Online
3408,143,2797,2024-07-08,2,39.04,Online
3409,196,2191,2025-08-01,2,168.41,Online
3410,104,2402,2025-03-05,4,65.84,Online
3411,198,2141,2024-08-08,1,105.92,Online
3412,176,2780,2024-06-05,5,78.4,In-Store
3413,147,2123,2024-06-28,4,133.4,In-Store
3414,196,2913,2023-06-13,3,168.41,Online
3415,121,2914,2023-12-11,3,60.64,In-Store
3416,179,2040,2023-09-25,4,37.7,In-Store
3417,102,2409,2025-07-14,1,186.75,Online
3418,167,2327,2023-07-21,4,235.98,Online
3419,149,2785,2023-10-06,3,198.31,Online
3420,119,2900,2024-01-18,4,212.28,Online
3421,199,2632,2025-11-16,3,37.68,Online
3422,131,2627,2025-10-31,5,114.34,Online
3423,175,2644,2025-09-27,1,233.98,In-Store
3424,138,2484,2024-02-08,2,185.66,Online
3425,168,2842,2025-07-21,1,152.68,Online
3426,156,2359,2024-12-20,4,22.14,In-Store
3427,137,2265,2024-02-09,5,67.81,In-Store
3428,165,2278,2022-09-15,2,240.59,Online
3429,114,2973,2025-12-10,5,195.54,In-Store
3430,164,2303,2023-12-06,5,22.03,Online
3431,161,2082,2024-09-07,1,177.18,Online
3432,145,2716,2025-08-26,3,62.85,Online
3433,168,2884,2024-09-30,2,152.68,Online
3434,168,2036,2025-10-02,4,152.68,Online
3435,115,2833,2025-03-26,1,101.23,Online
3436,103,2420,2025-12-26,3,111.26,In-Store
3437,180,2213,2024-08-30,3,77.62,Online
3438,157,2519,2025-08-19,5,232.33,Online
3439,157,2027,2024-12-20,4,232.33,Online
3440,128,2791,2025-06-28,2,101.59,In-Store
3441,185,2524,2024-10-08,5,142.4,In-Store
3442,188,2794,2025-06-07,1,20.04,Online
3443,153,2377,2024-08-15,2,55.98,In-Store
3444,128,2023,2024-10-11,2,101.59,In-Store
3445,174,2064,2024-12-15,4,139.03,Online
3446,182,2234,2025-05-17,1,227.28,In-Store
3447,194,2236,2025-12-25,5,216.06,Online
3448,108,2781,2025-06-10,1,61.68,In-Store
3449,170,2035,2025-10-20,5,59.02,In-Store
3450,120,2462,2025-02-10,2,203.21,In-Store
3451,103,2417,2024-06-19,2,111.26,In-Store
3452,196,2091,2023-03-07,3,168.41,In-Store
3453,184,2722,2024-07-02,4,195.07,In-Store
3454,197,2919,2022-10-14,4,217.44,Online
3455,141,2830,2024-12-05,1,232.94,In-Store
3456,183,2995,2025-11-23,4,209.04,In-Store
3457,154,2293,2024-07-04,4,111.25,In-Store
3458,130,2621,2025-11-28,1,190.21,Online
3459,142,2471,2024-05-04,1,248.84,In-Store
3460,134,2559,2023-12-07,3,99.74,Online
3461,180,2929,2025-03-19,1,77.62,Online
3462,158,2934,2025-12-27,3,126.55,In-Store
3463,167,2214,2023-05-31,3,235.98,Online
3464,176,2739,2024-11-13,5,78.4,Online
3465,199,2702,2025-07-30,3,37.68,Online
3466,177,2125,2025-03-08,1,246.12,In-Store
3467,145,2745,2024-03-23,2,62.85,In-Store
3468,171,2541,2023-03-12,2,104.99,In-Store
3469,147,2424,2024-05-13,5,133.4,Online
3470,141,2447,2024-01-23,4,232.94,Online
3471,145,2463,2025-07-11,1,62.85,In-Store
3472,173,2390,2022-12-21,2,159.08,In-Store
3473,117,2460,2024-11-02,4,156.19,Online
3474,195,2938,2024-05-09,4,93.92,Online
3475,117,2008,2024-09-22,2,156.19,Online
3476,119,2500,2025-08-12,3,212.28,In-Store
3477,131,2112,2025-11-09,3,114.34,Online
3478,150,2424,2025-08-14,3,33.26,In-Store
3479,139,2716,2025-10-11,1,168.34,In-Store
3480,184,2203,2025-09-16,4,195.07,In-Store
3481,164,2722,2025-09-24,2,22.03,In-Store
3482,114,2342,2024-12-10,5,195.54,Online
3483,181,2199,2025-10-31,4,175.0,Online
3484,119,2653,2025-08-03,4,212.28,Online
3485,116,2718,2023-09-20,1,98.84,Online
3486,194,2203,2024-11-15,2,216.06,In-Store
3487,149,2030,2023-07-12,2,198.31,In-Store
3488,175,2060,2023-08-13,3,233.98,In-Store
3489,156,2355,2025-03-27,5,22.14,In-Store
3490,163,2212,2024-07-28,5,186.58,In-Store
3491,161,2298,2023-08-15,1,177.18,In-Store
3492,194,2856,2024-10-16,1,216.06,In-Store
3493,139,2373,2024-02-07,2,168.34,Online
3494,180,2350,2025-08-22,4,77.62,Online
3495,123,2749,2022-09-05,2,73.57,Online
3496,116,2095,2024-06-22,2,98.84,Online
3497,170,2430,2025-09-23,1,59.02,Online
3498,133,2706,2025-07-07,5,212.0,In-Store
3499,114,2853,2024-11-23,2,195.54,In-Store
3500,143,2421,2025-07-25,1,39.04,Online
3501,170,2702,2024-09-28,3,59.02,Online
3502,188,2839,2025-06-14,1,20.04,Online
3503,165,2917,2024-12-04,3,240.59,Online
3504,149,2056,2024-11-26,4,198.31,Online
3505,135,2305,2025-11-10,1,87.8,In-Store
3506,141,2669,2024-11-15,2,232.94,In-Store
3507,162,2730,2025-04-07,1,55.58,Online
3508,165,2111,2023-09-23,2,240.59,In-Store
3509,135,2766,2025-07-20,4,87.8,Online
3510,106,2979,2025-09-30,1,117.81,Online
3511,196,2313,2025-11-04,5,168.41,In-Store
3512,111,2556,2025-07-29,2,243.55,Online
3513,162,2679,2025-02-14,3,55.58,Online
3514,142,2186,2024-07-11,1,248.84,In-Store
3515,114,2661,2025-07-24,5,195.54,Online
3516,160,2956,2025-05-13,2,232.36,In-Store
3517,107,2862,2025-03-29,1,177.55,Online
3518,145,2432,2025-01-31,2,62.85,Online
3519,173,2947,2025-06-20,1,159.08,Online
3520,120,2236,2025-12-26,4,203.21,Online
3521,138,2549,2023-05-09,1,185.66,Online
3522,170,2215,2024-11-27,4,59.02,In-Store
3523,158,2916,2025-05-11,5,126.55,In-Store
3524,166,2042,2025-02-22,2,152.81,In-Store
3525,113,2621,2025-06-19,3,56.15,In-Store
3526,176,2983,2025-06-28,4,78.4,In-Store
3527,121,2730,2023-04-16,4,60.64,In-Store
3528,104,2393,2024-06-08,2,65.84,In-Store
3529,127,2533,2024-02-13,4,200.1,In-Store
3530,162,2147,2024-08-02,3,55.58,Online
3531,165,2688,2024-12-03,3,240.59,Online
3532,136,2392,2022-09-11,4,220.89,In-Store
3533,139,2389,2025-09-09,5,168.34,Online
3534,104,2446,2024-12-08,2,65.84,In-Store
3535,181,2040,2023-10-27,4,175.0,In-Store
3536,157,2987,2025-09-15,4,232.33,In-Store
3537,128,2153,2025-08-12,4,101.59,In-Store
3538,179,2373,2025-01-05,3,37.7,In-Store
3539,147,2418,2024-10-11,2,133.4,Online
3540,195,2189,2024-10-08,2,93.92,Online
3541,176,2360,2025-05-15,2,78.4,In-Store
3542,160,2178,2025-10-08,5,232.36,In-Store
3543,119,2320,2024-11-14,3,212.28,Online
3544,195,2343,2024-05-28,2,93.92,In-Store
3545,117,2345,2024-03-01,5,156.19,In-Store
3546,135,2356,2025-02-12,5,87.8,In-Store
3547,192,2399,2023-02-03,2,53.05,Online
3548,111,2858,2025-05-27,5,243.55,Online
3549,161,2064,2025-07-04,5,177.18,In-Store
3550,119,2854,2023-11-03,4,212.28,Online
3551,146,2165,2025-05-17,2,26.18,In-Store
3552,126,2683,2024-12-15,3,191.39,Online
3553,126,2631,2025-10-04,4,191.39,Online
3554,136,2059,2023-10-14,4,220.89,In-Store
3555,166,2521,2024-09-28,2,152.81,Online
3556,148,2325,2024-12-29,3,139.42,Online
3557,129,2123,2025-12-30,1,216.59,Online
3558,129,2305,2023-07-28,1,216.59,Online
3559,171,2997,2022-04-27,3,104.99,Online
3560,166,2422,2025-05-08,3,152.81,Online
3561,105,2445,2025-09-24,2,57.72,Online
3562,136,2968,2025-03-02,1,220.89,In-Store
3563,176,2861,2025-09-04,3,78.4,In-Store
3564,101,2793,2024-09-06,3,187.97,Online
3565,193,2483,2025-03-29,3,74.03,Online
3566,181,2352,2025-11-27,5,175.0,Online
3567,107,2783,2025-11-26,2,177.55,Online
3568,125,2504,2025-07-07,1,62.64,In-Store
3569,196,2256,2024-01-25,5,168.41,In-Store
3570,155,2006,2025-09-20,3,219.88,Online
3571,175,2487,2023-05-18,2,233.98,In-Store
3572,159,2155,2022-12-05,1,49.51,Online
3573,195,2077,2025-12-26,4,93.92,In-Store
3574,147,2690,2025-04-28,4,133.4,Online
3575,133,2525,2025-05-14,1,212.0,In-Store
3576,157,2889,2024-08-25,5,232.33,Online
3577,153,2570,2024-07-22,1,55.98,In-Store
3578,115,2720,2025-09-18,5,101.23,In-Store
3579,105,2199,2025-01-10,1,57.72,In-Store
3580,196,2882,2024-02-26,2,168.41,Online
3581,109,2614,2025-12-28,3,101.18,In-Store
3582,125,2899,2024-03-18,1,62.64,Online
3583,108,2784,2025-03-17,3,61.68,Online
3584,178,2009,2024-08-26,5,81.85,In-Store
3585,142,2304,2024-07-01,5,248.84,In-Store
3586,185,2117,2024-11-15,3,142.4,In-Store
3587,103,2907,2024-02-07,5,111.26,In-Store
3588,103,2804,2025-04-01,1,111.26,In-Store
3589,123,2414,2024-12-11,2,73.57,Online
3590,114,2850,2025-11-01,2,195.54,In-Store
3591,130,2058,2024-11-03,4,190.21,In-Store
3592,125,2812,2024-08-06,1,62.64,In-Store
3593,200,2107,2025-09-05,1,241.01,In-Store
3594,166,2415,2023-04-08,2,152.81,Online
3595,126,2610,2025-11-08,1,191.39,In-Store
3596,146,2867,2024-10-22,2,26.18,In-Store
3597,193,2813,2024-02-21,4,74.03,Online
3598,183,2217,2025-11-23,3,209.04,In-Store
3599,175,2361,2025-06-18,3,233.98,In-Store
3600,147,2628,2025-03-06,3,133.4,Online
3601,189,2248,2024-03-21,3,60.42,Online
3602,157,2519,2025-01-24,3,232.33,In-Store
3603,108,2639,2023-02-08,4,61.68,Online
3604,175,2808,2025-12-13,3,233.98,Online
3605,180,2526,2023-10-06,2,77.62,Online
3606,154,2602,2024-06-25,1,111.25,Online
3607,152,2839,2025-03-06,1,106.63,Online
3608,121,2248,2025-06-26,2,60.64,Online
3609,154,2969,2022-09-06,1,111.25,Online
3610,191,2141,2025-09-27,3,217.51,Online
3611,198,2272,2023-11-15,5,105.92,In-Store
3612,166,2345,2025-08-18,3,152.81,Online
3613,185,2715,2025-12-13,1,142.4,Online
3614,196,2752,2025-09-29,2,168.41,Online
3615,106,2623,2023-01-01,2,117.81,Online
3616,138,2415,2023-08-09,1,185.66,In-Store
3617,167,2885,2025-06-25,2,235.98,Online
3618,189,2635,2023-04-30,1,60.42,In-Store
3619,180,2371,2024-11-05,5,77.62,Online
3620,199,2623,2025-03-19,2,37.68,In-Store
3621,181,2679,2025-04-14,2,175.0,In-Store
3622,186,2882,2024-10-07,5,28.06,Online
3623,115,2164,2025-10-29,2,101.23,Online
3624,188,2775,2023-09-04,2,20.04,Online
3625,101,2843,2024-03-19,2,187.97,Online
3626,174,2942,2025-12-23,1,139.03,Online
3627,177,2275,2024-05-03,2,246.12,In-Store
3628,136,2634,2023-08-18,2,220.89,In-Store
3629,138,2794,2025-12-16,5,185.66,In-Store
3630,134,2630,2025-05-06,5,99.74,In-Store
3631,146,2547,2025-01-05,4,26.18,In-Store
3632,160,2018,2025-01-18,2,232.36,Online
3633,197,2972,2025-03-25,3,217.44,In-Store
3634,112,2204,2023-01-09,1,80.36,Online
3635,108,2856,2024-05-27,4,61.68,In-Store
3636,104,2275,2025-11-12,1,65.84,In-Store
3637,114,2503,2023-10-08,4,195.54,Online
3638,150,2253,2025-10-25,1,33.26,In-Store
3639,172,2367,2025-07-07,5,232.96,Online
3640,155,2091,2025-04-05,3,219.88,In-Store
3641,137,2192,2025-03-26,3,67.81,In-Store
3642,142,2925,2025-02-17,4,248.84,In-Store
3643,134,2546,2025-12-04,3,99.74,Online
3644,144,2576,2023-09-10,5,15.05,Online
3645,128,2400,2024-01-21,3,101.59,In-Store
3646,130,2744,2025-05-16,4,190.21,In-Store
3647,167,2072,2025-02-12,4,235.98,In-Store
3648,134,2193,2025-07-23,2,99.74,Online
3649,119,2531,2025-07-14,4,212.28,In-Store
3650,170,2779,2024-07-01,2,59.02,In-Store
3651,156,2417,2024-08-20,2,22.14,In-Store
3652,170,2447,2024-12-16,1,59.02,In-Store
3653,190,2556,2023-06-03,2,197.23,Online
3654,171,2007,2024-04-17,1,104.99,Online
3655,191,2192,2025-02-24,4,217.51,Online
3656,170,2615,2024-02-10,3,59.02,Online
3657,183,2304,2024-07-07,4,209.04,In-Store
3658,157,2206,2024-01-19,3,232.33,In-Store
3659,186,2034,2024-02-18,2,28.06,In-Store
3660,182,2409,2025-09-07,4,227.28,In-Store
3661,139,2819,2024-07-03,2,168.34,In-Store
3662,198,2605,2022-09-21,3,105.92,Online
3663,133,2707,2024-05-20,3,212.0,In-Store
3664,108,2982,2025-08-10,3,61.68,Online
3665,128,2495,2025-01-05,5,101.59,In-Store
3666,102,2749,2023-04-08,4,186.75,In-Store
3667,154,2221,2022-11-26,3,111.25,Online
3668,193,2711,2025-02-12,3,74.03,In-Store
3669,183,2599,2025-05-07,1,209.04,Online
3670,194,2258,2025-09-10,3,216.06,In-Store
3671,185,2050,2024-03-14,2,142.4,In-Store
3672,134,2623,2025-09-18,4,99.74,Online
3673,120,2048,2023-11-19,4,203.21,In-Store
3674,197,2452,2024-12-13,2,217.44,Online
3675,168,2614,2025-02-26,2,152.68,In-Store
3676,157,2540,2025-08-12,3,232.33,In-Store
3677,187,2322,2025-04-07,3,149.8,Online
3678,125,2817,2024-04-20,3,62.64,Online
3679,145,2058,2025-10-07,5,62.85,Online
3680,144,2380,2023-10-24,4,15.05,In-Store
3681,185,2595,2024-03-08,3,142.4,Online
3682,130,2816,2024-12-10,2,190.21,In-Store
3683,103,2291,2024-05-24,5,111.26,In-Store
3684,188,2142,2025-10-19,5,20.04,In-Store
3685,184,2527,2023-01-13,4,195.07,In-Store
3686,170,2075,2025-07-14,2,59.02,In-Store
3687,114,2980,2025-10-07,2,195.54,In-Store
3688,195,2075,2025-09-24,1,93.92,In-Store
3689,133,2343,2023-08-03,2,212.0,Online
3690,178,2526,2024-08-13,3,81.85,In-Store
3691,116,2746,2025-08-22,2,98.84,In-Store
3692,104,2175,2024-11-14,4,65.84,In-Store
3693,135,2141,2025-05-15,5,87.8,Online
3694,187,2250,2025-01-02,5,149.8,Online
3695,120,2734,2025-04-08,1,203.21,Online
3696,149,2269,2025-05-13,5,198.31,In-Store
3697,129,2122,2025-02-15,4,216.59,In-Store
3698,106,2995,2024-05-09,3,117.81,In-Store
3699,194,2620,2023-08-17,2,216.06,In-Store
3700,102,2744,2024-02-20,1,186.75,In-Store
3701,113,2635,2023-06-28,3,56.15,In-Store
3702,151,2920,2024-01-01,4,108.66,In-Store
3703,190,2417,2025-02-14,2,197.23,In-Store
3704,176,2632,2025-04-15,1,78.4,In-Store
3705,102,2279,2025-11-12,3,186.75,Online
3706,151,2096,2025-09-07,5,108.66,In-Store
3707,199,2680,2025-02-12,2,37.68,Online
3708,135,2833,2024-05-23,1,87.8,Online
3709,119,2150,2023-02-07,3,212.28,In-Store
3710,136,2992,2024-06-16,2,220.89,In-Store
3711,182,2157,2024-08-31,5,227.28,Online
3712,179,2344,2025-10-06,4,37.7,In-Store
3713,182,2308,2025-07-31,2,227.28,In-Store
3714,148,2892,2025-05-30,1,139.42,In-Store
3715,118,2657,2024-01-19,5,120.94,Online
3716,160,2642,2025-07-12,1,232.36,Online
3717,199,2830,2024-12-16,1,37.68,Online
3718,134,2095,2023-01-31,2,99.74,Online
3719,125,2530,2025-05-06,2,62.64,Online
3720,144,2422,2025-01-15,3,15.05,In-Store
3721,135,2410,2024-12-04,1,87.8,In-Store
3722,162,2411,2025-04-03,1,55.58,In-Store
3723,172,2326,2025-09-08,5,232.96,Online
3724,141,2378,2025-03-16,4,232.94,In-Store
3725,148,2311,2023-02-28,5,139.42,Online
3726,111,2948,2024-11-17,4,243.55,Online
3727,199,2211,2023-08-29,3,37.68,Online
3728,163,2474,2024-09-08,1,186.58,Online
3729,147,2538,2023-07-11,2,133.4,In-Store
3730,122,2826,2022-05-08,1,167.31,Online
3731,184,2203,2025-03-15,2,195.07,Online
3732,150,2605,2025-03-12,3,33.26,In-Store
3733,174,2812,2024-09-26,4,139.03,Online
3734,112,2680,2025-06-08,3,80.36,In-Store
3735,189,2974,2023-01-05,4,60.42,Online
3736,189,2079,2023-06-24,2,60.42,Online
3737,147,2701,2023-12-15,2,133.4,In-Store
3738,143,2412,2022-01-31,3,39.04,Online
3739,144,2191,2024-11-14,3,15.05,Online
3740,124,2015,2025-03-18,2,112.82,Online
3741,181,2546,2024-07-29,5,175.0,In-Store
3742,175,2949,2025-02-26,5,233.98,In-Store
3743,161,2156,2025-05-16,4,177.18,Online
3744,192,2768,2025-09-24,2,53.05,In-Store
3745,136,2275,2024-09-30,2,220.89,In-Store
3746,115,2293,2024-04-02,4,101.23,Online
3747,140,2888,2024-07-27,4,136.64,Online
3748,132,2724,2025-06-25,5,243.25,In-Store
3749,195,2659,2023-12-17,2,93.92,Online
3750,182,2571,2024-05-04,4,227.28,Online
3751,180,2724,2024-02-20,2,77.62,In-Store
3752,185,2391,2025-10-29,2,142.4,In-Store
3753,199,2630,2025-01-21,4,37.68,Online
3754,192,2715,2025-12-27,2,53.05,In-Store
3755,152,2357,2024-01-07,5,106.63,Online
3756,134,2566,2024-07-18,1,99.74,Online
3757,168,2579,2023-07-12,3,152.68,Online
3758,142,2873,2025-08-03,4,248.84,In-Store
3759,118,2215,2025-07-09,4,120.94,Online
3760,182,2800,2025-04-05,4,227.28,In-Store
3761,116,2154,2025-11-07,2,98.84,Online
3762,186,2386,2025-07-15,1,28.06,Online
3763,153,2299,2023-04-02,5,55.98,Online
3764,162,2567,2024-03-18,3,55.58,Online
3765,115,2353,2025-03-28,4,101.23,In-Store
3766,174,2222,2025-11-12,5,139.03,Online
3767,127,2063,2024-08-17,1,200.1,In-Store
3768,181,2494,2024-03-18,2,175.0,In-Store
3769,150,2052,2024-04-25,1,33.26,In-Store
3770,170,2545,2025-03-10,1,59.02,In-Store
3771,161,2037,2024-06-14,1,177.18,In-Store
3772,148,2085,2024-11-29,3,139.42,In-Store
3773,137,2220,2025-01-22,1,67.81,Online
3774,112,2035,2025-08-29,2,80.36,Online
3775,175,2560,2024-03-04,1,233.98,Online
3776,180,2419,2025-04-29,5,77.62,In-Store
3777,146,2974,2024-05-24,1,26.18,In-Store
3778,126,2864,2024-06-05,2,191.39,Online
3779,165,2004,2024-08-17,4,240.59,In-Store
3780,181,2810,2023-11-11,1,175.0,In-Store
3781,130,2914,2024-11-19,4,190.21,In-Store
3782,171,2565,2023-10-16,1,104.99,Online
3783,165,2775,2025-04-17,1,240.59,In-Store
3784,111,2329,2025-12-19,3,243.55,In-Store
3785,139,2976,2023-12-02,3,168.34,Online
3786,168,2170,2024-02-14,2,152.68,Online
3787,129,2547,2025-09-04,4,216.59,Online
3788,114,2621,2025-07-27,1,195.54,In-Store
3789,167,2302,2025-11-13,4,235.98,Online
3790,143,2231,2024-03-22,3,39.04,In-Store
3791,159,2572,2023-10-12,5,49.51,In-Store
3792,163,2391,2025-03-04,4,186.58,Online
3793,154,2217,2025-06-12,3,111.25,Online
3794,169,2084,2024-11-01,3,167.77,In-Store
3795,182,2394,2023-02-23,5,227.28,In-Store
3796,140,2035,2025-05-15,4,136.64,In-Store
3797,194,2480,2025-09-18,3,216.06,Online
3798,186,2383,2025-10-16,5,28.06,In-Store
3799,130,2531,2024-06-22,4,190.21,Online
3800,139,2059,2025-01-18,3,168.34,Online
3801,179,2041,2025-05-17,3,37.7,In-Store
3802,148,2764,2025-10-18,5,139.42,Online
3803,157,2682,2024-09-11,3,232.33,Online
3804,191,2801,2024-11-27,3,217.51,Online
3805,127,2582,2024-11-27,2,200.1,In-Store
3806,144,2107,2023-07-27,4,15.05,Online
3807,147,2829,2025-05-01,5,133.4,Online
3808,193,2949,2025-07-06,1,74.03,Online
3809,185,2151,2024-12-27,5,142.4,Online
3810,131,2523,2024-05-04,3,114.34,In-Store
3811,146,2998,2024-10-02,3,26.18,In-Store
3812,186,2181,2025-08-03,4,28.06,In-Store
3813,190,2511,2024-04-22,5,197.23,In-Store
3814,103,2889,2025-07-07,4,111.26,Online
3815,196,2113,2023-09-19,4,168.41,Online
3816,150,2195,2023-08-08,1,33.26,Online
3817,169,2302,2025-07-06,2,167.77,Online
3818,132,2082,2025-08-31,3,243.25,Online
3819,113,2745,2025-10-27,4,56.15,In-Store
3820,199,2213,2024-12-12,5,37.68,Online
3821,107,2916,2025-02-06,1,177.55,Online
3822,200,2258,2022-11-24,3,241.01,Online
3823,148,2120,2024-11-14,2,139.42,Online
3824,168,2674,2024-04-03,3,152.68,In-Store
3825,159,2908,2023-03-02,4,49.51,In-Store
3826,103,2902,2025-11-27,4,111.26,Online
3827,110,2651,2025-09-26,5,73.49,In-Store
3828,193,2128,2025-06-10,4,74.03,In-Store
3829,121,2610,2024-10-30,3,60.64,In-Store
3830,192,2854,2025-07-05,5,53.05,Online
3831,174,2067,2025-08-30,4,139.03,Online
3832,165,2287,2025-08-21,3,240.59,In-Store
3833,116,2100,2022-09-24,3,98.84,In-Store
3834,167,2722,2025-10-13,4,235.98,Online
3835,199,2223,2025-06-05,5,37.68,In-Store
3836,138,2331,2025-11-28,4,185.66,Online
3837,172,2690,2025-04-30,1,232.96,In-Store
3838,145,2294,2024-06-09,4,62.85,In-Store
3839,136,2156,2025-07-22,1,220.89,Online
3840,163,2295,2024-10-19,1,186.58,In-Store
3841,174,2764,2025-08-06,3,139.03,Online
3842,162,2260,2025-08-15,4,55.58,Online
3843,133,2283,2025-02-13,3,212.0,In-Store
3844,113,2449,2025-01-31,5,56.15,In-Store
3845,119,2407,2025-01-07,1,212.28,Online
3846,183,2087,2023-03-01,5,209.04,In-Store
3847,170,2517,2024-04-20,5,59.02,Online
3848,131,2974,2025-06-23,3,114.34,In-Store
3849,119,2262,2025-10-08,1,212.28,In-Store
3850,155,2976,2024-12-28,1,219.88,In-Store
3851,116,2855,2023-05-09,4,98.84,In-Store
3852,194,2883,2023-06-03,1,216.06,In-Store
3853,120,2437,2025-09-20,3,203.21,In-Store
3854,180,2512,2023-12-29,2,77.62,Online
3855,135,2847,2023-06-16,4,87.8,In-Store
3856,200,2751,2024-07-19,1,241.01,In-Store
3857,132,2405,2024-11-02,4,243.25,Online
3858,167,2390,2024-08-22,2,235.98,Online
3859,186,2441,2024-12-09,5,28.06,In-Store
3860,166,2507,2023-07-13,4,152.81,Online
3861,165,2601,2024-06-26,2,240.59,Online
3862,135,2535,2023-07-23,5,87.8,Online
3863,164,2136,2025-04-27,4,22.03,In-Store
3864,124,2980,2025-12-31,4,112.82,Online
3865,166,2712,2025-11-29,3,152.81,Online
3866,196,2947,2025-07-09,4,168.41,Online
3867,112,2790,2024-01-04,4,80.36,In-Store
3868,127,2438,2023-07-16,1,200.1,Online
3869,164,2092,2025-01-19,3,22.03,In-Store
3870,193,2336,2024-06-30,5,74.03,Online
3871,195,2275,2024-03-12,1,93.92,Online
3872,116,2563,2024-01-10,1,98.84,Online
3873,106,2033,2023-12-12,4,117.81,In-Store
3874,173,2078,2025-03-18,3,159.08,In-Store
3875,112,2195,2022-12-02,2,80.36,In-Store
3876,170,2809,2024-10-09,5,59.02,Online
3877,187,2595,2024-10-12,2,149.8,Online
3878,193,2799,2024-07-28,2,74.03,In-Store
3879,156,2355,2024-06-20,3,22.14,Online
3880,127,2640,2025-10-29,1,200.1,Online
3881,135,2130,2025-12-05,3,87.8,Online
3882,164,2342,2025-01-30,2,22.03,In-Store
3883,195,2774,2024-10-08,4,93.92,Online
3884,119,2112,2024-10-14,4,212.28,In-Store
3885,193,2213,2025-09-14,2,74.03,Online
3886,191,2162,2023-12-13,4,217.51,Online
3887,158,2915,2023-08-04,2,126.55,Online
3888,111,2664,2022-09-18,4,243.55,Online
3889,130,2333,2025-01-03,2,190.21,Online
3890,147,2078,2025-05-28,4,133.4,In-Store
3891,112,2216,2025-02-20,3,80.36,In-Store
3892,122,2173,2022-05-19,4,167.31,Online
3893,157,2374,2025-09-12,3,232.33,In-Store
3894,156,2724,2023-02-20,2,22.14,In-Store
3895,102,2743,2024-12-06,4,186.75,Online
3896,109,2855,2023-02-02,4,101.18,In-Store
3897,119,2938,2025-11-22,2,212.28,Online
3898,148,2666,2025-04-27,5,139.42,In-Store
3899,118,2001,2025-01-01,1,120.94,In-Store
3900,170,2989,2025-04-26,1,59.02,In-Store
3901,135,2821,2022-05-18,5,87.8,Online
3902,103,2744,2024-06-23,1,111.26,In-Store
3903,147,2954,2024-06-09,4,133.4,In-Store
3904,186,2769,2024-11-17,3,28.06,In-Store
3905,105,2180,2025-10-30,5,57.72,In-Store
3906,148,2500,2023-11-09,4,139.42,In-Store
3907,199,2453,2024-06-12,5,37.68,Online
3908,169,2013,2025-09-22,3,167.77,Online
3909,188,2716,2025-10-12,4,20.04,In-Store
3910,114,2712,2025-12-15,5,195.54,Online
3911,114,2511,2024-05-25,3,195.54,In-Store
3912,125,2832,2024-08-31,5,62.64,Online
3913,196,2447,2024-10-23,3,168.41,Online
3914,167,2637,2025-07-15,2,235.98,In-Store
3915,164,2411,2025-03-15,2,22.03,In-Store
3916,150,2844,2024-09-20,4,33.26,In-Store
3917,132,2088,2025-05-13,5,243.25,In-Store
3918,130,2289,2025-10-09,2,190.21,Online
3919,139,2595,2024-12-16,2,168.34,In-Store
3920,183,3000,2025-10-05,5,209.04,In-Store
3921,144,2922,2025-01-02,4,15.05,Online
3922,149,2914,2024-01-02,3,198.31,Online
3923,166,2025,2023-12-22,5,152.81,In-Store
3924,165,2620,2023-07-04,4,240.59,In-Store
3925,146,2834,2024-01-08,4,26.18,In-Store
3926,117,2373,2024-06-29,5,156.19,In-Store
3927,134,2654,2025-02-15,3,99.74,Online
3928,175,2327,2023-07-09,5,233.98,Online
3929,144,2303,2024-04-29,1,15.05,In-Store
3930,196,2415,2025-04-18,1,168.41,Online
3931,148,2064,2024-12-16,3,139.42,In-Store
3932,139,2927,2024-09-01,5,168.34,In-Store
3933,148,2178,2025-11-26,5,139.42,In-Store
3934,195,2106,2025-02-06,3,93.92,Online
3935,149,2419,2025-03-31,4,198.31,Online
3936,124,2857,2025-07-31,4,112.82,In-Store
3937,150,2532,2024-04-22,1,33.26,Online
3938,123,2142,2025-01-04,1,73.57,In-Store
3939,196,2268,2024-01-21,1,168.41,Online
3940,105,2062,2025-03-24,1,57.72,In-Store
3941,154,2274,2024-12-12,1,111.25,In-Store
3942,105,2851,2025-02-02,1,57.72,Online
3943,101,2909,2023-10-01,1,187.97,In-Store
3944,101,2670,2025-07-22,3,187.97,In-Store
3945,118,2308,2025-09-04,2,120.94,Online
3946,146,2130,2025-01-27,5,26.18,In-Store
3947,142,2216,2025-08-06,3,248.84,Online
3948,109,2865,2023-10-04,1,101.18,In-Store
3949,139,2501,2024-12-29,2,168.34,In-Store
3950,166,2736,2024-09-19,5,152.81,Online
3951,102,2485,2024-01-19,1,186.75,In-Store
3952,158,2172,2025-12-03,4,126.55,Online
3953,164,2073,2023-11-01,2,22.03,In-Store
3954,119,2266,2023-12-26,2,212.28,In-Store
3955,110,2676,2025-01-12,2,73.49,Online
3956,154,2108,2024-01-17,1,111.25,Online
3957,116,2275,2024-06-24,3,98.84,In-Store
3958,171,2808,2025-04-26,5,104.99,In-Store
3959,168,2481,2024-12-16,2,152.68,Online
3960,142,2187,2023-04-04,1,248.84,In-Store
3961,197,2822,2025-08-06,4,217.44,Online
3962,150,2785,2024-08-24,5,33.26,In-Store
3963,124,2727,2024-02-24,5,112.82,In-Store
3964,119,2169,2024-04-08,4,212.28,In-Store
3965,122,2812,2025-11-12,5,167.31,In-Store
3966,172,2464,2025-04-11,1,232.96,In-Store
3967,161,2708,2025-06-26,5,177.18,In-Store
3968,195,2692,2024-07-10,5,93.92,Online
3969,147,2648,2025-07-28,2,133.4,Online
3970,105,2016,2025-11-04,4,57.72,Online
3971,178,2507,2024-07-06,2,81.85,Online
3972,190,2990,2024-05-10,3,197.23,In-Store
3973,117,2374,2024-01-10,2,156.19,In-Store
3974,191,2013,2025-01-21,4,217.51,In-Store
3975,132,2736,2024-03-19,5,243.25,Online
3976,153,2380,2022-10-11,4,55.98,Online
3977,103,2615,2024-10-09,5,111.26,In-Store
3978,181,2129,2024-07-03,4,175.0,Online
3979,102,2871,2025-11-07,4,186.75,In-Store
3980,168,2080,2025-07-28,1,152.68,In-Store
3981,115,2055,2023-12-09,3,101.23,Online
3982,116,2063,2025-02-09,3,98.84,In-Store
3983,115,2432,2025-08-11,2,101.23,Online
3984,121,2100,2023-10-14,5,60.64,Online
3985,166,2072,2024-02-03,4,152.81,In-Store
3986,190,2659,2023-07-10,2,197.23,Online
3987,163,2471,2025-10-18,2,186.58,Online
3988,137,2922,2025-12-25,1,67.81,In-Store
3989,111,2093,2022-09-25,5,243.55,In-Store
3990,107,2683,2025-09-28,2,177.55,In-Store
3991,175,2645,2024-07-19,4,233.98,In-Store
3992,101,2934,2025-09-20,2,187.97,Online
3993,136,2799,2024-11-17,3,220.89,Online
3994,121,2102,2024-10-21,1,60.64,Online
3995,153,2034,2023-05-16,5,55.98,Online
3996,130,2571,2025-10-30,2,190.21,In-Store
3997,166,2365,2025-09-06,4,152.81,Online
3998,117,2167,2025-02-19,1,156.19,Online
3999,193,2471,2025-07-03,1,74.03,Online
4000,172,2926,2023-08-21,3,232.96,Online
4001,186,2390,2025-12-09,1,28.06,In-Store
4002,180,2399,2025-11-28,3,77.62,Online
4003,151,2879,2025-01-17,5,108.66,Online
4004,195,2674,2024-10-03,1,93.92,In-Store
4005,152,2639,2023-08-08,3,106.63,Online
4006,153,2271,2025-08-20,5,55.98,Online
4007,180,2476,2025-05-18,2,77.62,Online
4008,124,2365,2023-04-26,4,112.82,Online
4009,176,2874,2024-02-12,2,78.4,In-Store
4010,126,2928,2025-12-10,3,191.39,In-Store
4011,186,2077,2025-02-04,4,28.06,Online
4012,120,2484,2025-10-30,1,203.21,Online
4013,168,2379,2024-10-03,5,152.68,Online
4014,171,2045,2022-07-12,4,104.99,Online
4015,113,2101,2023-03-10,3,56.15,In-Store
4016,111,2682,2025-12-13,4,243.55,In-Store
4017,112,2157,2025-07-04,4,80.36,In-Store
4018,142,2061,2025-11-02,5,248.84,In-Store
4019,118,2124,2025-07-09,3,120.94,In-Store
4020,136,2142,2024-12-20,5,220.89,In-Store
4021,137,2419,2024-05-27,1,67.81,Online
4022,189,2131,2022-07-29,5,60.42,In-Store
4023,123,2945,2024-05-02,1,73.57,In-Store
4024,127,2533,2025-04-14,4,200.1,In-Store
4025,194,2009,2024-09-14,1,216.06,In-Store
4026,137,2919,2025-01-20,2,67.81,Online
4027,184,2812,2024-04-03,4,195.07,Online
4028,101,2720,2025-02-03,5,187.97,Online
4029,184,2735,2025-03-10,3,195.07,In-Store
4030,159,2448,2023-08-10,2,49.51,Online
4031,152,2870,2024-12-21,4,106.63,In-Store
4032,119,2242,2025-05-01,4,212.28,In-Store
4033,115,2892,2025-09-09,4,101.23,In-Store
4034,115,2736,2024-09-20,4,101.23,Online
4035,154,2029,2024-09-19,1,111.25,Online
4036,147,2774,2024-06-30,1,133.4,In-Store
4037,191,2664,2024-06-06,1,217.51,In-Store
4038,184,2098,2025-06-09,4,195.07,In-Store
4039,196,2804,2022-10-08,5,168.41,In-Store
4040,159,2173,2024-01-13,5,49.51,In-Store
4041,190,2714,2023-08-01,4,197.23,Online
4042,197,2413,2024-06-20,3,217.44,Online
4043,192,2324,2024-06-26,5,53.05,Online
4044,116,2408,2024-10-20,1,98.84,Online
4045,147,2066,2025-12-20,5,133.4,In-Store
4046,138,2076,2023-07-08,1,185.66,Online
4047,123,2490,2025-03-12,5,73.57,In-Store
4048,196,2697,2022-12-08,4,168.41,In-Store
4049,141,2521,2024-05-14,5,232.94,In-Store
4050,149,2383,2024-12-18,5,198.31,In-Store
4051,199,2760,2024-02-09,3,37.68,Online
4052,149,2456,2025-09-01,5,198.31,Online
4053,131,2900,2024-08-07,4,114.34,In-Store
4054,166,2673,2025-05-27,1,152.81,Online
4055,104,2776,2023-03-23,4,65.84,In-Store
4056,170,2672,2025-07-22,3,59.02,Online
4057,191,2654,2024-01-07,2,217.51,Online
4058,128,2877,2025-08-23,4,101.59,In-Store
4059,199,2697,2025-01-04,2,37.68,Online
4060,122,2912,2022-08-24,3,167.31,Online
4061,109,2249,2024-11-09,2,101.18,In-Store
4062,188,2534,2025-06-12,2,20.04,In-Store
4063,185,2303,2023-10-05,4,142.4,In-Store
4064,116,2504,2024-12-09,1,98.84,Online
4065,139,2878,2024-01-12,1,168.34,In-Store
4066,194,2049,2025-09-19,1,216.06,Online
4067,131,2114,2025-02-13,2,114.34,In-Store
4068,173,2056,2023-07-31,1,159.08,In-Store
4069,119,2028,2025-10-19,3,212.28,In-Store
4070,165,2368,2025-12-11,4,240.59,In-Store
4071,139,2898,2024-12-18,5,168.34,In-Store
4072,138,2459,2025-01-26,3,185.66,Online
4073,132,2559,2025-11-16,3,243.25,Online
4074,195,2117,2024-12-14,1,93.92,In-Store
4075,190,2143,2025-03-20,3,197.23,In-Store
4076,156,2593,2025-12-13,3,22.14,In-Store
4077,119,2820,2024-08-24,1,212.28,In-Store
4078,183,2328,2024-04-01,1,209.04,Online
4079,180,2808,2025-04-01,2,77.62,Online
4080,194,2294,2024-11-22,4,216.06,Online
4081,153,2582,2024-10-16,5,55.98,In-Store
4082,174,2968,2025-04-25,4,139.03,In-Store
4083,130,2889,2025-01-01,3,190.21,In-Store
4084,110,2830,2022-08-18,2,73.49,Online
4085,145,2416,2025-11-30,4,62.85,Online
4086,158,2363,2024-12-08,1,126.55,In-Store
4087,194,2527,2024-12-07,4,216.06,Online
4088,157,2052,2024-07-19,4,232.33,Online
4089,122,2074,2023-12-05,3,167.31,Online
4090,174,2254,2024-01-13,2,139.03,In-Store
4091,178,2181,2025-06-06,4,81.85,Online
4092,150,2468,2025-05-10,4,33.26,Online
4093,195,2158,2024-06-25,2,93.92,Online
4094,140,2303,2024-10-17,2,136.64,In-Store
4095,135,2728,2025-12-27,4,87.8,Online
4096,168,2049,2024-08-24,1,152.68,Online
4097,171,2166,2025-11-05,1,104.99,Online
4098,117,2050,2025-02-19,4,156.19,In-Store
4099,114,2615,2023-02-10,2,195.54,Online
4100,121,2590,2024-06-11,4,60.64,Online
4101,155,2626,2022-10-17,2,219.88,In-Store
4102,187,2173,2024-02-07,3,149.8,Online
4103,181,2804,2022-07-23,2,175.0,In-Store
4104,136,2773,2024-03-04,1,220.89,Online
4105,173,2013,2024-08-22,1,159.08,Online
4106,200,2829,2023-08-07,2,241.01,In-Store
4107,171,2937,2025-09-28,4,104.99,Online
4108,125,2121,2024-02-01,5,62.64,In-Store
4109,113,2619,2025-07-27,5,56.15,Online
4110,179,2779,2025-03-24,2,37.7,Online
4111,186,2202,2025-07-12,5,28.06,In-Store
4112,155,2700,2024-12-03,5,219.88,Online
4113,105,2586,2025-04-04,5,57.72,Online
4114,107,2018,2024-09-15,1,177.55,In-Store
4115,104,2655,2025-12-21,3,65.84,Online
4116,185,2899,2025-09-27,4,142.4,In-Store
4117,146,2522,2024-06-14,5,26.18,In-Store
4118,152,2310,2024-10-06,4,106.63,In-Store
4119,174,2343,2023-07-10,3,139.03,In-Store
4120,181,2760,2023-11-25,2,175.0,In-Store
4121,179,2552,2023-11-29,2,37.7,Online
4122,144,2808,2023-12-01,1,15.05,Online
4123,193,2070,2024-07-16,1,74.03,In-Store
4124,155,2113,2023-02-27,2,219.88,Online
4125,164,2777,2024-02-06,3,22.03,In-Store
4126,169,2141,2025-04-19,2,167.77,In-Store
4127,111,2653,2024-11-09,4,243.55,Online
4128,111,2947,2025-11-01,5,243.55,In-Store
4129,104,2300,2023-08-11,4,65.84,Online
4130,138,2623,2024-08-02,2,185.66,In-Store
4131,145,2044,2025-04-06,3,62.85,Online
4132,124,2055,2023-05-12,1,112.82,In-Store
4133,122,2496,2025-03-17,2,167.31,In-Store
4134,152,2983,2025-01-02,4,106.63,In-Store
4135,191,2183,2025-02-27,2,217.51,In-Store
4136,114,2564,2025-11-08,4,195.54,In-Store
4137,164,2793,2025-12-01,5,22.03,Online
4138,183,2804,2022-05-17,2,209.04,In-Store
4139,142,2746,2025-03-25,1,248.84,In-Store
4140,200,2570,2025-10-03,3,241.01,Online
4141,133,2590,2024-07-22,2,212.0,Online
4142,139,2200,2024-10-05,5,168.34,In-Store
4143,160,2893,2024-02-18,2,232.36,Online
4144,124,2617,2025-04-08,1,112.82,Online
4145,141,2229,2025-07-18,3,232.94,In-Store
4146,132,2926,2025-02-27,3,243.25,Online
4147,115,2910,2023-10-03,4,101.23,Online
4148,181,2652,2024-02-14,2,175.0,In-Store
4149,103,2978,2025-03-23,5,111.26,In-Store
4150,102,2172,2025-02-21,4,186.75,Online
4151,130,2038,2025-05-09,1,190.21,In-Store
4152,184,2455,2025-11-13,5,195.07,In-Store
4153,192,2030,2024-11-06,4,53.05,Online
4154,126,2188,2024-04-07,3,191.39,Online
4155,194,2900,2024-06-05,5,216.06,Online
4156,181,2143,2025-03-11,4,175.0,In-Store
4157,177,2199,2025-10-13,5,246.12,Online
4158,136,2572,2024-05-31,5,220.89,Online
4159,185,2077,2025-05-20,3,142.4,In-Store
4160,180,2071,2025-08-25,1,77.62,Online
4161,176,2217,2025-11-10,5,78.4,In-Store
4162,191,2466,2025-09-05,3,217.51,Online
4163,108,2392,2025-06-06,2,61.68,Online
4164,178,2693,2024-12-27,4,81.85,Online
4165,137,2245,2025-06-19,1,67.81,In-Store
4166,170,2399,2023-01-27,1,59.02,In-Store
4167,156,2105,2025-02-12,5,22.14,In-Store
4168,150,2718,2022-07-24,5,33.26,In-Store
4169,189,2053,2023-05-28,4,60.42,Online
4170,125,2346,2025-12-11,5,62.64,In-Store
4171,174,2185,2024-07-20,2,139.03,In-Store
4172,155,2724,2024-10-28,2,219.88,Online
4173,127,2894,2023-08-16,4,200.1,Online
4174,115,2074,2023-11-25,2,101.23,In-Store
4175,115,2001,2022-05-01,1,101.23,Online
4176,191,2111,2024-02-22,2,217.51,In-Store
4177,154,2330,2023-12-03,4,111.25,Online
4178,118,2787,2024-07-01,2,120.94,Online
4179,144,2659,2024-05-26,1,15.05,In-Store
4180,104,2002,2024-08-16,5,65.84,Online
4181,141,2996,2024-10-11,2,232.94,Online
4182,146,2683,2024-06-25,2,26.18,Online
4183,176,2859,2025-01-29,2,78.4,Online
4184,133,2226,2025-10-22,3,212.0,Online
4185,199,2230,2025-04-29,5,37.68,In-Store
4186,135,2080,2025-09-10,1,87.8,In-Store
4187,146,2767,2025-09-17,5,26.18,In-Store
4188,168,2197,2023-05-02,3,152.68,Online
4189,183,2358,2024-09-08,2,209.04,In-Store
4190,144,2981,2023-02-28,5,15.05,In-Store
4191,130,2586,2022-07-30,5,190.21,Online
4192,113,2285,2022-10-29,2,56.15,Online
4193,107,2024,2025-05-20,2,177.55,Online
4194,170,2328,2025-06-28,3,59.02,Online
4195,122,2884,2024-03-08,4,167.31,In-Store
4196,139,2375,2023-08-14,5,168.34,In-Store
4197,174,2388,2024-04-16,2,139.03,Online
4198,190,2035,2025-09-06,5,197.23,Online
4199,196,2074,2023-04-30,4,168.41,In-Store
4200,140,2044,2025-07-15,3,136.64,In-Store
4201,199,2636,2025-02-14,1,37.68,Online
4202,195,2260,2024-10-10,2,93.92,Online
4203,129,2253,2025-04-30,3,216.59,Online
4204,149,2815,2025-02-06,3,198.31,In-Store
4205,196,2610,2025-05-30,1,168.41,In-Store
4206,113,2271,2025-06-05,1,56.15,Online
4207,143,2061,2025-02-14,5,39.04,Online
4208,102,2597,2025-06-17,2,186.75,In-Store
4209,103,2491,2024-08-10,5,111.26,In-Store
4210,199,2220,2024-10-27,5,37.68,Online
4211,107,2593,2024-11-15,2,177.55,In-Store
4212,186,2086,2025-06-22,3,28.06,Online
4213,153,2671,2023-05-25,1,55.98,In-Store
4214,152,2722,2025-03-26,2,106.63,In-Store
4215,199,2844,2025-07-22,4,37.68,Online
4216,154,2235,2024-07-15,3,111.25,In-Store
4217,162,2298,2023-06-06,5,55.58,In-Store
4218,124,2560,2024-01-25,4,112.82,In-Store
4219,185,3000,2024-05-26,4,142.4,Online
4220,149,2246,2024-02-23,3,198.31,In-Store
4221,169,2398,2024-12-21,1,167.77,Online
4222,149,2684,2023-09-12,3,198.31,Online
4223,170,2482,2024-04-17,3,59.02,In-Store
4224,189,2470,2024-04-26,1,60.42,Online
4225,106,2182,2025-01-21,2,117.81,Online
4226,102,2517,2024-10-04,1,186.75,In-Store
4227,114,2973,2025-01-11,5,195.54,Online
4228,106,2772,2025-11-11,5,117.81,In-Store
4229,168,2282,2025-04-30,3,152.68,Online
4230,199,2178,2025-08-08,1,37.68,In-Store
4231,163,2269,2024-10-13,1,186.58,In-Store
4232,135,2023,2025-02-19,1,87.8,Online
4233,106,2568,2023-03-03,1,117.81,Online
4234,182,2434,2022-09-14,4,227.28,Online
4235,149,2500,2024-10-03,3,198.31,In-Store
4236,126,2360,2025-03-21,1,191.39,In-Store
4237,155,2350,2023-11-26,5,219.88,Online
4238,195,2004,2024-09-03,3,93.92,Online
4239,156,2707,2024-09-18,5,22.14,Online
4240,156,2714,2025-03-27,1,22.14,In-Store
4241,192,2131,2023-05-22,2,53.05,Online
4242,152,2078,2025-09-19,5,106.63,Online
4243,195,2040,2024-05-18,1,93.92,In-Store
4244,187,2001,2025-06-13,2,149.8,In-Store
4245,103,2555,2024-11-24,2,111.26,Online
4246,165,2142,2025-09-16,2,240.59,In-Store
4247,196,2577,2024-09-02,5,168.41,In-Store
4248,145,2376,2024-12-27,2,62.85,In-Store
4249,195,2936,2025-09-16,4,93.92,In-Store
4250,101,2863,2024-06-22,2,187.97,Online
4251,130,2999,2025-05-07,3,190.21,In-Store
4252,194,2228,2023-06-08,1,216.06,In-Store
4253,188,2701,2023-11-09,3,20.04,Online
4254,160,2422,2025-09-20,2,232.36,Online
4255,149,2909,2025-08-08,2,198.31,Online
4256,192,2596,2025-11-14,1,53.05,Online
4257,140,2701,2024-03-08,1,136.64,Online
4258,140,2893,2024-10-14,2,136.64,Online
4259,180,2448,2023-10-15,1,77.62,Online
4260,132,2783,2025-03-16,2,243.25,Online
4261,102,2179,2022-10-25,4,186.75,Online
4262,126,2767,2024-10-17,2,191.39,In-Store
4263,155,2031,2024-01-03,2,219.88,Online
4264,177,2959,2025-01-14,3,246.12,In-Store
4265,114,2537,2024-11-28,5,195.54,In-Store
4266,125,2403,2025-10-06,2,62.64,Online
4267,138,2229,2024-12-12,4,185.66,In-Store
4268,117,2781,2024-07-05,2,156.19,In-Store
4269,154,2143,2025-03-26,3,111.25,In-Store
4270,182,2343,2022-06-24,3,227.28,Online
4271,183,2052,2024-08-27,4,209.04,Online
4272,126,2769,2022-08-14,1,191.39,In-Store
4273,188,2548,2024-12-22,3,20.04,Online
4274,144,2670,2024-12-18,1,15.05,In-Store
4275,113,2110,2024-02-13,3,56.15,In-Store
4276,126,2036,2024-11-10,4,191.39,Online
4277,180,2903,2024-07-28,5,77.62,Online
4278,171,2819,2025-05-09,4,104.99,In-Store
4279,188,2009,2024-07-04,2,20.04,In-Store
4280,128,2621,2024-04-23,3,101.59,In-Store
4281,179,2095,2024-06-27,3,37.7,Online
4282,177,2854,2025-07-09,2,246.12,In-Store
4283,199,2758,2024-01-04,1,37.68,Online
4284,143,2339,2025-12-21,4,39.04,In-Store
4285,140,2691,2023-11-19,5,136.64,Online
4286,113,2979,2024-10-26,3,56.15,In-Store
4287,138,2871,2025-12-09,3,185.66,Online
4288,142,2089,2023-10-30,5,248.84,In-Store
4289,106,2402,2025-06-13,4,117.81,Online
4290,196,2007,2023-11-11,5,168.41,Online
4291,188,2511,2024-05-15,3,20.04,In-Store
4292,165,2868,2023-12-03,5,240.59,Online
4293,198,2092,2025-07-25,4,105.92,Online
4294,186,2946,2024-12-31,1,28.06,In-Store
4295,129,2043,2025-04-12,5,216.59,In-Store
4296,108,2291,2024-03-03,4,61.68,Online
4297,173,2398,2024-12-22,1,159.08,In-Store
4298,191,2160,2025-08-10,3,217.51,In-Store
4299,156,2145,2025-10-16,2,22.14,In-Store
4300,116,2754,2025-11-07,5,98.84,In-Store
4301,150,2571,2024-06-29,4,33.26,In-Store
4302,135,2261,2025-12-09,2,87.8,Online
4303,189,2840,2025-02-04,1,60.42,In-Store
4304,115,2870,2025-05-03,4,101.23,Online
4305,156,2428,2025-05-08,3,22.14,In-Store
4306,190,2278,2023-08-05,4,197.23,Online
4307,107,2243,2024-06-17,1,177.55,Online
4308,160,2670,2024-06-14,4,232.36,Online
4309,183,2016,2023-08-16,4,209.04,In-Store
4310,171,2892,2025-03-11,1,104.99,Online
4311,123,2280,2025-12-23,5,73.57,In-Store
4312,154,2631,2022-12-03,2,111.25,Online
4313,163,2434,2023-05-01,3,186.58,Online
4314,109,2201,2024-02-29,3,101.18,Online
4315,159,2820,2025-09-03,4,49.51,Online
4316,153,2755,2024-01-18,5,55.98,In-Store
4317,165,2418,2023-09-19,1,240.59,In-Store
4318,144,2225,2025-03-12,5,15.05,Online
4319,137,2345,2024-02-14,3,67.81,Online
4320,151,2212,2023-03-23,4,108.66,In-Store
4321,136,2679,2025-02-08,2,220.89,Online
4322,146,2493,2025-01-30,2,26.18,In-Store
4323,176,2421,2024-01-27,1,78.4,Online
4324,104,2925,2025-07-03,5,65.84,Online
4325,179,2452,2025-11-02,3,37.7,Online
4326,138,2843,2024-09-03,3,185.66,In-Store
4327,164,2836,2024-07-22,5,22.03,Online
4328,111,2118,2023-03-03,1,243.55,Online
4329,122,2313,2024-01-05,2,167.31,Online
4330,168,2986,2025-10-21,2,152.68,Online
4331,167,2253,2025-10-18,1,235.98,Online
4332,112,2450,2024-12-17,2,80.36,Online
4333,160,2855,2023-02-13,3,232.36,In-Store
4334,108,2442,2024-10-19,4,61.68,Online
4335,148,2614,2025-12-22,2,139.42,Online
4336,109,2860,2023-03-23,2,101.18,In-Store
4337,157,2210,2025-08-29,3,232.33,In-Store
4338,196,2115,2023-05-18,1,168.41,Online
4339,139,2967,2024-10-26,4,168.34,Online
4340,101,2224,2023-08-08,3,187.97,Online
4341,172,2216,2025-07-27,2,232.96,In-Store
4342,198,2788,2024-11-13,1,105.92,Online
4343,163,2453,2023-06-21,1,186.58,Online
4344,192,2993,2025-01-02,1,53.05,In-Store
4345,186,2342,2024-11-15,2,28.06,In-Store
4346,181,2413,2025-06-25,5,175.0,In-Store
4347,141,2330,2025-01-07,2,232.94,Online
4348,106,2767,2025-02-04,4,117.81,Online
4349,132,2172,2025-05-14,4,243.25,In-Store
4350,164,2291,2025-01-19,3,22.03,Online
4351,112,2734,2025-11-18,1,80.36,Online
4352,164,2388,2025-05-18,3,22.03,In-Store
4353,191,2789,2025-09-06,5,217.51,In-Store
4354,133,2553,2023-10-03,5,212.0,Online
4355,200,2523,2023-10-12,1,241.01,Online
4356,119,2090,2025-09-12,1,212.28,In-Store
4357,146,2112,2025-05-13,5,26.18,Online
4358,108,2237,2024-10-11,5,61.68,Online
4359,165,2058,2025-08-12,2,240.59,Online
4360,119,2062,2025-03-05,1,212.28,Online
4361,132,2420,2025-03-11,5,243.25,Online
4362,125,2273,2024-10-04,5,62.64,Online
4363,182,2777,2023-12-21,3,227.28,In-Store
4364,105,2424,2025-04-29,2,57.72,Online
4365,106,2188,2023-08-05,4,117.81,In-Store
4366,131,2726,2025-12-22,2,114.34,Online
4367,140,2116,2025-10-05,2,136.64,Online
4368,106,2011,2025-11-17,2,117.81,In-Store
4369,150,2316,2022-07-20,4,33.26,Online
4370,179,2999,2024-10-18,4,37.7,Online
4371,178,2502,2025-04-18,3,81.85,In-Store
4372,145,2570,2023-05-21,1,62.85,Online
4373,189,2688,2025-11-24,1,60.42,Online
4374,159,2785,2022-08-30,1,49.51,In-Store
4375,150,2005,2024-11-17,5,33.26,Online
4376,122,2908,2022-12-18,2,167.31,In-Store
4377,166,2868,2023-02-07,4,152.81,In-Store
4378,116,2512,2023-11-05,5,98.84,Online
4379,131,2826,2022-12-14,3,114.34,In-Store
4380,159,2006,2024-10-27,1,49.51,In-Store
4381,175,2785,2024-02-17,3,233.98,Online
4382,125,2296,2025-01-26,5,62.64,Online
4383,198,2446,2025-11-30,5,105.92,In-Store
4384,179,2421,2023-10-30,4,37.7,Online
4385,126,2441,2024-05-29,2,191.39,In-Store
4386,168,2828,2025-09-17,5,152.68,Online
4387,127,2237,2025-02-21,4,200.1,In-Store
4388,116,2820,2022-08-09,5,98.84,In-Store
4389,154,2745,2025-01-05,1,111.25,Online
4390,172,2123,2025-07-26,1,232.96,Online
4391,130,2542,2023-10-18,2,190.21,In-Store
4392,194,2378,2024-09-13,3,216.06,Online
4393,192,2698,2024-12-12,5,53.05,In-Store
4394,184,2303,2025-11-18,2,195.07,In-Store
4395,109,2142,2025-07-24,5,101.18,Online
4396,135,2012,2023-04-28,4,87.8,Online
4397,101,2231,2024-11-04,5,187.97,Online
4398,126,2844,2024-03-03,3,191.39,Online
4399,151,2729,2025-06-07,3,108.66,Online
4400,128,2233,2025-12-02,4,101.59,Online
4401,146,2583,2025-03-30,1,26.18,In-Store
4402,163,2060,2022-12-22,4,186.58,Online
4403,106,2973,2024-10-31,4,117.81,In-Store
4404,141,2185,2025-12-16,3,232.94,Online
4405,103,2287,2025-10-24,5,111.26,Online
4406,108,2061,2025-03-01,1,61.68,Online
4407,105,2891,2025-04-29,1,57.72,Online
4408,185,2492,2025-06-22,3,142.4,Online
4409,165,2068,2025-12-31,5,240.59,Online
4410,190,2755,2023-12-10,3,197.23,Online
4411,141,2460,2025-11-16,4,232.94,In-Store
4412,192,2270,2025-03-17,5,53.05,Online
4413,148,2672,2025-05-20,2,139.42,Online
4414,165,2850,2024-06-08,3,240.59,Online
4415,114,2250,2024-11-29,1,195.54,Online
4416,199,2524,2024-06-18,5,37.68,In-Store
4417,190,2741,2025-04-15,2,197.23,In-Store
4418,121,2656,2024-12-03,3,60.64,Online
4419,123,2731,2024-01-29,2,73.57,In-Store
4420,121,2467,2023-10-11,3,60.64,In-Store
4421,149,2850,2023-05-25,1,198.31,In-Store
4422,156,2913,2024-01-31,1,22.14,In-Store
4423,143,2574,2023-04-09,4,39.04,In-Store
4424,128,2986,2025-12-23,4,101.59,Online
4425,110,2673,2024-07-05,3,73.49,In-Store
4426,149,2233,2022-12-03,2,198.31,In-Store
4427,175,2314,2025-02-28,3,233.98,In-Store
4428,189,2556,2025-07-02,2,60.42,In-Store
4429,168,2129,2024-01-13,1,152.68,Online
4430,127,2734,2025-07-06,4,200.1,In-Store
4431,175,2526,2024-11-07,3,233.98,In-Store
4432,154,2602,2025-12-30,5,111.25,Online
4433,198,2915,2024-01-14,1,105.92,In-Store
4434,152,2655,2025-02-11,5,106.63,Online
4435,178,2147,2024-11-28,3,81.85,Online
4436,166,2816,2025-05-26,5,152.81,Online
4437,128,2857,2025-11-09,3,101.59,Online
4438,133,2878,2024-09-27,1,212.0,In-Store
4439,140,2907,2024-05-13,2,136.64,Online
4440,181,2048,2024-06-01,3,175.0,Online
4441,114,2984,2025-04-12,5,195.54,In-Store
4442,174,2785,2023-03-06,4,139.03,Online
4443,133,2856,2024-08-15,1,212.0,Online
4444,165,2340,2023-11-28,5,240.59,In-Store
4445,135,2723,2025-11-06,1,87.8,Online
4446,170,2864,2025-12-14,2,59.02,Online
4447,182,2092,2025-07-07,1,227.28,Online
4448,153,2509,2025-07-07,2,55.98,Online
4449,187,2733,2024-11-05,3,149.8,Online
4450,134,2567,2024-04-16,4,99.74,Online
4451,180,2173,2022-06-23,1,77.62,In-Store
4452,156,2953,2024-05-27,4,22.14,Online
4453,191,2593,2025-09-07,5,217.51,In-Store
4454,118,2285,2025-07-27,5,120.94,Online
4455,173,2180,2024-05-10,2,159.08,Online
4456,119,2607,2025-09-19,1,212.28,Online
4457,162,2310,2023-09-19,3,55.58,In-Store
4458,190,2508,2023-07-13,5,197.23,Online
4459,163,2466,2024-08-10,2,186.58,In-Store
4460,101,2251,2025-05-04,4,187.97,In-Store
4461,130,2047,2024-11-12,3,190.21,Online
4462,191,2224,2024-12-20,1,217.51,Online
4463,119,2639,2024-11-01,3,212.28,In-Store
4464,173,2590,2024-10-24,1,159.08,Online
4465,166,2683,2025-05-06,5,152.81,Online
4466,131,2498,2023-09-10,5,114.34,In-Store
4467,146,2102,2023-08-26,5,26.18,In-Store
4468,103,2073,2024-03-14,2,111.26,In-Store
4469,182,2716,2025-07-21,4,227.28,In-Store
4470,177,2372,2025-12-23,1,246.12,Online
4471,159,2807,2025-05-12,2,49.51,Online
4472,151,2433,2025-08-23,2,108.66,Online
4473,123,2841,2025-11-15,5,73.57,Online
4474,106,2025,2023-08-09,2,117.81,In-Store
4475,195,2014,2025-03-31,3,93.92,In-Store
4476,155,2377,2025-01-26,1,219.88,Online
4477,145,2451,2024-03-27,1,62.85,In-Store
4478,104,2285,2023-03-15,5,65.84,In-Store
4479,195,2909,2025-10-25,1,93.92,In-Store
4480,170,2807,2025-12-26,1,59.02,In-Store
4481,108,2806,2024-09-17,4,61.68,In-Store
4482,183,2883,2024-11-28,4,209.04,Online
4483,154,2365,2025-12-15,1,111.25,Online
4484,148,2288,2024-06-13,4,139.42,Online
4485,139,2944,2023-01-02,2,168.34,Online
4486,101,2072,2025-06-12,2,187.97,In-Store
4487,151,2479,2025-01-17,4,108.66,Online
4488,122,2873,2025-12-16,1,167.31,In-Store
4489,182,2434,2022-12-20,4,227.28,Online
4490,178,2046,2025-06-27,2,81.85,Online
4491,102,2015,2025-12-27,2,186.75,Online
4492,152,2906,2024-02-22,3,106.63,In-Store
4493,195,2392,2022-09-30,4,93.92,Online
4494,182,2475,2025-02-09,5,227.28,Online
4495,175,2912,2025-02-13,4,233.98,In-Store
4496,184,2166,2025-10-02,5,195.07,Online
4497,103,2332,2025-07-04,2,111.26,In-Store
4498,189,2782,2024-05-20,1,60.42,Online
4499,151,2693,2025-01-16,3,108.66,Online
4500,196,2546,2025-10-23,2,168.41,In-Store
4501,108,2858,2025-05-07,2,61.68,In-Store
4502,133,2137,2025-11-23,5,212.0,Online
4503,116,2220,2025-08-18,1,98.84,Online
4504,156,2758,2024-04-16,3,22.14,Online
4505,195,2472,2024-04-19,1,93.92,In-Store
4506,160,2414,2025-04-26,1,232.36,Online
4507,194,2657,2025-01-29,3,216.06,Online
4508,192,2628,2024-07-08,3,53.05,Online
4509,192,2310,2023-03-17,4,53.05,In-Store
4510,193,2509,2025-08-22,2,74.03,In-Store
4511,116,2660,2025-08-05,5,98.84,In-Store
4512,116,2510,2025-12-09,5,98.84,In-Store
4513,200,2217,2025-11-04,3,241.01,In-Store
4514,137,2851,2024-10-07,5,67.81,In-Store
4515,152,2600,2023-10-07,5,106.63,In-Store
4516,122,2711,2025-10-17,4,167.31,Online
4517,143,2862,2024-12-05,3,39.04,Online
4518,175,2604,2024-10-28,1,233.98,In-Store
4519,142,2068,2025-02-06,5,248.84,Online
4520,132,2183,2024-05-22,2,243.25,Online
4521,180,2912,2023-06-08,2,77.62,In-Store
4522,130,2432,2025-02-19,4,190.21,In-Store
4523,189,2370,2024-08-25,4,60.42,Online
4524,160,2292,2025-12-20,4,232.36,Online
4525,130,2204,2024-05-08,1,190.21,In-Store
4526,177,2693,2025-07-15,1,246.12,In-Store
4527,128,2959,2024-06-29,2,101.59,In-Store
4528,111,2938,2025-06-02,2,243.55,Online
4529,119,2613,2024-11-26,5,212.28,In-Store
4530,104,2605,2023-10-03,5,65.84,Online
4531,109,2233,2025-10-31,1,101.18,In-Store
4532,145,2160,2024-06-04,3,62.85,In-Store
4533,151,2962,2025-05-20,1,108.66,Online
4534,153,2310,2025-07-21,3,55.98,Online
4535,174,2350,2023-11-02,4,139.03,In-Store
4536,106,2625,2025-09-12,2,117.81,In-Store
4537,150,2113,2023-12-10,1,33.26,In-Store
4538,177,2996,2025-08-16,3,246.12,In-Store
4539,200,2908,2022-11-28,2,241.01,Online
4540,182,2892,2025-04-08,4,227.28,In-Store
4541,192,2197,2023-06-02,2,53.05,Online
4542,142,2819,2025-01-10,3,248.84,In-Store
4543,136,2341,2022-11-28,3,220.89,Online
4544,103,2146,2025-12-17,3,111.26,In-Store
4545,152,2691,2024-10-14,2,106.63,Online
4546,160,2132,2024-08-18,5,232.36,In-Store
4547,102,2163,2025-02-08,1,186.75,Online
4548,194,2457,2025-11-01,2,216.06,In-Store
4549,168,2515,2024-10-06,1,152.68,Online
4550,184,2547,2025-08-23,5,195.07,In-Store
4551,102,2692,2025-05-30,4,186.75,In-Store
4552,133,2040,2023-05-31,1,212.0,Online
4553,185,2301,2025-06-30,5,142.4,Online
4554,177,2534,2022-09-04,1,246.12,Online
4555,149,2404,2025-09-18,3,198.31,Online
4556,182,2950,2023-06-14,1,227.28,In-Store
4557,178,2566,2025-02-26,1,81.85,In-Store
4558,121,2364,2023-10-15,3,60.64,Online
4559,163,2546,2025-06-16,1,186.58,In-Store
4560,167,2476,2025-06-01,2,235.98,Online
4561,142,2208,2025-04-12,4,248.84,In-Store
4562,124,2717,2024-08-28,1,112.82,In-Store
4563,128,2076,2023-12-19,3,101.59,In-Store
4564,133,2406,2023-10-20,4,212.0,In-Store
4565,136,2490,2024-09-01,5,220.89,In-Store
4566,117,2462,2024-03-29,2,156.19,Online
4567,122,2913,2025-03-10,2,167.31,In-Store
4568,196,2855,2024-09-07,2,168.41,Online
4569,162,2084,2024-12-20,1,55.58,Online
4570,189,2684,2025-11-22,4,60.42,In-Store
4571,130,2915,2023-01-14,2,190.21,Online
4572,149,2662,2024-09-14,1,198.31,In-Store
4573,197,2626,2025-07-20,5,217.44,In-Store
4574,169,2080,2025-01-26,2,167.77,Online
4575,160,2773,2023-10-25,4,232.36,Online
4576,121,2913,2023-03-04,2,60.64,In-Store
4577,159,2304,2025-06-16,2,49.51,Online
4578,190,2158,2024-08-24,4,197.23,Online
4579,163,2596,2025-03-09,5,186.58,Online
4580,123,2802,2025-02-28,1,73.57,Online
4581,148,2789,2025-11-23,2,139.42,Online
4582,187,2391,2024-02-11,5,149.8,Online
4583,160,2075,2023-05-10,4,232.36,Online
4584,124,2778,2023-06-20,4,112.82,Online
4585,177,2812,2025-12-18,5,246.12,In-Store
4586,192,2469,2025-01-27,4,53.05,In-Store
4587,161,2233,2025-09-30,5,177.18,In-Store
4588,156,2038,2025-03-10,1,22.14,Online
4589,125,2707,2024-10-22,4,62.64,Online
4590,146,2173,2025-10-15,5,26.18,In-Store
4591,185,2799,2024-08-04,3,142.4,Online
4592,173,2262,2024-09-27,5,159.08,In-Store
4593,132,2847,2022-08-10,2,243.25,In-Store
4594,162,2192,2025-01-05,5,55.58,Online
4595,126,2645,2024-05-31,4,191.39,In-Store
4596,133,2530,2025-01-04,1,212.0,Online
4597,183,2132,2025-06-03,2,209.04,In-Store
4598,129,2937,2025-10-06,1,216.59,In-Store
4599,114,2228,2024-09-30,5,195.54,Online
4600,162,2440,2023-10-07,4,55.58,In-Store
4601,163,2343,2025-12-11,5,186.58,Online
4602,161,2251,2025-02-18,1,177.18,Online
4603,164,2474,2024-06-20,1,22.03,In-Store
4604,136,2626,2025-11-30,5,220.89,Online
4605,102,2370,2024-10-12,2,186.75,In-Store
4606,151,2031,2025-01-21,4,108.66,Online
4607,160,2098,2025-09-27,5,232.36,In-Store
4608,134,2633,2025-04-06,4,99.74,In-Store
4609,127,2186,2024-11-13,4,200.1,Online
4610,107,2674,2025-07-31,2,177.55,Online
4611,119,2305,2025-09-16,5,212.28,Online
4612,125,2937,2024-12-15,3,62.64,In-Store
4613,115,2666,2023-09-21,3,101.23,Online
4614,101,2548,2025-03-31,4,187.97,Online
4615,188,2877,2024-12-12,5,20.04,In-Store
4616,137,2475,2024-12-02,1,67.81,In-Store
4617,195,2296,2025-08-15,1,93.92,In-Store
4618,198,2150,2025-08-04,2,105.92,In-Store
4619,108,2566,2025-02-16,2,61.68,Online
4620,143,2875,2025-06-13,1,39.04,In-Store
4621,181,2016,2025-07-04,2,175.0,Online
4622,184,2491,2025-01-25,2,195.07,Online
4623,148,2545,2024-02-07,3,139.42,In-Store
4624,159,2980,2025-08-30,2,49.51,Online
4625,154,2477,2024-11-11,3,111.25,Online
4626,148,2524,2024-02-06,5,139.42,In-Store
4627,168,2758,2023-12-06,3,152.68,In-Store
4628,183,2957,2025-11-04,2,209.04,Online
4629,109,2472,2025-08-13,2,101.18,Online
4630,130,2592,2025-01-04,2,190.21,In-Store
4631,175,2742,2025-07-27,4,233.98,In-Store
4632,128,2084,2023-04-05,5,101.59,In-Store
4633,178,2881,2025-02-27,4,81.85,In-Store
4634,169,2302,2025-10-19,1,167.77,Online
4635,104,2407,2025-01-23,1,65.84,In-Store
4636,113,2955,2022-10-01,5,56.15,Online
4637,141,2721,2025-12-21,4,232.94,In-Store
4638,185,2656,2025-06-26,3,142.4,Online
4639,145,2253,2024-07-25,5,62.85,In-Store
4640,120,2848,2025-11-06,5,203.21,Online
4641,158,2670,2025-08-14,1,126.55,In-Store
4642,191,2932,2024-09-11,4,217.51,In-Store
4643,154,2718,2022-09-02,4,111.25,Online
4644,119,2147,2025-02-19,2,212.28,Online
4645,169,2869,2025-08-11,4,167.77,In-Store
4646,134,2530,2025-04-13,2,99.74,Online
4647,164,2391,2023-12-19,5,22.03,In-Store
4648,145,2420,2025-03-28,4,62.85,Online
4649,109,2517,2025-10-30,1,101.18,In-Store
4650,117,2465,2025-05-28,5,156.19,In-Store
4651,175,2570,2024-05-18,5,233.98,Online
4652,120,2632,2025-08-18,5,203.21,In-Store
4653,143,2241,2023-11-16,2,39.04,In-Store
4654,118,2845,2025-06-09,5,120.94,Online
4655,120,2551,2025-05-15,1,203.21,In-Store
4656,200,2061,2025-12-10,5,241.01,Online
4657,108,2685,2024-10-23,2,61.68,Online
4658,110,2698,2024-12-27,1,73.49,In-Store
4659,153,2651,2025-12-30,1,55.98,In-Store
4660,137,2673,2024-09-16,4,67.81,In-Store
4661,141,2692,2025-11-21,4,232.94,Online
4662,174,2973,2024-03-30,1,139.03,Online
4663,122,2252,2024-03-10,5,167.31,Online
4664,170,2049,2025-04-28,3,59.02,In-Store
4665,184,2210,2023-07-21,2,195.07,In-Store
4666,136,2796,2025-04-20,5,220.89,In-Store
4667,115,2343,2023-04-21,2,101.23,In-Store
4668,117,2476,2025-12-27,3,156.19,Online
4669,160,2737,2025-01-15,2,232.36,In-Store
4670,111,2887,2024-03-30,2,243.55,Online
4671,130,2195,2025-08-10,5,190.21,Online
4672,193,2182,2024-05-24,4,74.03,Online
4673,164,2523,2024-07-12,1,22.03,In-Store
4674,178,2775,2023-12-23,5,81.85,In-Store
4675,157,2762,2025-11-15,2,232.33,In-Store
4676,133,2416,2025-04-04,2,212.0,Online
4677,120,2126,2025-09-21,5,203.21,Online
4678,177,2915,2024-01-07,3,246.12,In-Store
4679,194,2094,2022-12-09,2,216.06,Online
4680,116,2379,2025-11-15,4,98.84,In-Store
4681,119,2898,2024-05-16,1,212.28,In-Store
4682,175,2330,2025-05-22,3,233.98,In-Store
4683,163,2406,2025-04-27,3,186.58,Online
4684,185,2546,2025-06-15,4,142.4,In-Store
4685,191,2734,2025-03-21,2,217.51,Online
4686,154,2007,2024-03-24,3,111.25,Online
4687,172,2263,2025-07-08,5,232.96,Online
4688,176,2059,2025-12-16,1,78.4,In-Store
4689,188,2834,2025-01-04,4,20.04,Online
4690,186,2331,2025-01-06,2,28.06,In-Store
4691,142,2290,2025-07-04,2,248.84,In-Store
4692,140,2252,2022-11-01,1,136.64,In-Store
4693,181,2722,2023-12-17,4,175.0,In-Store
4694,167,2240,2022-08-22,3,235.98,In-Store
4695,174,2139,2024-10-26,1,139.03,In-Store
4696,139,2044,2025-06-14,2,168.34,Online
4697,193,2582,2025-02-14,2,74.03,In-Store
4698,123,2532,2023-10-03,4,73.57,In-Store
4699,150,2629,2025-05-04,5,33.26,Online
4700,117,2011,2024-04-23,4,156.19,In-Store
4701,158,2391,2024-10-12,1,126.55,Online
4702,141,2772,2024-04-10,2,232.94,Online
4703,180,2646,2024-07-23,1,77.62,Online
4704,139,2641,2024-06-16,2,168.34,In-Store
4705,137,2820,2024-07-11,5,67.81,Online
4706,107,2674,2025-09-22,5,177.55,In-Store
4707,156,2987,2024-09-14,5,22.14,Online
4708,195,2156,2025-03-09,1,93.92,In-Store
4709,139,2241,2025-01-13,2,168.34,Online
4710,117,2497,2025-08-18,5,156.19,In-Store
4711,163,2322,2024-04-13,2,186.58,Online
4712,102,2169,2024-08-14,5,186.75,In-Store
4713,173,2702,2025-04-27,1,159.08,In-Store
4714,156,2053,2025-12-16,4,22.14,In-Store
4715,148,2189,2025-08-04,4,139.42,In-Store
4716,150,2248,2023-12-14,2,33.26,Online
4717,164,2678,2025-12-13,3,22.03,In-Store
4718,104,2152,2025-01-05,5,65.84,In-Store
4719,121,2430,2025-09-08,5,60.64,In-Store
4720,111,2720,2024-11-07,3,243.55,In-Store
4721,104,2821,2023-01-02,5,65.84,Online
4722,116,2646,2024-09-04,5,98.84,Online
4723,152,2807,2024-06-13,4,106.63,In-Store
4724,166,2307,2024-08-31,2,152.81,Online
4725,106,2638,2024-04-15,1,117.81,Online
4726,132,2955,2024-04-12,3,243.25,Online
4727,146,2375,2024-12-20,2,26.18,Online
4728,116,2491,2025-11-28,2,98.84,Online
4729,110,2133,2024-08-11,3,73.49,In-Store
4730,119,2987,2024-09-23,2,212.28,Online
4731,174,2546,2025-06-18,3,139.03,In-Store
4732,149,2683,2024-07-26,5,198.31,Online
4733,118,2204,2025-09-02,4,120.94,Online
4734,171,2320,2023-05-02,3,104.99,In-Store
4735,192,2243,2025-01-16,5,53.05,In-Store
4736,129,2069,2024-08-24,5,216.59,In-Store
4737,191,2676,2024-12-21,4,217.51,Online
4738,162,2492,2025-07-24,4,55.58,In-Store
4739,184,2488,2023-12-19,4,195.07,Online
4740,123,2953,2022-08-09,2,73.57,In-Store
4741,113,2593,2025-12-26,2,56.15,In-Store
4742,115,2917,2024-08-16,2,101.23,Online
4743,146,2342,2025-09-15,2,26.18,Online
4744,162,2216,2025-10-25,5,55.58,Online
4745,148,2167,2024-11-06,2,139.42,Online
4746,149,2027,2025-01-02,2,198.31,Online
4747,152,2520,2025-11-16,1,106.63,In-Store
4748,107,2115,2023-01-12,1,177.55,In-Store
4749,169,2340,2025-09-18,1,167.77,Online
4750,107,2822,2025-10-23,2,177.55,In-Store
4751,117,2914,2024-05-29,4,156.19,Online
4752,139,2516,2024-11-26,5,168.34,In-Store
4753,147,2394,2024-02-08,1,133.4,Online
4754,118,2199,2025-05-25,4,120.94,Online
4755,124,2049,2025-08-22,2,112.82,Online
4756,143,2896,2024-10-20,4,39.04,In-Store
4757,130,2823,2025-01-08,3,190.21,In-Store
4758,180,2024,2025-09-09,3,77.62,In-Store
4759,183,2020,2024-09-13,4,209.04,Online
4760,180,2359,2025-08-27,1,77.62,In-Store
4761,156,2856,2024-08-16,5,22.14,Online
4762,153,2817,2025-05-18,4,55.98,In-Store
4763,132,2231,2025-12-07,5,243.25,Online
4764,118,2620,2023-01-20,4,120.94,Online
4765,197,2989,2025-03-05,2,217.44,In-Store
4766,180,2122,2024-12-11,4,77.62,Online
4767,174,2594,2023-11-19,4,139.03,Online
4768,142,2555,2023-12-03,4,248.84,Online
4769,131,2823,2025-09-15,5,114.34,Online
4770,190,2948,2024-05-18,3,197.23,Online
4771,186,2728,2023-08-18,2,28.06,Online
4772,193,2320,2025-01-29,2,74.03,Online
4773,102,2771,2025-06-15,4,186.75,In-Store
4774,110,2832,2025-09-13,5,73.49,Online
4775,152,2002,2025-07-21,3,106.63,Online
4776,101,2765,2025-10-09,5,187.97,Online
4777,197,2962,2024-03-09,2,217.44,In-Store
4778,173,2511,2025-07-10,3,159.08,Online
4779,136,2804,2025-07-27,5,220.89,Online
4780,192,2671,2024-08-04,5,53.05,In-Store
4781,128,2343,2023-09-13,4,101.59,Online
4782,191,2825,2025-11-25,4,217.51,In-Store
4783,184,2022,2024-01-21,2,195.07,In-Store
4784,162,2155,2024-01-04,2,55.58,Online
4785,110,2932,2025-12-14,3,73.49,In-Store
4786,179,2170,2024-01-08,5,37.7,In-Store
4787,177,2934,2024-12-28,1,246.12,Online
4788,125,2436,2025-06-09,5,62.64,In-Store
4789,156,2669,2022-10-04,2,22.14,Online
4790,191,2117,2025-04-03,1,217.51,Online
4791,151,2075,2023-07-05,3,108.66,Online
4792,183,2634,2025-09-10,4,209.04,In-Store
4793,177,2049,2024-09-05,2,246.12,In-Store
4794,122,2968,2025-09-23,3,167.31,Online
4795,107,2958,2025-11-27,5,177.55,Online
4796,200,2810,2024-02-22,2,241.01,Online
4797,150,2075,2025-08-18,1,33.26,Online
4798,178,2218,2024-03-20,4,81.85,Online
4799,111,2210,2025-03-20,2,243.55,Online
4800,141,2621,2023-11-08,1,232.94,In-Store
4801,192,2505,2025-11-24,5,53.05,In-Store
4802,173,2878,2025-12-09,5,159.08,In-Store
4803,134,2978,2024-04-18,2,99.74,In-Store
4804,143,2117,2025-07-28,5,39.04,In-Store
4805,190,2205,2023-09-28,2,197.23,In-Store
4806,115,2097,2024-07-03,1,101.23,Online
4807,163,2971,2023-12-11,3,186.58,In-Store
4808,138,2745,2024-05-13,4,185.66,Online
4809,171,2468,2024-11-17,1,104.99,In-Store
4810,170,2601,2024-05-22,3,59.02,Online
4811,168,2437,2023-07-12,5,152.68,Online
4812,192,2358,2022-11-01,2,53.05,Online
4813,199,2212,2024-12-05,1,37.68,Online
4814,195,2365,2024-09-28,2,93.92,In-Store
4815,137,2993,2024-03-25,5,67.81,Online
4816,103,2381,2022-09-25,5,111.26,Online
4817,142,2535,2022-11-05,5,248.84,In-Store
4818,161,2175,2025-04-17,1,177.18,Online
4819,149,2667,2025-11-11,4,198.31,Online
4820,177,2648,2024-11-06,2,246.12,In-Store
4821,147,2185,2024-05-12,2,133.4,Online
4822,152,2877,2022-10-31,2,106.63,Online
4823,144,2189,2024-05-30,4,15.05,In-Store
4824,196,2937,2024-09-27,2,168.41,Online
4825,191,2532,2023-03-13,5,217.51,Online
4826,188,2126,2024-11-30,1,20.04,In-Store
4827,176,2068,2024-08-19,1,78.4,Online
4828,144,2247,2023-06-28,1,15.05,Online
4829,102,2641,2025-12-08,1,186.75,In-Store
4830,164,2432,2025-02-16,3,22.03,In-Store
4831,187,2632,2025-02-07,2,149.8,Online
4832,153,2397,2022-07-17,3,55.98,Online
4833,103,2016,2024-11-22,4,111.26,In-Store
4834,175,2234,2024-12-15,5,233.98,Online
4835,116,2706,2025-10-30,2,98.84,In-Store
4836,195,2125,2025-10-18,3,93.92,Online
4837,162,2599,2024-01-20,3,55.58,Online
4838,132,2678,2023-10-01,1,243.25,In-Store
4839,146,2889,2023-06-24,5,26.18,In-Store
4840,117,2268,2025-08-28,5,156.19,Online
4841,112,2822,2025-04-19,1,80.36,In-Store
4842,148,2592,2023-10-15,2,139.42,In-Store
4843,157,2825,2025-08-01,2,232.33,Online
4844,151,2834,2025-09-08,5,108.66,Online
4845,115,2635,2025-02-07,3,101.23,In-Store
4846,113,2649,2022-06-04,1,56.15,Online
4847,102,2177,2025-09-25,5,186.75,In-Store
4848,119,2062,2025-01-06,5,212.28,In-Store
4849,122,2519,2022-06-02,1,167.31,Online
4850,188,2923,2025-09-04,1,20.04,Online
4851,121,2599,2024-05-28,2,60.64,In-Store
4852,194,2575,2024-08-29,5,216.06,In-Store
4853,141,2348,2025-07-18,3,232.94,In-Store
4854,152,2998,2025-04-15,2,106.63,Online
4855,130,2565,2022-12-17,3,190.21,Online
4856,150,2917,2023-11-20,1,33.26,Online
4857,143,2558,2025-05-05,1,39.04,In-Store
4858,121,2722,2023-09-19,3,60.64,Online
4859,194,2711,2025-07-06,2,216.06,In-Store
4860,189,2228,2024-03-17,1,60.42,Online
4861,105,2700,2024-08-26,4,57.72,Online
4862,188,2862,2025-04-29,4,20.04,Online
4863,190,2319,2024-12-10,2,197.23,Online
4864,117,2961,2023-05-08,3,156.19,Online
4865,146,2140,2025-04-29,3,26.18,In-Store
4866,109,2654,2024-01-24,1,101.18,Online
4867,134,2483,2025-10-26,3,99.74,Online
4868,147,2866,2024-10-14,1,133.4,Online
4869,129,2095,2022-05-24,5,216.59,In-Store
4870,147,2488,2024-08-06,4,133.4,In-Store
4871,160,2515,2025-03-03,4,232.36,In-Store
4872,122,2696,2025-06-03,1,167.31,In-Store
4873,146,2493,2024-10-26,5,26.18,In-Store
4874,161,2246,2025-02-11,3,177.18,In-Store
4875,156,2608,2024-11-08,2,22.14,In-Store
4876,103,2810,2025-02-14,1,111.26,Online
4877,147,2331,2025-04-20,4,133.4,In-Store
4878,166,2006,2023-10-07,1,152.81,Online
4879,181,2422,2025-09-09,1,175.0,Online
4880,163,2859,2025-10-06,1,186.58,Online
4881,183,2060,2023-11-03,1,209.04,In-Store
4882,159,2721,2025-02-04,1,49.51,In-Store
4883,153,2277,2024-10-25,3,55.98,Online
4884,146,2077,2025-06-09,2,26.18,In-Store
4885,192,2568,2025-09-05,1,53.05,Online
4886,139,2673,2025-06-02,1,168.34,In-Store
4887,199,2660,2024-09-23,1,37.68,Online
4888,171,2604,2023-05-07,1,104.99,In-Store
4889,175,2688,2025-09-08,1,233.98,In-Store
4890,119,2478,2023-06-23,2,212.28,Online
4891,156,2915,2025-01-22,4,22.14,Online
4892,170,2965,2025-01-19,1,59.02,In-Store
4893,156,2947,2025-12-06,2,22.14,In-Store
4894,124,2336,2022-09-11,1,112.82,In-Store
4895,137,2778,2024-04-06,5,67.81,In-Store
4896,180,2985,2024-08-17,3,77.62,Online
4897,161,2520,2025-07-14,2,177.18,Online
4898,185,2189,2024-08-19,1,142.4,Online
4899,168,2431,2025-06-16,4,152.68,Online
4900,150,2847,2024-04-18,5,33.26,In-Store
4901,154,2413,2024-09-25,4,111.25,In-Store
4902,191,2997,2025-05-13,3,217.51,In-Store
4903,145,2763,2022-11-04,2,62.85,Online
4904,125,2882,2025-07-14,1,62.64,In-Store
4905,136,2731,2024-07-29,2,220.89,In-Store
4906,198,2880,2023-01-18,4,105.92,In-Store
4907,193,2497,2025-03-13,4,74.03,In-Store
4908,128,2245,2024-10-08,1,101.59,In-Store
4909,149,2149,2024-08-24,5,198.31,Online
4910,101,2858,2025-02-14,4,187.97,Online
4911,147,2930,2023-10-05,1,133.4,In-Store
4912,153,2637,2025-04-23,4,55.98,In-Store
4913,196,2640,2023-07-13,3,168.41,In-Store
4914,125,2397,2025-11-06,5,62.64,Online
4915,113,2839,2025-09-17,1,56.15,Online
4916,128,2520,2025-01-15,4,101.59,In-Store
4917,170,2635,2025-09-01,1,59.02,In-Store
4918,177,2305,2023-06-09,1,246.12,In-Store
4919,104,2044,2025-10-24,2,65.84,Online
4920,185,2296,2025-12-15,5,142.4,In-Store
4921,153,2127,2025-09-16,1,55.98,In-Store
4922,186,2544,2024-03-02,1,28.06,In-Store
4923,154,2948,2024-10-12,1,111.25,In-Store
4924,189,2679,2025-04-20,5,60.42,Online
4925,200,2315,2025-10-26,3,241.01,In-Store
4926,188,2142,2025-08-11,5,20.04,In-Store
4927,129,2112,2024-11-19,1,216.59,Online
4928,180,2462,2024-08-24,5,77.62,In-Store
4929,136,2360,2022-11-09,4,220.89,In-Store
4930,104,2598,2025-06-14,5,65.84,In-Store
4931,175,2101,2023-10-04,4,233.98,In-Store
4932,116,2342,2024-07-05,2,98.84,Online
4933,131,2332,2025-04-25,3,114.34,Online
4934,144,2221,2025-07-20,4,15.05,In-Store
4935,145,2019,2024-01-26,2,62.85,Online
4936,178,2065,2024-08-31,4,81.85,Online
4937,101,2039,2024-04-06,5,187.97,In-Store
4938,142,2005,2024-09-26,5,248.84,In-Store
4939,154,2097,2024-05-17,1,111.25,In-Store
4940,144,2132,2023-10-25,4,15.05,Online
4941,101,2826,2022-04-05,2,187.97,In-Store
4942,128,2337,2023-04-08,5,101.59,In-Store
4943,105,2218,2025-03-16,2,57.72,Online
4944,116,2915,2023-04-09,4,98.84,Online
4945,186,2679,2025-12-12,2,28.06,Online
4946,105,2916,2025-04-17,1,57.72,Online
4947,178,2456,2024-02-02,3,81.85,In-Store
4948,180,2772,2023-08-10,1,77.62,Online
4949,158,2365,2025-07-15,1,126.55,In-Store
4950,183,2550,2025-06-18,5,209.04,Online
4951,128,2271,2023-03-23,5,101.59,In-Store
4952,157,2438,2024-08-14,3,232.33,Online
4953,103,2958,2023-09-05,1,111.26,In-Store
4954,101,2007,2024-09-06,5,187.97,Online
4955,154,2323,2024-10-22,4,111.25,In-Store
4956,154,2987,2025-10-06,1,111.25,Online
4957,193,2040,2023-05-30,1,74.03,In-Store
4958,178,2778,2025-04-08,1,81.85,In-Store
4959,178,2228,2024-10-04,3,81.85,In-Store
4960,165,2512,2025-07-21,1,240.59,Online
4961,141,2607,2025-10-11,2,232.94,In-Store
4962,164,2470,2025-09-10,1,22.03,In-Store
4963,157,2732,2025-03-12,1,232.33,Online
4964,149,2936,2024-06-30,5,198.31,In-Store
4965,133,2699,2024-09-16,2,212.0,In-Store
4966,168,2560,2025-06-05,5,152.68,Online
4967,118,2692,2024-08-22,4,120.94,In-Store
4968,110,2623,2022-10-29,3,73.49,Online
4969,108,2857,2025-09-27,3,61.68,Online
4970,143,2470,2023-03-13,3,39.04,Online
4971,166,2939,2025-05-14,4,152.81,Online
4972,122,2179,2024-09-22,4,167.31,Online
4973,176,2814,2024-12-14,5,78.4,Online
4974,120,2499,2023-09-15,4,203.21,In-Store
4975,182,2633,2025-02-03,5,227.28,Online
4976,189,2060,2024-07-18,4,60.42,In-Store
4977,122,2820,2022-12-24,4,167.31,In-Store
4978,197,2568,2023-10-21,3,217.44,Online
4979,173,2205,2025-01-25,3,159.08,In-Store
4980,143,2956,2024-09-14,5,39.04,Online
4981,137,2606,2025-10-22,3,67.81,In-Store
4982,115,2217,2024-12-16,3,101.23,In-Store
4983,102,2679,2025-01-08,3,186.75,Online
4984,135,2641,2022-11-02,4,87.8,Online
4985,133,2897,2024-02-07,5,212.0,In-Store
4986,138,2506,2022-10-05,4,185.66,Online
4987,124,2624,2023-04-10,3,112.82,Online
4988,128,2215,2025-10-05,4,101.59,In-Store
4989,134,2953,2025-08-11,5,99.74,Online
4990,105,2685,2023-09-11,5,57.72,Online
4991,131,2775,2024-03-13,5,114.34,In-Store
4992,119,2159,2025-04-19,5,212.28,Online
4993,126,2193,2024-05-28,4,191.39,Online
4994,112,2580,2024-09-28,4,80.36,In-Store
4995,186,2894,2024-01-03,5,28.06,In-Store
4996,156,2951,2025-11-15,5,22.14,Online
4997,143,2474,2025-03-17,1,39.04,Online
4998,162,2524,2022-09-20,3,55.58,Online
4999,140,2626,2023-10-25,1,136.64,Online
5000,120,2643,2025-01-11,5,203.21,Online
5001,116,2244,2023-04-26,4,98.84,Online
5002,165,2051,2023-11-29,2,240.59,In-Store
5003,179,2648,2025-09-02,1,37.7,In-Store
5004,160,2101,2024-03-25,2,232.36,Online
5005,119,2024,2025-04-05,3,212.28,Online
5006,185,2714,2024-08-04,3,142.4,Online
5007,121,2323,2025-10-04,2,60.64,In-Store
5008,133,2303,2024-06-21,3,212.0,In-Store
5009,114,2591,2024-12-01,3,195.54,Online
5010,130,2346,2024-09-20,4,190.21,In-Store
5011,115,2730,2022-08-10,2,101.23,In-Store
5012,193,2500,2023-08-30,1,74.03,In-Store
5013,167,2373,2025-03-25,1,235.98,In-Store
5014,137,2465,2025-05-06,1,67.81,Online
5015,157,2984,2025-04-13,5,232.33,Online
5016,189,2961,2025-09-14,5,60.42,Online
5017,150,2213,2025-06-26,4,33.26,Online
5018,124,2380,2022-12-16,3,112.82,Online
5019,134,2023,2025-08-16,3,99.74,In-Store
5020,111,2129,2024-12-11,1,243.55,Online
5021,113,2505,2024-12-26,5,56.15,Online
5022,162,2414,2025-02-26,4,55.58,In-Store
5023,137,2164,2025-10-08,5,67.81,Online
5024,120,2574,2025-04-05,5,203.21,In-Store
5025,115,2477,2024-05-28,5,101.23,In-Store
5026,101,2649,2025-03-26,3,187.97,Online
5027,172,2817,2024-11-11,3,232.96,In-Store
5028,127,2365,2024-10-20,1,200.1,Online
5029,102,2114,2024-02-27,5,186.75,Online
5030,148,2529,2025-10-29,5,139.42,Online
5031,166,2469,2024-12-20,4,152.81,In-Store
5032,184,2151,2024-12-23,4,195.07,Online
5033,150,2143,2024-11-05,1,33.26,Online
5034,131,2962,2024-11-07,1,114.34,In-Store
5035,193,2533,2023-06-27,2,74.03,In-Store
5036,196,2691,2023-11-07,4,168.41,In-Store
5037,158,2347,2024-08-06,4,126.55,Online
5038,151,2144,2024-02-01,5,108.66,In-Store
5039,168,2160,2025-05-02,3,152.68,Online
5040,155,2555,2024-06-05,4,219.88,Online
5041,199,2996,2024-09-13,1,37.68,In-Store
5042,113,2180,2024-09-16,3,56.15,In-Store
5043,140,2506,2023-03-11,1,136.64,In-Store
5044,166,2362,2024-07-16,4,152.81,In-Store
5045,146,2356,2025-11-02,5,26.18,In-Store
5046,197,2592,2024-08-14,4,217.44,In-Store
5047,195,2069,2023-09-15,3,93.92,In-Store
5048,187,2188,2024-03-15,2,149.8,Online
5049,173,2054,2024-06-13,3,159.08,In-Store
5050,194,2810,2024-10-18,4,216.06,In-Store
5051,106,2634,2024-04-04,5,117.81,Online
5052,116,2387,2025-09-16,4,98.84,In-Store
5053,132,2983,2025-11-10,3,243.25,Online
5054,142,2516,2024-11-14,5,248.84,Online
5055,139,2791,2025-03-29,2,168.34,Online
5056,155,2127,2025-06-04,3,219.88,In-Store
5057,165,2405,2025-05-31,2,240.59,Online
5058,127,2481,2024-10-21,3,200.1,In-Store
5059,153,2904,2024-02-29,1,55.98,In-Store
5060,198,2719,2025-01-05,5,105.92,In-Store
5061,178,2954,2024-04-20,1,81.85,Online
5062,109,2649,2025-12-12,4,101.18,Online
5063,108,2663,2023-10-30,1,61.68,Online
5064,106,2714,2023-11-23,3,117.81,Online
5065,142,2058,2025-05-15,4,248.84,In-Store
5066,137,2373,2025-08-19,3,67.81,In-Store
5067,138,2998,2024-10-20,3,185.66,Online
5068,154,2968,2025-04-13,1,111.25,Online
5069,138,2274,2024-11-17,2,185.66,In-Store
5070,115,2187,2023-04-03,1,101.23,In-Store
5071,139,2391,2025-04-21,3,168.34,In-Store
5072,143,2200,2023-06-29,1,39.04,Online
5073,173,2454,2023-08-10,4,159.08,In-Store
5074,167,2554,2025-06-10,4,235.98,Online
5075,107,2712,2024-01-25,1,177.55,Online
5076,126,2849,2025-04-18,5,191.39,In-Store
5077,163,2930,2024-11-30,1,186.58,In-Store
5078,137,2754,2025-07-16,2,67.81,In-Store
5079,128,2458,2024-07-15,2,101.59,In-Store
5080,132,2205,2023-02-17,2,243.25,Online
5081,161,2071,2024-04-13,1,177.18,Online
5082,155,2401,2025-08-17,3,219.88,Online
5083,199,2677,2025-09-01,3,37.68,Online
5084,180,2488,2024-09-25,3,77.62,In-Store
5085,163,2332,2025-11-06,5,186.58,Online
5086,190,2790,2024-07-09,5,197.23,In-Store
5087,157,2013,2024-11-18,3,232.33,In-Store
5088,112,2077,2025-06-22,2,80.36,In-Store
5089,144,2369,2023-02-17,1,15.05,Online
5090,127,2827,2025-03-28,3,200.1,In-Store
5091,184,2808,2024-09-15,3,195.07,Online
5092,136,2538,2023-06-20,4,220.89,In-Store
5093,184,2276,2025-04-27,3,195.07,In-Store
5094,175,2457,2025-07-31,4,233.98,In-Store
5095,173,2162,2023-10-19,2,159.08,Online
5096,195,2343,2022-10-30,2,93.92,Online
5097,113,2416,2024-08-06,4,56.15,In-Store
5098,143,2360,2025-03-12,5,39.04,In-Store
5099,109,2010,2024-08-05,4,101.18,In-Store
5100,121,2768,2025-12-01,4,60.64,Online
5101,195,2681,2023-08-20,3,93.92,Online
5102,172,2603,2024-11-23,2,232.96,Online
5103,176,2084,2024-02-11,5,78.4,In-Store
5104,160,2502,2025-04-22,2,232.36,Online
5105,120,2835,2025-06-02,3,203.21,Online
5106,143,2632,2025-12-05,1,39.04,Online
5107,117,2495,2025-06-10,2,156.19,Online
5108,136,2669,2024-03-04,3,220.89,Online
5109,105,2190,2022-04-29,4,57.72,Online
5110,177,2714,2024-05-18,5,246.12,Online
5111,174,2793,2024-02-06,5,139.03,Online
5112,109,2941,2024-05-05,2,101.18,In-Store
5113,173,2998,2024-06-17,1,159.08,Online
5114,106,2759,2025-04-10,1,117.81,In-Store
5115,121,2314,2025-10-03,4,60.64,In-Store
5116,187,2967,2025-01-17,1,149.8,In-Store
5117,162,2302,2024-09-02,2,55.58,In-Store
5118,193,2795,2024-01-15,3,74.03,In-Store
5119,159,2434,2023-07-28,3,49.51,In-Store
5120,173,2561,2022-07-16,5,159.08,Online
5121,188,2390,2025-12-11,3,20.04,Online
5122,132,2994,2025-09-25,5,243.25,Online
5123,170,2170,2025-02-14,5,59.02,Online
5124,125,2050,2022-03-12,3,62.64,Online
5125,146,2671,2023-06-28,2,26.18,In-Store
5126,148,2034,2025-09-02,5,139.42,In-Store
5127,118,2649,2025-01-27,4,120.94,In-Store
5128,145,2590,2025-12-01,5,62.85,Online
5129,163,2384,2025-11-21,5,186.58,Online
5130,199,2171,2024-11-14,3,37.68,In-Store
5131,118,2336,2025-06-29,2,120.94,In-Store
5132,128,2404,2022-11-14,3,101.59,In-Store
5133,166,2680,2025-09-03,2,152.81,In-Store
5134,174,2012,2024-02-11,2,139.03,Online
5135,119,2091,2022-07-28,5,212.28,In-Store
5136,113,2174,2025-10-12,3,56.15,Online
5137,175,2916,2025-04-26,2,233.98,Online
5138,198,2292,2025-12-18,2,105.92,In-Store
5139,143,2837,2024-12-02,5,39.04,Online
5140,178,2178,2025-02-19,5,81.85,Online
5141,175,2224,2023-06-28,1,233.98,In-Store
5142,156,2918,2023-12-13,4,22.14,Online
5143,194,2220,2025-01-28,2,216.06,Online
5144,195,2247,2025-09-18,5,93.92,Online
5145,120,2255,2024-02-15,2,203.21,Online
5146,153,2530,2024-09-03,1,55.98,Online
5147,197,2415,2024-02-17,2,217.44,Online
5148,160,2325,2022-04-12,1,232.36,Online
5149,123,2296,2025-12-03,5,73.57,In-Store
5150,185,2439,2025-04-30,4,142.4,In-Store
5151,199,2421,2022-11-10,1,37.68,Online
5152,164,2529,2025-03-24,5,22.03,In-Store
5153,160,2896,2025-10-29,4,232.36,Online
5154,118,2260,2022-04-19,5,120.94,Online
5155,166,2654,2025-11-29,3,152.81,Online
5156,108,2854,2024-12-01,4,61.68,Online
5157,154,2745,2024-07-06,1,111.25,Online
5158,107,2234,2025-12-03,3,177.55,In-Store
5159,125,2698,2024-04-15,1,62.64,Online
5160,118,2488,2025-01-11,3,120.94,In-Store
5161,103,2005,2025-12-17,2,111.26,Online
5162,158,2575,2024-07-15,3,126.55,In-Store
5163,113,2422,2025-09-26,3,56.15,Online
5164,142,2457,2024-09-18,1,248.84,Online
5165,134,2957,2022-09-29,4,99.74,In-Store
5166,167,2531,2023-12-23,1,235.98,In-Store
5167,124,2539,2025-11-19,3,112.82,In-Store
5168,197,2798,2025-03-07,4,217.44,Online
5169,128,2538,2024-04-22,1,101.59,Online
5170,104,2586,2024-12-01,4,65.84,In-Store
5171,188,2555,2024-07-19,3,20.04,Online
5172,156,2054,2023-02-14,1,22.14,In-Store
5173,105,2846,2025-05-11,3,57.72,Online
5174,168,2094,2022-11-14,2,152.68,In-Store
5175,180,2588,2022-10-15,4,77.62,In-Store
5176,196,2898,2023-08-18,4,168.41,In-Store
5177,103,2042,2025-08-14,4,111.26,Online
5178,189,2289,2025-05-12,5,60.42,Online
5179,108,2025,2024-06-05,5,61.68,Online
5180,119,2250,2025-09-07,4,212.28,Online
5181,140,2215,2025-04-16,5,136.64,Online
5182,119,2167,2025-07-14,5,212.28,In-Store
5183,191,2641,2023-05-15,4,217.51,In-Store
5184,107,2566,2025-11-16,1,177.55,Online
5185,130,2232,2025-05-12,4,190.21,Online
5186,155,2210,2024-10-16,5,219.88,In-Store
5187,164,2088,2025-11-08,1,22.03,In-Store
5188,119,2109,2022-12-20,3,212.28,In-Store
5189,166,2722,2023-11-16,3,152.81,In-Store
5190,119,2436,2025-12-30,1,212.28,In-Store
5191,186,2756,2024-11-11,1,28.06,Online
5192,188,2010,2024-09-17,1,20.04,Online
5193,177,2951,2023-03-30,4,246.12,In-Store
5194,115,2591,2025-05-08,5,101.23,Online
5195,135,2828,2025-01-12,1,87.8,In-Store
5196,124,2579,2022-12-15,5,112.82,Online
5197,107,2887,2025-04-03,3,177.55,Online
5198,179,2641,2022-11-19,4,37.7,In-Store
5199,165,2803,2024-11-06,5,240.59,In-Store
5200,191,2141,2024-01-02,4,217.51,In-Store
5201,152,2316,2024-09-16,3,106.63,Online
5202,165,2093,2023-01-23,4,240.59,In-Store
5203,193,2952,2024-08-30,5,74.03,Online
5204,176,2026,2025-09-14,1,78.4,Online
5205,131,2244,2025-03-17,5,114.34,Online
5206,131,2394,2023-09-29,1,114.34,In-Store
5207,186,2539,2024-12-06,4,28.06,In-Store
5208,165,2057,2024-03-29,2,240.59,Online
5209,122,2746,2025-10-03,4,167.31,In-Store
5210,106,2583,2025-01-07,5,117.81,Online
5211,130,2100,2025-01-28,1,190.21,In-Store
5212,130,2161,2025-05-03,3,190.21,Online
5213,126,2818,2023-02-01,5,191.39,In-Store
5214,103,2651,2025-09-17,3,111.26,In-Store
5215,151,2015,2025-05-02,1,108.66,In-Store
5216,182,2408,2025-05-25,5,227.28,Online
5217,184,2930,2023-09-05,5,195.07,Online
5218,109,2761,2023-04-27,3,101.18,In-Store
5219,199,2661,2022-08-29,5,37.68,Online
5220,139,2228,2025-06-27,1,168.34,Online
5221,199,2618,2025-09-09,4,37.68,Online
5222,142,2603,2024-01-26,4,248.84,In-Store
5223,169,2823,2024-04-09,4,167.77,Online
5224,106,2964,2023-07-07,2,117.81,In-Store
5225,135,2743,2025-02-25,2,87.8,Online
5226,107,2586,2025-08-12,5,177.55,In-Store
5227,134,2506,2023-10-04,1,99.74,Online
5228,193,2964,2022-10-30,4,74.03,Online
5229,147,2970,2024-03-18,3,133.4,In-Store
5230,194,2501,2025-01-19,1,216.06,Online
5231,159,2292,2025-03-12,1,49.51,In-Store
5232,144,2363,2025-07-30,3,15.05,Online
5233,136,2739,2025-02-19,1,220.89,Online
5234,131,2287,2025-06-06,5,114.34,Online
5235,188,2726,2024-11-28,1,20.04,In-Store
5236,104,2521,2023-06-08,5,65.84,Online
5237,164,2387,2025-07-23,1,22.03,Online
5238,172,2287,2025-05-19,2,232.96,In-Store
5239,191,2308,2024-09-11,1,217.51,In-Store
5240,194,2697,2024-01-28,4,216.06,Online
5241,112,2814,2025-05-17,2,80.36,Online
5242,103,2699,2023-06-10,1,111.26,In-Store
5243,180,2844,2023-06-20,4,77.62,In-Store
5244,129,2453,2022-05-14,1,216.59,In-Store
5245,181,2773,2023-12-19,1,175.0,In-Store
5246,155,2350,2024-11-05,3,219.88,Online
5247,156,2900,2025-10-06,2,22.14,In-Store
5248,116,2012,2024-04-26,5,98.84,Online
5249,139,2972,2025-10-26,4,168.34,In-Store
5250,107,2426,2025-01-15,5,177.55,In-Store
5251,107,2928,2024-04-15,4,177.55,Online
5252,124,2637,2025-04-28,1,112.82,Online
5253,161,2339,2025-01-05,2,177.18,In-Store
5254,174,2559,2025-12-23,1,139.03,Online
5255,103,2147,2024-05-02,1,111.26,In-Store
5256,117,2053,2024-12-24,1,156.19,Online
5257,130,2829,2024-06-29,5,190.21,In-Store
5258,172,2593,2024-05-04,2,232.96,Online
5259,167,2882,2025-04-10,3,235.98,Online
5260,123,2516,2025-05-05,4,73.57,In-Store
5261,150,2764,2025-03-18,3,33.26,Online
5262,183,2206,2025-07-09,5,209.04,Online
5263,193,2995,2025-06-17,3,74.03,In-Store
5264,197,2939,2022-04-30,4,217.44,In-Store
5265,131,2490,2023-12-21,5,114.34,Online
5266,132,2220,2025-03-11,3,243.25,Online
5267,174,2611,2025-04-10,3,139.03,Online
5268,176,2856,2025-02-12,2,78.4,In-Store
5269,144,2543,2025-10-22,3,15.05,In-Store
5270,197,2592,2025-12-22,2,217.44,Online
5271,199,2293,2024-08-24,3,37.68,Online
5272,190,2762,2025-10-08,4,197.23,In-Store
5273,176,2778,2022-07-09,4,78.4,In-Store
5274,103,2734,2025-06-25,5,111.26,In-Store
5275,161,2967,2024-02-20,1,177.18,In-Store
5276,109,2273,2025-01-31,2,101.18,Online
5277,142,2537,2025-06-07,2,248.84,Online
5278,187,2348,2025-08-15,1,149.8,In-Store
5279,166,2822,2025-04-06,1,152.81,Online
5280,105,2317,2025-07-04,3,57.72,Online
5281,180,2165,2025-04-19,5,77.62,Online
5282,132,2620,2023-10-16,1,243.25,Online
5283,194,2079,2023-08-24,4,216.06,In-Store
5284,142,2336,2022-10-12,5,248.84,Online
5285,157,2767,2024-03-27,3,232.33,In-Store
5286,168,2374,2025-03-26,4,152.68,In-Store
5287,132,2170,2022-11-25,2,243.25,Online
5288,110,2883,2022-08-22,4,73.49,In-Store
5289,161,2829,2023-10-31,3,177.18,In-Store
5290,196,2568,2023-04-02,2,168.41,Online
5291,200,2564,2023-12-30,2,241.01,Online
5292,129,2075,2024-07-31,3,216.59,In-Store
5293,142,2304,2024-08-14,1,248.84,Online
5294,126,2318,2024-10-19,1,191.39,Online
5295,184,2443,2024-07-27,1,195.07,In-Store
5296,169,2631,2023-05-14,2,167.77,In-Store
5297,137,2538,2025-08-13,5,67.81,In-Store
5298,191,2332,2025-04-02,5,217.51,In-Store
5299,141,2997,2022-03-15,4,232.94,In-Store
5300,184,2858,2024-12-28,4,195.07,Online
5301,186,2360,2024-08-31,2,28.06,Online
5302,191,2399,2025-05-28,5,217.51,Online
5303,142,2705,2024-02-18,5,248.84,In-Store
5304,151,2905,2023-03-04,2,108.66,Online
5305,159,2878,2023-05-21,1,49.51,In-Store
5306,133,2489,2024-07-14,5,212.0,Online
5307,188,2579,2024-03-20,1,20.04,Online
5308,145,2890,2025-06-23,5,62.85,Online
5309,156,3000,2022-09-26,3,22.14,In-Store
5310,141,2325,2022-12-22,1,232.94,Online
5311,179,2100,2024-12-16,1,37.7,In-Store
5312,103,2866,2024-04-07,1,111.26,In-Store
5313,177,2243,2025-12-19,1,246.12,Online
5314,144,2506,2025-11-08,3,15.05,Online
5315,113,2422,2025-09-04,3,56.15,In-Store
5316,168,2255,2024-07-19,3,152.68,In-Store
5317,198,2404,2023-02-08,1,105.92,In-Store
5318,135,2506,2024-05-12,1,87.8,Online
5319,138,2308,2024-08-20,4,185.66,In-Store
5320,118,2707,2025-10-17,5,120.94,Online
5321,120,2918,2025-09-02,1,203.21,In-Store
5322,183,2239,2024-11-13,4,209.04,Online
5323,134,2175,2024-03-07,5,99.74,In-Store
5324,181,2629,2025-04-23,4,175.0,In-Store
5325,133,2110,2024-06-17,1,212.0,Online
5326,127,2309,2025-06-28,5,200.1,In-Store
5327,120,2742,2023-02-02,2,203.21,Online
5328,191,2705,2025-05-06,3,217.51,In-Store
5329,113,2094,2025-08-15,3,56.15,Online
5330,195,2398,2024-09-28,1,93.92,In-Store
5331,190,2816,2025-07-17,4,197.23,In-Store
5332,189,2338,2025-09-30,2,60.42,In-Store
5333,175,2616,2024-02-29,1,233.98,Online
5334,172,2509,2025-01-18,3,232.96,Online
5335,159,2422,2025-01-05,4,49.51,Online
5336,122,2832,2024-12-02,3,167.31,In-Store
5337,185,2198,2024-08-26,4,142.4,Online
5338,120,2879,2025-03-26,1,203.21,In-Store
5339,170,2714,2024-12-22,3,59.02,Online
5340,105,2353,2024-07-23,2,57.72,Online
5341,116,2915,2023-12-31,2,98.84,In-Store
5342,192,2049,2025-04-16,1,53.05,Online
5343,145,2455,2023-11-23,1,62.85,Online
5344,152,2306,2025-09-12,1,106.63,In-Store
5345,173,2124,2024-02-06,1,159.08,In-Store
5346,188,2260,2025-02-05,3,20.04,Online
5347,105,2613,2024-01-12,2,57.72,Online
5348,146,2615,2023-02-02,4,26.18,In-Store
5349,123,2356,2025-07-09,2,73.57,Online
5350,168,2796,2025-09-27,1,152.68,In-Store
5351,120,2438,2025-01-14,4,203.21,In-Store
5352,177,2210,2025-04-19,5,246.12,In-Store
5353,162,2710,2023-11-18,5,55.58,Online
5354,193,2784,2024-07-21,2,74.03,In-Store
5355,156,2127,2025-05-05,2,22.14,In-Store
5356,126,2527,2022-12-02,2,191.39,Online
5357,180,2470,2024-11-19,2,77.62,Online
5358,141,2798,2023-11-06,4,232.94,In-Store
5359,159,2523,2025-01-19,5,49.51,Online
5360,137,2960,2022-12-16,3,67.81,In-Store
5361,133,2394,2024-10-07,1,212.0,Online
5362,123,2571,2024-03-24,4,73.57,Online
5363,109,2415,2023-08-08,3,101.18,Online
5364,107,2754,2025-03-25,5,177.55,Online
5365,158,2237,2024-12-15,2,126.55,In-Store
5366,172,2470,2023-06-24,1,232.96,Online
5367,178,2512,2023-11-16,3,81.85,Online
5368,172,2851,2025-12-24,5,232.96,In-Store
5369,150,2724,2023-01-03,3,33.26,Online
5370,142,2948,2025-07-07,1,248.84,Online
5371,118,2799,2025-02-21,4,120.94,Online
5372,147,2170,2025-08-07,3,133.4,In-Store
5373,104,2383,2023-06-24,5,65.84,In-Store
5374,147,2695,2025-10-06,4,133.4,In-Store
5375,164,2335,2023-07-09,1,22.03,In-Store
5376,131,2928,2025-11-03,5,114.34,Online
5377,153,2888,2023-04-03,3,55.98,Online
5378,152,2006,2025-02-06,5,106.63,Online
5379,133,2913,2023-01-18,5,212.0,In-Store
5380,194,2436,2025-08-31,2,216.06,In-Store
5381,154,2579,2023-06-25,5,111.25,In-Store
5382,105,2011,2024-11-01,3,57.72,Online
5383,170,2359,2025-11-24,1,59.02,Online
5384,193,2513,2023-12-04,4,74.03,Online
5385,164,2838,2023-03-02,1,22.03,Online
5386,190,2080,2025-10-01,2,197.23,In-Store
5387,183,2374,2024-10-05,2,209.04,Online
5388,180,2785,2023-04-02,2,77.62,Online
5389,114,2972,2024-02-07,1,195.54,In-Store
5390,113,2805,2024-05-10,4,56.15,In-Store
5391,171,2061,2025-11-27,2,104.99,Online
5392,136,2393,2023-10-18,1,220.89,In-Store
5393,139,2656,2024-08-28,5,168.34,Online
5394,124,2858,2025-11-29,1,112.82,Online
5395,137,2551,2022-09-03,2,67.81,Online
5396,181,2308,2025-01-19,1,175.0,In-Store
5397,120,2056,2023-10-11,2,203.21,Online
5398,175,2730,2023-03-01,4,233.98,In-Store
5399,193,2334,2024-05-23,2,74.03,Online
5400,125,2591,2025-01-20,3,62.64,Online
5401,162,2961,2022-11-14,2,55.58,Online
5402,194,2657,2024-07-29,3,216.06,Online
5403,116,2372,2024-10-07,3,98.84,In-Store
5404,151,2125,2025-02-27,1,108.66,Online
5405,167,2036,2025-02-04,5,235.98,Online
5406,197,2596,2025-02-09,4,217.44,In-Store
5407,167,2629,2024-04-18,4,235.98,Online
5408,172,2637,2025-08-07,5,232.96,Online
5409,130,2389,2024-01-26,1,190.21,Online
5410,146,2539,2025-08-26,2,26.18,Online
5411,200,2667,2024-11-12,1,241.01,In-Store
5412,122,2201,2024-11-23,4,167.31,Online
5413,172,2510,2024-03-26,5,232.96,Online
5414,159,2042,2024-03-21,1,49.51,In-Store
5415,128,2911,2024-01-19,5,101.59,In-Store
5416,129,2203,2024-09-26,5,216.59,In-Store
5417,152,2013,2025-07-05,2,106.63,Online
5418,179,2586,2025-08-28,1,37.7,Online
5419,183,2077,2024-12-01,4,209.04,In-Store
5420,190,2068,2023-07-18,5,197.23,Online
5421,110,2333,2024-06-13,4,73.49,In-Store
5422,158,2425,2024-11-05,4,126.55,In-Store
5423,151,2786,2024-06-18,4,108.66,Online
5424,198,2112,2025-05-12,2,105.92,Online
5425,140,2007,2025-04-14,5,136.64,In-Store
5426,179,2848,2025-03-03,3,37.7,Online
5427,148,2288,2024-12-09,5,139.42,In-Store
5428,172,2749,2023-06-25,3,232.96,Online
5429,125,2412,2024-07-08,4,62.64,In-Store
5430,102,2162,2024-01-31,3,186.75,Online
5431,152,2343,2023-06-19,5,106.63,In-Store
5432,164,2886,2025-04-05,1,22.03,In-Store
5433,132,2451,2025-05-02,5,243.25,In-Store
5434,112,2855,2023-04-25,4,80.36,Online
5435,148,2481,2023-03-09,2,139.42,In-Store
5436,164,2230,2023-04-11,4,22.03,Online
5437,146,2076,2023-08-06,3,26.18,Online
5438,128,2916,2025-04-13,2,101.59,In-Store
5439,173,2639,2023-05-30,3,159.08,In-Store
5440,153,2747,2024-02-14,2,55.98,Online
5441,158,2700,2025-12-04,5,126.55,Online
5442,151,2683,2025-12-20,4,108.66,Online
5443,182,2812,2025-09-22,5,227.28,In-Store
5444,181,2279,2025-01-01,2,175.0,In-Store
5445,151,2330,2022-12-15,5,108.66,In-Store
5446,146,2086,2024-07-25,2,26.18,Online
5447,149,2060,2025-10-25,3,198.31,Online
5448,118,2566,2024-01-20,3,120.94,In-Store
5449,186,2176,2023-12-06,3,28.06,Online
5450,117,2941,2024-06-09,5,156.19,Online
5451,144,2563,2024-03-15,2,15.05,In-Store
5452,130,2254,2023-06-11,1,190.21,Online
5453,135,2944,2023-03-15,1,87.8,In-Store
5454,142,2777,2025-06-25,4,248.84,In-Store
5455,190,2861,2024-01-03,3,197.23,In-Store
5456,144,2241,2025-01-31,4,15.05,In-Store
5457,144,2768,2025-12-17,5,15.05,In-Store
5458,126,2055,2024-08-15,3,191.39,In-Store
5459,162,2561,2024-06-28,5,55.58,In-Store
5460,199,2309,2025-10-30,3,37.68,Online
5461,111,2831,2025-06-12,2,243.55,In-Store
5462,130,2700,2025-07-09,5,190.21,In-Store
5463,121,2289,2024-08-27,4,60.64,In-Store
5464,192,2169,2025-09-25,5,53.05,In-Store
5465,182,2601,2024-05-19,4,227.28,Online
5466,101,2861,2024-09-18,2,187.97,Online
5467,199,2984,2025-01-20,3,37.68,In-Store
5468,148,2725,2024-11-04,1,139.42,Online
5469,116,2958,2025-12-26,3,98.84,In-Store
5470,169,2431,2025-02-19,1,167.77,In-Store
5471,106,2032,2024-04-23,4,117.81,Online
5472,108,2327,2023-11-26,3,61.68,In-Store
5473,119,2736,2025-04-05,3,212.28,In-Store
5474,193,2937,2023-12-11,1,74.03,Online
5475,115,2828,2022-12-23,4,101.23,In-Store
5476,141,2950,2023-09-12,2,232.94,In-Store
5477,158,2443,2025-11-07,5,126.55,Online
5478,188,2958,2024-04-07,2,20.04,In-Store
5479,114,2009,2024-01-01,3,195.54,Online
5480,103,2120,2025-01-12,5,111.26,Online
5481,166,2629,2023-12-29,2,152.81,In-Store
5482,136,2607,2025-09-15,1,220.89,In-Store
5483,130,2056,2024-09-18,3,190.21,Online
5484,142,2190,2022-06-15,4,248.84,In-Store
5485,192,2631,2023-05-25,4,53.05,Online
5486,191,2213,2024-08-26,1,217.51,Online
5487,105,2949,2025-07-13,1,57.72,In-Store
5488,101,2809,2025-12-08,3,187.97,Online
5489,179,2866,2024-06-26,1,37.7,Online
5490,168,2988,2024-04-11,5,152.68,In-Store
5491,158,2478,2023-07-01,5,126.55,In-Store
5492,167,2132,2024-09-02,2,235.98,Online
5493,108,2172,2024-09-02,3,61.68,Online
5494,117,2026,2025-03-18,5,156.19,In-Store
5495,110,2746,2024-10-16,3,73.49,In-Store
5496,103,2407,2024-12-14,1,111.26,In-Store
5497,108,2605,2023-06-23,2,61.68,Online
5498,176,2843,2025-06-01,5,78.4,In-Store
5499,131,2065,2024-10-09,2,114.34,Online
5500,143,2113,2024-12-10,4,39.04,In-Store
5501,172,2260,2022-12-23,5,232.96,In-Store
5502,134,2478,2024-05-11,3,99.74,In-Store
5503,114,2714,2023-12-30,2,195.54,In-Store
5504,200,2094,2022-05-20,1,241.01,In-Store
5505,128,2161,2024-06-25,1,101.59,In-Store
5506,134,2173,2022-11-25,4,99.74,Online
5507,151,2555,2023-06-08,3,108.66,In-Store
5508,116,2797,2025-10-16,5,98.84,Online
5509,180,2097,2024-06-08,1,77.62,Online
5510,146,2512,2025-01-15,2,26.18,Online
5511,157,2444,2023-07-13,3,232.33,Online
5512,160,2516,2025-03-25,4,232.36,Online
5513,179,2128,2024-10-24,4,37.7,Online
5514,157,2070,2025-10-26,3,232.33,Online
5515,133,2433,2024-12-19,1,212.0,Online
5516,171,2723,2025-08-28,5,104.99,Online
5517,138,2100,2025-04-30,2,185.66,Online
5518,189,2359,2024-08-11,1,60.42,Online
5519,123,2055,2024-04-13,5,73.57,In-Store
5520,199,2151,2025-02-14,2,37.68,In-Store
5521,157,2092,2024-12-06,1,232.33,Online
5522,115,2809,2025-10-22,2,101.23,In-Store
5523,165,2679,2023-12-12,3,240.59,In-Store
5524,173,2235,2025-08-07,2,159.08,Online
5525,103,2193,2024-09-14,2,111.26,Online
5526,169,2532,2025-01-12,2,167.77,Online
5527,108,2547,2025-12-17,5,61.68,Online
5528,126,2974,2022-11-20,3,191.39,In-Store
5529,199,2677,2025-08-29,2,37.68,In-Store
5530,122,2599,2024-04-06,2,167.31,Online
5531,155,2421,2024-08-03,4,219.88,Online
5532,183,2272,2024-11-09,3,209.04,Online
5533,161,2855,2025-01-03,4,177.18,Online
5534,166,2743,2023-12-22,5,152.81,In-Store
5535,168,2810,2023-11-27,5,152.68,Online
5536,181,2343,2024-05-20,5,175.0,In-Store
5537,183,2323,2025-06-01,1,209.04,Online
5538,169,2321,2023-11-25,4,167.77,Online
5539,125,2222,2024-02-06,1,62.64,In-Store
5540,172,2147,2024-06-26,2,232.96,In-Store
5541,200,2096,2023-12-26,3,241.01,Online
5542,130,2253,2025-04-17,5,190.21,Online
5543,109,2428,2025-11-02,1,101.18,In-Store
5544,126,2149,2025-09-08,3,191.39,In-Store
5545,103,2819,2024-04-27,4,111.26,Online
5546,171,2235,2024-08-29,4,104.99,In-Store
5547,191,2399,2023-07-17,2,217.51,Online
5548,195,2300,2023-08-25,2,93.92,Online
5549,110,2399,2023-09-17,5,73.49,Online
5550,130,2262,2024-07-25,5,190.21,In-Store
5551,146,2841,2024-11-18,2,26.18,In-Store
5552,200,2387,2025-09-10,5,241.01,Online
5553,156,2215,2025-11-19,2,22.14,Online
5554,181,2382,2025-12-05,3,175.0,In-Store
5555,199,2934,2023-06-10,4,37.68,Online
5556,175,2230,2025-12-26,3,233.98,Online
5557,178,2410,2025-01-07,1,81.85,In-Store
5558,166,2632,2025-02-01,4,152.81,Online
5559,105,2667,2022-11-28,1,57.72,Online
5560,113,2623,2024-01-26,4,56.15,In-Store
5561,175,2993,2024-03-22,1,233.98,Online
5562,176,2111,2022-09-24,4,78.4,In-Store
5563,145,2808,2024-05-02,5,62.85,In-Store
5564,155,2173,2022-09-23,5,219.88,In-Store
5565,183,2513,2023-10-25,1,209.04,Online
5566,185,2874,2024-05-12,4,142.4,Online
5567,174,2824,2025-04-01,1,139.03,In-Store
5568,162,2532,2024-10-15,2,55.58,In-Store
5569,178,2228,2025-04-09,3,81.85,In-Store
5570,175,2256,2023-10-19,3,233.98,In-Store
5571,139,2200,2025-07-16,4,168.34,Online
5572,195,2400,2024-12-13,3,93.92,In-Store
5573,154,2516,2025-12-05,1,111.25,Online
5574,171,2291,2025-12-03,1,104.99,In-Store
5575,107,2733,2023-01-23,4,177.55,In-Store
5576,131,2901,2023-08-28,1,114.34,In-Store
5577,152,2085,2025-03-05,4,106.63,In-Store
5578,200,2130,2024-07-03,5,241.01,Online
5579,163,2423,2025-09-12,4,186.58,Online
5580,149,2737,2025-04-01,4,198.31,In-Store
5581,130,2416,2025-03-03,2,190.21,Online
5582,150,2421,2024-11-22,1,33.26,Online
5583,148,2450,2024-09-17,3,139.42,Online
5584,137,2350,2025-06-13,2,67.81,Online
5585,165,2211,2023-07-14,5,240.59,In-Store
5586,144,2181,2024-04-27,2,15.05,Online
5587,178,2807,2024-08-21,3,81.85,Online
5588,170,2739,2023-07-27,5,59.02,Online
5589,140,2914,2025-10-12,4,136.64,In-Store
5590,160,2410,2025-04-10,5,232.36,In-Store
5591,183,2670,2024-12-10,1,209.04,In-Store
5592,138,2968,2025-01-14,1,185.66,Online
5593,194,2474,2025-03-18,4,216.06,In-Store
5594,144,2957,2023-12-12,1,15.05,Online
5595,191,2386,2024-03-06,4,217.51,In-Store
5596,161,2966,2024-03-16,4,177.18,In-Store
5597,156,2241,2025-12-26,5,22.14,In-Store
5598,172,2219,2025-12-01,4,232.96,In-Store
5599,163,2606,2025-02-17,2,186.58,In-Store
5600,106,2467,2024-03-07,1,117.81,Online
5601,184,2180,2025-05-26,3,195.07,In-Store
5602,132,2971,2024-06-03,1,243.25,In-Store
5603,106,2292,2023-11-11,2,117.81,Online
5604,131,2782,2023-12-23,1,114.34,Online
5605,189,2525,2023-07-22,5,60.42,Online
5606,109,2349,2025-05-14,1,101.18,In-Store
5607,138,2518,2024-08-16,4,185.66,In-Store
5608,157,2775,2024-03-30,5,232.33,In-Store
5609,138,2638,2024-12-21,4,185.66,Online
5610,189,2077,2025-10-01,1,60.42,Online
5611,200,2695,2023-05-12,4,241.01,In-Store
5612,138,2452,2024-10-30,3,185.66,In-Store
5613,107,2635,2025-06-27,4,177.55,In-Store
5614,150,2037,2025-03-10,5,33.26,In-Store
5615,146,2523,2025-08-04,3,26.18,Online
5616,167,2306,2025-09-10,2,235.98,In-Store
5617,146,2131,2024-02-10,4,26.18,Online
5618,137,2250,2025-03-14,3,67.81,Online
5619,194,2754,2024-12-11,4,216.06,Online
5620,108,2736,2025-02-19,3,61.68,Online
5621,137,2130,2025-10-10,2,67.81,Online
5622,136,2150,2024-12-21,3,220.89,In-Store
5623,163,2024,2025-10-07,2,186.58,In-Store
5624,147,2461,2025-05-24,1,133.4,Online
5625,125,2271,2025-12-31,3,62.64,Online
5626,178,2841,2025-10-07,4,81.85,Online
5627,123,2378,2024-08-19,2,73.57,Online
5628,198,2253,2025-09-04,3,105.92,In-Store
5629,113,2695,2022-08-14,2,56.15,In-Store
5630,190,2262,2025-04-01,1,197.23,Online
5631,180,2920,2024-01-28,4,77.62,In-Store
5632,116,2587,2025-11-13,2,98.84,In-Store
5633,110,2425,2024-07-07,2,73.49,Online
5634,194,2521,2025-10-27,3,216.06,In-Store
5635,123,2149,2025-12-09,5,73.57,In-Store
5636,128,2037,2025-06-16,3,101.59,In-Store
5637,113,2036,2025-03-11,4,56.15,Online
5638,160,2173,2023-09-20,3,232.36,In-Store
5639,113,2281,2024-02-22,2,56.15,In-Store
5640,110,2700,2025-03-15,1,73.49,In-Store
5641,137,2479,2023-07-16,4,67.81,Online
5642,158,2712,2024-04-29,3,126.55,In-Store
5643,156,2812,2025-04-10,4,22.14,In-Store
5644,187,2491,2023-11-09,5,149.8,In-Store
5645,183,2633,2025-08-30,4,209.04,In-Store
5646,193,2037,2024-05-27,5,74.03,Online
5647,108,2521,2023-11-03,2,61.68,Online
5648,188,2711,2025-10-31,3,20.04,In-Store
5649,129,2772,2023-07-03,5,216.59,In-Store
5650,189,2306,2025-02-16,5,60.42,In-Store
5651,103,2828,2023-06-18,2,111.26,Online
5652,157,2485,2023-09-25,1,232.33,In-Store
5653,144,2229,2024-11-03,1,15.05,Online
5654,116,2622,2025-01-30,4,98.84,Online
5655,168,2281,2025-03-10,3,152.68,In-Store
5656,106,2913,2025-07-31,3,117.81,Online
5657,131,2496,2024-12-02,4,114.34,In-Store
5658,178,2136,2025-03-06,4,81.85,Online
5659,162,2186,2024-07-25,1,55.58,Online
5660,165,2526,2023-09-23,1,240.59,In-Store
5661,109,2571,2025-01-01,5,101.18,In-Store
5662,137,2403,2025-05-16,4,67.81,Online
5663,164,2760,2023-09-22,5,22.03,Online
5664,132,2457,2025-06-18,1,243.25,Online
5665,141,2971,2024-04-16,3,232.94,Online
5666,152,2606,2024-12-27,1,106.63,Online
5667,172,2871,2025-10-08,3,232.96,In-Store
5668,157,2824,2025-11-24,3,232.33,In-Store
5669,187,2052,2023-04-17,3,149.8,In-Store
5670,191,2769,2025-10-18,4,217.51,Online
5671,192,2945,2025-10-10,4,53.05,Online
5672,165,2226,2025-02-25,1,240.59,In-Store
5673,106,2426,2025-11-05,3,117.81,In-Store
5674,106,2113,2023-07-06,3,117.81,In-Store
5675,122,2778,2024-06-18,4,167.31,Online
5676,160,2964,2022-10-21,1,232.36,Online
5677,165,3000,2025-10-04,5,240.59,In-Store
5678,106,2106,2024-09-05,2,117.81,In-Store
5679,170,2623,2023-07-29,2,59.02,In-Store
5680,191,2887,2022-12-07,2,217.51,Online
5681,183,2174,2025-12-27,2,209.04,Online
5682,147,2838,2024-11-23,4,133.4,In-Store
5683,125,2233,2023-09-18,3,62.64,In-Store
5684,138,2553,2024-01-30,1,185.66,Online
5685,176,2742,2024-01-28,2,78.4,In-Store
5686,140,2033,2025-03-05,5,136.64,In-Store
5687,195,2798,2023-03-19,1,93.92,In-Store
5688,144,2631,2022-12-14,5,15.05,In-Store
5689,144,2309,2025-05-09,5,15.05,Online
5690,183,2790,2023-08-28,1,209.04,In-Store
5691,190,2132,2025-05-06,3,197.23,Online
5692,197,2292,2025-06-14,3,217.44,Online
5693,198,2133,2024-05-23,3,105.92,Online
5694,105,2291,2025-01-22,1,57.72,Online
5695,183,2239,2023-11-28,5,209.04,In-Store
5696,116,2517,2024-03-29,2,98.84,Online
5697,109,2813,2025-02-22,5,101.18,In-Store
5698,101,2489,2024-11-29,4,187.97,In-Store
5699,199,2456,2023-10-15,4,37.68,In-Store
5700,200,2306,2024-12-18,2,241.01,Online
5701,185,2973,2024-07-13,5,142.4,Online
5702,184,2870,2024-12-28,1,195.07,Online
5703,172,2583,2022-03-28,2,232.96,In-Store
5704,152,2659,2024-07-05,5,106.63,Online
5705,107,2155,2023-08-05,2,177.55,Online
5706,124,2968,2025-01-21,1,112.82,Online
5707,162,2822,2024-11-27,3,55.58,In-Store
5708,164,2777,2025-02-21,4,22.03,Online
5709,175,2658,2025-04-13,1,233.98,In-Store
5710,164,2994,2025-08-17,3,22.03,Online
5711,162,2396,2025-07-03,4,55.58,Online
5712,129,2239,2025-06-11,4,216.59,In-Store
5713,114,2083,2024-11-05,2,195.54,Online
5714,123,2955,2023-07-14,3,73.57,In-Store
5715,191,2841,2024-10-05,1,217.51,Online
5716,135,2416,2024-08-26,2,87.8,In-Store
5717,175,2013,2025-10-11,2,233.98,Online
5718,192,2902,2022-05-12,2,53.05,In-Store
5719,153,2992,2025-06-07,2,55.98,Online
5720,158,2986,2024-10-30,5,126.55,In-Store
5721,149,2412,2024-08-12,1,198.31,Online
5722,178,2068,2023-10-05,4,81.85,Online
5723,148,2403,2024-12-23,2,139.42,In-Store
5724,113,2009,2023-10-21,3,56.15,Online
5725,124,2965,2025-04-27,4,112.82,In-Store
5726,145,2599,2025-06-26,5,62.85,In-Store
5727,187,2120,2024-07-29,4,149.8,In-Store
5728,107,2777,2024-04-25,3,177.55,In-Store
5729,200,2843,2023-10-10,5,241.01,Online
5730,156,2269,2023-11-28,1,22.14,In-Store
5731,134,2964,2024-05-06,5,99.74,Online
5732,118,2865,2024-11-01,4,120.94,Online
5733,121,2929,2025-12-04,4,60.64,Online
5734,171,2342,2025-03-08,5,104.99,Online
5735,106,2610,2024-10-01,2,117.81,In-Store
5736,137,2946,2025-08-18,1,67.81,In-Store
5737,132,2126,2025-09-02,4,243.25,In-Store
5738,133,2768,2025-05-22,3,212.0,Online
5739,186,2737,2025-01-16,4,28.06,Online
5740,175,2849,2025-06-08,2,233.98,In-Store
5741,187,2009,2025-04-07,1,149.8,Online
5742,101,2172,2023-12-08,2,187.97,Online
5743,112,2037,2024-08-06,1,80.36,Online
5744,115,2441,2025-06-22,4,101.23,Online
5745,179,2892,2024-05-09,3,37.7,In-Store
5746,196,2400,2025-08-28,1,168.41,Online
5747,141,2578,2025-06-16,1,232.94,In-Store
5748,157,2116,2024-04-29,1,232.33,Online
5749,185,2822,2024-10-10,3,142.4,Online
5750,176,2636,2025-04-09,3,78.4,Online
5751,130,2841,2025-11-06,3,190.21,Online
5752,149,2843,2024-11-10,1,198.31,Online
5753,159,2771,2023-11-22,2,49.51,In-Store
5754,190,2504,2025-06-09,3,197.23,Online
5755,183,2459,2023-12-02,5,209.04,In-Store
5756,173,2629,2023-10-23,2,159.08,Online
5757,101,2005,2025-06-06,3,187.97,Online
5758,155,2670,2024-03-17,1,219.88,In-Store
5759,170,2668,2024-01-18,4,59.02,In-Store
5760,129,2359,2025-12-22,3,216.59,In-Store
5761,182,2880,2023-04-01,2,227.28,Online
5762,128,2242,2025-11-27,5,101.59,Online
5763,199,2580,2024-08-02,3,37.68,In-Store
5764,109,2927,2024-03-29,4,101.18,Online
5765,194,2256,2024-06-23,5,216.06,In-Store
5766,132,2005,2025-11-04,5,243.25,In-Store
5767,144,2153,2025-01-03,3,15.05,In-Store
5768,127,2142,2024-07-24,2,200.1,Online
5769,168,2883,2024-08-09,5,152.68,In-Store
5770,185,2847,2025-03-09,3,142.4,Online
5771,152,2115,2025-12-11,3,106.63,Online
5772,101,2951,2025-01-04,4,187.97,In-Store
5773,157,2018,2024-02-19,4,232.33,In-Store
5774,128,2697,2023-12-22,2,101.59,In-Store
5775,133,2064,2025-08-04,2,212.0,In-Store
5776,101,2254,2023-05-06,4,187.97,In-Store
5777,177,2663,2025-06-10,3,246.12,Online
5778,107,2143,2024-04-23,3,177.55,Online
5779,107,2174,2024-10-22,4,177.55,Online
5780,159,2459,2025-10-14,4,49.51,In-Store
5781,191,2201,2025-07-31,1,217.51,Online
5782,119,2799,2025-12-31,5,212.28,Online
5783,155,2140,2024-11-19,3,219.88,Online
5784,150,2423,2025-02-06,5,33.26,In-Store
5785,172,2767,2024-03-01,1,232.96,In-Store
5786,106,2466,2025-09-21,2,117.81,Online
5787,110,2042,2024-04-23,5,73.49,In-Store
5788,176,2605,2024-02-27,5,78.4,In-Store
5789,193,2441,2024-08-21,4,74.03,Online
5790,174,2576,2025-01-03,2,139.03,In-Store
5791,150,2721,2024-12-07,5,33.26,In-Store
5792,105,2342,2024-09-26,1,57.72,In-Store
5793,133,2169,2024-10-01,1,212.0,In-Store
5794,170,2038,2025-12-29,3,59.02,Online
5795,105,2764,2025-06-26,1,57.72,Online
5796,142,2101,2024-05-01,1,248.84,Online
5797,186,2880,2025-11-03,5,28.06,Online
5798,104,2177,2022-10-15,3,65.84,Online
5799,169,2506,2023-01-25,1,167.77,Online
5800,132,2035,2024-10-27,2,243.25,Online
5801,108,2791,2025-12-23,2,61.68,Online
5802,114,2109,2024-11-19,3,195.54,Online
5803,117,2153,2025-12-27,3,156.19,Online
5804,122,2907,2025-06-19,5,167.31,In-Store
5805,175,2122,2025-07-12,4,233.98,In-Store
5806,132,2896,2024-08-28,1,243.25,Online
5807,200,2298,2023-08-17,5,241.01,In-Store
5808,154,2200,2024-01-22,5,111.25,Online
5809,144,2620,2024-08-30,3,15.05,In-Store
5810,183,2645,2024-07-10,1,209.04,Online
5811,193,2635,2025-03-23,2,74.03,In-Store
5812,112,2686,2025-04-05,5,80.36,In-Store
5813,140,2269,2023-10-19,3,136.64,In-Store
5814,187,2835,2025-11-03,4,149.8,In-Store
5815,110,2123,2023-10-15,4,73.49,In-Store
5816,111,2363,2024-05-22,5,243.55,In-Store
5817,142,2801,2025-04-04,2,248.84,Online
5818,191,2582,2025-05-07,2,217.51,Online
5819,131,2875,2025-10-17,2,114.34,In-Store
5820,158,2011,2023-10-15,2,126.55,Online
5821,171,2955,2023-08-23,2,104.99,Online
5822,167,2320,2024-06-25,1,235.98,Online
5823,140,2006,2024-07-22,2,136.64,In-Store
5824,147,2742,2025-05-15,2,133.4,Online
5825,104,2609,2025-04-22,4,65.84,Online
5826,105,2934,2023-07-14,4,57.72,In-Store
5827,198,2477,2023-07-09,4,105.92,In-Store
5828,174,2674,2025-09-06,5,139.03,Online
5829,142,2171,2025-11-03,2,248.84,Online
5830,196,2719,2023-10-06,5,168.41,Online
5831,163,2914,2023-11-01,2,186.58,In-Store
5832,191,2555,2024-07-19,4,217.51,Online
5833,118,2536,2024-10-24,1,120.94,Online
5834,165,2778,2022-04-09,3,240.59,Online
5835,150,2105,2025-09-17,2,33.26,In-Store
5836,139,2095,2023-05-21,5,168.34,In-Store
5837,180,2613,2024-07-09,1,77.62,Online
5838,168,2227,2024-05-02,1,152.68,In-Store
5839,102,2508,2025-06-27,2,186.75,In-Store
5840,184,2627,2024-01-20,5,195.07,Online
5841,107,2023,2025-12-04,1,177.55,In-Store
5842,128,2046,2025-01-15,4,101.59,Online
5843,187,2861,2025-10-11,5,149.8,Online
5844,150,2205,2023-01-15,4,33.26,In-Store
5845,110,2223,2025-08-01,4,73.49,Online
5846,121,2514,2025-12-07,4,60.64,In-Store
5847,184,2459,2025-12-01,2,195.07,Online
5848,140,2863,2023-12-17,5,136.64,Online
5849,168,2926,2025-11-18,5,152.68,In-Store
5850,188,2448,2023-05-19,2,20.04,In-Store
5851,184,2654,2024-10-05,1,195.07,In-Store
5852,108,2361,2024-11-03,5,61.68,In-Store
5853,170,2336,2023-03-29,4,59.02,In-Store
5854,118,2409,2024-12-24,2,120.94,In-Store
5855,154,2269,2025-07-10,3,111.25,Online
5856,167,2723,2024-07-17,1,235.98,Online
5857,126,2702,2024-08-02,5,191.39,Online
5858,149,2481,2023-08-02,2,198.31,Online
5859,192,2705,2022-09-15,5,53.05,Online
5860,151,2151,2025-02-13,2,108.66,In-Store
5861,174,2984,2024-09-25,5,139.03,In-Store
5862,157,2486,2025-04-26,1,232.33,In-Store
5863,177,2108,2025-12-06,4,246.12,In-Store
5864,125,2661,2024-10-26,1,62.64,Online
5865,120,2962,2024-09-15,3,203.21,Online
5866,167,2922,2024-06-13,5,235.98,Online
5867,195,2685,2025-07-11,3,93.92,Online
5868,128,2869,2024-09-10,5,101.59,Online
5869,160,2456,2025-05-22,5,232.36,In-Store
5870,174,2790,2025-11-28,4,139.03,Online
5871,180,2844,2024-07-23,5,77.62,Online
5872,189,2578,2025-03-03,5,60.42,In-Store
5873,176,2369,2025-08-30,5,78.4,Online
5874,128,2152,2025-09-30,3,101.59,In-Store
5875,123,2414,2025-11-26,4,73.57,Online
5876,127,2008,2024-05-03,2,200.1,In-Store
5877,196,2362,2024-07-17,3,168.41,In-Store
5878,194,2379,2025-10-19,4,216.06,Online
5879,152,2592,2025-02-15,3,106.63,Online
5880,159,2596,2024-04-06,3,49.51,In-Store
5881,146,2352,2024-03-25,3,26.18,Online
5882,151,2855,2024-04-20,3,108.66,Online
5883,126,2250,2025-03-30,4,191.39,Online
5884,198,2870,2025-08-01,3,105.92,Online
5885,192,2683,2024-07-15,4,53.05,In-Store
5886,128,2858,2025-10-23,4,101.59,Online
5887,187,2846,2025-06-22,4,149.8,In-Store
5888,195,2395,2023-11-14,4,93.92,In-Store
5889,183,2087,2025-09-21,1,209.04,Online
5890,124,2735,2024-12-02,5,112.82,In-Store
5891,107,2532,2024-04-09,4,177.55,In-Store
5892,164,2988,2024-10-23,3,22.03,In-Store
5893,199,2302,2025-01-03,3,37.68,Online
5894,133,2771,2024-10-29,2,212.0,In-Store
5895,126,2545,2023-06-24,4,191.39,In-Store
5896,196,2192,2024-12-10,3,168.41,In-Store
5897,154,2113,2025-05-11,3,111.25,Online
5898,140,2319,2024-11-26,5,136.64,Online
5899,176,2950,2024-05-19,3,78.4,Online
5900,185,2081,2024-08-06,3,142.4,In-Store
5901,126,2698,2022-12-23,5,191.39,Online
5902,110,2892,2025-07-20,5,73.49,In-Store
5903,151,2811,2023-01-15,3,108.66,Online
5904,156,2679,2023-12-03,1,22.14,Online
5905,167,2377,2024-12-17,2,235.98,In-Store
5906,182,2149,2024-07-30,4,227.28,In-Store
5907,188,2499,2024-05-03,5,20.04,Online
5908,161,2176,2023-06-16,5,177.18,Online
5909,125,2137,2024-04-30,5,62.64,In-Store
5910,181,2231,2025-02-04,5,175.0,Online
5911,171,2028,2025-09-28,2,104.99,Online
5912,185,2974,2025-12-31,5,142.4,Online
5913,187,2687,2023-02-27,3,149.8,In-Store
5914,149,2863,2024-09-03,5,198.31,Online
5915,108,2620,2025-12-13,5,61.68,In-Store
5916,156,2727,2024-10-26,1,22.14,In-Store
5917,180,2789,2024-09-05,2,77.62,Online
5918,142,2103,2022-11-07,4,248.84,In-Store
5919,116,2342,2024-04-08,1,98.84,Online
5920,200,2172,2024-04-01,1,241.01,In-Store
5921,140,2851,2025-08-11,4,136.64,Online
5922,132,2870,2025-12-30,5,243.25,In-Store
5923,112,2962,2025-05-01,2,80.36,Online
5924,105,2504,2025-05-09,4,57.72,In-Store
5925,168,2729,2024-09-05,5,152.68,In-Store
5926,169,2256,2025-10-09,5,167.77,Online
5927,156,2396,2025-07-03,5,22.14,In-Store
5928,190,2830,2024-08-05,4,197.23,Online
5929,170,2109,2025-08-13,4,59.02,Online
5930,150,2074,2025-09-20,1,33.26,In-Store
5931,125,2307,2024-11-08,4,62.64,Online
5932,138,2196,2024-08-18,1,185.66,Online
5933,156,2917,2025-05-29,3,22.14,Online
5934,127,2379,2024-06-08,2,200.1,In-Store
5935,108,2482,2024-11-08,3,61.68,In-Store
5936,133,2293,2023-07-13,5,212.0,Online
5937,109,3000,2024-12-03,4,101.18,In-Store
5938,138,2359,2025-12-02,3,185.66,In-Store
5939,167,2369,2025-07-19,4,235.98,In-Store
5940,165,2509,2025-01-20,3,240.59,Online
5941,165,2599,2024-09-09,2,240.59,Online
5942,143,2496,2024-06-11,3,39.04,In-Store
5943,121,2522,2025-11-13,5,60.64,In-Store
5944,115,2704,2025-02-24,2,101.23,In-Store
5945,123,2423,2025-06-26,2,73.57,Online
5946,194,2152,2024-09-26,1,216.06,Online
5947,162,2859,2025-04-02,2,55.58,Online
5948,171,2270,2025-10-01,3,104.99,In-Store
5949,194,2245,2024-06-08,3,216.06,In-Store
5950,154,2844,2024-02-17,4,111.25,In-Store
5951,143,2219,2025-03-29,5,39.04,In-Store
5952,104,2375,2025-03-31,3,65.84,In-Store
5953,164,2958,2024-01-10,5,22.03,In-Store
5954,134,2634,2024-03-07,2,99.74,Online
5955,118,2413,2025-11-10,2,120.94,Online
5956,143,2711,2025-01-17,1,39.04,In-Store
5957,136,2825,2024-10-04,2,220.89,In-Store
5958,177,2883,2024-05-17,3,246.12,Online
5959,113,2502,2023-09-03,2,56.15,Online
5960,122,2967,2022-03-07,2,167.31,In-Store
5961,142,2266,2023-09-21,2,248.84,Online
5962,190,2858,2025-01-09,4,197.23,Online
5963,159,2967,2025-10-01,2,49.51,In-Store
5964,111,2571,2025-08-11,2,243.55,In-Store
5965,184,2859,2025-01-30,5,195.07,Online
5966,102,2236,2025-09-17,3,186.75,In-Store
5967,115,2277,2025-09-11,3,101.23,In-Store
5968,118,2081,2024-05-02,2,120.94,In-Store
5969,112,2369,2023-05-15,3,80.36,Online
5970,119,2574,2024-10-17,1,212.28,In-Store
5971,147,2156,2023-02-26,5,133.4,In-Store
5972,168,2038,2025-07-03,3,152.68,Online
5973,148,2521,2024-09-08,1,139.42,Online
5974,108,2488,2024-03-17,1,61.68,Online
5975,186,2902,2024-03-26,3,28.06,Online
5976,155,2385,2024-04-22,4,219.88,In-Store
5977,136,2100,2024-04-12,3,220.89,In-Store
5978,140,2990,2023-11-20,3,136.64,Online
5979,151,2514,2025-04-12,2,108.66,In-Store
5980,149,2506,2024-08-23,5,198.31,In-Store
5981,188,2079,2023-09-05,4,20.04,Online
5982,195,2043,2024-12-03,5,93.92,In-Store
5983,114,2076,2025-04-26,5,195.54,In-Store
5984,168,2037,2024-11-30,3,152.68,In-Store
5985,102,2755,2025-11-09,2,186.75,Online
5986,178,2372,2024-07-24,2,81.85,In-Store
5987,102,2511,2025-02-14,5,186.75,Online
5988,143,2134,2025-03-18,2,39.04,Online
5989,180,2364,2025-01-17,2,77.62,In-Store
5990,128,2444,2023-08-18,1,101.59,Online
5991,173,2554,2024-10-06,5,159.08,Online
5992,114,2196,2025-09-28,1,195.54,In-Store
5993,160,2150,2025-08-24,5,232.36,Online
5994,160,2672,2025-11-19,1,232.36,In-Store
5995,120,2760,2025-07-15,2,203.21,In-Store
5996,194,2534,2025-04-20,4,216.06,Online
5997,189,2138,2024-11-10,3,60.42,In-Store
5998,165,2542,2023-05-12,3,240.59,Online
5999,134,2516,2025-03-18,2,99.74,Online
6000,186,2588,2025-04-10,3,28.06,In-Store
6001,151,2480,2025-02-05,2,108.66,In-Store
6002,108,2628,2024-03-01,4,61.68,Online
6003,113,2852,2023-08-25,5,56.15,Online
6004,152,2378,2024-09-24,4,106.63,In-Store
6005,182,2494,2024-02-19,3,227.28,In-Store
6006,154,2155,2024-07-10,4,111.25,Online
6007,178,2781,2025-04-29,4,81.85,In-Store
6008,140,2194,2023-02-13,5,136.64,In-Store
6009,103,2577,2025-10-12,1,111.26,In-Store
6010,183,2990,2023-11-08,2,209.04,In-Store
6011,111,2889,2023-10-18,5,243.55,In-Store
6012,133,2341,2024-05-05,4,212.0,In-Store
6013,111,2175,2024-12-06,1,243.55,Online
6014,155,2800,2022-09-17,1,219.88,Online
6015,123,2043,2025-11-29,5,73.57,In-Store
6016,173,2264,2025-08-26,2,159.08,Online
6017,180,2287,2025-09-07,2,77.62,In-Store
6018,172,2571,2024-09-06,1,232.96,Online
6019,176,2872,2025-06-22,5,78.4,In-Store
6020,106,2634,2025-04-12,3,117.81,In-Store
6021,183,2636,2025-01-16,3,209.04,In-Store
6022,160,2882,2024-09-26,5,232.36,In-Store
6023,181,2301,2025-10-27,5,175.0,In-Store
6024,118,2393,2025-04-05,4,120.94,Online
6025,156,2164,2025-08-16,4,22.14,In-Store
6026,195,2161,2025-11-28,3,93.92,Online
6027,178,2305,2025-12-25,5,81.85,Online
6028,117,2031,2025-12-18,5,156.19,Online
6029,137,2819,2023-01-25,2,67.81,Online
6030,101,2067,2025-04-30,5,187.97,In-Store
6031,154,2154,2025-10-05,5,111.25,Online
6032,197,2548,2022-10-22,3,217.44,Online
6033,110,2452,2025-02-22,1,73.49,In-Store
6034,179,2511,2023-09-25,3,37.7,In-Store
6035,199,2698,2024-05-23,3,37.68,Online
6036,157,2552,2024-07-26,2,232.33,In-Store
6037,134,2269,2025-03-18,2,99.74,In-Store
6038,184,2840,2025-05-16,1,195.07,Online
6039,189,2025,2023-11-28,2,60.42,Online
6040,187,2779,2025-01-06,5,149.8,In-Store
6041,133,2814,2024-08-13,5,212.0,Online
6042,168,2696,2025-11-06,1,152.68,Online
6043,129,2163,2025-01-22,4,216.59,Online
6044,125,2359,2024-10-28,3,62.64,Online
6045,170,2286,2025-11-16,1,59.02,Online
6046,117,2955,2023-02-24,4,156.19,In-Store
6047,192,2731,2025-08-20,1,53.05,In-Store
6048,109,2217,2025-05-13,2,101.18,In-Store
6049,172,2318,2024-10-30,5,232.96,Online
6050,159,2704,2023-09-17,3,49.51,Online
6051,135,2377,2024-06-25,5,87.8,Online
6052,164,2124,2025-07-12,4,22.03,Online
6053,114,2621,2025-11-26,3,195.54,Online
6054,175,2786,2024-09-14,4,233.98,Online
6055,184,2437,2023-01-11,1,195.07,Online
6056,173,2107,2023-07-23,1,159.08,Online
6057,169,3000,2025-09-14,2,167.77,In-Store
6058,185,2447,2024-10-17,2,142.4,In-Store
6059,176,2995,2025-04-20,1,78.4,Online
6060,109,2294,2025-05-23,1,101.18,Online
6061,139,2842,2025-07-23,3,168.34,Online
6062,170,2508,2025-08-13,5,59.02,Online
6063,166,2514,2024-11-02,3,152.81,In-Store
6064,194,2683,2024-08-23,2,216.06,In-Store
6065,101,2795,2023-12-03,4,187.97,Online
6066,168,2823,2025-03-31,1,152.68,In-Store
6067,168,2520,2025-12-12,5,152.68,In-Store
6068,128,2379,2024-11-17,4,101.59,In-Store
6069,178,2281,2023-04-16,4,81.85,Online
6070,139,2123,2023-06-04,3,168.34,In-Store
6071,102,2675,2025-03-14,2,186.75,Online
6072,152,2431,2024-04-08,2,106.63,Online
6073,115,2089,2022-05-06,3,101.23,In-Store
6074,145,2385,2025-04-09,1,62.85,In-Store
6075,163,2287,2025-10-29,3,186.58,In-Store
6076,149,2601,2024-11-22,1,198.31,In-Store
6077,188,2041,2025-07-11,4,20.04,Online
6078,102,2848,2025-06-25,4,186.75,Online
6079,178,2878,2025-02-12,3,81.85,Online
6080,112,2131,2022-09-24,4,80.36,In-Store
6081,123,2829,2023-11-26,4,73.57,Online
6082,111,2154,2025-08-29,2,243.55,Online
6083,143,2779,2025-10-01,4,39.04,Online
6084,102,2046,2025-11-13,1,186.75,Online
6085,158,2330,2025-07-14,5,126.55,In-Store
6086,150,2360,2025-10-29,4,33.26,In-Store
6087,132,2375,2023-05-04,3,243.25,Online
6088,142,2278,2023-12-21,2,248.84,Online
6089,188,2084,2025-02-26,3,20.04,In-Store
6090,170,2310,2023-07-03,4,59.02,Online
6091,143,2664,2022-07-12,1,39.04,In-Store
6092,114,2653,2024-07-18,2,195.54,In-Store
6093,198,2357,2025-10-20,3,105.92,In-Store
6094,169,2291,2024-11-28,1,167.77,In-Store
6095,143,2463,2023-12-11,1,39.04,Online
6096,128,2477,2025-10-19,5,101.59,Online
6097,115,2328,2023-07-26,4,101.23,Online
6098,132,2457,2024-09-05,3,243.25,Online
6099,169,2162,2025-09-16,4,167.77,Online
6100,102,2141,2024-11-09,2,186.75,Online
6101,105,2361,2025-04-05,3,57.72,In-Store
6102,173,2964,2024-11-14,1,159.08,Online
6103,153,2968,2025-07-26,3,55.98,Online
6104,182,2210,2022-04-07,5,227.28,In-Store
6105,157,2705,2025-05-16,1,232.33,In-Store
6106,136,2039,2025-01-23,4,220.89,In-Store
6107,117,2559,2022-12-24,5,156.19,Online
6108,196,2947,2025-03-05,5,168.41,In-Store
6109,198,2190,2025-07-31,5,105.92,In-Store
6110,127,2844,2025-05-31,3,200.1,In-Store
6111,169,2890,2025-08-28,3,167.77,Online
6112,126,2538,2025-10-11,2,191.39,In-Store
6113,183,2491,2024-09-23,4,209.04,Online
6114,188,2402,2025-09-23,4,20.04,Online
6115,102,2867,2025-01-05,3,186.75,Online
6116,140,2509,2024-11-07,4,136.64,Online
6117,173,2984,2024-11-08,4,159.08,In-Store
6118,104,2420,2025-12-10,1,65.84,Online
6119,144,2925,2024-12-12,2,15.05,Online
6120,196,2654,2025-01-15,4,168.41,Online
6121,185,2611,2025-04-13,4,142.4,In-Store
6122,178,2405,2025-05-08,5,81.85,Online
6123,191,2361,2025-03-06,2,217.51,In-Store
6124,199,2254,2023-11-25,4,37.68,In-Store
6125,128,2811,2023-01-23,3,101.59,Online
6126,182,2535,2024-02-14,1,227.28,Online
6127,161,2035,2024-08-22,3,177.18,Online
6128,198,2437,2025-03-22,4,105.92,Online
6129,151,2741,2023-10-10,5,108.66,Online
6130,114,2921,2025-02-08,2,195.54,In-Store
6131,108,2490,2024-03-02,2,61.68,Online
6132,151,2582,2025-04-02,1,108.66,Online
6133,134,2637,2025-12-14,2,99.74,Online
6134,128,2209,2025-02-12,1,101.59,In-Store
6135,127,2752,2025-05-22,4,200.1,Online
6136,181,2111,2022-09-26,3,175.0,In-Store
6137,116,2388,2023-06-22,1,98.84,Online
6138,134,2704,2025-03-31,5,99.74,In-Store
6139,123,2658,2023-07-04,5,73.57,Online
6140,113,2252,2023-07-08,3,56.15,In-Store
6141,107,2593,2024-06-10,5,177.55,Online
6142,182,2627,2023-07-14,5,227.28,In-Store
6143,164,2326,2025-06-06,1,22.03,Online
6144,153,2570,2023-09-15,3,55.98,In-Store
6145,124,2531,2023-07-18,5,112.82,In-Store
6146,134,2591,2024-12-04,4,99.74,In-Store
6147,121,2334,2025-08-07,4,60.64,Online
6148,160,2356,2024-10-15,2,232.36,In-Store
6149,150,2039,2023-11-23,4,33.26,In-Store
6150,176,2701,2023-08-05,2,78.4,In-Store
6151,187,2278,2022-05-24,3,149.8,Online
6152,114,2882,2024-06-11,4,195.54,Online
6153,191,2571,2024-07-11,5,217.51,Online
6154,113,2990,2022-10-17,2,56.15,In-Store
6155,163,2277,2024-10-08,5,186.58,In-Store
6156,178,2275,2024-02-02,4,81.85,Online
6157,183,2700,2024-08-15,4,209.04,Online
6158,192,2175,2024-05-23,5,53.05,In-Store
6159,149,2427,2024-12-08,2,198.31,Online
6160,156,2327,2022-12-10,1,22.14,Online
6161,179,2690,2025-01-28,2,37.7,In-Store
6162,142,2897,2025-12-03,4,248.84,Online
6163,145,2797,2024-03-02,5,62.85,In-Store
6164,108,2710,2023-03-03,4,61.68,Online
6165,127,2477,2022-09-18,3,200.1,In-Store
6166,200,2241,2025-09-05,5,241.01,In-Store
6167,175,2972,2023-06-24,1,233.98,Online
6168,195,2453,2025-01-21,2,93.92,Online
6169,195,2576,2024-04-13,5,93.92,Online
6170,124,2608,2024-06-11,4,112.82,Online
6171,188,2699,2025-10-13,1,20.04,Online
6172,115,2799,2025-11-03,1,101.23,In-Store
6173,145,2797,2024-06-14,2,62.85,Online
6174,173,2304,2024-10-04,2,159.08,In-Store
6175,129,2711,2025-10-03,1,216.59,In-Store
6176,183,2762,2024-09-24,4,209.04,In-Store
6177,153,2306,2024-11-30,2,55.98,Online
6178,172,2061,2025-01-08,3,232.96,In-Store
6179,179,2412,2023-08-12,4,37.7,Online
6180,160,2252,2025-05-27,1,232.36,Online
6181,169,2300,2025-07-02,1,167.77,In-Store
6182,193,2891,2024-08-04,4,74.03,In-Store
6183,119,2196,2025-05-27,2,212.28,In-Store
6184,137,2996,2024-09-18,2,67.81,Online
6185,165,2385,2024-07-19,3,240.59,Online
6186,156,2409,2025-02-03,3,22.14,Online
6187,166,2152,2024-06-28,4,152.81,Online
6188,180,2510,2024-03-11,3,77.62,Online
6189,127,2616,2023-11-05,5,200.1,In-Store
6190,105,2971,2024-02-16,2,57.72,Online
6191,179,2582,2025-04-12,3,37.7,In-Store
6192,110,2315,2025-03-04,2,73.49,In-Store
6193,125,2967,2025-08-15,1,62.64,Online
6194,176,2053,2024-02-22,4,78.4,In-Store
6195,109,2645,2025-01-13,1,101.18,Online
6196,172,2591,2024-11-23,4,232.96,In-Store
6197,177,2398,2024-10-28,4,246.12,In-Store
6198,184,2405,2025-11-27,1,195.07,Online
6199,175,2411,2025-02-25,3,233.98,In-Store
6200,182,2044,2025-10-24,5,227.28,In-Store
6201,132,2627,2023-09-06,4,243.25,Online
6202,165,2069,2023-12-07,1,240.59,Online
6203,112,2187,2025-12-01,1,80.36,In-Store
6204,167,2961,2025-08-25,5,235.98,Online
6205,190,2874,2024-03-22,4,197.23,In-Store
6206,194,2651,2025-10-26,3,216.06,In-Store
6207,116,2560,2024-07-28,4,98.84,In-Store
6208,192,2118,2025-11-24,4,53.05,Online
6209,130,2492,2024-12-22,4,190.21,In-Store
6210,159,2611,2022-07-15,1,49.51,In-Store
6211,133,2501,2025-04-02,4,212.0,In-Store
6212,184,2748,2022-04-07,5,195.07,Online
6213,170,2907,2025-06-25,5,59.02,Online
6214,191,2829,2025-09-08,1,217.51,Online
6215,155,2114,2025-03-08,3,219.88,Online
6216,101,2895,2022-11-02,4,187.97,In-Store
6217,169,2837,2024-10-02,1,167.77,In-Store
6218,191,2942,2025-04-03,5,217.51,Online
6219,180,2299,2025-04-12,5,77.62,Online
6220,162,2074,2023-03-01,3,55.58,Online
6221,188,2099,2025-03-09,5,20.04,In-Store
6222,148,2897,2025-02-07,4,139.42,In-Store
6223,123,3000,2025-03-27,1,73.57,Online
6224,122,2282,2022-11-21,2,167.31,In-Store
6225,136,2045,2023-12-09,3,220.89,In-Store
6226,134,2706,2025-03-01,2,99.74,Online
6227,138,2345,2024-05-01,1,185.66,Online
6228,157,2093,2023-05-29,4,232.33,Online
6229,121,2094,2022-06-12,3,60.64,In-Store
6230,122,2077,2024-10-02,2,167.31,Online
6231,184,2549,2022-02-08,1,195.07,Online
6232,115,2326,2024-08-12,5,101.23,In-Store
6233,199,2247,2023-11-14,3,37.68,In-Store
6234,149,2909,2024-12-28,2,198.31,Online
6235,153,2046,2024-08-07,1,55.98,Online
6236,188,2537,2024-03-10,3,20.04,Online
6237,113,2219,2025-07-12,1,56.15,Online
6238,179,2331,2025-10-05,1,37.7,In-Store
6239,200,2939,2025-04-17,2,241.01,Online
6240,199,2703,2023-07-25,4,37.68,Online
6241,171,2571,2025-07-03,5,104.99,In-Store
6242,199,2430,2025-09-11,5,37.68,Online
6243,137,2600,2024-06-12,1,67.81,In-Store
6244,163,2544,2024-06-14,5,186.58,Online
6245,175,2433,2025-10-03,5,233.98,In-Store
6246,133,2500,2024-10-26,3,212.0,In-Store
6247,141,2915,2024-02-22,1,232.94,Online
6248,157,2041,2024-07-04,5,232.33,In-Store
6249,113,2398,2025-09-03,2,56.15,Online
6250,175,2951,2024-12-07,1,233.98,Online
6251,138,2629,2025-04-29,2,185.66,In-Store
6252,191,2192,2024-09-19,1,217.51,Online
6253,162,2247,2024-04-04,1,55.58,In-Store
6254,191,2984,2025-04-14,3,217.51,Online
6255,123,2963,2024-08-31,2,73.57,Online
6256,105,2730,2023-06-29,3,57.72,Online
6257,140,2362,2022-10-25,3,136.64,Online
6258,143,2094,2024-03-07,2,39.04,In-Store
6259,111,2691,2024-06-04,4,243.55,Online
6260,145,2051,2024-07-05,3,62.85,In-Store
6261,182,2510,2025-05-26,5,227.28,In-Store
6262,158,2943,2024-02-26,5,126.55,In-Store
6263,123,2421,2024-06-26,4,73.57,In-Store
6264,158,2234,2024-10-14,1,126.55,Online
6265,140,2057,2023-11-28,5,136.64,Online
6266,147,2629,2024-01-18,1,133.4,Online
6267,144,2919,2025-05-07,1,15.05,Online
6268,197,2761,2023-05-21,2,217.44,In-Store
6269,138,2113,2025-10-17,3,185.66,Online
6270,163,2587,2025-02-17,4,186.58,Online
6271,154,2748,2022-04-27,5,111.25,In-Store
6272,158,2311,2025-02-05,1,126.55,In-Store
6273,112,2523,2024-07-15,3,80.36,Online
6274,102,2441,2025-04-18,2,186.75,In-Store
6275,156,2056,2024-01-08,4,22.14,In-Store
6276,187,2645,2024-08-06,2,149.8,In-Store
6277,191,2602,2025-09-01,1,217.51,Online
6278,138,2950,2024-02-21,1,185.66,Online
6279,121,2570,2025-01-14,1,60.64,Online
6280,131,2839,2025-06-05,3,114.34,Online
6281,200,2023,2025-12-03,1,241.01,In-Store
6282,155,2072,2024-03-08,2,219.88,In-Store
6283,124,2739,2024-05-17,5,112.82,Online
6284,144,2932,2024-05-11,4,15.05,Online
6285,120,2950,2025-10-16,1,203.21,Online
6286,159,2390,2025-07-20,5,49.51,Online
6287,104,2438,2024-05-22,1,65.84,In-Store
6288,107,2502,2024-07-31,4,177.55,Online
6289,138,2470,2022-11-02,1,185.66,Online
6290,168,2934,2024-11-08,2,152.68,Online
6291,157,2784,2025-08-05,1,232.33,Online
6292,196,2720,2024-01-31,2,168.41,Online
6293,152,2271,2023-07-17,5,106.63,In-Store
6294,199,2028,2024-10-04,3,37.68,Online
6295,132,2217,2025-02-05,1,243.25,In-Store
6296,114,2082,2025-03-18,3,195.54,Online
6297,140,2139,2024-12-10,4,136.64,In-Store
6298,126,2646,2024-10-16,2,191.39,In-Store
6299,175,2441,2024-11-10,4,233.98,Online
6300,183,2241,2024-09-21,2,209.04,Online
6301,155,2472,2025-05-20,4,219.88,Online
6302,106,2006,2025-07-15,3,117.81,In-Store
6303,200,2685,2023-10-06,1,241.01,Online
6304,125,2450,2025-02-25,2,62.64,Online
6305,157,2469,2025-05-27,4,232.33,Online
6306,175,2219,2025-04-04,4,233.98,Online
6307,197,2978,2024-01-17,2,217.44,In-Store
6308,142,2677,2025-10-11,4,248.84,Online
6309,162,2770,2025-09-23,4,55.58,Online
6310,157,2203,2025-01-03,3,232.33,Online
6311,142,2155,2023-02-03,4,248.84,Online
6312,131,2226,2025-08-24,4,114.34,Online
6313,131,2346,2025-11-16,4,114.34,In-Store
6314,146,2958,2024-12-12,3,26.18,In-Store
6315,135,2999,2023-11-06,2,87.8,In-Store
6316,123,2025,2023-08-12,5,73.57,In-Store
6317,117,2335,2024-11-15,5,156.19,In-Store
6318,139,2476,2025-09-14,3,168.34,In-Store
6319,135,2248,2024-12-06,4,87.8,Online
6320,180,2205,2023-08-07,5,77.62,Online
6321,162,2425,2025-06-20,2,55.58,In-Store
6322,112,2234,2024-05-31,1,80.36,In-Store
6323,139,2573,2025-11-23,1,168.34,In-Store
6324,170,2017,2024-09-20,5,59.02,In-Store
6325,167,2039,2024-07-08,2,235.98,Online
6326,123,2151,2024-12-17,3,73.57,In-Store
6327,171,2291,2024-10-02,3,104.99,Online
6328,101,2962,2024-05-20,4,187.97,In-Store
6329,117,2754,2025-09-06,2,156.19,Online
6330,200,2242,2024-05-22,1,241.01,In-Store
6331,200,2730,2024-11-09,3,241.01,In-Store
6332,106,2398,2024-12-10,3,117.81,In-Store
6333,159,2405,2025-12-15,2,49.51,Online
6334,156,2082,2024-11-02,3,22.14,In-Store
6335,101,2406,2025-07-22,1,187.97,Online
6336,144,2388,2023-09-02,5,15.05,In-Store
6337,152,2718,2023-07-26,5,106.63,Online
6338,168,2124,2024-11-25,2,152.68,In-Store
6339,155,2503,2024-03-30,1,219.88,In-Store
6340,184,2682,2025-03-26,3,195.07,Online
6341,129,2995,2025-04-08,5,216.59,In-Store
6342,143,2995,2025-09-22,5,39.04,Online
6343,169,2893,2022-12-08,5,167.77,In-Store
6344,184,2388,2025-06-15,5,195.07,Online
6345,168,2283,2025-03-27,4,152.68,In-Store
6346,117,2940,2024-07-16,3,156.19,Online
6347,101,2202,2024-07-07,1,187.97,Online
6348,196,2314,2024-10-10,2,168.41,In-Store
6349,142,2249,2025-05-10,2,248.84,In-Store
6350,196,2059,2023-08-05,2,168.41,Online
6351,162,2990,2022-10-05,1,55.58,In-Store
6352,179,2561,2022-07-11,3,37.7,In-Store
6353,141,2190,2022-03-01,2,232.94,In-Store
6354,120,2104,2024-10-31,1,203.21,In-Store
6355,123,2073,2023-09-19,1,73.57,Online
6356,182,2570,2023-10-05,1,227.28,Online
6357,196,2360,2022-10-09,5,168.41,In-Store
6358,177,2670,2025-05-07,5,246.12,Online
6359,104,2214,2022-10-22,1,65.84,In-Store
6360,178,2276,2024-07-22,1,81.85,Online
6361,174,2023,2025-03-20,4,139.03,Online
6362,154,2482,2024-09-13,1,111.25,In-Store
6363,175,2686,2024-04-19,5,233.98,In-Store
6364,136,2638,2025-09-25,4,220.89,Online
6365,132,2322,2022-08-13,4,243.25,Online
6366,101,2581,2024-09-24,5,187.97,Online
6367,121,2762,2025-12-10,3,60.64,Online
6368,139,2181,2025-09-06,3,168.34,In-Store
6369,196,2911,2025-08-06,3,168.41,In-Store
6370,185,2498,2023-01-20,1,142.4,Online
6371,184,2294,2024-10-09,4,195.07,In-Store
6372,196,2088,2025-04-22,3,168.41,Online
6373,170,2334,2023-01-18,1,59.02,In-Store
6374,173,2913,2023-08-09,5,159.08,In-Store
6375,181,2135,2025-02-06,1,175.0,In-Store
6376,164,2727,2024-06-20,4,22.03,Online
6377,120,2779,2025-01-24,4,203.21,Online
6378,177,2168,2025-07-17,1,246.12,In-Store
6379,177,2711,2024-03-31,5,246.12,Online
6380,123,2795,2025-07-05,5,73.57,In-Store
6381,142,2228,2025-10-08,2,248.84,Online
6382,174,2219,2024-12-16,5,139.03,In-Store
6383,168,2581,2024-02-25,4,152.68,In-Store
6384,114,2631,2022-11-03,5,195.54,Online
6385,165,2550,2024-12-19,3,240.59,Online
6386,115,2400,2024-01-19,4,101.23,In-Store
6387,199,2545,2025-12-26,1,37.68,Online
6388,127,2296,2025-03-17,3,200.1,Online
6389,128,2128,2025-07-04,3,101.59,In-Store
6390,101,2407,2025-08-03,1,187.97,Online
6391,184,2690,2024-02-24,3,195.07,In-Store
6392,137,2632,2024-12-13,2,67.81,Online
6393,124,2644,2025-04-14,2,112.82,Online
6394,182,2699,2023-11-16,4,227.28,Online
6395,137,2400,2025-01-05,5,67.81,In-Store
6396,182,2800,2025-08-06,3,227.28,In-Store
6397,129,2450,2025-01-18,4,216.59,In-Store
6398,135,2239,2023-04-29,4,87.8,In-Store
6399,125,2976,2025-04-06,3,62.64,Online
6400,192,2446,2025-02-17,5,53.05,Online
6401,142,2136,2025-01-18,5,248.84,In-Store
6402,123,2696,2025-08-18,2,73.57,Online
6403,130,2882,2024-11-11,1,190.21,Online
6404,133,2585,2024-05-07,3,212.0,Online
6405,198,2455,2024-12-09,1,105.92,Online
6406,112,2707,2025-07-17,1,80.36,Online
6407,161,2165,2023-12-26,3,177.18,Online
6408,122,2191,2025-12-26,5,167.31,In-Store
6409,193,2784,2024-09-30,3,74.03,Online
6410,118,2208,2025-12-15,1,120.94,Online
6411,108,2996,2024-12-12,3,61.68,In-Store
6412,148,2220,2025-11-24,1,139.42,Online
6413,111,2779,2024-06-30,1,243.55,In-Store
6414,167,2365,2023-08-24,4,235.98,Online
6415,175,2412,2022-02-17,3,233.98,Online
6416,122,2706,2024-12-19,2,167.31,Online
6417,194,2823,2025-02-26,1,216.06,In-Store
6418,161,2284,2025-11-10,3,177.18,In-Store
6419,111,2762,2025-05-02,4,243.55,Online
6420,180,2325,2023-07-25,5,77.62,In-Store
6421,106,2135,2024-04-15,3,117.81,Online
6422,132,2766,2023-12-20,1,243.25,In-Store
6423,101,2351,2022-09-02,1,187.97,In-Store
6424,146,2188,2024-11-12,4,26.18,In-Store
6425,149,2195,2023-06-02,4,198.31,In-Store
6426,102,2561,2022-12-04,3,186.75,In-Store
6427,182,2834,2024-01-09,5,227.28,In-Store
6428,152,2339,2024-02-26,1,106.63,Online
6429,122,2129,2025-01-10,1,167.31,In-Store
6430,199,2308,2025-11-07,3,37.68,Online
6431,106,2487,2023-06-29,2,117.81,In-Store
6432,127,2571,2025-10-20,4,200.1,Online
6433,174,2127,2025-05-20,3,139.03,In-Store
6434,136,2997,2022-11-21,4,220.89,Online
6435,175,2117,2025-09-15,5,233.98,In-Store
6436,200,2267,2023-05-06,2,241.01,In-Store
6437,172,2155,2022-06-28,2,232.96,In-Store
6438,118,2920,2024-10-24,4,120.94,In-Store
6439,110,2741,2025-06-01,3,73.49,In-Store
6440,123,2140,2025-12-05,4,73.57,In-Store
6441,102,2723,2024-12-08,1,186.75,In-Store
6442,194,2016,2022-11-02,4,216.06,Online
6443,168,2035,2024-05-26,4,152.68,Online
6444,192,2768,2023-07-25,5,53.05,In-Store
6445,144,2110,2024-01-25,3,15.05,In-Store
6446,168,2287,2025-04-22,4,152.68,Online
6447,109,2914,2025-01-08,1,101.18,Online
6448,140,2168,2024-08-26,4,136.64,In-Store
6449,118,2309,2025-04-01,2,120.94,Online
6450,140,2095,2023-05-05,4,136.64,In-Store
6451,117,2154,2025-11-20,1,156.19,In-Store
6452,133,2143,2025-04-10,3,212.0,In-Store
6453,117,2560,2025-09-27,2,156.19,In-Store
6454,157,2945,2022-12-10,2,232.33,Online
6455,139,2098,2025-01-24,3,168.34,In-Store
6456,195,2147,2025-08-13,4,93.92,Online
6457,111,2450,2025-12-09,4,243.55,Online
6458,167,2132,2025-12-31,5,235.98,In-Store
6459,173,2349,2024-07-04,4,159.08,In-Store
6460,151,2198,2025-06-27,3,108.66,Online
6461,191,2917,2023-01-26,4,217.51,In-Store
6462,181,2401,2025-11-04,2,175.0,Online
6463,179,2730,2025-02-10,1,37.7,Online
6464,103,2456,2024-08-31,2,111.26,In-Store
6465,169,2038,2025-06-20,4,167.77,Online
6466,141,2149,2025-06-21,5,232.94,Online
6467,152,2919,2023-07-19,5,106.63,In-Store
6468,172,2397,2025-02-28,4,232.96,Online
6469,190,2780,2024-06-11,1,197.23,In-Store
6470,117,2774,2025-07-15,5,156.19,In-Store
6471,194,2658,2024-11-18,2,216.06,Online
6472,125,2949,2024-11-11,3,62.64,In-Store
6473,143,2125,2025-12-22,2,39.04,In-Store
6474,127,2672,2024-05-04,3,200.1,Online
6475,194,2150,2025-10-01,5,216.06,Online
6476,125,2601,2025-07-13,2,62.64,In-Store
6477,141,2688,2025-10-17,1,232.94,In-Store
6478,153,2679,2025-04-05,4,55.98,In-Store
6479,159,2259,2024-09-15,1,49.51,In-Store
6480,175,2984,2025-02-04,3,233.98,In-Store
6481,106,2769,2024-10-19,1,117.81,In-Store
6482,183,2403,2025-12-03,5,209.04,In-Store
6483,188,2088,2025-09-10,3,20.04,In-Store
6484,145,2661,2024-02-01,2,62.85,In-Store
6485,123,2582,2024-09-24,5,73.57,Online
6486,115,2357,2024-02-26,5,101.23,In-Store
6487,187,2905,2023-11-03,2,149.8,In-Store
6488,157,2372,2024-03-20,4,232.33,Online
6489,191,2223,2025-06-22,2,217.51,Online
6490,178,2155,2022-09-20,2,81.85,Online
6491,149,2599,2025-06-08,2,198.31,In-Store
6492,114,2423,2025-01-12,1,195.54,Online
6493,185,2776,2024-12-19,3,142.4,In-Store
6494,102,2755,2024-11-11,5,186.75,Online
6495,139,2824,2025-05-17,1,168.34,In-Store
6496,169,2782,2024-01-12,1,167.77,In-Store
6497,163,2435,2023-09-25,5,186.58,In-Store
6498,158,2111,2023-05-03,3,126.55,In-Store
6499,200,2681,2025-05-15,4,241.01,Online
6500,164,2104,2024-09-05,3,22.03,Online
6501,114,2216,2024-12-20,4,195.54,Online
6502,163,2786,2024-12-06,5,186.58,Online
6503,106,2375,2023-11-07,1,117.81,Online
6504,126,2664,2024-08-25,5,191.39,Online
6505,107,2559,2023-06-30,3,177.55,Online
6506,182,2961,2024-11-13,3,227.28,In-Store
6507,199,2414,2024-04-08,1,37.68,In-Store
6508,129,2310,2023-04-05,1,216.59,In-Store
6509,105,2309,2025-06-20,1,57.72,Online
6510,105,2232,2022-10-14,4,57.72,Online
6511,180,2688,2024-12-17,1,77.62,In-Store
6512,102,2536,2024-05-16,1,186.75,In-Store
6513,137,2662,2025-08-08,2,67.81,Online
6514,136,2130,2024-12-22,4,220.89,In-Store
6515,162,2093,2023-04-26,3,55.58,In-Store
6516,121,2771,2024-06-15,5,60.64,Online
6517,108,2462,2022-09-07,4,61.68,Online
6518,185,2514,2025-07-27,3,142.4,In-Store
6519,130,2896,2025-01-13,2,190.21,Online
6520,171,2623,2025-07-28,2,104.99,Online
6521,170,2231,2025-03-16,3,59.02,In-Store
6522,129,2909,2023-11-22,2,216.59,In-Store
6523,132,2565,2025-11-22,3,243.25,Online
6524,103,2576,2025-10-18,2,111.26,Online
6525,171,2328,2023-07-09,4,104.99,Online
6526,154,2664,2025-02-05,2,111.25,Online
6527,147,2177,2023-06-10,5,133.4,Online
6528,186,2690,2025-05-15,2,28.06,In-Store
6529,174,2234,2024-07-03,3,139.03,In-Store
6530,147,2949,2024-11-12,2,133.4,In-Store
6531,113,2257,2025-10-17,4,56.15,In-Store
6532,108,2676,2025-09-04,3,61.68,Online
6533,151,2769,2024-10-26,2,108.66,In-Store
6534,191,2620,2024-06-22,2,217.51,In-Store
6535,128,2790,2023-12-21,5,101.59,In-Store
6536,137,2013,2024-06-22,4,67.81,Online
6537,143,2920,2025-08-11,3,39.04,Online
6538,152,2337,2025-04-30,4,106.63,In-Store
6539,200,2152,2025-05-21,1,241.01,Online
6540,176,2109,2023-01-18,5,78.4,Online
6541,131,2096,2025-07-27,1,114.34,Online
6542,193,2715,2025-11-25,1,74.03,Online
6543,169,2153,2025-04-02,1,167.77,In-Store
6544,123,2006,2025-12-08,3,73.57,Online
6545,173,2400,2025-09-03,1,159.08,In-Store
6546,169,2170,2024-01-19,5,167.77,Online
6547,165,2567,2025-10-26,2,240.59,Online
6548,173,2827,2023-04-18,3,159.08,Online
6549,176,2279,2025-04-13,2,78.4,Online
6550,101,2020,2024-05-04,2,187.97,Online
6551,152,2940,2025-06-29,1,106.63,Online
6552,152,2348,2025-01-01,3,106.63,In-Store
6553,186,2568,2024-09-17,1,28.06,Online
6554,158,2892,2025-06-05,2,126.55,In-Store
6555,189,2244,2023-10-05,3,60.42,Online
6556,162,2843,2024-02-10,4,55.58,In-Store
6557,151,2437,2023-07-08,5,108.66,Online
6558,196,2982,2023-07-30,2,168.41,Online
6559,157,2613,2024-10-25,2,232.33,In-Store
6560,178,2130,2024-11-30,5,81.85,In-Store
6561,157,2946,2024-12-22,1,232.33,Online
6562,184,2364,2024-07-14,5,195.07,Online
6563,196,2760,2023-08-27,2,168.41,In-Store
6564,198,2148,2023-09-21,1,105.92,Online
6565,158,2973,2025-10-13,1,126.55,In-Store
6566,106,2533,2025-01-03,5,117.81,In-Store
6567,173,2149,2025-05-06,5,159.08,Online
6568,160,2913,2022-12-27,1,232.36,Online
6569,137,2059,2024-01-16,4,67.81,In-Store
6570,172,2730,2023-07-17,1,232.96,In-Store
6571,191,2251,2025-07-08,3,217.51,In-Store
6572,150,2265,2024-10-22,2,33.26,Online
6573,190,2769,2022-05-11,4,197.23,Online
6574,127,2907,2024-07-12,1,200.1,Online
6575,139,2316,2024-08-29,3,168.34,Online
6576,137,2222,2025-06-19,2,67.81,Online
6577,107,2987,2025-08-24,4,177.55,Online
6578,197,2312,2023-11-11,1,217.44,In-Store
6579,199,2263,2024-09-24,2,37.68,In-Store
6580,166,2559,2023-09-05,4,152.81,In-Store
6581,143,2267,2025-02-04,3,39.04,Online
6582,143,2176,2025-04-11,5,39.04,In-Store
6583,188,2686,2024-09-22,4,20.04,Online
6584,121,2094,2023-02-28,1,60.64,In-Store
6585,101,2256,2023-12-17,4,187.97,Online
6586,135,2896,2023-11-24,1,87.8,Online
6587,154,2584,2025-07-05,3,111.25,In-Store
6588,128,2447,2024-04-26,3,101.59,Online
6589,150,2519,2023-05-25,2,33.26,Online
6590,103,2908,2022-11-07,3,111.26,Online
6591,102,2599,2024-07-24,3,186.75,Online
6592,185,2190,2023-12-03,1,142.4,In-Store
6593,141,2128,2025-01-24,2,232.94,Online
6594,136,2437,2025-08-11,1,220.89,In-Store
6595,173,2721,2025-02-12,1,159.08,In-Store
6596,140,2800,2025-03-23,5,136.64,In-Store
6597,185,2659,2025-03-05,2,142.4,In-Store
6598,115,2073,2024-11-15,5,101.23,Online
6599,115,2496,2025-03-02,3,101.23,Online
6600,161,2184,2023-04-14,1,177.18,Online
6601,189,2763,2024-02-07,3,60.42,Online
6602,151,2568,2023-10-18,1,108.66,In-Store
6603,142,2284,2025-11-17,4,248.84,Online
6604,135,2696,2024-11-19,4,87.8,In-Store
6605,177,2088,2025-10-19,2,246.12,Online
6606,178,2151,2025-11-12,2,81.85,Online
6607,195,2632,2025-12-21,4,93.92,In-Store
6608,112,2851,2024-10-13,3,80.36,Online
6609,176,2885,2023-09-23,3,78.4,In-Store
6610,107,2597,2025-10-21,5,177.55,In-Store
6611,147,2593,2025-07-11,3,133.4,Online
6612,114,2873,2025-08-14,3,195.54,In-Store
6613,146,2571,2025-09-13,5,26.18,Online
6614,106,2968,2025-11-24,5,117.81,Online
6615,105,2756,2024-07-18,4,57.72,In-Store
6616,157,2093,2023-01-17,4,232.33,Online
6617,154,2695,2022-09-03,5,111.25,In-Store
6618,116,2843,2024-08-04,4,98.84,Online
6619,172,2159,2025-08-04,2,232.96,In-Store
6620,173,2110,2024-07-30,2,159.08,In-Store
6621,190,2128,2025-07-11,1,197.23,In-Store
6622,106,2250,2024-12-13,5,117.81,Online
6623,115,2299,2024-01-17,2,101.23,In-Store
6624,149,2760,2023-05-02,1,198.31,Online
6625,134,2632,2025-05-25,4,99.74,Online
6626,125,2279,2025-06-06,4,62.64,Online
6627,142,2357,2025-11-24,4,248.84,Online
6628,134,2641,2025-10-11,3,99.74,Online
6629,111,2687,2022-12-31,1,243.55,Online
6630,146,2474,2024-06-21,2,26.18,In-Store
6631,147,2771,2023-08-24,3,133.4,Online
6632,146,2298,2023-01-28,1,26.18,In-Store
6633,160,2551,2024-10-23,2,232.36,In-Store
6634,170,2921,2023-02-10,2,59.02,In-Store
6635,164,2601,2025-04-27,1,22.03,In-Store
6636,101,2973,2025-02-12,1,187.97,In-Store
6637,179,2925,2025-04-19,2,37.7,Online
6638,142,2909,2023-11-28,4,248.84,In-Store
6639,128,2845,2022-10-06,1,101.59,Online
6640,110,2228,2025-02-25,1,73.49,Online
6641,130,2749,2022-07-11,5,190.21,Online
6642,127,2016,2023-11-08,3,200.1,Online
6643,191,2431,2025-04-23,5,217.51,Online
6644,112,2479,2023-08-12,2,80.36,In-Store
6645,173,2430,2025-10-31,4,159.08,Online
6646,121,2987,2024-10-11,5,60.64,Online
6647,188,2458,2024-11-14,1,20.04,Online
6648,138,2130,2025-08-19,1,185.66,Online
6649,130,2955,2025-02-22,4,190.21,Online
6650,127,2124,2024-04-24,4,200.1,In-Store
6651,167,2889,2024-07-14,1,235.98,In-Store
6652,195,2186,2024-05-14,4,93.92,In-Store
6653,150,2677,2025-03-06,4,33.26,In-Store
6654,102,2532,2023-10-11,5,186.75,In-Store
6655,199,2412,2022-02-07,1,37.68,In-Store
6656,105,2355,2025-01-28,4,57.72,Online
6657,125,2204,2023-03-29,3,62.64,In-Store
6658,182,2340,2023-11-24,4,227.28,In-Store
6659,166,2011,2023-10-19,2,152.81,Online
6660,194,2990,2023-10-01,2,216.06,In-Store
6661,150,2873,2025-01-18,1,33.26,In-Store
6662,188,2378,2024-07-11,1,20.04,In-Store
6663,108,2982,2023-11-18,2,61.68,Online
6664,168,2661,2023-03-20,4,152.68,In-Store
6665,200,2365,2024-08-04,3,241.01,Online
6666,112,2540,2024-01-17,4,80.36,Online
6667,153,2756,2025-05-08,4,55.98,In-Store
6668,126,2178,2025-12-08,3,191.39,In-Store
6669,149,2262,2025-06-12,1,198.31,In-Store
6670,151,2257,2025-12-28,2,108.66,In-Store
6671,180,2984,2025-05-18,2,77.62,Online
6672,178,2400,2024-09-18,4,81.85,Online
6673,110,2746,2025-05-23,3,73.49,In-Store
6674,108,2618,2024-12-11,5,61.68,In-Store
6675,163,2739,2022-07-19,1,186.58,In-Store
6676,187,2105,2025-05-09,5,149.8,Online
6677,177,2206,2024-02-17,3,246.12,Online
6678,136,2229,2024-09-19,2,220.89,In-Store
6679,110,2417,2025-02-19,2,73.49,In-Store
6680,200,2731,2024-11-18,3,241.01,In-Store
6681,167,2020,2024-07-16,4,235.98,Online
6682,114,2653,2024-04-02,3,195.54,In-Store
6683,157,2639,2025-01-15,3,232.33,Online
6684,141,2051,2024-08-30,4,232.94,In-Store
6685,131,2534,2024-10-08,5,114.34,Online
6686,146,2706,2025-02-18,3,26.18,In-Store
6687,104,2104,2025-09-19,5,65.84,In-Store
6688,107,2928,2023-12-27,4,177.55,Online
6689,190,2094,2024-09-16,5,197.23,Online
6690,120,2053,2024-09-10,4,203.21,Online
6691,135,2748,2023-03-30,5,87.8,In-Store
6692,101,2922,2025-03-06,1,187.97,Online
6693,171,2772,2022-10-20,5,104.99,In-Store
6694,193,2531,2024-02-07,5,74.03,In-Store
6695,134,2805,2024-07-19,4,99.74,In-Store
6696,109,2904,2024-07-01,1,101.18,In-Store
6697,156,2920,2024-09-25,2,22.14,In-Store
6698,160,2428,2025-07-06,5,232.36,Online
6699,195,2345,2023-12-14,5,93.92,Online
6700,200,2475,2025-05-03,5,241.01,Online
6701,117,2283,2025-01-13,4,156.19,Online
6702,149,2393,2024-11-21,4,198.31,In-Store
6703,143,2192,2025-08-20,1,39.04,In-Store
6704,102,2653,2024-04-05,4,186.75,In-Store
6705,196,2199,2024-11-06,2,168.41,In-Store
6706,125,2691,2023-05-31,4,62.64,In-Store
6707,189,2381,2022-11-16,5,60.42,In-Store
6708,101,2673,2024-06-28,4,187.97,In-Store
6709,143,2801,2025-09-27,4,39.04,In-Store
6710,116,2250,2024-11-05,4,98.84,Online
6711,122,2079,2024-06-30,5,167.31,Online
6712,135,2502,2024-06-01,3,87.8,Online
6713,136,2566,2025-02-17,3,220.89,Online
6714,185,2897,2023-11-04,2,142.4,In-Store
6715,139,2456,2025-06-08,2,168.34,Online
6716,174,2163,2023-05-20,5,139.03,In-Store
6717,162,2424,2024-09-21,1,55.58,In-Store
6718,177,2458,2025-08-15,5,246.12,In-Store
6719,184,2806,2024-02-07,3,195.07,Online
6720,147,2442,2025-03-23,4,133.4,In-Store
6721,199,2954,2023-10-03,3,37.68,Online
6722,174,2984,2025-03-13,2,139.03,In-Store
6723,101,2920,2024-09-01,4,187.97,Online
6724,118,2948,2024-11-21,1,120.94,In-Store
6725,198,2271,2025-07-15,4,105.92,Online
6726,164,2806,2024-02-09,4,22.03,In-Store
6727,121,2002,2025-09-21,1,60.64,Online
6728,105,2432,2025-03-12,2,57.72,In-Store
6729,160,2719,2025-06-10,4,232.36,In-Store
6730,182,2262,2024-06-30,5,227.28,Online
6731,165,2622,2025-08-22,4,240.59,In-Store
6732,195,2841,2025-02-03,2,93.92,In-Store
6733,152,2846,2025-12-30,1,106.63,In-Store
6734,109,2707,2025-07-08,2,101.18,In-Store
6735,149,2620,2023-08-17,3,198.31,Online
6736,117,2378,2025-09-08,5,156.19,In-Store
6737,142,2618,2025-05-13,1,248.84,In-Store
6738,160,2307,2025-09-30,3,232.36,Online
6739,124,2894,2025-12-13,3,112.82,Online
6740,160,2280,2024-06-16,1,232.36,In-Store
6741,176,2798,2023-05-21,3,78.4,In-Store
6742,134,2348,2025-11-10,1,99.74,In-Store
6743,116,2431,2024-10-08,1,98.84,In-Store
6744,108,2751,2025-05-05,2,61.68,Online
6745,130,2002,2023-12-06,1,190.21,In-Store
6746,108,2929,2025-11-08,2,61.68,Online
6747,132,2878,2025-10-10,2,243.25,Online
6748,164,2886,2025-09-21,5,22.03,Online
6749,145,2159,2025-06-28,5,62.85,Online
6750,136,2466,2025-12-12,1,220.89,Online
6751,146,2222,2024-12-29,3,26.18,Online
6752,151,2196,2025-03-13,4,108.66,Online
6753,137,2931,2025-07-23,1,67.81,In-Store
6754,175,2173,2023-10-09,5,233.98,In-Store
6755,130,2698,2023-11-19,4,190.21,In-Store
6756,186,2708,2024-12-29,1,28.06,Online
6757,119,2784,2025-12-19,5,212.28,Online
6758,187,2967,2022-08-26,2,149.8,In-Store
6759,169,2263,2024-05-04,5,167.77,Online
6760,174,2213,2024-09-04,3,139.03,In-Store
6761,117,2821,2025-03-06,5,156.19,In-Store
6762,177,2974,2025-05-26,1,246.12,In-Store
6763,143,2924,2025-07-27,2,39.04,Online
6764,148,2460,2025-04-18,5,139.42,In-Store
6765,178,2188,2024-01-01,1,81.85,In-Store
6766,117,2352,2024-05-19,5,156.19,Online
6767,108,2044,2025-05-17,2,61.68,In-Store
6768,155,2693,2025-01-20,1,219.88,Online
6769,170,2439,2025-10-11,1,59.02,In-Store
6770,151,2753,2025-08-08,5,108.66,Online
6771,127,2658,2024-05-21,4,200.1,Online
6772,119,2858,2025-06-21,4,212.28,In-Store
6773,188,2741,2025-02-10,2,20.04,Online
6774,181,2140,2025-04-29,5,175.0,Online
6775,134,2414,2024-05-04,4,99.74,In-Store
6776,124,2438,2023-12-16,5,112.82,Online
6777,155,2064,2025-05-08,1,219.88,Online
6778,124,2064,2025-09-08,1,112.82,Online
6779,198,2027,2025-06-30,1,105.92,Online
6780,145,2315,2024-10-28,3,62.85,Online
6781,139,2397,2024-11-01,1,168.34,Online
6782,129,2447,2024-01-08,5,216.59,Online
6783,133,2956,2025-01-30,1,212.0,In-Store
6784,105,2802,2024-04-22,4,57.72,Online
6785,120,2748,2025-02-04,2,203.21,In-Store
6786,110,2985,2024-10-16,2,73.49,In-Store
6787,191,2952,2024-03-07,5,217.51,In-Store
6788,120,2003,2023-03-27,1,203.21,In-Store
6789,171,2906,2023-07-18,5,104.99,In-Store
6790,152,2197,2023-11-24,4,106.63,In-Store
6791,169,2226,2024-10-15,1,167.77,In-Store
6792,182,2203,2024-07-22,4,227.28,Online
6793,191,2483,2025-11-04,5,217.51,In-Store
6794,161,2529,2024-02-10,2,177.18,In-Store
6795,157,2679,2024-09-22,4,232.33,Online
6796,170,2813,2022-02-04,5,59.02,Online
6797,102,2012,2024-12-22,2,186.75,Online
6798,172,2866,2024-10-04,5,232.96,Online
6799,144,2763,2025-03-27,1,15.05,Online
6800,181,2723,2025-09-21,2,175.0,In-Store
6801,157,2786,2025-02-19,3,232.33,Online
6802,179,2898,2024-04-05,5,37.7,In-Store
6803,131,2717,2024-10-08,3,114.34,In-Store
6804,137,2118,2025-12-10,4,67.81,Online
6805,195,2663,2023-03-28,2,93.92,Online
6806,108,2694,2024-01-20,2,61.68,In-Store
6807,150,2598,2024-03-20,3,33.26,Online
6808,180,2984,2025-09-13,5,77.62,Online
6809,106,2645,2025-10-16,1,117.81,Online
6810,162,2939,2023-05-12,4,55.58,In-Store
6811,171,2232,2023-09-24,1,104.99,Online
6812,171,2640,2024-06-17,5,104.99,In-Store
6813,192,2513,2025-04-02,1,53.05,Online
6814,169,2536,2025-05-25,4,167.77,Online
6815,125,2206,2023-11-26,3,62.64,Online
6816,121,2420,2025-05-19,3,60.64,Online
6817,112,2044,2025-12-17,3,80.36,Online
6818,119,2155,2024-05-10,3,212.28,Online
6819,128,2241,2025-05-24,3,101.59,Online
6820,159,2888,2025-12-16,4,49.51,In-Store
6821,197,2137,2024-05-16,1,217.44,Online
6822,110,2209,2025-11-08,4,73.49,In-Store
6823,154,2592,2025-10-07,5,111.25,Online
6824,199,2670,2024-02-20,3,37.68,In-Store
6825,163,2508,2024-08-12,2,186.58,In-Store
6826,128,2821,2023-07-23,4,101.59,In-Store
6827,162,2594,2024-02-18,2,55.58,Online
6828,197,2265,2024-09-04,4,217.44,Online
6829,130,2996,2025-08-19,4,190.21,In-Store
6830,156,2525,2024-11-28,5,22.14,In-Store
6831,196,2674,2024-11-11,5,168.41,Online
6832,145,2936,2024-06-01,3,62.85,In-Store
6833,122,2576,2025-08-04,4,167.31,Online
6834,119,2977,2025-01-12,1,212.28,In-Store
6835,131,2807,2024-09-27,5,114.34,In-Store
6836,190,2449,2024-12-29,2,197.23,In-Store
6837,121,2788,2025-07-04,5,60.64,Online
6838,138,2328,2022-11-13,4,185.66,In-Store
6839,172,2363,2025-03-04,1,232.96,In-Store
6840,116,2419,2025-08-23,5,98.84,In-Store
6841,173,2962,2024-01-08,2,159.08,In-Store
6842,107,2291,2025-03-23,5,177.55,Online
6843,145,2447,2025-08-01,5,62.85,Online
6844,158,2828,2024-02-10,3,126.55,In-Store
6845,129,2361,2025-08-23,5,216.59,In-Store
6846,171,2851,2025-11-27,4,104.99,Online
6847,192,2800,2024-08-04,4,53.05,Online
6848,108,2304,2025-04-19,1,61.68,Online
6849,117,2021,2024-11-12,5,156.19,Online
6850,158,2663,2023-01-21,5,126.55,In-Store
6851,148,2756,2024-02-18,1,139.42,In-Store
6852,127,2506,2023-04-23,5,200.1,Online
6853,130,2640,2023-06-11,2,190.21,Online
6854,103,2427,2024-10-22,1,111.26,Online
6855,161,2013,2024-06-03,1,177.18,In-Store
6856,186,2276,2025-04-19,1,28.06,In-Store
6857,138,2921,2025-02-14,2,185.66,Online
6858,120,2378,2025-12-15,3,203.21,Online
6859,178,2007,2023-10-12,3,81.85,Online
6860,168,2968,2025-01-15,3,152.68,Online
6861,141,2682,2024-08-16,2,232.94,In-Store
6862,161,2574,2024-11-04,2,177.18,In-Store
6863,167,2868,2023-04-18,1,235.98,In-Store
6864,119,2460,2025-04-05,4,212.28,In-Store
6865,135,2059,2023-10-23,2,87.8,In-Store
6866,151,2934,2025-10-29,1,108.66,In-Store
6867,127,2907,2023-11-15,1,200.1,Online
6868,133,2218,2023-06-26,3,212.0,Online
6869,124,2945,2022-11-01,5,112.82,In-Store
6870,103,2671,2025-03-10,4,111.26,Online
6871,157,2335,2024-01-17,5,232.33,In-Store
6872,103,2593,2023-10-19,5,111.26,Online
6873,194,2998,2025-06-18,4,216.06,Online
6874,192,2211,2025-10-19,1,53.05,Online
6875,196,2700,2025-10-23,3,168.41,Online
6876,133,2421,2025-09-27,1,212.0,In-Store
6877,148,2841,2025-11-24,4,139.42,In-Store
6878,190,2587,2025-01-23,5,197.23,In-Store
6879,147,2945,2025-11-13,3,133.4,In-Store
6880,124,2415,2023-12-13,3,112.82,Online
6881,161,2919,2024-01-23,2,177.18,In-Store
6882,193,2310,2025-11-14,3,74.03,Online
6883,122,2384,2025-10-24,2,167.31,In-Store
6884,140,2391,2024-07-10,1,136.64,Online
6885,114,2828,2025-08-09,5,195.54,In-Store
6886,159,2962,2025-11-27,4,49.51,Online
6887,169,2864,2024-04-15,1,167.77,In-Store
6888,119,2934,2024-08-26,4,212.28,Online
6889,145,2147,2025-12-08,2,62.85,Online
6890,162,2501,2025-10-08,3,55.58,Online
6891,121,2721,2025-01-31,4,60.64,Online
6892,165,2009,2025-10-12,5,240.59,Online
6893,101,2608,2024-07-01,2,187.97,In-Store
6894,181,2698,2023-04-27,5,175.0,Online
6895,159,2868,2025-06-11,4,49.51,Online
6896,199,2068,2024-02-04,4,37.68,Online
6897,134,2517,2024-08-22,3,99.74,Online
6898,189,2196,2025-05-14,3,60.42,In-Store
6899,123,2622,2025-07-20,3,73.57,Online
6900,199,2426,2025-12-13,3,37.68,In-Store
6901,120,2854,2025-03-31,1,203.21,In-Store
6902,139,2430,2025-09-16,5,168.34,In-Store
6903,113,2329,2024-05-03,2,56.15,In-Store
6904,150,2240,2022-07-07,1,33.26,In-Store
6905,105,2587,2025-07-02,3,57.72,Online
6906,137,2376,2025-09-23,1,67.81,In-Store
6907,145,2673,2022-09-17,5,62.85,In-Store
6908,200,2290,2024-02-16,4,241.01,Online
6909,125,2236,2025-10-07,2,62.64,In-Store
6910,149,2531,2023-09-08,3,198.31,In-Store
6911,105,2208,2024-03-01,2,57.72,In-Store
6912,166,2308,2024-07-28,5,152.81,Online
6913,159,2395,2025-04-04,3,49.51,Online
6914,131,2523,2024-12-31,3,114.34,Online
6915,120,2121,2023-02-14,3,203.21,In-Store
6916,198,2500,2023-08-03,3,105.92,In-Store
6917,191,2283,2025-08-09,3,217.51,Online
6918,136,2659,2025-01-27,1,220.89,In-Store
6919,181,2325,2022-07-13,4,175.0,In-Store
6920,141,2050,2022-02-14,1,232.94,In-Store
6921,200,2496,2024-02-24,5,241.01,Online
6922,107,2545,2022-12-01,3,177.55,In-Store
6923,105,2702,2025-01-10,1,57.72,In-Store
6924,138,2159,2022-06-01,2,185.66,Online
6925,156,2434,2023-02-07,1,22.14,Online
6926,178,2708,2025-09-23,2,81.85,In-Store
6927,124,2061,2025-07-16,2,112.82,Online
6928,157,2967,2023-07-02,5,232.33,In-Store
6929,189,2518,2025-10-30,5,60.42,In-Store
6930,119,2379,2025-01-31,1,212.28,In-Store
6931,178,2103,2025-01-03,5,81.85,Online
6932,175,2383,2023-11-14,4,233.98,In-Store
6933,183,2291,2024-08-10,5,209.04,In-Store
6934,103,2186,2024-06-19,4,111.26,In-Store
6935,145,2872,2025-09-08,4,62.85,Online
6936,165,2092,2025-11-24,2,240.59,Online
6937,141,2230,2024-06-10,4,232.94,Online
6938,142,2046,2025-02-23,1,248.84,Online
6939,127,2514,2025-08-17,4,200.1,In-Store
6940,139,2711,2024-11-27,1,168.34,Online
6941,109,2742,2024-10-22,4,101.18,Online
6942,159,2689,2025-05-06,5,49.51,In-Store
6943,121,2275,2023-12-06,5,60.64,Online
6944,111,2990,2022-10-29,1,243.55,Online
6945,182,2954,2025-03-05,3,227.28,Online
6946,142,2420,2024-12-18,1,248.84,Online
6947,112,2626,2023-06-05,4,80.36,In-Store
6948,198,2425,2023-12-16,1,105.92,In-Store
6949,181,2569,2025-06-12,3,175.0,In-Store
6950,185,2861,2025-07-02,1,142.4,In-Store
6951,178,2339,2023-04-08,4,81.85,Online
6952,148,2946,2025-01-19,1,139.42,Online
6953,153,2830,2025-07-03,4,55.98,Online
6954,117,2430,2025-01-27,4,156.19,Online
6955,168,2690,2024-01-08,1,152.68,In-Store
6956,192,2648,2025-02-28,5,53.05,In-Store
6957,198,2875,2025-11-21,1,105.92,In-Store
6958,101,2953,2025-03-30,3,187.97,In-Store
6959,138,2406,2025-09-30,3,185.66,In-Store
6960,163,2782,2024-11-30,1,186.58,Online
6961,191,2300,2023-07-15,1,217.51,In-Store
6962,114,2878,2023-06-22,3,195.54,In-Store
6963,153,2924,2022-08-16,5,55.98,In-Store
6964,131,2485,2024-07-08,5,114.34,In-Store
6965,105,2860,2024-12-03,4,57.72,In-Store
6966,197,2899,2024-12-07,2,217.44,In-Store
6967,113,2721,2024-12-15,2,56.15,In-Store
6968,171,2043,2025-01-12,1,104.99,In-Store
6969,132,2044,2025-04-26,1,243.25,Online
6970,150,2494,2025-09-16,4,33.26,Online
6971,106,2565,2025-10-21,3,117.81,Online
6972,189,2994,2023-10-18,3,60.42,In-Store
6973,140,2549,2025-03-17,4,136.64,Online
6974,133,2011,2024-03-09,4,212.0,In-Store
6975,166,2429,2023-11-11,3,152.81,Online
6976,141,2674,2025-03-03,2,232.94,Online
6977,183,2406,2024-11-11,4,209.04,Online
6978,187,2674,2025-04-14,1,149.8,In-Store
6979,165,2756,2022-12-30,2,240.59,Online
6980,188,2743,2025-08-25,4,20.04,In-Store
6981,168,2857,2024-12-04,5,152.68,Online
6982,170,2856,2024-04-04,2,59.02,Online
6983,190,2563,2025-03-26,1,197.23,Online
6984,194,2238,2024-03-23,2,216.06,Online
6985,107,2321,2023-08-01,3,177.55,Online
6986,143,2897,2023-09-27,5,39.04,In-Store
6987,123,2417,2024-07-08,2,73.57,Online
6988,171,2474,2025-04-22,3,104.99,In-Store
6989,163,2150,2024-11-11,2,186.58,Online
6990,138,2131,2025-05-20,2,185.66,In-Store
6991,200,2491,2023-05-04,1,241.01,In-Store
6992,122,2019,2023-06-30,2,167.31,In-Store
6993,104,2670,2024-10-13,4,65.84,In-Store
6994,157,2883,2024-04-23,3,232.33,In-Store
6995,126,2123,2025-09-27,5,191.39,Online
6996,102,2270,2024-12-02,3,186.75,In-Store
6997,159,2123,2025-04-30,5,49.51,In-Store
6998,178,2728,2024-04-05,3,81.85,Online
6999,153,2165,2024-11-14,1,55.98,Online
7000,125,2117,2025-06-02,1,62.64,Online
7001,198,2451,2025-07-14,5,105.92,In-Store
7002,134,2346,2025-06-04,3,99.74,Online
7003,173,2946,2025-03-10,3,159.08,In-Store
7004,184,2875,2025-06-30,4,195.07,Online
7005,186,2384,2025-01-19,5,28.06,In-Store
7006,111,2031,2024-01-08,1,243.55,In-Store
7007,143,2509,2025-09-08,4,39.04,Online
7008,173,2396,2025-02-27,4,159.08,In-Store
7009,104,2885,2023-04-19,2,65.84,In-Store
7010,161,2520,2025-02-11,4,177.18,Online
7011,140,2822,2025-03-22,5,136.64,In-Store
7012,156,2412,2022-03-20,4,22.14,Online
7013,156,2071,2024-08-26,4,22.14,Online
7014,118,2982,2024-07-25,4,120.94,Online
7015,121,2610,2024-08-12,2,60.64,In-Store
7016,158,2591,2025-11-01,1,126.55,In-Store
7017,120,2270,2025-07-26,3,203.21,Online
7018,194,2509,2024-12-03,3,216.06,Online
7019,127,2676,2024-07-31,1,200.1,In-Store
7020,178,2812,2024-04-18,1,81.85,In-Store
7021,157,2875,2025-08-20,1,232.33,In-Store
7022,160,2649,2024-06-04,1,232.36,In-Store
7023,150,2804,2025-04-14,4,33.26,Online
7024,196,2226,2025-08-03,2,168.41,Online
7025,136,2713,2023-07-12,3,220.89,Online
7026,195,2443,2024-04-05,2,93.92,In-Store
7027,103,2857,2025-05-06,4,111.26,In-Store
7028,126,2524,2022-07-15,4,191.39,In-Store
7029,164,2429,2025-10-11,3,22.03,Online
7030,158,2425,2023-12-13,3,126.55,In-Store
7031,179,2564,2025-05-26,1,37.7,In-Store
7032,148,2851,2025-10-22,1,139.42,Online
7033,111,2181,2025-11-08,5,243.55,In-Store
7034,147,2032,2025-01-04,3,133.4,In-Store
7035,175,2955,2025-10-25,2,233.98,In-Store
7036,185,2116,2024-06-08,4,142.4,Online
7037,125,2797,2025-07-11,2,62.64,Online
7038,148,2263,2024-06-14,5,139.42,In-Store
7039,108,2876,2024-07-23,5,61.68,In-Store
7040,121,2475,2024-11-18,5,60.64,Online
7041,173,2468,2025-03-07,4,159.08,Online
7042,146,2063,2024-11-16,2,26.18,In-Store
7043,185,2362,2025-02-01,1,142.4,In-Store
7044,134,2538,2024-01-24,1,99.74,Online
7045,167,2163,2024-12-06,2,235.98,Online
7046,105,2666,2023-09-18,5,57.72,In-Store
7047,187,2467,2025-06-20,4,149.8,Online
7048,144,2896,2024-06-06,2,15.05,Online
7049,141,2235,2025-09-07,5,232.94,In-Store
7050,134,2249,2025-01-29,2,99.74,Online
7051,148,2609,2025-08-26,3,139.42,In-Store
7052,121,2029,2023-08-31,2,60.64,Online
7053,143,2325,2024-01-27,2,39.04,Online
7054,196,2984,2025-08-31,4,168.41,In-Store
7055,142,2467,2024-02-03,3,248.84,Online
7056,168,2296,2025-07-26,4,152.68,Online
7057,183,2816,2023-09-07,2,209.04,In-Store
7058,103,2232,2025-12-27,2,111.26,Online
7059,105,2332,2024-10-28,2,57.72,Online
7060,138,2856,2024-04-15,5,185.66,Online
7061,148,2859,2025-01-10,1,139.42,Online
7062,191,2149,2025-08-27,5,217.51,Online
7063,161,2503,2024-03-08,2,177.18,In-Store
7064,173,2832,2024-09-05,2,159.08,Online
7065,101,2612,2024-02-22,4,187.97,Online
7066,157,2057,2025-06-10,5,232.33,Online
7067,153,2707,2025-11-25,1,55.98,In-Store
7068,183,2648,2025-06-16,3,209.04,Online
7069,163,2437,2024-03-10,3,186.58,In-Store
7070,105,2214,2023-01-25,4,57.72,Online
7071,143,2444,2025-08-23,3,39.04,In-Store
7072,176,2733,2025-10-06,5,78.4,Online
7073,165,2027,2025-02-10,5,240.59,Online
7074,169,2849,2024-01-10,1,167.77,Online
7075,122,2907,2025-03-25,3,167.31,Online
7076,129,2151,2024-12-06,2,216.59,Online
7077,114,2322,2024-06-14,2,195.54,Online
7078,161,2350,2025-10-10,4,177.18,In-Store
7079,117,2901,2024-10-06,2,156.19,Online
7080,127,2499,2023-02-19,4,200.1,Online
7081,134,2895,2024-08-03,4,99.74,In-Store
7082,137,2975,2025-08-10,1,67.81,In-Store
7083,144,2209,2023-06-01,2,15.05,In-Store
7084,168,2643,2023-04-27,2,152.68,In-Store
7085,169,2224,2022-11-01,3,167.77,In-Store
7086,127,2163,2023-10-29,5,200.1,In-Store
7087,177,2507,2023-01-03,3,246.12,Online
7088,149,2743,2025-11-16,1,198.31,In-Store
7089,182,2118,2024-09-07,1,227.28,Online
7090,192,2617,2025-06-27,3,53.05,Online
7091,122,2877,2025-12-21,4,167.31,In-Store
7092,200,2720,2025-12-16,3,241.01,Online
7093,176,2539,2025-05-04,4,78.4,In-Store
7094,151,2791,2024-11-02,3,108.66,Online
7095,133,2632,2025-08-12,2,212.0,Online
7096,112,2972,2025-10-03,1,80.36,Online
7097,196,2503,2025-07-11,4,168.41,Online
7098,156,2649,2024-11-26,3,22.14,In-Store
7099,144,2605,2023-11-10,4,15.05,Online
7100,160,2306,2025-04-23,5,232.36,In-Store
7101,171,2830,2023-09-03,3,104.99,In-Store
7102,185,2865,2025-02-21,5,142.4,Online
7103,139,2935,2022-09-15,5,168.34,Online
7104,112,2811,2025-09-13,5,80.36,In-Store
7105,136,2229,2025-11-03,5,220.89,Online
7106,138,2296,2025-04-24,5,185.66,In-Store
7107,167,3000,2022-11-29,5,235.98,In-Store
7108,171,2983,2025-12-27,3,104.99,Online
7109,107,2956,2024-06-02,5,177.55,Online
7110,188,2974,2023-09-06,4,20.04,In-Store
7111,101,2253,2024-07-23,2,187.97,Online
7112,114,2078,2024-01-07,2,195.54,In-Store
7113,157,2484,2024-11-27,1,232.33,Online
7114,130,2248,2022-11-04,2,190.21,Online
7115,121,2935,2025-10-28,1,60.64,In-Store
7116,105,2944,2024-05-20,5,57.72,In-Store
7117,200,2411,2025-02-03,3,241.01,Online
7118,136,2647,2023-08-19,1,220.89,Online
7119,125,2472,2025-05-31,4,62.64,Online
7120,195,2375,2023-09-17,2,93.92,In-Store
7121,175,2934,2025-11-29,4,233.98,In-Store
7122,109,2087,2023-12-22,2,101.18,In-Store
7123,155,2485,2025-05-19,4,219.88,In-Store
7124,167,2536,2024-07-09,5,235.98,Online
7125,157,2038,2024-06-29,2,232.33,In-Store
7126,121,2685,2025-03-02,5,60.64,In-Store
7127,177,2721,2024-08-12,3,246.12,In-Store
7128,155,2397,2022-09-18,4,219.88,Online
7129,132,2828,2025-01-21,1,243.25,Online
7130,167,2940,2025-03-16,5,235.98,In-Store
7131,141,2774,2025-03-18,3,232.94,In-Store
7132,158,2314,2025-04-12,4,126.55,Online
7133,140,2180,2025-03-28,5,136.64,In-Store
7134,111,2487,2025-03-24,5,243.55,In-Store
7135,168,2482,2025-08-13,4,152.68,Online
7136,110,2964,2025-05-14,2,73.49,Online
7137,164,2643,2025-07-08,2,22.03,Online
7138,185,2093,2024-07-02,1,142.4,Online
7139,122,2112,2025-10-12,1,167.31,Online
7140,174,2636,2025-09-26,1,139.03,In-Store
7141,148,2749,2024-04-19,2,139.42,Online
7142,103,2218,2022-09-23,4,111.26,In-Store
7143,122,2835,2025-04-02,3,167.31,In-Store
7144,141,2838,2025-12-31,4,232.94,In-Store
7145,110,2589,2025-03-24,4,73.49,In-Store
7146,136,2478,2024-02-22,3,220.89,In-Store
7147,109,2942,2024-10-26,3,101.18,Online
7148,147,2424,2024-04-08,3,133.4,In-Store
7149,105,2671,2025-03-19,3,57.72,Online
7150,135,2643,2023-01-24,1,87.8,In-Store
7151,122,2744,2025-07-15,4,167.31,In-Store
7152,144,2639,2025-07-24,4,15.05,Online
7153,101,2874,2024-07-24,1,187.97,In-Store
7154,197,2501,2024-07-30,4,217.44,In-Store
7155,190,2881,2025-06-28,3,197.23,In-Store
7156,193,2714,2023-10-08,2,74.03,Online
7157,159,2866,2024-10-21,3,49.51,In-Store
7158,198,2793,2023-07-18,5,105.92,In-Store
7159,107,2401,2025-04-20,1,177.55,Online
7160,163,2491,2025-06-20,2,186.58,Online
7161,129,2420,2025-08-05,4,216.59,In-Store
7162,110,2444,2023-04-04,5,73.49,Online
7163,197,2946,2025-12-18,3,217.44,In-Store
7164,188,2485,2023-05-21,1,20.04,In-Store
7165,131,2315,2022-08-16,2,114.34,In-Store
7166,110,2855,2023-06-19,1,73.49,In-Store
7167,161,2664,2023-11-01,2,177.18,Online
7168,120,2859,2025-10-04,4,203.21,Online
7169,122,2735,2023-11-09,1,167.31,In-Store
7170,142,2862,2025-09-30,1,248.84,Online
7171,114,2430,2024-09-13,5,195.54,In-Store
7172,124,2142,2024-09-11,2,112.82,In-Store
7173,133,2855,2025-08-14,1,212.0,In-Store
7174,155,2649,2025-08-18,1,219.88,In-Store
7175,140,2247,2025-10-26,4,136.64,In-Store
7176,195,2598,2024-02-21,3,93.92,In-Store
7177,115,2037,2024-10-13,5,101.23,In-Store
7178,167,2395,2024-01-01,2,235.98,In-Store
7179,151,2255,2025-05-14,5,108.66,In-Store
7180,123,2948,2025-10-10,1,73.57,In-Store
7181,163,2300,2024-03-19,1,186.58,In-Store
7182,149,2011,2024-02-15,3,198.31,In-Store
7183,103,2171,2025-12-13,4,111.26,In-Store
7184,131,2436,2025-07-11,1,114.34,In-Store
7185,151,2663,2025-07-29,2,108.66,In-Store
7186,135,2473,2025-09-30,1,87.8,In-Store
7187,158,2450,2025-07-04,5,126.55,Online
7188,190,2223,2025-01-11,4,197.23,Online
7189,141,2181,2024-07-10,5,232.94,In-Store
7190,175,2321,2024-04-17,2,233.98,Online
7191,184,2325,2023-07-29,1,195.07,In-Store
7192,140,2099,2025-11-22,5,136.64,Online
7193,120,2291,2025-02-05,5,203.21,In-Store
7194,159,2151,2025-06-27,1,49.51,In-Store
7195,105,2673,2023-08-05,3,57.72,Online
7196,115,2009,2023-10-09,2,101.23,Online
7197,140,2588,2025-12-09,4,136.64,In-Store
7198,179,2848,2025-04-28,3,37.7,In-Store
7199,125,2231,2025-05-19,3,62.64,In-Store
7200,185,2962,2023-11-04,3,142.4,Online
7201,141,2370,2025-12-07,4,232.94,In-Store
7202,106,2942,2025-11-26,5,117.81,Online
7203,117,2760,2023-11-16,1,156.19,Online
7204,150,2456,2024-07-25,5,33.26,In-Store
7205,196,2859,2025-10-06,3,168.41,Online
7206,163,2783,2024-12-23,4,186.58,Online
7207,125,2518,2023-12-13,2,62.64,Online
7208,161,2345,2025-01-23,1,177.18,In-Store
7209,122,2864,2025-10-15,4,167.31,In-Store
7210,136,2039,2024-02-20,4,220.89,In-Store
7211,146,2931,2025-08-04,3,26.18,Online
7212,189,2377,2023-04-13,4,60.42,Online
7213,172,2409,2025-10-25,1,232.96,In-Store
7214,114,2613,2025-02-13,2,195.54,Online
7215,192,2444,2023-08-25,3,53.05,Online
7216,197,2228,2025-09-15,5,217.44,Online
7217,170,2492,2025-09-08,5,59.02,Online
7218,131,2227,2024-03-08,2,114.34,In-Store
7219,132,2073,2025-11-16,3,243.25,In-Store
7220,154,2932,2025-11-28,3,111.25,In-Store
7221,198,2068,2025-04-01,5,105.92,Online
7222,162,2002,2024-12-08,2,55.58,Online
7223,161,2033,2023-08-05,4,177.18,Online
7224,149,2240,2023-05-19,4,198.31,Online
7225,171,2118,2025-07-17,5,104.99,Online
7226,200,2821,2022-11-09,2,241.01,Online
7227,151,2170,2025-03-29,5,108.66,Online
7228,155,2740,2024-11-12,4,219.88,In-Store
7229,180,2625,2024-03-04,5,77.62,In-Store
7230,112,2854,2023-02-20,5,80.36,In-Store
7231,113,2773,2025-07-08,4,56.15,In-Store
7232,170,2603,2025-05-29,3,59.02,In-Store
7233,150,2654,2023-10-26,4,33.26,In-Store
7234,112,2002,2025-02-24,3,80.36,In-Store
7235,122,2686,2024-08-03,5,167.31,Online
7236,156,2210,2025-03-13,5,22.14,Online
7237,186,2035,2025-08-05,2,28.06,In-Store
7238,115,2796,2025-06-14,1,101.23,In-Store
7239,125,2451,2025-02-26,1,62.64,In-Store
7240,147,2968,2025-06-05,5,133.4,Online
7241,150,2396,2025-11-03,5,33.26,In-Store
7242,190,2188,2024-07-03,5,197.23,In-Store
7243,105,2888,2023-11-29,4,57.72,Online
7244,158,2788,2025-06-04,3,126.55,In-Store
7245,166,2981,2024-05-27,2,152.81,Online
7246,198,2645,2024-08-02,1,105.92,In-Store
7247,106,2052,2024-06-17,1,117.81,Online
7248,173,2135,2024-04-20,5,159.08,In-Store
7249,125,2172,2025-07-25,1,62.64,Online
7250,172,2090,2023-05-08,5,232.96,Online
7251,163,2860,2024-06-07,1,186.58,Online
7252,137,2046,2025-01-08,5,67.81,In-Store
7253,175,2657,2025-11-28,1,233.98,Online
7254,176,2781,2024-01-22,4,78.4,Online
7255,168,2115,2024-10-06,4,152.68,Online
7256,193,2971,2024-03-24,1,74.03,In-Store
7257,106,2391,2025-07-15,2,117.81,Online
7258,152,2342,2025-07-31,2,106.63,Online
7259,120,2897,2024-10-04,5,203.21,Online
7260,109,2535,2024-01-27,3,101.18,In-Store
7261,116,2965,2025-08-19,3,98.84,In-Store
7262,191,2253,2023-11-10,2,217.51,In-Store
7263,131,2411,2024-11-01,4,114.34,In-Store
7264,169,2476,2025-03-11,4,167.77,In-Store
7265,196,2832,2025-04-24,2,168.41,Online
7266,170,2143,2024-10-23,3,59.02,In-Store
7267,184,2345,2023-11-24,4,195.07,In-Store
7268,199,2919,2023-08-25,1,37.68,Online
7269,114,2757,2023-07-28,1,195.54,In-Store
7270,189,2393,2025-01-10,3,60.42,Online
7271,149,2774,2025-12-30,3,198.31,In-Store
7272,112,2570,2025-03-13,1,80.36,In-Store
7273,193,2511,2024-01-19,1,74.03,In-Store
7274,147,2004,2025-01-25,5,133.4,In-Store
7275,170,2077,2025-09-30,3,59.02,In-Store
7276,165,2896,2023-12-12,3,240.59,In-Store
7277,192,2551,2025-06-15,5,53.05,Online
7278,147,2868,2023-02-20,1,133.4,In-Store
7279,143,2823,2024-04-20,3,39.04,In-Store
7280,103,2447,2024-01-29,1,111.26,Online
7281,151,2195,2023-10-26,3,108.66,Online
7282,171,2629,2023-11-09,4,104.99,In-Store
7283,133,2752,2024-12-01,3,212.0,In-Store
7284,121,2071,2025-12-31,5,60.64,Online
7285,101,2332,2025-09-04,1,187.97,In-Store
7286,161,2749,2024-07-30,5,177.18,In-Store
7287,151,2019,2024-11-17,1,108.66,Online
7288,118,2548,2023-05-04,3,120.94,In-Store
7289,175,2581,2024-09-29,4,233.98,In-Store
7290,112,2573,2024-01-07,4,80.36,In-Store
7291,155,2805,2024-06-09,1,219.88,Online
7292,188,2962,2025-10-27,4,20.04,In-Store
7293,179,2707,2025-01-12,1,37.7,Online
7294,130,2317,2025-06-03,2,190.21,Online
7295,174,2785,2025-12-05,3,139.03,In-Store
7296,143,2791,2024-12-13,4,39.04,Online
7297,192,2918,2024-03-13,3,53.05,In-Store
7298,147,2665,2024-08-07,4,133.4,Online
7299,188,2949,2025-08-16,2,20.04,In-Store
7300,101,2301,2025-04-12,1,187.97,In-Store
7301,196,2053,2024-04-14,1,168.41,Online
7302,155,2023,2025-12-19,1,219.88,In-Store
7303,140,2068,2025-01-26,3,136.64,In-Store
7304,171,2418,2023-06-18,2,104.99,Online
7305,156,2573,2023-10-09,3,22.14,Online
7306,140,2590,2025-06-28,3,136.64,Online
7307,161,2570,2024-11-04,3,177.18,In-Store
7308,191,2693,2025-11-15,2,217.51,In-Store
7309,151,2329,2025-01-25,1,108.66,In-Store
7310,187,2593,2024-04-04,3,149.8,In-Store
7311,181,2606,2025-11-29,4,175.0,In-Store
7312,106,2718,2023-11-24,4,117.81,Online
7313,133,2787,2022-10-17,3,212.0,In-Store
7314,109,2117,2025-05-26,3,101.18,Online
7315,127,2348,2025-09-01,4,200.1,In-Store
7316,140,2373,2023-08-15,4,136.64,Online
7317,179,2419,2025-04-15,1,37.7,In-Store
7318,172,2060,2022-10-01,2,232.96,Online
7319,189,2793,2023-07-26,5,60.42,Online
7320,172,2134,2025-09-21,5,232.96,Online
7321,136,2888,2024-07-30,1,220.89,Online
7322,128,2565,2024-06-28,3,101.59,In-Store
7323,154,2037,2025-06-09,1,111.25,In-Store
7324,114,2741,2025-07-17,5,195.54,Online
7325,176,2700,2025-11-05,4,78.4,In-Store
7326,137,2613,2024-01-24,2,67.81,Online
7327,170,2963,2025-12-09,4,59.02,In-Store
7328,166,2831,2025-02-10,2,152.81,Online
7329,172,2676,2024-12-29,4,232.96,In-Store
7330,128,2939,2022-04-11,5,101.59,In-Store
7331,162,2697,2023-11-07,1,55.58,Online
7332,180,2960,2024-11-07,4,77.62,In-Store
7333,110,2261,2025-01-05,1,73.49,In-Store
7334,133,2948,2025-06-18,4,212.0,In-Store
7335,174,2854,2023-04-07,1,139.03,Online
7336,145,2970,2024-08-21,4,62.85,Online
7337,193,2634,2023-11-29,2,74.03,Online
7338,191,2849,2024-01-20,2,217.51,Online
7339,116,2211,2025-03-29,2,98.84,In-Store
7340,156,2660,2025-03-12,5,22.14,Online
7341,172,2679,2023-10-17,2,232.96,In-Store
7342,171,2034,2025-03-25,5,104.99,Online
7343,117,2226,2025-09-21,4,156.19,In-Store
7344,196,2437,2025-10-23,1,168.41,Online
7345,156,2262,2025-08-06,4,22.14,Online
7346,131,2012,2023-11-02,2,114.34,In-Store
7347,160,2463,2024-05-14,4,232.36,Online
7348,175,2790,2023-12-30,3,233.98,Online
7349,145,2310,2024-01-15,2,62.85,Online
7350,163,2526,2025-11-16,3,186.58,Online
7351,138,2372,2024-11-28,3,185.66,In-Store
7352,138,2850,2024-03-20,4,185.66,In-Store
7353,121,2317,2025-01-04,4,60.64,Online
7354,179,2702,2024-06-17,5,37.7,In-Store
7355,187,2674,2024-10-04,4,149.8,Online
7356,178,2396,2025-05-04,2,81.85,Online
7357,141,2275,2025-05-27,5,232.94,In-Store
7358,112,2344,2025-10-21,4,80.36,In-Store
7359,185,2826,2024-02-10,5,142.4,Online
7360,182,2704,2023-07-01,4,227.28,In-Store
7361,189,2284,2025-07-30,3,60.42,Online
7362,145,2846,2025-02-26,5,62.85,Online
7363,172,2254,2022-06-15,2,232.96,In-Store
7364,152,2412,2022-01-22,2,106.63,In-Store
7365,154,2183,2024-11-10,1,111.25,Online
7366,153,2426,2025-12-14,3,55.98,In-Store
7367,137,2468,2024-07-07,5,67.81,In-Store
7368,119,2081,2025-03-15,2,212.28,Online
7369,152,2969,2025-04-01,5,106.63,Online
7370,193,2010,2025-12-18,1,74.03,In-Store
7371,181,2218,2024-10-20,2,175.0,Online
7372,116,2202,2024-06-01,3,98.84,In-Store
7373,114,2439,2025-01-25,4,195.54,Online
7374,115,2333,2024-06-20,4,101.23,In-Store
7375,190,2508,2024-11-04,2,197.23,Online
7376,175,2201,2025-01-23,1,233.98,Online
7377,156,2369,2023-11-16,5,22.14,In-Store
7378,152,2687,2025-11-16,5,106.63,In-Store
7379,117,2798,2024-10-30,2,156.19,Online
7380,186,2942,2022-10-21,1,28.06,In-Store
7381,154,2962,2023-07-25,5,111.25,In-Store
7382,103,2985,2024-01-19,2,111.26,In-Store
7383,112,2052,2025-01-01,4,80.36,In-Store
7384,187,2839,2024-10-14,5,149.8,Online
7385,116,2292,2023-02-18,5,98.84,In-Store
7386,177,2181,2025-06-17,1,246.12,Online
7387,192,2210,2022-09-14,5,53.05,In-Store
7388,113,2491,2025-12-05,2,56.15,Online
7389,159,2132,2024-08-21,2,49.51,Online
7390,144,2111,2024-07-07,1,15.05,Online
7391,129,2159,2023-09-19,2,216.59,In-Store
7392,101,2696,2025-01-09,5,187.97,In-Store
7393,148,2520,2025-03-18,1,139.42,Online
7394,168,2680,2025-05-26,5,152.68,Online
7395,125,2875,2025-09-15,4,62.64,Online
7396,143,2405,2024-06-21,5,39.04,In-Store
7397,136,2036,2025-07-01,5,220.89,In-Store
7398,124,2180,2025-07-07,3,112.82,Online
7399,200,2199,2025-01-01,4,241.01,Online
7400,186,2619,2025-04-11,5,28.06,Online
7401,148,2856,2024-08-17,4,139.42,Online
7402,183,2810,2024-06-18,1,209.04,In-Store
7403,112,2503,2024-04-13,2,80.36,Online
7404,123,2213,2024-05-24,4,73.57,Online
7405,119,2853,2022-09-26,2,212.28,Online
7406,129,2272,2023-08-03,2,216.59,In-Store
7407,187,2264,2024-11-03,3,149.8,Online
7408,128,2282,2024-01-23,2,101.59,Online
7409,160,2408,2025-03-11,1,232.36,Online
7410,109,2149,2025-04-12,2,101.18,Online
7411,182,2126,2025-09-21,4,227.28,In-Store
7412,129,2495,2024-06-16,1,216.59,In-Store
7413,132,2970,2023-12-22,3,243.25,In-Store
7414,118,2196,2024-12-10,1,120.94,Online
7415,114,2165,2025-11-03,4,195.54,In-Store
7416,153,2972,2025-11-24,2,55.98,Online
7417,191,2364,2025-12-10,5,217.51,Online
7418,190,2303,2023-08-19,2,197.23,Online
7419,128,2237,2025-02-03,1,101.59,Online
7420,111,2687,2024-09-19,2,243.55,Online
7421,130,2883,2023-07-17,2,190.21,Online
7422,114,2532,2024-08-21,4,195.54,Online
7423,118,2707,2024-04-10,1,120.94,Online
7424,109,2357,2023-03-23,1,101.18,Online
7425,190,2918,2024-08-01,5,197.23,In-Store
7426,197,2633,2023-10-16,2,217.44,Online
7427,158,2571,2024-10-06,2,126.55,Online
7428,198,2565,2024-11-05,2,105.92,In-Store
7429,161,2641,2023-02-17,2,177.18,Online
7430,102,2293,2024-02-27,5,186.75,In-Store
7431,126,2727,2025-01-09,4,191.39,In-Store
7432,124,2275,2024-09-29,2,112.82,Online
7433,181,2550,2024-06-17,2,175.0,In-Store
7434,139,2785,2024-03-01,3,168.34,In-Store
7435,118,2707,2025-05-25,1,120.94,Online
7436,195,2074,2023-07-15,5,93.92,In-Store
7437,179,2016,2024-11-18,2,37.7,In-Store
7438,193,2564,2024-04-02,1,74.03,In-Store
7439,101,2517,2024-10-20,4,187.97,In-Store
7440,162,2282,2025-10-19,4,55.58,Online
7441,110,2627,2024-02-22,5,73.49,In-Store
7442,160,2222,2024-04-26,5,232.36,In-Store
7443,158,2726,2025-12-12,2,126.55,In-Store
7444,173,2050,2024-05-17,1,159.08,In-Store
7445,123,2036,2025-07-30,2,73.57,In-Store
7446,114,2209,2024-07-15,3,195.54,In-Store
7447,124,2502,2024-12-18,1,112.82,In-Store
7448,132,2977,2025-07-11,4,243.25,Online
7449,164,2288,2025-02-15,2,22.03,Online
7450,139,2112,2025-12-29,4,168.34,In-Store
7451,172,2935,2023-10-21,1,232.96,In-Store
7452,135,2201,2025-05-21,3,87.8,Online
7453,145,2112,2024-12-15,4,62.85,In-Store
7454,111,2371,2024-05-24,3,243.55,In-Store
7455,162,2464,2025-12-01,3,55.58,In-Store
7456,148,2535,2025-04-02,3,139.42,Online
7457,198,2063,2025-04-21,2,105.92,In-Store
7458,187,2555,2023-09-21,5,149.8,In-Store
7459,129,2442,2025-10-05,2,216.59,Online
7460,136,2383,2024-08-23,2,220.89,In-Store
7461,195,2508,2024-08-07,5,93.92,Online
7462,198,2131,2023-10-31,1,105.92,In-Store
7463,108,2245,2025-09-07,1,61.68,Online
7464,169,2162,2025-07-19,4,167.77,Online
7465,198,2434,2025-08-11,5,105.92,Online
7466,166,2465,2024-06-12,3,152.81,Online
7467,200,2607,2025-04-07,3,241.01,In-Store
7468,170,2373,2024-10-25,5,59.02,In-Store
7469,103,2744,2024-10-04,5,111.26,Online
7470,200,2141,2024-10-30,1,241.01,In-Store
7471,121,2561,2025-04-04,2,60.64,In-Store
7472,134,2589,2025-07-22,4,99.74,Online
7473,113,2268,2025-08-18,5,56.15,Online
7474,193,2577,2025-04-18,1,74.03,In-Store
7475,106,2586,2023-09-25,5,117.81,Online
7476,175,2142,2024-10-14,4,233.98,Online
7477,171,2326,2025-11-09,1,104.99,Online
7478,152,2484,2024-07-10,1,106.63,In-Store
7479,155,2753,2025-10-30,2,219.88,In-Store
7480,141,2175,2024-05-04,4,232.94,Online
7481,110,2454,2024-08-16,2,73.49,Online
7482,115,2343,2022-09-27,3,101.23,In-Store
7483,180,2818,2025-03-14,5,77.62,Online
7484,183,2929,2025-04-10,2,209.04,In-Store
7485,184,2439,2025-09-15,3,195.07,Online
7486,197,2990,2023-04-04,2,217.44,Online
7487,195,2399,2024-05-28,4,93.92,Online
7488,188,2961,2025-12-16,3,20.04,In-Store
7489,159,2742,2024-08-11,2,49.51,In-Store
7490,195,2359,2025-11-08,3,93.92,Online
7491,166,2336,2025-06-28,2,152.81,In-Store
7492,133,2930,2025-08-22,3,212.0,In-Store
7493,106,2924,2024-06-26,2,117.81,Online
7494,178,2214,2025-09-16,1,81.85,In-Store
7495,166,2458,2024-03-10,5,152.81,In-Store
7496,142,2524,2022-04-14,2,248.84,In-Store
7497,143,2151,2025-10-13,5,39.04,In-Store
7498,132,2142,2025-12-02,1,243.25,Online
7499,188,2947,2025-03-09,4,20.04,In-Store
7500,151,2800,2024-02-22,5,108.66,In-Store
7501,121,2001,2022-09-17,5,60.64,In-Store
7502,132,2102,2024-08-11,1,243.25,In-Store
7503,190,2394,2025-12-29,5,197.23,Online
7504,186,2901,2024-01-25,3,28.06,Online
7505,180,2408,2025-08-18,1,77.62,Online
7506,134,2626,2023-03-14,4,99.74,Online
7507,173,2901,2023-12-06,3,159.08,Online
7508,191,2921,2023-07-11,4,217.51,Online
7509,177,2628,2024-06-03,5,246.12,Online
7510,159,2516,2024-07-24,2,49.51,Online
7511,148,2416,2024-10-25,3,139.42,In-Store
7512,168,2833,2024-02-03,4,152.68,In-Store
7513,149,2457,2025-11-01,4,198.31,Online
7514,142,2230,2024-01-21,5,248.84,Online
7515,193,2907,2024-08-08,1,74.03,In-Store
7516,199,2286,2023-08-21,1,37.68,Online
7517,130,2692,2024-06-24,4,190.21,Online
7518,172,2693,2024-06-21,1,232.96,In-Store
7519,105,2526,2025-03-23,1,57.72,Online
7520,155,2378,2024-11-09,1,219.88,In-Store
7521,141,2154,2025-07-19,5,232.94,Online
7522,101,2702,2024-03-22,1,187.97,In-Store
7523,186,2355,2024-11-21,1,28.06,Online
7524,127,2152,2025-09-18,5,200.1,In-Store
7525,186,2501,2025-07-19,1,28.06,In-Store
7526,122,2269,2025-06-24,1,167.31,Online
7527,151,2845,2025-12-02,1,108.66,Online
7528,182,2435,2024-06-26,2,227.28,Online
7529,123,2941,2025-10-14,2,73.57,In-Store
7530,157,2173,2024-11-09,3,232.33,In-Store
7531,181,2109,2025-11-25,3,175.0,Online
7532,137,2283,2024-10-01,2,67.81,In-Store
7533,183,2971,2024-06-13,1,209.04,In-Store
7534,191,2203,2024-09-20,4,217.51,Online
7535,142,2332,2025-04-25,5,248.84,Online
7536,138,2273,2024-01-04,5,185.66,In-Store
7537,135,2042,2024-01-19,1,87.8,In-Store
7538,103,2634,2025-01-17,1,111.26,Online
7539,192,2195,2025-04-28,1,53.05,Online
7540,171,2042,2024-04-06,1,104.99,In-Store
7541,171,2021,2024-03-13,2,104.99,In-Store
7542,115,2778,2024-11-03,1,101.23,Online
7543,140,2480,2025-12-31,5,136.64,Online
7544,128,2055,2024-01-13,1,101.59,Online
7545,142,2726,2024-12-19,5,248.84,In-Store
7546,137,2198,2025-02-15,3,67.81,Online
7547,169,2251,2025-07-21,1,167.77,Online
7548,154,2375,2024-07-19,4,111.25,In-Store
7549,102,2072,2025-05-13,4,186.75,In-Store
7550,102,2798,2025-06-16,2,186.75,Online
7551,178,2559,2024-04-19,5,81.85,Online
7552,144,2524,2022-06-06,4,15.05,In-Store
7553,152,2178,2024-10-12,4,106.63,Online
7554,133,2929,2025-11-28,5,212.0,In-Store
7555,176,2219,2024-11-12,2,78.4,Online
7556,182,2380,2023-01-30,3,227.28,In-Store
7557,112,2876,2023-05-08,1,80.36,Online
7558,161,2248,2022-09-27,3,177.18,Online
7559,112,2446,2024-07-16,1,80.36,In-Store
7560,149,2052,2025-07-28,4,198.31,Online
7561,112,2569,2025-01-10,1,80.36,In-Store
7562,200,2698,2025-12-29,3,241.01,In-Store
7563,189,2724,2024-11-15,2,60.42,In-Store
7564,161,2624,2023-05-12,4,177.18,In-Store
7565,117,2544,2023-03-11,1,156.19,Online
7566,102,2279,2025-08-10,3,186.75,In-Store
7567,146,2717,2024-06-08,4,26.18,In-Store
7568,143,2154,2025-06-19,5,39.04,In-Store
7569,196,2579,2024-11-25,4,168.41,In-Store
7570,107,2487,2025-07-31,5,177.55,Online
7571,179,2192,2025-12-23,1,37.7,Online
7572,137,2967,2024-03-26,1,67.81,In-Store
7573,117,2977,2025-06-13,4,156.19,In-Store
7574,108,2791,2025-12-17,4,61.68,Online
7575,119,2874,2024-10-08,3,212.28,In-Store
7576,128,2713,2022-11-29,2,101.59,In-Store
7577,133,2833,2025-04-11,1,212.0,In-Store
7578,153,2808,2024-02-17,4,55.98,In-Store
7579,152,2702,2024-07-11,3,106.63,In-Store
7580,180,2722,2024-05-25,1,77.62,In-Store
7581,121,2009,2024-09-23,1,60.64,In-Store
7582,153,2249,2024-07-19,1,55.98,Online
7583,192,2099,2025-03-25,3,53.05,Online
7584,200,2828,2024-02-24,1,241.01,In-Store
7585,196,2162,2025-11-01,4,168.41,Online
7586,139,2555,2024-02-04,1,168.34,In-Store
7587,109,2083,2023-08-28,1,101.18,Online
7588,146,2945,2024-12-20,4,26.18,Online
7589,165,2561,2023-10-06,1,240.59,In-Store
7590,105,2203,2024-12-05,5,57.72,Online
7591,136,2916,2024-08-02,4,220.89,In-Store
7592,126,2038,2024-08-09,2,191.39,Online
7593,119,2863,2023-08-25,3,212.28,Online
7594,138,2468,2023-11-13,2,185.66,Online
7595,148,2537,2025-05-25,2,139.42,Online
7596,103,2865,2023-10-28,5,111.26,Online
7597,167,2725,2024-05-12,1,235.98,In-Store
7598,151,2965,2025-05-14,3,108.66,Online
7599,167,2458,2025-04-10,2,235.98,In-Store
7600,176,2570,2024-12-31,5,78.4,In-Store
7601,164,2813,2022-03-10,1,22.03,In-Store
7602,114,2704,2022-12-27,1,195.54,In-Store
7603,122,2238,2025-04-30,5,167.31,Online
7604,150,2274,2025-02-01,3,33.26,Online
7605,117,2938,2022-12-01,2,156.19,In-Store
7606,166,2106,2024-08-17,3,152.81,Online
7607,148,2168,2025-04-09,4,139.42,Online
7608,159,2191,2023-09-14,5,49.51,Online
7609,137,2537,2023-11-14,4,67.81,In-Store
7610,170,2085,2024-11-17,3,59.02,In-Store
7611,115,2685,2025-04-02,1,101.23,In-Store
7612,152,2798,2025-12-29,2,106.63,Online
7613,101,2272,2023-10-17,5,187.97,Online
7614,101,2853,2022-11-06,1,187.97,In-Store
7615,132,2891,2024-11-10,5,243.25,In-Store
7616,116,2319,2025-10-13,3,98.84,Online
7617,134,2002,2024-08-08,1,99.74,In-Store
7618,177,2397,2023-01-16,5,246.12,Online
7619,135,2114,2025-08-24,3,87.8,In-Store
7620,108,2967,2024-10-17,5,61.68,In-Store
7621,160,2161,2025-08-01,3,232.36,Online
7622,103,2127,2025-09-04,1,111.26,Online
7623,193,2806,2024-04-14,5,74.03,Online
7624,146,2283,2024-09-12,4,26.18,Online
7625,117,2970,2025-11-18,3,156.19,In-Store
7626,126,2101,2023-04-29,2,191.39,In-Store
7627,123,2229,2025-06-10,5,73.57,Online
7628,134,2249,2024-11-22,1,99.74,Online
7629,173,2886,2025-07-17,3,159.08,Online
7630,112,2652,2025-03-12,5,80.36,Online
7631,124,2108,2024-02-26,3,112.82,In-Store
7632,137,2955,2024-06-28,4,67.81,In-Store
7633,141,2321,2025-12-26,3,232.94,Online
7634,173,2035,2025-11-07,3,159.08,Online
7635,135,2722,2024-12-25,1,87.8,In-Store
7636,102,2182,2025-02-17,4,186.75,Online
7637,200,2369,2024-02-01,3,241.01,Online
7638,195,2521,2024-11-20,5,93.92,In-Store
7639,111,2204,2022-03-15,4,243.55,Online
7640,177,2136,2025-09-22,1,246.12,In-Store
7641,174,2052,2024-02-01,4,139.03,In-Store
7642,101,2028,2024-12-31,2,187.97,In-Store
7643,180,2743,2025-12-15,3,77.62,In-Store
7644,193,2904,2025-04-03,1,74.03,Online
7645,173,2211,2024-06-14,3,159.08,Online
7646,171,2936,2025-04-19,4,104.99,Online
7647,116,2629,2025-11-23,2,98.84,In-Store
7648,187,2003,2023-06-15,3,149.8,Online
7649,158,2752,2024-12-14,3,126.55,Online
7650,179,2596,2025-08-28,1,37.7,In-Store
7651,197,2548,2023-02-16,4,217.44,In-Store
7652,137,2162,2023-11-19,5,67.81,In-Store
7653,172,2392,2024-02-11,3,232.96,In-Store
7654,130,2513,2025-07-23,4,190.21,Online
7655,193,2389,2024-08-08,1,74.03,In-Store
7656,192,2984,2025-01-27,2,53.05,Online
7657,124,2495,2025-01-21,2,112.82,Online
7658,136,2435,2024-07-16,5,220.89,Online
7659,199,2641,2022-08-27,3,37.68,Online
7660,145,2255,2025-09-24,2,62.85,In-Store
7661,193,2815,2023-07-20,3,74.03,In-Store
7662,152,2543,2023-08-28,4,106.63,Online
7663,200,2759,2024-09-30,5,241.01,In-Store
7664,126,2503,2024-06-05,4,191.39,In-Store
7665,112,2861,2025-07-26,1,80.36,In-Store
7666,130,2812,2024-02-21,4,190.21,In-Store
7667,143,2816,2022-11-15,2,39.04,In-Store
7668,111,2104,2024-11-12,3,243.55,In-Store
7669,148,2026,2024-09-09,2,139.42,Online
7670,188,2671,2024-01-15,2,20.04,In-Store
7671,155,2597,2025-09-09,5,219.88,In-Store
7672,124,2678,2025-03-13,2,112.82,Online
7673,162,2645,2024-05-19,3,55.58,Online
7674,198,2041,2025-11-30,4,105.92,Online
7675,180,2566,2023-10-22,3,77.62,Online
7676,138,2758,2025-12-16,2,185.66,In-Store
7677,111,2889,2024-07-06,2,243.55,Online
7678,194,2245,2025-08-05,2,216.06,Online
7679,136,2085,2025-05-24,3,220.89,Online
7680,182,2779,2024-10-26,2,227.28,Online
7681,199,2743,2024-09-06,1,37.68,In-Store
7682,187,2307,2025-04-12,5,149.8,Online
7683,109,2596,2024-03-18,3,101.18,Online
7684,143,2626,2025-12-03,2,39.04,In-Store
7685,154,2644,2025-04-01,5,111.25,Online
7686,141,2344,2025-05-02,1,232.94,In-Store
7687,173,2562,2024-12-22,2,159.08,In-Store
7688,112,2749,2022-03-28,2,80.36,Online
7689,186,2234,2025-01-07,5,28.06,Online
7690,166,2184,2025-03-24,1,152.81,In-Store
7691,152,2981,2025-01-29,3,106.63,Online
7692,151,2978,2023-11-02,2,108.66,Online
7693,167,2219,2025-07-25,1,235.98,Online
7694,191,2777,2023-02-10,5,217.51,Online
7695,121,2392,2023-10-27,2,60.64,In-Store
7696,182,2509,2025-09-09,2,227.28,In-Store
7697,184,2719,2025-11-14,1,195.07,Online
7698,180,2561,2022-04-02,1,77.62,Online
7699,195,2830,2023-03-16,5,93.92,In-Store
7700,188,2283,2025-04-09,1,20.04,In-Store
7701,104,2711,2024-07-30,2,65.84,In-Store
7702,107,2864,2025-04-22,3,177.55,In-Store
7703,122,2532,2022-11-29,5,167.31,In-Store
7704,191,2603,2024-02-19,5,217.51,In-Store
7705,196,2135,2023-08-23,4,168.41,Online
7706,166,2071,2024-06-16,1,152.81,In-Store
7707,150,2074,2023-12-26,2,33.26,Online
7708,125,2298,2024-04-28,1,62.64,In-Store
7709,120,2935,2025-10-09,4,203.21,In-Store
7710,186,2141,2025-11-12,5,28.06,Online
7711,175,2850,2023-10-17,3,233.98,In-Store
7712,182,2573,2024-02-03,4,227.28,In-Store
7713,166,2994,2024-06-10,4,152.81,Online
7714,109,2644,2024-07-05,5,101.18,In-Store
7715,136,2571,2025-03-19,2,220.89,Online
7716,137,2301,2025-01-24,4,67.81,In-Store
7717,198,2043,2025-04-29,4,105.92,In-Store
7718,137,2277,2024-08-26,1,67.81,In-Store
7719,190,2076,2023-11-05,4,197.23,In-Store
7720,139,2960,2022-11-24,2,168.34,Online
7721,160,2108,2025-06-16,5,232.36,Online
7722,190,2474,2025-07-27,1,197.23,In-Store
7723,194,2665,2024-11-29,5,216.06,Online
7724,190,2950,2024-06-15,1,197.23,Online
7725,119,2550,2024-01-17,2,212.28,Online
7726,126,2703,2023-03-04,1,191.39,In-Store
7727,130,2930,2025-01-04,5,190.21,In-Store
7728,138,2804,2022-06-20,4,185.66,In-Store
7729,185,2075,2025-02-15,4,142.4,Online
7730,198,2266,2024-04-21,2,105.92,Online
7731,170,2457,2024-11-17,2,59.02,In-Store
7732,133,2880,2022-11-11,5,212.0,In-Store
7733,192,2267,2025-09-22,2,53.05,Online
7734,194,2807,2024-08-09,4,216.06,In-Store
7735,172,2181,2025-11-12,5,232.96,In-Store
7736,143,2074,2024-05-18,2,39.04,In-Store
7737,192,2382,2025-01-06,1,53.05,In-Store
7738,165,2708,2025-12-17,2,240.59,In-Store
7739,177,2526,2024-03-28,1,246.12,Online
7740,133,2433,2023-06-10,2,212.0,In-Store
7741,110,2750,2025-01-19,2,73.49,Online
7742,156,2411,2025-12-31,2,22.14,Online
7743,105,2801,2023-10-23,2,57.72,In-Store
7744,156,2185,2025-06-14,3,22.14,In-Store
7745,165,2180,2025-05-24,5,240.59,Online
7746,165,2889,2023-10-08,4,240.59,In-Store
7747,102,2779,2024-09-19,4,186.75,Online
7748,158,2405,2025-09-26,4,126.55,In-Store
7749,199,2291,2025-10-06,1,37.68,In-Store
7750,140,2631,2023-05-05,5,136.64,Online
7751,167,2147,2024-04-02,1,235.98,Online
7752,114,2770,2024-07-07,1,195.54,In-Store
7753,155,2209,2025-08-29,3,219.88,Online
7754,173,2400,2025-11-25,4,159.08,In-Store
7755,186,2951,2024-02-21,2,28.06,In-Store
7756,153,2806,2025-04-17,2,55.98,In-Store
7757,192,2614,2024-06-02,2,53.05,In-Store
7758,119,2308,2024-12-25,3,212.28,In-Store
7759,186,2100,2024-06-29,2,28.06,Online
7760,139,2043,2025-09-01,3,168.34,In-Store
7761,159,2063,2025-03-27,4,49.51,In-Store
7762,106,2983,2024-11-09,3,117.81,In-Store
7763,189,2180,2025-10-05,3,60.42,In-Store
7764,144,2525,2023-08-31,2,15.05,In-Store
7765,140,2158,2025-12-17,5,136.64,In-Store
7766,179,2166,2025-08-07,3,37.7,Online
7767,182,2510,2023-11-07,3,227.28,In-Store
7768,106,2075,2025-02-08,2,117.81,In-Store
7769,165,2287,2024-12-11,4,240.59,Online
7770,160,2113,2025-08-19,4,232.36,In-Store
7771,109,2599,2024-09-15,5,101.18,In-Store
7772,145,2953,2023-03-08,2,62.85,Online
7773,121,2455,2025-01-12,2,60.64,In-Store
7774,185,2849,2024-11-05,4,142.4,Online
7775,143,2821,2025-05-10,2,39.04,In-Store
7776,163,2931,2025-11-25,1,186.58,In-Store
7777,145,2382,2025-09-20,2,62.85,In-Store
7778,134,2961,2024-02-24,2,99.74,Online
7779,101,2965,2024-11-21,5,187.97,Online
7780,171,2601,2025-01-17,4,104.99,In-Store
7781,128,2336,2022-04-09,2,101.59,Online
7782,156,2716,2025-11-30,2,22.14,In-Store
7783,194,2766,2025-02-02,4,216.06,Online
7784,164,2302,2024-05-05,3,22.03,In-Store
7785,137,2931,2025-12-06,5,67.81,In-Store
7786,139,2533,2023-11-28,3,168.34,Online
7787,154,2135,2025-02-03,3,111.25,Online
7788,160,2203,2025-11-01,1,232.36,Online
7789,135,2935,2023-05-31,5,87.8,Online
7790,165,2015,2024-10-13,3,240.59,In-Store
7791,163,2540,2023-10-01,2,186.58,Online
7792,104,2759,2025-01-28,2,65.84,Online
7793,108,2085,2025-07-05,3,61.68,In-Store
7794,190,2187,2023-01-20,4,197.23,In-Store
7795,129,2825,2025-08-26,4,216.59,Online
7796,174,2934,2024-05-21,2,139.03,In-Store
7797,119,2434,2025-08-21,2,212.28,Online
7798,149,2828,2025-10-26,4,198.31,Online
7799,107,2301,2024-12-16,1,177.55,Online
7800,158,2885,2023-08-26,2,126.55,Online
7801,116,2368,2025-11-26,1,98.84,In-Store
7802,121,2420,2025-07-23,3,60.64,Online
7803,124,2298,2025-03-09,3,112.82,Online
7804,143,2559,2024-02-09,2,39.04,In-Store
7805,116,2478,2025-08-14,4,98.84,In-Store
7806,154,2618,2024-11-01,5,111.25,Online
7807,167,2941,2025-05-09,5,235.98,In-Store
7808,143,2930,2025-01-25,1,39.04,Online
7809,186,2319,2024-11-08,1,28.06,In-Store
7810,110,2816,2024-03-17,5,73.49,In-Store
7811,105,2543,2024-09-16,5,57.72,Online
7812,120,2305,2023-05-26,5,203.21,In-Store
7813,158,2140,2025-06-07,3,126.55,Online
7814,160,2530,2024-10-09,2,232.36,Online
7815,186,2579,2023-12-24,5,28.06,In-Store
7816,116,2243,2024-07-04,5,98.84,Online
7817,114,2011,2025-01-27,1,195.54,Online
7818,200,2012,2022-06-08,1,241.01,In-Store
7819,116,2443,2024-06-28,4,98.84,Online
7820,195,2622,2025-08-03,3,93.92,Online
7821,169,2977,2025-08-07,1,167.77,Online
7822,143,2301,2025-09-08,5,39.04,Online
7823,152,2925,2024-11-22,3,106.63,Online
7824,155,2752,2024-11-04,3,219.88,Online
7825,144,2408,2025-03-03,2,15.05,Online
7826,140,2272,2024-05-30,4,136.64,In-Store
7827,170,2715,2025-08-29,3,59.02,Online
7828,188,2721,2025-01-18,3,20.04,Online
7829,180,2024,2025-08-20,1,77.62,In-Store
7830,140,2124,2024-11-09,2,136.64,In-Store
7831,160,2436,2025-03-31,4,232.36,In-Store
7832,134,2852,2025-01-20,5,99.74,Online
7833,134,2319,2024-05-03,1,99.74,Online
7834,156,2535,2023-05-25,4,22.14,In-Store
7835,122,2732,2025-01-27,3,167.31,In-Store
7836,143,2566,2023-12-26,4,39.04,In-Store
7837,141,2739,2025-07-07,3,232.94,Online
7838,185,2689,2023-01-08,5,142.4,Online
7839,124,2807,2024-08-26,4,112.82,Online
7840,155,2679,2024-09-21,5,219.88,Online
7841,135,2046,2025-12-11,1,87.8,In-Store
7842,117,2052,2022-10-01,1,156.19,In-Store
7843,198,2456,2025-08-30,4,105.92,In-Store
7844,143,2718,2025-05-15,4,39.04,Online
7845,128,2804,2022-10-23,5,101.59,In-Store
7846,120,2953,2024-09-23,4,203.21,In-Store
7847,131,2015,2025-06-19,5,114.34,Online
7848,119,2769,2025-12-30,2,212.28,Online
7849,161,2299,2025-05-25,1,177.18,In-Store
7850,169,2376,2024-02-21,3,167.77,Online
7851,116,2585,2023-12-08,5,98.84,Online
7852,191,2994,2025-03-03,2,217.51,In-Store
7853,117,2911,2024-08-29,5,156.19,Online
7854,157,2331,2025-10-10,3,232.33,In-Store
7855,128,2914,2024-08-04,4,101.59,Online
7856,165,2563,2025-02-06,3,240.59,Online
7857,145,2118,2025-01-22,2,62.85,Online
7858,176,2106,2025-12-21,2,78.4,In-Store
7859,148,2726,2025-01-02,4,139.42,In-Store
7860,143,2362,2023-03-24,1,39.04,In-Store
7861,104,2128,2025-10-30,3,65.84,Online
7862,118,2375,2023-07-07,3,120.94,In-Store
7863,190,2605,2024-10-09,4,197.23,In-Store
7864,108,2292,2024-01-04,1,61.68,Online
7865,123,2110,2023-09-28,2,73.57,In-Store
7866,200,2385,2024-01-02,2,241.01,In-Store
7867,130,2678,2024-03-10,4,190.21,In-Store
7868,184,2819,2024-06-22,5,195.07,Online
7869,132,2742,2023-10-26,3,243.25,Online
7870,166,2414,2025-11-03,3,152.81,Online
7871,158,2338,2024-11-30,3,126.55,Online
7872,172,2985,2025-09-13,5,232.96,In-Store
7873,118,2127,2025-04-29,4,120.94,Online
7874,163,2818,2023-11-01,1,186.58,In-Store
7875,195,2859,2024-11-09,1,93.92,In-Store
7876,135,2101,2023-11-20,1,87.8,In-Store
7877,138,2267,2023-09-12,5,185.66,Online
7878,151,2912,2025-02-09,4,108.66,In-Store
7879,165,2684,2025-09-09,1,240.59,Online
7880,178,2032,2025-12-03,5,81.85,In-Store
7881,149,2316,2022-12-08,3,198.31,Online
7882,161,2288,2025-06-09,5,177.18,In-Store
7883,138,2363,2024-08-12,1,185.66,Online
7884,163,2339,2022-05-27,4,186.58,Online
7885,199,2889,2023-10-28,1,37.68,Online
7886,114,2408,2025-12-12,2,195.54,In-Store
7887,138,2230,2023-04-24,2,185.66,In-Store
7888,195,2853,2024-01-25,4,93.92,Online
7889,187,2756,2023-01-15,3,149.8,In-Store
7890,155,2368,2025-12-10,4,219.88,In-Store
7891,200,2431,2022-10-25,5,241.01,In-Store
7892,181,2581,2023-06-02,5,175.0,In-Store
7893,111,2877,2022-10-16,4,243.55,In-Store
7894,175,2988,2025-03-26,5,233.98,In-Store
7895,177,2550,2024-08-03,4,246.12,In-Store
7896,169,2723,2025-10-26,4,167.77,In-Store
7897,195,2532,2022-10-12,5,93.92,In-Store
7898,147,2037,2025-10-28,2,133.4,Online
7899,176,2095,2023-11-29,3,78.4,Online
7900,163,2186,2024-04-05,5,186.58,In-Store
7901,131,2031,2024-01-11,2,114.34,In-Store
7902,135,2080,2025-03-03,4,87.8,In-Store
7903,182,2375,2023-11-16,4,227.28,Online
7904,107,2028,2025-08-20,2,177.55,Online
7905,183,2427,2023-12-05,5,209.04,Online
7906,159,2587,2025-12-27,3,49.51,Online
7907,173,2732,2023-01-04,4,159.08,Online
7908,166,2772,2024-10-24,3,152.81,In-Store
7909,160,2567,2024-11-11,4,232.36,Online
7910,138,2552,2023-09-19,3,185.66,In-Store
7911,143,2179,2023-05-19,1,39.04,In-Store
7912,135,2119,2024-10-23,1,87.8,Online
7913,177,2362,2022-10-26,4,246.12,Online
7914,132,2418,2024-11-22,1,243.25,Online
7915,130,2689,2025-05-03,1,190.21,Online
7916,136,2783,2024-07-02,3,220.89,Online
7917,143,2572,2025-05-29,3,39.04,In-Store
7918,156,2769,2024-02-28,5,22.14,In-Store
7919,179,2491,2025-08-23,5,37.7,Online
7920,133,2092,2024-12-28,3,212.0,In-Store
7921,102,2742,2025-03-26,5,186.75,Online
7922,163,2823,2025-02-15,4,186.58,Online
7923,123,2983,2025-05-22,2,73.57,Online
7924,129,2307,2025-01-10,5,216.59,In-Store
7925,138,2385,2025-07-03,5,185.66,Online
7926,106,2805,2024-03-17,4,117.81,Online
7927,176,2475,2025-06-30,4,78.4,In-Store
7928,107,2146,2024-07-30,2,177.55,Online
7929,135,2921,2023-01-06,2,87.8,Online
7930,151,2443,2025-01-22,2,108.66,In-Store
7931,174,2610,2025-06-07,3,139.03,Online
7932,143,2143,2025-04-25,2,39.04,In-Store
7933,193,2601,2025-04-21,5,74.03,In-Store
7934,150,2627,2024-02-09,5,33.26,Online
7935,143,2180,2025-09-22,2,39.04,In-Store
7936,129,2805,2022-10-23,1,216.59,Online
7937,153,2009,2025-08-03,2,55.98,Online
7938,112,2644,2025-09-16,4,80.36,Online
7939,164,2902,2022-09-06,3,22.03,In-Store
7940,196,2828,2022-12-31,3,168.41,Online
7941,143,2382,2025-09-22,1,39.04,In-Store
7942,165,2055,2024-01-03,2,240.59,Online
7943,189,2673,2025-04-19,1,60.42,In-Store
7944,109,2022,2023-12-19,1,101.18,Online
7945,155,2417,2024-03-23,3,219.88,In-Store
7946,182,2035,2024-12-07,4,227.28,Online
7947,193,2394,2022-03-30,1,74.03,Online
7948,168,2716,2024-11-21,1,152.68,Online
7949,194,2242,2025-06-10,5,216.06,Online
7950,178,2349,2024-07-25,5,81.85,In-Store
7951,136,2828,2025-10-28,1,220.89,Online
7952,135,2415,2024-10-29,5,87.8,Online
7953,171,2115,2023-06-27,5,104.99,Online
7954,109,2995,2025-04-06,3,101.18,Online
7955,174,2258,2024-08-08,5,139.03,Online
7956,104,2616,2024-12-29,1,65.84,Online
7957,137,2166,2023-10-02,3,67.81,Online
7958,117,2564,2025-07-16,4,156.19,In-Store
7959,136,2360,2024-07-24,1,220.89,Online
7960,182,2577,2025-04-20,4,227.28,Online
7961,144,2509,2025-07-28,1,15.05,Online
7962,137,2596,2024-04-08,2,67.81,In-Store
7963,110,2757,2025-04-06,1,73.49,In-Store
7964,172,2491,2025-08-12,5,232.96,In-Store
7965,193,2295,2025-05-25,3,74.03,In-Store
7966,198,2102,2025-09-20,1,105.92,In-Store
7967,186,2674,2024-09-07,1,28.06,Online
7968,137,2218,2022-05-18,3,67.81,Online
7969,191,2379,2024-12-27,1,217.51,In-Store
7970,126,2043,2025-09-18,2,191.39,In-Store
7971,103,2260,2025-09-15,5,111.26,In-Store
7972,133,2899,2024-03-07,1,212.0,Online
7973,197,2435,2024-07-30,2,217.44,In-Store
7974,134,2894,2025-04-13,2,99.74,In-Store
7975,115,2033,2025-02-17,3,101.23,Online
7976,157,2239,2025-05-23,1,232.33,In-Store
7977,154,2214,2025-01-29,4,111.25,In-Store
7978,158,2790,2025-02-28,1,126.55,In-Store
7979,195,2052,2024-11-28,4,93.92,Online
7980,160,2810,2025-08-15,5,232.36,Online
7981,165,2918,2025-01-04,2,240.59,In-Store
7982,188,2848,2025-06-04,5,20.04,In-Store
7983,129,2701,2022-12-03,1,216.59,In-Store
7984,158,2527,2023-07-25,4,126.55,In-Store
7985,134,2517,2024-08-04,5,99.74,Online
7986,108,2847,2023-05-16,4,61.68,In-Store
7987,160,2770,2025-05-31,4,232.36,Online
7988,157,2567,2025-10-11,2,232.33,In-Store
7989,123,2811,2025-03-18,1,73.57,In-Store
7990,188,2892,2025-12-25,3,20.04,Online
7991,160,2888,2024-01-08,5,232.36,Online
7992,172,2043,2025-07-11,3,232.96,Online
7993,173,2671,2024-07-31,5,159.08,Online
7994,191,2605,2023-02-23,3,217.51,In-Store
7995,173,2684,2025-10-22,4,159.08,In-Store
7996,104,2281,2023-05-11,4,65.84,In-Store
7997,125,2317,2025-08-29,4,62.64,In-Store
7998,119,2464,2025-03-29,1,212.28,Online
7999,180,2475,2025-10-14,3,77.62,Online
8000,109,2502,2024-04-10,1,101.18,Online
8001,143,2829,2024-02-25,1,39.04,In-Store
8002,112,2156,2023-02-13,4,80.36,In-Store
8003,124,2323,2024-07-24,5,112.82,Online
8004,182,2712,2023-05-12,2,227.28,In-Store
8005,168,2883,2024-09-23,3,152.68,Online
8006,164,2607,2024-11-30,5,22.03,In-Store
8007,200,2737,2024-07-29,1,241.01,In-Store
8008,197,2900,2025-02-02,4,217.44,Online
8009,197,2994,2023-05-20,3,217.44,Online
8010,185,2724,2023-01-03,5,142.4,Online
8011,200,2694,2023-11-13,3,241.01,Online
8012,158,2996,2025-10-25,5,126.55,In-Store
8013,116,2643,2024-12-25,4,98.84,Online
8014,142,2652,2024-03-30,1,248.84,Online
8015,101,2262,2025-12-02,2,187.97,Online
8016,162,2586,2023-03-02,1,55.58,Online
8017,122,2796,2024-12-18,1,167.31,Online
8018,139,2810,2025-08-01,5,168.34,In-Store
8019,148,2093,2025-10-18,1,139.42,In-Store
8020,154,2752,2025-02-21,2,111.25,Online
8021,104,2377,2024-12-23,5,65.84,In-Store
8022,153,2926,2023-11-27,2,55.98,Online
8023,179,2740,2025-02-18,2,37.7,In-Store
8024,160,2839,2025-07-02,2,232.36,Online
8025,104,2494,2025-05-21,5,65.84,Online
8026,111,2431,2024-06-11,2,243.55,Online
8027,186,3000,2022-10-17,4,28.06,Online
8028,170,2143,2023-12-02,2,59.02,In-Store
8029,105,2068,2025-09-15,2,57.72,In-Store
8030,194,2026,2025-07-08,4,216.06,Online
8031,198,2305,2024-01-22,5,105.92,In-Store
8032,133,2843,2024-06-30,2,212.0,In-Store
8033,169,2413,2025-09-14,3,167.77,Online
8034,165,2850,2024-01-10,4,240.59,Online
8035,128,2927,2025-08-28,3,101.59,In-Store
8036,179,2542,2024-07-09,5,37.7,In-Store
8037,186,2519,2024-08-11,4,28.06,In-Store
8038,116,2065,2023-02-19,4,98.84,In-Store
8039,133,2774,2024-09-02,3,212.0,In-Store
8040,197,2465,2024-01-19,3,217.44,Online
8041,167,2357,2024-03-23,3,235.98,Online
8042,167,2118,2024-08-03,4,235.98,In-Store
8043,194,2257,2025-07-23,5,216.06,In-Store
8044,173,2639,2024-08-15,5,159.08,Online
8045,131,2305,2025-03-14,3,114.34,Online
8046,139,2836,2023-09-07,5,168.34,Online
8047,165,2515,2025-12-28,3,240.59,In-Store
8048,126,2755,2023-05-16,4,191.39,In-Store
8049,136,2191,2023-11-06,4,220.89,In-Store
8050,134,2811,2024-08-30,5,99.74,In-Store
8051,156,2481,2023-10-22,2,22.14,Online
8052,171,2334,2024-12-17,4,104.99,In-Store
8053,166,2205,2025-08-24,4,152.81,Online
8054,133,2746,2025-06-28,5,212.0,In-Store
8055,185,2183,2024-07-31,2,142.4,In-Store
8056,103,2130,2025-01-25,3,111.26,In-Store
8057,108,2091,2023-06-09,4,61.68,In-Store
8058,144,2244,2025-03-04,1,15.05,In-Store
8059,196,2797,2024-01-15,3,168.41,In-Store
8060,131,2799,2025-12-21,1,114.34,In-Store
8061,118,2584,2022-09-13,5,120.94,Online
8062,141,2984,2025-04-24,4,232.94,In-Store
8063,167,2026,2024-11-01,1,235.98,Online
8064,134,2197,2025-06-07,2,99.74,In-Store
8065,122,2499,2023-09-05,5,167.31,Online
8066,125,2460,2025-12-06,1,62.64,In-Store
8067,168,2218,2024-09-05,2,152.68,In-Store
8068,131,2424,2024-03-08,5,114.34,In-Store
8069,151,2475,2024-03-05,3,108.66,Online
8070,132,2827,2023-10-08,5,243.25,Online
8071,181,2694,2022-10-02,4,175.0,Online
8072,177,2265,2024-12-20,5,246.12,In-Store
8073,171,2469,2025-01-16,3,104.99,Online
8074,118,2634,2023-02-04,1,120.94,In-Store
8075,114,2693,2025-04-30,1,195.54,Online
8076,109,2051,2025-12-12,5,101.18,Online
8077,150,2441,2024-11-10,2,33.26,In-Store
8078,188,2700,2025-02-12,1,20.04,Online
8079,180,2473,2025-02-24,5,77.62,In-Store
8080,175,2770,2024-04-12,2,233.98,In-Store
8081,130,2967,2025-08-22,3,190.21,Online
8082,185,2361,2024-09-28,1,142.4,Online
8083,159,2697,2023-08-07,2,49.51,In-Store
8084,153,2606,2025-08-09,1,55.98,In-Store
8085,178,2767,2024-04-21,4,81.85,In-Store
8086,130,2965,2024-12-18,4,190.21,In-Store
8087,162,2369,2023-04-02,5,55.58,In-Store
8088,133,2022,2024-12-16,2,212.0,In-Store
8089,198,2887,2022-09-03,1,105.92,In-Store
8090,177,2653,2025-01-10,2,246.12,Online
8091,162,2836,2025-02-15,3,55.58,In-Store
8092,175,2612,2024-02-13,3,233.98,Online
8093,199,2819,2023-07-09,4,37.68,Online
8094,180,2188,2025-09-15,5,77.62,Online
8095,135,2345,2025-07-01,2,87.8,In-Store
8096,114,2992,2023-09-09,1,195.54,In-Store
8097,139,2089,2024-01-05,3,168.34,In-Store
8098,137,2140,2025-04-14,2,67.81,In-Store
8099,190,2703,2022-12-17,4,197.23,Online
8100,151,2994,2025-09-22,2,108.66,Online
8101,198,2995,2025-06-27,4,105.92,Online
8102,142,2753,2024-04-06,4,248.84,In-Store
8103,118,2890,2024-08-15,1,120.94,Online
8104,105,2871,2024-09-19,3,57.72,In-Store
8105,135,2642,2024-10-05,4,87.8,Online
8106,143,2832,2025-12-28,4,39.04,In-Store
8107,154,2231,2024-05-16,2,111.25,In-Store
8108,134,2617,2024-03-06,5,99.74,In-Store
8109,149,2920,2023-11-02,5,198.31,In-Store
8110,134,2952,2024-09-14,2,99.74,Online
8111,148,2519,2025-08-17,5,139.42,Online
8112,132,2991,2025-03-01,5,243.25,Online
8113,120,2933,2023-07-11,5,203.21,In-Store
8114,136,2241,2024-05-11,1,220.89,Online
8115,171,2569,2025-09-03,5,104.99,In-Store
8116,185,2131,2022-07-30,4,142.4,In-Store
8117,143,2781,2024-02-24,3,39.04,In-Store
8118,154,2590,2024-07-12,3,111.25,Online
8119,185,2291,2024-07-08,4,142.4,In-Store
8120,113,2315,2023-10-16,1,56.15,Online
8121,145,2750,2024-09-17,3,62.85,Online
8122,187,2046,2024-09-11,3,149.8,In-Store
8123,144,2191,2025-08-16,1,15.05,In-Store
8124,125,2565,2023-08-30,1,62.64,Online
8125,124,2776,2024-06-07,5,112.82,Online
8126,172,2648,2025-08-26,3,232.96,In-Store
8127,165,2094,2022-08-16,2,240.59,Online
8128,195,2640,2024-04-19,1,93.92,Online
8129,111,2243,2024-12-17,2,243.55,In-Store
8130,101,2746,2025-01-29,3,187.97,In-Store
8131,184,2955,2024-09-06,4,195.07,Online
8132,124,2048,2025-07-13,5,112.82,Online
8133,117,2667,2023-02-25,3,156.19,In-Store
8134,193,2836,2025-05-01,1,74.03,In-Store
8135,198,2442,2025-08-05,3,105.92,Online
8136,160,2629,2025-10-22,1,232.36,Online
8137,195,2427,2025-06-29,3,93.92,Online
8138,183,2879,2025-06-11,5,209.04,In-Store
8139,193,2580,2024-08-25,1,74.03,Online
8140,114,2259,2025-11-28,2,195.54,In-Store
8141,155,2608,2025-09-23,1,219.88,Online
8142,184,2742,2024-03-08,1,195.07,In-Store
8143,133,2807,2024-08-18,5,212.0,Online
8144,157,2252,2025-03-30,5,232.33,Online
8145,135,2039,2024-10-07,3,87.8,Online
8146,151,2260,2024-10-08,2,108.66,Online
8147,118,2457,2025-05-19,1,120.94,In-Store
8148,122,2407,2025-01-31,5,167.31,Online
8149,186,2414,2024-03-14,5,28.06,In-Store
8150,139,2259,2024-08-17,5,168.34,Online
8151,131,2969,2023-02-19,1,114.34,Online
8152,112,2746,2025-03-06,5,80.36,Online
8153,177,2736,2025-01-18,4,246.12,Online
8154,172,2702,2025-06-11,4,232.96,In-Store
8155,117,2447,2024-04-02,1,156.19,In-Store
8156,109,2208,2022-10-13,5,101.18,In-Store
8157,126,2270,2025-07-17,1,191.39,In-Store
8158,195,2927,2025-03-13,3,93.92,In-Store
8159,189,2810,2025-06-12,5,60.42,Online
8160,105,2533,2025-03-26,2,57.72,Online
8161,194,2699,2024-08-14,3,216.06,In-Store
8162,195,2202,2024-05-17,1,93.92,Online
8163,150,2621,2023-10-07,2,33.26,In-Store
8164,117,2686,2025-06-25,2,156.19,In-Store
8165,198,2136,2025-06-26,5,105.92,Online
8166,162,2107,2024-04-21,3,55.58,In-Store
8167,160,2032,2023-12-12,2,232.36,In-Store
8168,195,2857,2025-08-14,4,93.92,In-Store
8169,107,2998,2025-07-16,1,177.55,Online
8170,194,2644,2025-12-30,1,216.06,In-Store
8171,138,2327,2022-02-20,5,185.66,Online
8172,135,2377,2024-04-04,4,87.8,In-Store
8173,152,2113,2024-05-26,3,106.63,Online
8174,139,2281,2025-07-06,2,168.34,Online
8175,132,2800,2024-11-18,5,243.25,Online
8176,146,2070,2024-04-01,1,26.18,Online
8177,176,2967,2025-03-30,2,78.4,In-Store
8178,178,2913,2023-08-22,1,81.85,Online
8179,138,2564,2025-11-13,3,185.66,Online
8180,111,2390,2024-04-24,2,243.55,In-Store
8181,138,2260,2024-05-04,1,185.66,Online
8182,166,2653,2025-03-02,3,152.81,Online
8183,134,2418,2023-05-18,1,99.74,Online
8184,192,2769,2023-08-05,5,53.05,Online
8185,198,2558,2025-03-05,2,105.92,Online
8186,118,2867,2023-10-31,5,120.94,Online
8187,140,2109,2023-03-25,4,136.64,Online
8188,121,2977,2025-11-09,4,60.64,Online
8189,164,2767,2025-01-01,1,22.03,Online
8190,174,2092,2025-06-09,5,139.03,Online
8191,129,2775,2025-04-09,4,216.59,Online
8192,133,2272,2025-07-03,4,212.0,Online
8193,122,2081,2025-02-28,5,167.31,In-Store
8194,180,2470,2025-04-05,4,77.62,In-Store
8195,153,2244,2023-03-16,1,55.98,Online
8196,168,2001,2022-05-06,3,152.68,Online
8197,108,2338,2024-10-18,3,61.68,Online
8198,151,2679,2025-10-11,1,108.66,In-Store
8199,146,2730,2022-06-25,4,26.18,Online
8200,199,2403,2025-09-26,2,37.68,In-Store
8201,167,2638,2025-10-01,3,235.98,Online
8202,146,2275,2025-08-23,5,26.18,In-Store
8203,131,2757,2022-12-07,2,114.34,Online
8204,116,2977,2025-06-26,1,98.84,In-Store
8205,174,2026,2024-09-19,1,139.03,Online
8206,197,2831,2025-03-06,3,217.44,In-Store
8207,122,2371,2024-09-03,3,167.31,In-Store
8208,116,2871,2025-10-19,2,98.84,In-Store
8209,197,2359,2025-01-07,3,217.44,In-Store
8210,107,2920,2023-10-26,5,177.55,Online
8211,139,2394,2024-09-17,4,168.34,In-Store
8212,186,2600,2023-07-31,2,28.06,In-Store
8213,129,2910,2024-09-16,1,216.59,In-Store
8214,148,2117,2025-09-09,2,139.42,In-Store
8215,184,2348,2025-02-15,5,195.07,In-Store
8216,101,2781,2025-02-08,1,187.97,Online
8217,110,2178,2025-08-06,4,73.49,In-Store
8218,194,2581,2025-10-16,2,216.06,Online
8219,177,2898,2024-05-23,3,246.12,In-Store
8220,111,2042,2024-06-19,4,243.55,Online
8221,187,2566,2024-03-23,5,149.8,In-Store
8222,190,2474,2024-10-26,1,197.23,Online
8223,142,2490,2025-06-21,2,248.84,Online
8224,102,2963,2024-07-21,4,186.75,Online
8225,113,2661,2024-05-08,3,56.15,In-Store
8226,133,2394,2024-04-22,2,212.0,In-Store
8227,122,2921,2025-04-07,2,167.31,Online
8228,135,2359,2024-01-21,3,87.8,Online
8229,164,2192,2024-09-13,4,22.03,In-Store
8230,152,2825,2024-10-20,3,106.63,Online
8231,183,2637,2025-08-15,1,209.04,In-Store
8232,167,2324,2024-02-20,3,235.98,Online
8233,190,2273,2023-06-28,5,197.23,In-Store
8234,159,2280,2025-07-23,4,49.51,Online
8235,120,2714,2025-12-15,4,203.21,In-Store
8236,121,2825,2025-11-15,1,60.64,In-Store
8237,173,2687,2025-02-07,3,159.08,In-Store
8238,102,2241,2025-03-08,5,186.75,In-Store
8239,114,2743,2023-11-24,2,195.54,In-Store
8240,103,2482,2025-07-28,5,111.26,Online
8241,178,2281,2022-07-10,1,81.85,In-Store
8242,106,2649,2025-02-01,2,117.81,In-Store
8243,139,2964,2025-09-17,2,168.34,In-Store
8244,145,2583,2023-06-02,1,62.85,In-Store
8245,118,2854,2023-11-04,2,120.94,Online
8246,112,2817,2025-10-19,2,80.36,In-Store
8247,152,2878,2023-06-10,4,106.63,In-Store
8248,149,2856,2025-11-26,2,198.31,In-Store
8249,180,2756,2023-02-09,1,77.62,In-Store
8250,155,2903,2023-05-22,4,219.88,Online
8251,188,2587,2025-09-25,1,20.04,Online
8252,189,2610,2025-10-08,4,60.42,Online
8253,172,2788,2024-11-23,5,232.96,Online
8254,158,2075,2024-02-21,4,126.55,Online
8255,156,2148,2025-02-11,2,22.14,Online
8256,153,2665,2023-10-27,5,55.98,Online
8257,186,2017,2024-07-27,5,28.06,In-Store
8258,137,2820,2022-09-05,4,67.81,In-Store
8259,164,2213,2025-08-13,5,22.03,In-Store
8260,169,2386,2025-06-04,4,167.77,In-Store
8261,192,2415,2025-08-10,5,53.05,Online
8262,186,2012,2023-10-09,2,28.06,Online
8263,135,2829,2023-02-13,4,87.8,Online
8264,116,2959,2024-04-25,3,98.84,In-Store
8265,139,2395,2025-11-28,3,168.34,In-Store
8266,188,2025,2024-05-24,5,20.04,Online
8267,144,2082,2025-04-08,5,15.05,Online
8268,190,2632,2024-06-07,4,197.23,Online
8269,153,2243,2025-08-17,2,55.98,In-Store
8270,130,2860,2024-11-03,2,190.21,Online
8271,178,2029,2024-09-11,2,81.85,Online
8272,194,2517,2024-07-31,5,216.06,In-Store
8273,161,2770,2025-01-11,3,177.18,In-Store
8274,137,2679,2025-11-18,2,67.81,In-Store
8275,165,2789,2023-10-21,4,240.59,In-Store
8276,176,2819,2025-06-23,4,78.4,Online
8277,195,2443,2025-01-15,5,93.92,Online
8278,156,2443,2023-12-03,5,22.14,Online
8279,186,2680,2025-06-16,5,28.06,Online
8280,177,2376,2025-02-14,5,246.12,Online
8281,107,2188,2025-06-04,1,177.55,Online
8282,120,2493,2023-07-02,1,203.21,In-Store
8283,166,2399,2023-03-28,4,152.81,In-Store
8284,159,2260,2024-03-09,2,49.51,Online
8285,152,2595,2024-06-14,4,106.63,Online
8286,115,2390,2024-01-14,4,101.23,Online
8287,182,2480,2025-10-06,2,227.28,Online
8288,154,2389,2025-01-06,5,111.25,In-Store
8289,160,2199,2024-10-29,5,232.36,Online
8290,145,2208,2022-04-08,3,62.85,Online
8291,199,2674,2024-09-30,4,37.68,Online
8292,103,2513,2024-12-25,3,111.26,In-Store
8293,145,2734,2025-07-30,3,62.85,Online
8294,113,2425,2024-08-19,4,56.15,Online
8295,121,2542,2025-09-06,5,60.64,Online
8296,127,2091,2022-12-05,4,200.1,In-Store
8297,102,2140,2025-11-15,2,186.75,Online
8298,138,2219,2024-10-18,3,185.66,In-Store
8299,185,2312,2023-03-03,4,142.4,In-Store
8300,179,2521,2023-08-17,5,37.7,Online
8301,171,2703,2024-08-04,5,104.99,Online
8302,143,2758,2025-05-26,3,39.04,In-Store
8303,135,2345,2025-01-15,2,87.8,Online
8304,111,2881,2025-01-04,2,243.55,In-Store
8305,185,2555,2025-08-21,1,142.4,Online
8306,161,2282,2025-04-09,4,177.18,Online
8307,162,2677,2025-10-18,5,55.58,In-Store
8308,119,2322,2024-01-14,3,212.28,Online
8309,128,2147,2024-09-19,5,101.59,In-Store
8310,156,2497,2024-07-12,2,22.14,Online
8311,142,2082,2024-08-06,4,248.84,Online
8312,188,2099,2024-07-20,5,20.04,Online
8313,175,2277,2023-09-21,4,233.98,In-Store
8314,167,2331,2025-09-05,3,235.98,Online
8315,123,2018,2025-07-08,3,73.57,In-Store
8316,173,2466,2025-11-15,2,159.08,In-Store
8317,188,2209,2025-12-20,1,20.04,Online
8318,178,2292,2023-06-12,4,81.85,In-Store
8319,134,2164,2025-02-10,3,99.74,Online
8320,170,2462,2024-05-25,4,59.02,Online
8321,190,2066,2025-01-07,2,197.23,Online
8322,183,2664,2025-10-26,4,209.04,Online
8323,162,2687,2025-05-01,4,55.58,Online
8324,118,2561,2024-12-02,2,120.94,Online
8325,103,2863,2025-08-25,2,111.26,In-Store
8326,153,2485,2023-03-19,2,55.98,In-Store
8327,104,2778,2022-12-25,2,65.84,Online
8328,194,2372,2025-09-08,3,216.06,Online
8329,121,2273,2025-10-20,2,60.64,Online
8330,198,2067,2025-04-15,2,105.92,Online
8331,124,2495,2025-01-05,4,112.82,In-Store
8332,150,2562,2025-02-04,1,33.26,Online
8333,130,2089,2025-05-10,1,190.21,In-Store
8334,117,2345,2024-09-03,3,156.19,Online
8335,194,2178,2025-04-20,5,216.06,In-Store
8336,108,2657,2023-02-08,1,61.68,Online
8337,151,2523,2024-08-20,2,108.66,In-Store
8338,110,2462,2022-02-02,5,73.49,In-Store
8339,197,2341,2024-09-11,4,217.44,In-Store
8340,127,2984,2024-10-24,1,200.1,In-Store
8341,169,2121,2022-12-14,3,167.77,In-Store
8342,181,2517,2024-11-16,1,175.0,In-Store
8343,115,2406,2024-01-16,3,101.23,In-Store
8344,181,2845,2024-07-06,2,175.0,Online
8345,196,2026,2025-11-11,2,168.41,In-Store
8346,150,2467,2023-04-06,3,33.26,In-Store
8347,116,2943,2023-04-26,3,98.84,In-Store
8348,113,2816,2023-04-25,5,56.15,Online
8349,129,2235,2025-03-05,2,216.59,In-Store
8350,123,2972,2025-10-21,1,73.57,Online
8351,137,2135,2023-09-17,2,67.81,In-Store
8352,175,2784,2025-05-20,3,233.98,In-Store
8353,183,2097,2024-11-03,5,209.04,Online
8354,165,2489,2023-10-30,2,240.59,Online
8355,200,2950,2024-08-29,4,241.01,In-Store
8356,191,2985,2024-06-18,5,217.51,In-Store
8357,194,2810,2025-06-17,2,216.06,Online
8358,131,2485,2025-02-04,2,114.34,Online
8359,115,2613,2025-07-01,4,101.23,Online
8360,115,2665,2025-03-03,3,101.23,Online
8361,151,2942,2022-06-02,5,108.66,Online
8362,125,2089,2025-09-19,1,62.64,Online
8363,192,2730,2024-02-22,2,53.05,In-Store
8364,157,2994,2023-11-26,3,232.33,Online
8365,120,2947,2025-06-18,4,203.21,Online
8366,192,2262,2025-09-14,2,53.05,In-Store
8367,143,2888,2025-04-08,2,39.04,Online
8368,137,2550,2025-11-13,3,67.81,Online
8369,166,2267,2023-10-11,3,152.81,Online
8370,104,2398,2025-05-17,3,65.84,Online
8371,173,2264,2025-11-30,4,159.08,In-Store
8372,114,2130,2025-03-03,1,195.54,In-Store
8373,132,2128,2025-06-29,3,243.25,Online
8374,165,2489,2024-07-11,2,240.59,Online
8375,164,2497,2024-11-23,5,22.03,Online
8376,184,2156,2025-08-13,3,195.07,In-Store
8377,167,2057,2023-10-21,4,235.98,In-Store
8378,162,2939,2023-04-04,3,55.58,Online
8379,190,2883,2025-09-29,3,197.23,Online
8380,180,2716,2025-11-15,5,77.62,In-Store
8381,151,2430,2025-07-06,3,108.66,In-Store
8382,123,2351,2022-08-15,2,73.57,In-Store
8383,198,2777,2025-11-28,4,105.92,In-Store
8384,146,2383,2024-11-07,2,26.18,In-Store
8385,173,2474,2025-09-13,1,159.08,In-Store
8386,146,2021,2025-04-15,3,26.18,Online
8387,131,2032,2024-07-07,4,114.34,Online
8388,111,2786,2025-11-21,5,243.55,Online
8389,190,2116,2023-07-10,1,197.23,In-Store
8390,192,2765,2024-03-17,2,53.05,In-Store
8391,106,2693,2024-12-17,3,117.81,In-Store
8392,134,2011,2025-03-25,4,99.74,In-Store
8393,189,2546,2025-10-05,4,60.42,In-Store
8394,164,2703,2025-05-06,1,22.03,In-Store
8395,110,2818,2023-02-04,4,73.49,Online
8396,121,2453,2024-09-17,5,60.64,Online
8397,190,2241,2023-06-28,3,197.23,In-Store
8398,161,2184,2022-11-19,1,177.18,Online
8399,171,2230,2023-09-23,5,104.99,In-Store
8400,162,2549,2024-08-09,1,55.58,In-Store
8401,110,2083,2025-04-12,4,73.49,In-Store
8402,138,2522,2024-10-15,4,185.66,In-Store
8403,191,2492,2024-05-17,3,217.51,Online
8404,156,2992,2024-12-11,5,22.14,In-Store
8405,162,2751,2023-04-06,1,55.58,In-Store
8406,134,2159,2025-01-25,3,99.74,In-Store
8407,108,2725,2025-12-04,2,61.68,Online
8408,157,2147,2024-12-06,2,232.33,In-Store
8409,198,2474,2025-09-23,4,105.92,In-Store
8410,108,2434,2022-03-18,3,61.68,In-Store
8411,158,2922,2024-06-24,3,126.55,In-Store
8412,125,2361,2025-09-01,5,62.64,Online
8413,152,2811,2025-09-13,3,106.63,In-Store
8414,144,2609,2024-08-23,2,15.05,In-Store
8415,148,2052,2023-03-23,5,139.42,In-Store
8416,149,2789,2023-09-19,4,198.31,Online
8417,178,2236,2025-04-23,4,81.85,Online
8418,144,2138,2025-04-08,1,15.05,Online
8419,182,2023,2025-04-23,1,227.28,Online
8420,174,2531,2024-12-22,3,139.03,In-Store
8421,190,2531,2024-08-31,2,197.23,In-Store
8422,194,2575,2025-12-25,3,216.06,Online
8423,179,2277,2025-06-18,4,37.7,Online
8424,107,2547,2025-06-07,3,177.55,Online
8425,161,2738,2025-06-22,5,177.18,Online
8426,170,2177,2024-09-14,2,59.02,In-Store
8427,176,2817,2025-05-19,3,78.4,Online
8428,166,2939,2022-03-20,1,152.81,Online
8429,140,2146,2025-12-10,1,136.64,Online
8430,125,2820,2024-11-03,5,62.64,In-Store
8431,120,2514,2025-08-15,3,203.21,Online
8432,178,2364,2025-10-27,5,81.85,Online
8433,105,2580,2024-01-09,3,57.72,In-Store
8434,111,2387,2025-02-11,4,243.55,In-Store
8435,123,2912,2024-05-12,5,73.57,In-Store
8436,178,2465,2025-04-17,1,81.85,Online
8437,138,2798,2025-03-24,3,185.66,In-Store
8438,199,2911,2023-06-26,1,37.68,Online
8439,116,2872,2025-10-06,4,98.84,Online
8440,149,2181,2024-10-05,3,198.31,In-Store
8441,112,2095,2023-06-26,5,80.36,In-Store
8442,108,2243,2025-05-17,5,61.68,In-Store
8443,144,2834,2025-06-05,2,15.05,Online
8444,148,2612,2023-01-24,5,139.42,Online
8445,186,2683,2024-11-23,2,28.06,Online
8446,106,2754,2025-06-07,4,117.81,In-Store
8447,108,2527,2023-02-26,4,61.68,Online
8448,164,2988,2024-07-02,2,22.03,Online
8449,178,2286,2025-11-15,4,81.85,In-Store
8450,195,2633,2023-12-27,3,93.92,In-Store
8451,157,2558,2025-04-25,4,232.33,Online
8452,118,2690,2025-07-07,2,120.94,In-Store
8453,189,2301,2025-04-18,4,60.42,In-Store
8454,175,2365,2024-10-19,1,233.98,In-Store
8455,129,2697,2025-07-31,3,216.59,In-Store
8456,152,2721,2025-07-02,5,106.63,In-Store
8457,104,2170,2024-03-16,2,65.84,In-Store
8458,136,2518,2025-08-13,5,220.89,In-Store
8459,182,2501,2024-10-06,5,227.28,In-Store
8460,133,2670,2024-05-03,4,212.0,In-Store
8461,194,2845,2023-12-19,1,216.06,Online
8462,156,2942,2024-09-21,4,22.14,In-Store
8463,161,2918,2025-01-15,5,177.18,In-Store
8464,158,2071,2024-08-11,1,126.55,In-Store
8465,162,2398,2025-12-08,2,55.58,Online
8466,187,2049,2025-09-16,4,149.8,In-Store
8467,150,2329,2024-12-21,1,33.26,In-Store
8468,195,2242,2025-08-22,4,93.92,In-Store
8469,109,2094,2023-06-27,3,101.18,Online
8470,121,2392,2022-11-18,3,60.64,In-Store
8471,155,2894,2025-09-24,2,219.88,Online
8472,152,2271,2023-02-28,5,106.63,Online
8473,108,2436,2025-12-01,1,61.68,Online
8474,180,2831,2025-03-19,1,77.62,In-Store
8475,113,2709,2025-04-28,4,56.15,In-Store
8476,119,2897,2025-09-16,5,212.28,Online
8477,174,2927,2024-01-27,3,139.03,In-Store
8478,131,2740,2025-04-18,2,114.34,In-Store
8479,123,2159,2025-12-25,4,73.57,In-Store
8480,128,2380,2023-10-17,3,101.59,Online
8481,172,2834,2025-11-22,2,232.96,Online
8482,101,2624,2024-09-06,4,187.97,Online
8483,133,2054,2022-10-13,1,212.0,In-Store
8484,160,2587,2025-07-29,1,232.36,Online
8485,133,2027,2024-12-04,1,212.0,Online
8486,120,2815,2025-07-10,3,203.21,In-Store
8487,144,2969,2024-08-15,1,15.05,Online
8488,194,2166,2025-04-18,5,216.06,In-Store
8489,152,2873,2025-04-30,1,106.63,Online
8490,180,2713,2025-03-01,1,77.62,In-Store
8491,126,2583,2024-12-17,2,191.39,In-Store
8492,196,2531,2025-09-03,3,168.41,In-Store
8493,120,2448,2024-08-17,1,203.21,In-Store
8494,125,2206,2024-11-17,4,62.64,In-Store
8495,172,2605,2024-10-08,1,232.96,In-Store
8496,189,2235,2025-03-08,4,60.42,Online
8497,172,2667,2024-02-09,4,232.96,In-Store
8498,185,2480,2025-03-14,4,142.4,Online
8499,165,2678,2023-04-11,3,240.59,Online
8500,170,2020,2025-05-10,4,59.02,In-Store
8501,156,2556,2025-10-26,5,22.14,In-Store
8502,150,2165,2023-06-24,5,33.26,Online
8503,171,2893,2024-02-14,2,104.99,Online
8504,154,2055,2025-02-28,2,111.25,Online
8505,167,2471,2025-11-10,2,235.98,Online
8506,168,2660,2024-11-12,4,152.68,In-Store
8507,175,2310,2023-03-20,3,233.98,In-Store
8508,168,2801,2025-07-30,4,152.68,Online
8509,144,2895,2025-11-07,5,15.05,In-Store
8510,122,2447,2024-06-03,2,167.31,Online
8511,158,2461,2025-02-17,1,126.55,In-Store
8512,126,2429,2023-11-30,2,191.39,Online
8513,179,2497,2025-09-23,4,37.7,In-Store
8514,150,2584,2022-09-14,3,33.26,In-Store
8515,196,2279,2025-06-13,4,168.41,Online
8516,102,2334,2023-07-29,5,186.75,Online
8517,137,2591,2025-01-25,4,67.81,In-Store
8518,142,2242,2024-06-08,3,248.84,In-Store
8519,191,2015,2025-01-27,3,217.51,Online
8520,181,2733,2022-08-04,2,175.0,In-Store
8521,124,2250,2025-03-19,3,112.82,Online
8522,116,2674,2024-02-12,2,98.84,Online
8523,110,2248,2025-02-08,4,73.49,Online
8524,134,2826,2024-02-12,1,99.74,In-Store
8525,187,2626,2024-12-06,3,149.8,In-Store
8526,144,2133,2025-08-18,3,15.05,Online
8527,167,2167,2025-01-17,1,235.98,Online
8528,155,2785,2024-07-18,1,219.88,Online
8529,196,2213,2024-05-20,2,168.41,In-Store
8530,187,2358,2025-08-03,3,149.8,Online
8531,170,2752,2025-02-17,4,59.02,In-Store
8532,176,2381,2025-05-30,1,78.4,In-Store
8533,132,2596,2024-06-19,5,243.25,In-Store
8534,110,2802,2025-08-25,2,73.49,Online
8535,180,2431,2025-01-11,5,77.62,In-Store
8536,152,2477,2024-08-01,5,106.63,Online
8537,139,2986,2025-10-14,5,168.34,In-Store
8538,190,2987,2024-09-30,2,197.23,In-Store
8539,129,2201,2024-12-26,3,216.59,Online
8540,199,2706,2025-06-06,4,37.68,In-Store
8541,173,2859,2024-10-27,2,159.08,Online
8542,187,2520,2025-02-08,5,149.8,Online
8543,196,2419,2024-12-02,5,168.41,Online
8544,136,2644,2025-09-17,1,220.89,Online
8545,148,2423,2025-03-01,5,139.42,Online
8546,183,2761,2024-01-22,4,209.04,Online
8547,166,2046,2025-04-25,2,152.81,Online
8548,180,2599,2024-07-04,2,77.62,Online
8549,101,2211,2025-04-07,5,187.97,In-Store
8550,191,2413,2025-02-03,4,217.51,Online
8551,155,2456,2023-01-23,5,219.88,Online
8552,112,2462,2023-01-09,1,80.36,In-Store
8553,121,2558,2024-11-19,4,60.64,Online
8554,187,2492,2025-03-15,1,149.8,Online
8555,129,2238,2024-11-20,4,216.59,Online
8556,120,2279,2025-02-20,2,203.21,Online
8557,120,2097,2025-04-07,3,203.21,In-Store
8558,199,2644,2024-09-22,1,37.68,Online
8559,188,2664,2024-02-17,2,20.04,Online
8560,184,2284,2025-01-21,1,195.07,In-Store
8561,129,2710,2023-09-24,1,216.59,In-Store
8562,119,2840,2025-04-04,5,212.28,Online
8563,176,2436,2025-10-02,1,78.4,Online
8564,149,2024,2025-10-07,4,198.31,In-Store
8565,178,2159,2025-10-03,5,81.85,In-Store
8566,115,2096,2025-07-25,3,101.23,In-Store
8567,181,2087,2025-07-26,4,175.0,In-Store
8568,148,2765,2024-01-02,3,139.42,In-Store
8569,132,2774,2024-12-08,1,243.25,Online
8570,148,2862,2025-07-23,5,139.42,Online
8571,132,2640,2023-10-05,4,243.25,In-Store
8572,161,2511,2024-08-25,2,177.18,Online
8573,119,2432,2025-07-10,3,212.28,Online
8574,106,2257,2025-08-27,1,117.81,Online
8575,143,2394,2024-07-09,1,39.04,In-Store
8576,116,2874,2025-07-17,4,98.84,Online
8577,126,2375,2023-05-17,1,191.39,Online
8578,167,2335,2023-06-24,3,235.98,Online
8579,185,2843,2025-09-20,1,142.4,In-Store
8580,141,2949,2025-07-14,2,232.94,In-Store
8581,127,2691,2025-07-31,5,200.1,Online
8582,174,2671,2023-08-26,1,139.03,In-Store
8583,123,2217,2025-06-03,4,73.57,Online
8584,199,2508,2025-01-14,4,37.68,In-Store
8585,140,2080,2025-03-07,1,136.64,Online
8586,177,2257,2025-09-03,3,246.12,In-Store
8587,163,2687,2023-05-30,1,186.58,Online
8588,177,2148,2024-02-22,5,246.12,Online
8589,168,2703,2023-07-25,3,152.68,In-Store
8590,195,2797,2024-05-02,2,93.92,In-Store
8591,166,2074,2022-05-01,2,152.81,Online
8592,124,2614,2024-08-25,1,112.82,Online
8593,118,2334,2025-12-30,4,120.94,In-Store
8594,115,2852,2024-12-25,5,101.23,In-Store
8595,104,2837,2025-09-21,2,65.84,In-Store
8596,144,2535,2023-11-21,5,15.05,In-Store
8597,174,2633,2025-11-01,1,139.03,Online
8598,191,2435,2024-10-23,1,217.51,In-Store
8599,131,2861,2024-11-12,2,114.34,Online
8600,113,2438,2025-01-07,5,56.15,Online
8601,149,2697,2023-08-17,5,198.31,In-Store
8602,143,2288,2024-02-19,4,39.04,Online
8603,187,2514,2025-03-08,5,149.8,Online
8604,164,2844,2023-10-03,2,22.03,In-Store
8605,105,2909,2023-10-04,4,57.72,In-Store
8606,112,2674,2024-11-28,4,80.36,In-Store
8607,149,2471,2025-01-28,4,198.31,In-Store
8608,138,2401,2024-12-11,5,185.66,Online
8609,171,2106,2025-04-07,1,104.99,In-Store
8610,185,2497,2025-03-10,4,142.4,In-Store
8611,101,2508,2023-10-16,1,187.97,Online
8612,150,2111,2024-11-16,3,33.26,In-Store
8613,110,2128,2025-09-08,2,73.49,Online
8614,189,2943,2025-06-14,5,60.42,In-Store
8615,192,2261,2025-05-31,5,53.05,In-Store
8616,197,2398,2025-09-25,4,217.44,In-Store
8617,178,2142,2025-09-11,5,81.85,Online
8618,110,2328,2023-03-22,2,73.49,In-Store
8619,190,2269,2022-09-21,4,197.23,Online
8620,146,2350,2023-10-14,5,26.18,Online
8621,110,2654,2023-11-13,1,73.49,Online
8622,173,2313,2025-08-02,4,159.08,Online
8623,104,2096,2024-06-27,4,65.84,In-Store
8624,185,2067,2025-08-23,4,142.4,Online
8625,126,2169,2025-10-21,5,191.39,Online
8626,124,2717,2024-11-08,5,112.82,Online
8627,134,2508,2023-10-19,3,99.74,Online
8628,145,2754,2025-12-24,3,62.85,In-Store
8629,130,2742,2023-10-07,5,190.21,Online
8630,133,2439,2025-09-08,5,212.0,In-Store
8631,198,2558,2025-02-05,1,105.92,Online
8632,128,2068,2024-03-25,4,101.59,Online
8633,169,2086,2025-02-11,2,167.77,In-Store
8634,106,2646,2025-06-10,2,117.81,Online
8635,123,2815,2024-11-20,3,73.57,Online
8636,124,2353,2025-07-14,4,112.82,Online
8637,129,2234,2024-07-12,5,216.59,In-Store
8638,167,2231,2024-09-16,2,235.98,In-Store
8639,165,2015,2025-05-06,1,240.59,In-Store
8640,166,2868,2025-05-31,5,152.81,In-Store
8641,160,2514,2025-12-03,5,232.36,In-Store
8642,110,2091,2023-12-06,4,73.49,Online
8643,120,2193,2025-12-14,2,203.21,In-Store
8644,200,2237,2025-10-15,5,241.01,Online
8645,153,2096,2024-02-24,5,55.98,Online
8646,115,2121,2025-08-05,1,101.23,Online
8647,194,2588,2025-09-25,2,216.06,Online
8648,128,2326,2025-04-02,3,101.59,Online
8649,102,2133,2024-05-27,4,186.75,In-Store
8650,153,2313,2024-11-11,5,55.98,In-Store
8651,134,2486,2025-10-25,4,99.74,In-Store
8652,188,2317,2025-05-22,4,20.04,Online
8653,103,2021,2025-11-12,4,111.26,In-Store
8654,129,2991,2024-08-08,5,216.59,Online
8655,130,2795,2024-09-02,3,190.21,In-Store
8656,117,2357,2024-08-16,5,156.19,In-Store
8657,174,2947,2025-05-27,2,139.03,Online
8658,106,2576,2023-09-16,3,117.81,Online
8659,158,2863,2023-06-03,4,126.55,In-Store
8660,106,2769,2024-03-16,3,117.81,Online
8661,192,2314,2025-12-06,5,53.05,In-Store
8662,164,2645,2024-12-02,5,22.03,In-Store
8663,151,2401,2025-04-10,1,108.66,Online
8664,180,2613,2025-12-20,3,77.62,In-Store
8665,150,2605,2023-04-07,4,33.26,In-Store
8666,169,2237,2025-02-26,1,167.77,Online
8667,171,2207,2025-07-27,5,104.99,In-Store
8668,120,2008,2025-06-24,3,203.21,In-Store
8669,171,2492,2025-01-01,3,104.99,In-Store
8670,145,2059,2024-05-11,3,62.85,Online
8671,146,2410,2024-12-24,4,26.18,In-Store
8672,180,2141,2023-12-27,5,77.62,In-Store
8673,110,2931,2025-07-14,5,73.49,In-Store
8674,128,2594,2024-05-16,1,101.59,Online
8675,157,2526,2025-04-14,2,232.33,In-Store
8676,191,2794,2025-08-04,2,217.51,Online
8677,186,2278,2022-12-07,4,28.06,Online
8678,197,2631,2022-05-17,1,217.44,In-Store
8679,134,2405,2025-12-16,4,99.74,Online
8680,178,2814,2023-02-24,3,81.85,Online
8681,124,2949,2024-12-16,5,112.82,In-Store
8682,145,2110,2025-11-07,5,62.85,Online
8683,142,2018,2024-10-29,5,248.84,Online
8684,171,2236,2025-07-08,4,104.99,In-Store
8685,108,2948,2025-11-06,1,61.68,In-Store
8686,191,2521,2024-08-26,1,217.51,Online
8687,188,2148,2025-10-04,5,20.04,Online
8688,146,2796,2024-10-12,1,26.18,Online
8689,155,2087,2024-02-09,3,219.88,Online
8690,156,2924,2022-08-13,3,22.14,Online
8691,172,2604,2025-08-20,2,232.96,In-Store
8692,181,2777,2025-06-21,4,175.0,In-Store
8693,158,2100,2025-04-13,1,126.55,In-Store
8694,102,2160,2025-05-01,3,186.75,In-Store
8695,111,2810,2024-12-11,1,243.55,In-Store
8696,147,2637,2025-02-01,5,133.4,Online
8697,176,2370,2025-08-06,1,78.4,In-Store
8698,156,2418,2025-04-05,3,22.14,In-Store
8699,116,2184,2025-12-21,2,98.84,In-Store
8700,150,2287,2025-02-16,1,33.26,In-Store
8701,126,2500,2023-04-14,4,191.39,In-Store
8702,101,2916,2024-09-28,1,187.97,Online
8703,187,2006,2025-10-01,5,149.8,In-Store
8704,182,2181,2025-03-13,4,227.28,Online
8705,122,2757,2025-02-27,3,167.31,Online
8706,162,2697,2023-10-04,1,55.58,In-Store
8707,125,2348,2025-03-28,2,62.64,Online
8708,115,2472,2024-03-16,4,101.23,In-Store
8709,142,2483,2025-04-24,3,248.84,Online
8710,190,2443,2023-12-04,2,197.23,In-Store
8711,168,2675,2023-01-14,4,152.68,In-Store
8712,166,2260,2023-06-16,5,152.81,In-Store
8713,156,2563,2024-09-08,4,22.14,In-Store
8714,185,2018,2024-09-24,4,142.4,Online
8715,192,2836,2024-07-09,5,53.05,Online
8716,164,2913,2025-05-14,3,22.03,Online
8717,156,2240,2025-11-18,5,22.14,Online
8718,182,2967,2025-07-26,5,227.28,Online
8719,103,2817,2025-03-23,4,111.26,In-Store
8720,124,2349,2025-06-02,1,112.82,Online
8721,169,2762,2025-04-18,3,167.77,Online
8722,124,2170,2024-04-26,5,112.82,Online
8723,153,2603,2024-01-20,2,55.98,Online
8724,112,2468,2025-06-28,3,80.36,Online
8725,122,2596,2025-05-02,2,167.31,In-Store
8726,157,2605,2025-08-02,4,232.33,In-Store
8727,136,2307,2025-03-31,4,220.89,In-Store
8728,153,2311,2024-04-03,4,55.98,In-Store
8729,190,2238,2025-09-10,1,197.23,In-Store
8730,130,2613,2024-01-17,3,190.21,In-Store
8731,184,2703,2024-06-25,5,195.07,In-Store
8732,186,2749,2025-09-09,2,28.06,In-Store
8733,134,2548,2023-04-14,4,99.74,In-Store
8734,147,2251,2025-10-17,4,133.4,Online
8735,141,2434,2023-12-28,4,232.94,Online
8736,170,2846,2024-09-18,1,59.02,In-Store
8737,161,2472,2025-11-13,1,177.18,In-Store
8738,135,2602,2025-05-23,2,87.8,In-Store
8739,139,2182,2025-11-12,1,168.34,In-Store
8740,145,2711,2024-10-04,3,62.85,In-Store
8741,174,2018,2025-09-24,1,139.03,Online
8742,194,2911,2022-12-05,1,216.06,Online
8743,124,2652,2024-10-21,3,112.82,In-Store
8744,198,2898,2024-08-15,2,105.92,In-Store
8745,138,2830,2025-08-14,3,185.66,Online
8746,146,2352,2025-07-08,1,26.18,In-Store
8747,155,2920,2025-11-19,2,219.88,Online
8748,101,2379,2025-04-16,3,187.97,In-Store
8749,140,2746,2025-06-20,3,136.64,In-Store
8750,189,2485,2024-07-30,1,60.42,Online
8751,158,2510,2024-09-30,3,126.55,In-Store
8752,139,2936,2024-12-02,1,168.34,In-Store
8753,195,2374,2024-10-02,3,93.92,In-Store
8754,101,2135,2024-12-11,2,187.97,In-Store
8755,157,2962,2023-12-13,2,232.33,Online
8756,186,2233,2025-09-10,3,28.06,In-Store
8757,161,2241,2024-12-20,5,177.18,Online
8758,176,2876,2025-01-03,4,78.4,In-Store
8759,139,2131,2024-11-24,3,168.34,Online
8760,132,2661,2024-12-13,4,243.25,Online
8761,172,2157,2023-06-08,5,232.96,In-Store
8762,143,2363,2025-10-26,1,39.04,Online
8763,149,2932,2025-01-19,2,198.31,Online
8764,133,2410,2024-07-29,3,212.0,In-Store
8765,127,2152,2024-03-26,3,200.1,Online
8766,190,2981,2024-09-15,1,197.23,In-Store
8767,108,2104,2025-03-13,5,61.68,In-Store
8768,116,2599,2025-05-29,1,98.84,In-Store
8769,155,2743,2025-11-18,4,219.88,In-Store
8770,140,2523,2024-06-11,3,136.64,Online
8771,111,2911,2025-10-11,3,243.55,In-Store
8772,154,2287,2025-09-27,3,111.25,Online
8773,172,2970,2025-03-19,2,232.96,In-Store
8774,189,2732,2024-07-10,3,60.42,In-Store
8775,199,2087,2023-03-19,1,37.68,In-Store
8776,184,2212,2023-02-13,2,195.07,In-Store
8777,133,2912,2022-12-18,1,212.0,Online
8778,200,2024,2025-07-19,3,241.01,Online
8779,160,2410,2025-10-28,1,232.36,Online
8780,128,2634,2024-10-22,1,101.59,In-Store
8781,142,2451,2024-10-23,5,248.84,In-Store
8782,107,2551,2025-10-27,1,177.55,In-Store
8783,181,2128,2025-09-09,5,175.0,Online
8784,131,2213,2025-11-04,3,114.34,In-Store
8785,111,2372,2025-07-14,1,243.55,In-Store
8786,111,2181,2024-06-27,1,243.55,In-Store
8787,112,2211,2024-12-15,2,80.36,In-Store
8788,135,2058,2025-05-08,4,87.8,Online
8789,195,2119,2025-04-02,2,93.92,In-Store
8790,131,2195,2025-04-10,2,114.34,In-Store
8791,150,2120,2025-04-15,5,33.26,In-Store
8792,169,2187,2022-12-13,4,167.77,Online
8793,115,2041,2025-09-19,2,101.23,Online
8794,138,2697,2025-10-17,5,185.66,Online
8795,117,2774,2024-11-04,1,156.19,Online
8796,168,2201,2024-09-15,3,152.68,Online
8797,133,2788,2025-10-09,2,212.0,Online
8798,193,2619,2024-10-23,3,74.03,Online
8799,146,2957,2022-11-30,5,26.18,In-Store
8800,126,2424,2024-08-27,2,191.39,In-Store
8801,123,2812,2025-06-07,3,73.57,Online
8802,182,2118,2025-06-10,4,227.28,Online
8803,138,2751,2024-11-28,4,185.66,In-Store
8804,127,2111,2025-03-04,1,200.1,In-Store
8805,172,2032,2025-04-01,1,232.96,Online
8806,153,2436,2025-10-19,1,55.98,Online
8807,184,2493,2024-11-23,2,195.07,In-Store
8808,144,2431,2025-10-24,4,15.05,In-Store
8809,124,2832,2025-06-06,2,112.82,In-Store
8810,135,2267,2022-08-01,5,87.8,Online
8811,173,2510,2024-09-30,2,159.08,In-Store
8812,152,2757,2023-09-05,4,106.63,In-Store
8813,162,2963,2023-04-26,2,55.58,In-Store
8814,125,2323,2024-05-30,5,62.64,Online
8815,159,2066,2025-01-18,2,49.51,Online
8816,139,2459,2025-12-25,2,168.34,Online
8817,187,2202,2024-06-11,3,149.8,Online
8818,176,2393,2024-12-27,2,78.4,In-Store
8819,154,2888,2023-06-08,1,111.25,In-Store
8820,144,2248,2025-11-16,5,15.05,Online
8821,186,2471,2024-09-30,5,28.06,In-Store
8822,167,2063,2025-06-17,3,235.98,In-Store
8823,148,2458,2024-07-16,3,139.42,In-Store
8824,187,2464,2025-05-07,2,149.8,Online
8825,176,2735,2024-06-02,3,78.4,In-Store
8826,107,2495,2025-02-27,1,177.55,Online
8827,176,2428,2025-04-26,1,78.4,In-Store
8828,185,2984,2024-10-18,2,142.4,In-Store
8829,198,2316,2024-09-02,2,105.92,Online
8830,151,2656,2024-07-14,2,108.66,Online
8831,138,2913,2023-10-30,5,185.66,Online
8832,179,2979,2025-02-12,4,37.7,In-Store
8833,144,2042,2025-04-28,3,15.05,Online
8834,142,2155,2025-05-24,3,248.84,In-Store
8835,138,2433,2025-12-28,1,185.66,In-Store
8836,124,2759,2024-11-25,2,112.82,Online
8837,158,2052,2022-05-20,1,126.55,In-Store
8838,179,2666,2025-06-30,5,37.7,Online
8839,187,2621,2024-04-21,2,149.8,In-Store
8840,200,2790,2023-12-23,1,241.01,Online
8841,115,2849,2023-12-27,2,101.23,In-Store
8842,180,2548,2022-12-26,5,77.62,Online
8843,178,2934,2025-11-01,4,81.85,Online
8844,134,2248,2023-05-17,1,99.74,In-Store
8845,196,2658,2025-09-08,4,168.41,In-Store
8846,167,2778,2024-11-12,4,235.98,Online
8847,133,2975,2022-12-26,4,212.0,In-Store
8848,152,2656,2025-01-29,1,106.63,Online
8849,146,2337,2025-08-03,4,26.18,Online
8850,161,2848,2025-09-13,5,177.18,In-Store
8851,133,2574,2023-01-21,4,212.0,In-Store
8852,126,2583,2025-10-24,4,191.39,Online
8853,187,2091,2025-08-21,4,149.8,Online
8854,133,2620,2023-01-03,4,212.0,Online
8855,199,2420,2024-11-29,3,37.68,In-Store
8856,163,2724,2023-04-06,3,186.58,Online
8857,101,2695,2025-05-20,4,187.97,Online
8858,178,2829,2022-10-09,2,81.85,Online
8859,195,2041,2025-07-12,3,93.92,In-Store
8860,146,2824,2025-10-20,4,26.18,In-Store
8861,189,2516,2025-07-15,4,60.42,In-Store
8862,139,2533,2023-10-02,5,168.34,Online
8863,142,2975,2025-03-05,1,248.84,In-Store
8864,178,2280,2025-12-27,2,81.85,Online
8865,109,2231,2025-03-05,3,101.18,Online
8866,121,2320,2025-12-08,4,60.64,Online
8867,118,2283,2024-12-27,3,120.94,Online
8868,122,2087,2024-11-21,1,167.31,In-Store
8869,184,2693,2024-07-07,1,195.07,Online
8870,163,2540,2025-01-14,5,186.58,Online
8871,139,2609,2025-01-16,4,168.34,Online
8872,127,2187,2025-12-10,4,200.1,In-Store
8873,156,2269,2022-06-28,4,22.14,In-Store
8874,173,2534,2023-03-28,1,159.08,In-Store
8875,108,2458,2024-06-28,1,61.68,Online
8876,128,2394,2025-09-29,4,101.59,Online
8877,168,2899,2025-12-24,3,152.68,Online
8878,177,2659,2024-07-06,1,246.12,Online
8879,162,2417,2024-01-21,1,55.58,In-Store
8880,138,2889,2025-01-06,1,185.66,In-Store
8881,104,2589,2025-04-11,3,65.84,Online
8882,177,2156,2023-04-20,5,246.12,Online
8883,183,2407,2025-03-01,3,209.04,Online
8884,176,2469,2025-12-13,5,78.4,In-Store
8885,162,2861,2024-06-19,5,55.58,Online
8886,101,2253,2023-09-28,4,187.97,In-Store
8887,125,2261,2024-12-13,2,62.64,In-Store
8888,181,2259,2024-03-22,4,175.0,In-Store
8889,121,2215,2025-05-09,3,60.64,In-Store
8890,146,2840,2025-06-11,2,26.18,In-Store
8891,179,2177,2023-03-25,1,37.7,Online
8892,187,2200,2025-05-20,1,149.8,In-Store
8893,112,2241,2023-04-11,1,80.36,Online
8894,142,2269,2025-06-22,2,248.84,Online
8895,103,2588,2023-04-07,5,111.26,In-Store
8896,116,2837,2025-03-17,5,98.84,In-Store
8897,197,2045,2025-04-29,5,217.44,Online
8898,107,2862,2025-01-11,3,177.55,In-Store
8899,134,2685,2023-12-22,4,99.74,In-Store
8900,136,2807,2024-06-12,4,220.89,Online
8901,132,2868,2023-08-18,1,243.25,In-Store
8902,156,2708,2025-05-08,5,22.14,In-Store
8903,119,2032,2023-12-14,5,212.28,In-Store
8904,146,2020,2024-07-12,2,26.18,In-Store
8905,141,2065,2024-12-31,1,232.94,In-Store
8906,141,2291,2024-06-05,4,232.94,In-Store
8907,194,2404,2025-04-25,2,216.06,In-Store
8908,134,2347,2024-06-26,2,99.74,In-Store
8909,142,2887,2024-03-17,5,248.84,In-Store
8910,156,2273,2023-07-04,5,22.14,In-Store
8911,107,2267,2024-09-14,4,177.55,In-Store
8912,168,2898,2025-10-10,4,152.68,Online
8913,198,2257,2024-10-19,4,105.92,In-Store
8914,155,2081,2024-06-25,3,219.88,In-Store
8915,113,2371,2025-10-14,5,56.15,In-Store
8916,110,2405,2024-12-30,1,73.49,In-Store
8917,130,2406,2025-11-19,2,190.21,Online
8918,167,2407,2025-03-16,2,235.98,Online
8919,146,2495,2025-02-04,5,26.18,In-Store
8920,118,2998,2025-09-10,3,120.94,In-Store
8921,138,2979,2025-04-02,3,185.66,Online
8922,120,2050,2022-02-09,3,203.21,In-Store
8923,130,2852,2023-04-28,5,190.21,In-Store
8924,194,2489,2025-09-10,4,216.06,Online
8925,169,2287,2025-02-06,5,167.77,Online
8926,142,2655,2025-04-05,4,248.84,Online
8927,118,2694,2024-04-23,3,120.94,Online
8928,138,2667,2025-03-31,1,185.66,In-Store
8929,143,2626,2025-12-11,5,39.04,In-Store
8930,148,2505,2024-10-31,4,139.42,In-Store
8931,180,2852,2023-09-27,1,77.62,Online
8932,150,2707,2024-05-04,4,33.26,In-Store
8933,156,2394,2024-05-15,3,22.14,In-Store
8934,178,2290,2024-11-21,3,81.85,In-Store
8935,121,2797,2025-02-22,3,60.64,In-Store
8936,196,2562,2024-11-15,5,168.41,In-Store
8937,101,2380,2023-04-07,2,187.97,In-Store
8938,120,2027,2025-10-14,5,203.21,Online
8939,198,2228,2024-04-05,5,105.92,In-Store
8940,168,2215,2025-04-03,1,152.68,Online
8941,110,2593,2023-02-26,5,73.49,In-Store
8942,179,2252,2024-10-02,5,37.7,In-Store
8943,119,2732,2025-04-09,1,212.28,In-Store
8944,110,2821,2024-02-18,5,73.49,Online
8945,195,2320,2025-01-21,1,93.92,Online
8946,171,2553,2024-12-14,2,104.99,In-Store
8947,195,2031,2025-10-17,5,93.92,In-Store
8948,158,2881,2024-08-05,5,126.55,In-Store
8949,177,2605,2024-11-09,4,246.12,In-Store
8950,184,2484,2025-07-05,3,195.07,In-Store
8951,135,2045,2022-05-19,2,87.8,In-Store
8952,129,2146,2024-03-09,4,216.59,Online
8953,166,2924,2024-12-30,4,152.81,Online
8954,106,2176,2025-11-14,4,117.81,Online
8955,187,2604,2023-08-27,1,149.8,In-Store
8956,141,2854,2024-03-01,3,232.94,Online
8957,167,2020,2024-09-08,5,235.98,In-Store
8958,148,2355,2024-12-02,2,139.42,Online
8959,101,2148,2024-06-27,5,187.97,Online
8960,200,2253,2024-07-14,2,241.01,Online
8961,187,2322,2023-04-30,2,149.8,Online
8962,122,2832,2024-01-02,2,167.31,Online
8963,107,2168,2025-01-08,3,177.55,In-Store
8964,123,2488,2024-06-13,1,73.57,In-Store
8965,120,2663,2022-12-08,4,203.21,In-Store
8966,129,2784,2024-12-11,1,216.59,In-Store
8967,111,2806,2025-10-05,3,243.55,Online
8968,123,2549,2023-03-01,3,73.57,In-Store
8969,134,2281,2025-07-09,4,99.74,In-Store
8970,102,2581,2023-07-13,5,186.75,In-Store
8971,149,2977,2024-12-20,2,198.31,In-Store
8972,153,2206,2024-07-09,4,55.98,Online
8973,142,2712,2023-02-25,4,248.84,In-Store
8974,169,2806,2024-10-03,5,167.77,In-Store
8975,139,2560,2024-08-30,5,168.34,In-Store
8976,110,2973,2025-02-10,2,73.49,Online
8977,109,2132,2023-07-17,5,101.18,Online
8978,176,2493,2023-10-10,2,78.4,In-Store
8979,137,2433,2024-05-04,3,67.81,Online
8980,103,2584,2025-06-28,1,111.26,In-Store
8981,168,2366,2024-01-19,4,152.68,In-Store
8982,155,2694,2024-02-04,2,219.88,In-Store
8983,106,2041,2025-05-18,1,117.81,In-Store
8984,146,2029,2025-02-11,4,26.18,In-Store
8985,111,2186,2025-09-27,4,243.55,Online
8986,155,2435,2023-11-11,1,219.88,Online
8987,147,2733,2025-11-19,2,133.4,Online
8988,155,2511,2024-01-14,2,219.88,Online
8989,196,2621,2025-02-04,1,168.41,Online
8990,105,2269,2025-11-29,3,57.72,In-Store
8991,139,2128,2025-08-22,2,168.34,Online
8992,182,2996,2025-11-20,5,227.28,In-Store
8993,180,2405,2024-10-16,5,77.62,In-Store
8994,190,2021,2024-09-20,1,197.23,In-Store
8995,146,2238,2024-07-02,3,26.18,In-Store
8996,131,2824,2025-10-21,4,114.34,Online
8997,107,2869,2024-10-19,4,177.55,In-Store
8998,170,2392,2024-03-11,3,59.02,Online
8999,164,2379,2025-07-02,1,22.03,Online
9000,112,2724,2024-01-28,2,80.36,Online
9001,153,2662,2025-04-15,1,55.98,Online
9002,181,2075,2024-04-05,1,175.0,Online
9003,140,2210,2023-02-23,5,136.64,In-Store
9004,143,2289,2024-10-08,3,39.04,Online
9005,141,2529,2024-03-22,1,232.94,Online
9006,151,2685,2025-08-08,2,108.66,Online
9007,154,2389,2023-12-06,4,111.25,In-Store
9008,156,2530,2025-01-11,3,22.14,In-Store
9009,168,2928,2023-02-05,4,152.68,In-Store
9010,125,2813,2024-12-24,4,62.64,Online
9011,110,2437,2022-09-24,1,73.49,In-Store
9012,112,2287,2025-07-04,4,80.36,Online
9013,149,2592,2025-11-11,4,198.31,In-Store
9014,107,2184,2022-07-10,1,177.55,In-Store
9015,113,2210,2023-02-07,4,56.15,In-Store
9016,139,2402,2024-01-24,3,168.34,Online
9017,131,2912,2022-09-07,2,114.34,In-Store
9018,186,2455,2024-01-03,4,28.06,In-Store
9019,128,2847,2023-12-24,5,101.59,Online
9020,124,2828,2024-01-13,1,112.82,In-Store
9021,117,2893,2025-06-02,4,156.19,Online
9022,192,2514,2025-02-10,5,53.05,Online
9023,124,2806,2025-02-28,5,112.82,Online
9024,106,2943,2024-12-14,1,117.81,Online
9025,163,2126,2025-04-26,3,186.58,In-Store
9026,118,2764,2024-12-18,2,120.94,Online
9027,154,2909,2024-11-04,4,111.25,Online
9028,138,2439,2025-01-21,5,185.66,In-Store
9029,159,2206,2025-12-19,1,49.51,In-Store
9030,195,2135,2023-08-28,1,93.92,In-Store
9031,107,2157,2022-10-23,1,177.55,In-Store
9032,131,2378,2025-02-15,5,114.34,In-Store
9033,174,2481,2023-03-14,1,139.03,Online
9034,124,2596,2024-11-09,1,112.82,Online
9035,119,2672,2024-06-14,1,212.28,Online
9036,158,2302,2025-10-25,3,126.55,Online
9037,162,2854,2024-02-29,2,55.58,Online
9038,146,2187,2025-11-11,4,26.18,Online
9039,174,2531,2025-10-18,3,139.03,Online
9040,116,2370,2025-10-31,5,98.84,In-Store
9041,141,2941,2024-10-31,2,232.94,Online
9042,200,2118,2024-12-10,5,241.01,In-Store
9043,130,2982,2024-01-04,1,190.21,Online
9044,173,2751,2025-07-23,2,159.08,In-Store
9045,198,2353,2024-08-15,3,105.92,Online
9046,164,2278,2022-06-04,4,22.03,In-Store
9047,114,2974,2025-06-16,3,195.54,Online
9048,194,2813,2023-09-30,2,216.06,In-Store
9049,176,2096,2025-04-11,4,78.4,Online
9050,144,2199,2025-09-16,4,15.05,Online
9051,138,2981,2024-04-05,2,185.66,In-Store
9052,155,2077,2025-08-05,1,219.88,Online
9053,110,2826,2025-12-31,1,73.49,Online
9054,160,2079,2024-03-16,5,232.36,In-Store
9055,147,2757,2024-11-13,2,133.4,In-Store
9056,131,2855,2024-12-17,4,114.34,Online
9057,133,2473,2025-12-15,3,212.0,In-Store
9058,177,2940,2025-01-09,3,246.12,Online
9059,129,2391,2025-08-28,3,216.59,In-Store
9060,113,2942,2025-07-18,4,56.15,In-Store
9061,107,2144,2024-04-07,5,177.55,In-Store
9062,132,2690,2025-03-24,4,243.25,Online
9063,143,2248,2024-03-03,4,39.04,In-Store
9064,192,2644,2024-10-20,5,53.05,Online
9065,116,2924,2023-02-02,5,98.84,Online
9066,139,2763,2023-12-12,3,168.34,Online
9067,122,2834,2025-02-16,3,167.31,Online
9068,144,2725,2024-05-31,4,15.05,In-Store
9069,112,2288,2024-03-25,1,80.36,Online
9070,132,2346,2025-04-02,1,243.25,Online
9071,138,2959,2025-03-07,3,185.66,In-Store
9072,112,2622,2025-03-29,4,80.36,In-Store
9073,190,2397,2023-01-19,3,197.23,Online
9074,195,2397,2024-08-10,4,93.92,Online
9075,139,2183,2024-04-01,3,168.34,In-Store
9076,158,2131,2025-06-29,2,126.55,Online
9077,141,2290,2024-06-30,4,232.94,Online
9078,102,2044,2025-01-25,5,186.75,Online
9079,147,2848,2025-09-01,3,133.4,Online
9080,160,2518,2025-10-27,1,232.36,In-Store
9081,148,2849,2024-02-03,4,139.42,Online
9082,166,2029,2023-11-10,1,152.81,In-Store
9083,106,2352,2024-03-04,2,117.81,In-Store
9084,147,2826,2023-11-09,1,133.4,In-Store
9085,185,2087,2025-10-05,3,142.4,In-Store
9086,166,2636,2024-08-08,1,152.81,Online
9087,142,2659,2024-11-06,3,248.84,Online
9088,155,2383,2024-04-08,2,219.88,In-Store
9089,117,2607,2025-02-16,5,156.19,In-Store
9090,164,2804,2024-11-05,3,22.03,Online
9091,119,2977,2025-01-23,5,212.28,Online
9092,185,2039,2025-11-24,3,142.4,In-Store
9093,179,2583,2025-12-25,4,37.7,In-Store
9094,121,2533,2025-10-24,1,60.64,In-Store
9095,132,2502,2024-02-01,5,243.25,Online
9096,126,2500,2023-01-27,2,191.39,In-Store
9097,137,3000,2023-08-20,3,67.81,In-Store
9098,189,2898,2025-05-23,2,60.42,In-Store
9099,117,2042,2024-10-17,1,156.19,Online
9100,106,2423,2025-11-24,2,117.81,Online
9101,162,2564,2025-06-17,5,55.58,Online
9102,163,2033,2023-01-21,1,186.58,In-Store
9103,128,2416,2025-01-03,4,101.59,In-Store
9104,194,2602,2023-07-02,3,216.06,In-Store
9105,113,2618,2025-01-03,4,56.15,In-Store
9106,163,2269,2023-10-29,3,186.58,In-Store
9107,186,2915,2024-03-24,1,28.06,In-Store
9108,142,2714,2023-12-18,2,248.84,Online
9109,145,2837,2025-04-03,5,62.85,In-Store
9110,107,2056,2023-09-30,1,177.55,In-Store
9111,151,2704,2024-12-15,3,108.66,In-Store
9112,131,2755,2025-09-04,2,114.34,Online
9113,200,2298,2024-09-22,2,241.01,In-Store
9114,108,2200,2024-12-20,1,61.68,In-Store
9115,190,2845,2024-05-02,2,197.23,Online
9116,196,2102,2025-07-25,3,168.41,Online
9117,193,2207,2025-04-12,4,74.03,Online
9118,174,2700,2025-06-02,4,139.03,Online
9119,143,2080,2025-04-29,5,39.04,Online
9120,151,2277,2024-04-26,2,108.66,Online
9121,169,2564,2025-02-10,2,167.77,In-Store
9122,112,2359,2025-01-03,2,80.36,Online
9123,144,2954,2023-10-20,2,15.05,Online
9124,160,2191,2024-06-05,3,232.36,Online
9125,103,2898,2025-09-19,2,111.26,Online
9126,126,2880,2023-10-25,4,191.39,In-Store
9127,132,2457,2024-09-12,5,243.25,In-Store
9128,166,2138,2025-02-11,4,152.81,Online
9129,149,2696,2023-10-31,2,198.31,Online
9130,188,2019,2024-05-06,1,20.04,In-Store
9131,108,2455,2024-01-21,4,61.68,Online
9132,170,2930,2024-01-09,2,59.02,Online
9133,118,2127,2025-05-13,1,120.94,Online
9134,119,2674,2025-06-08,1,212.28,In-Store
9135,173,2100,2024-07-22,3,159.08,In-Store
9136,138,2928,2023-01-10,5,185.66,In-Store
9137,131,2560,2025-08-20,1,114.34,In-Store
9138,154,2337,2023-11-01,2,111.25,In-Store
9139,165,2480,2025-12-19,3,240.59,In-Store
9140,161,2286,2024-03-30,1,177.18,Online
9141,190,2805,2023-09-03,3,197.23,In-Store
9142,194,2611,2022-09-12,2,216.06,In-Store
9143,188,2605,2023-09-10,5,20.04,Online
9144,136,2378,2025-02-04,5,220.89,Online
9145,174,2904,2025-08-27,1,139.03,Online
9146,199,2178,2025-06-09,1,37.68,In-Store
9147,154,2599,2025-08-21,2,111.25,In-Store
9148,196,2703,2024-03-17,1,168.41,In-Store
9149,180,2010,2024-08-31,3,77.62,In-Store
9150,131,2917,2024-10-09,3,114.34,In-Store
9151,142,2349,2024-09-20,4,248.84,In-Store
9152,135,2204,2023-05-31,2,87.8,Online
9153,136,2006,2024-07-15,4,220.89,Online
9154,153,2256,2023-09-02,4,55.98,Online
9155,180,2443,2025-10-05,4,77.62,Online
9156,153,2614,2024-06-13,5,55.98,In-Store
9157,149,2525,2025-09-19,4,198.31,Online
9158,147,2634,2024-02-15,2,133.4,Online
9159,101,2136,2025-12-06,1,187.97,In-Store
9160,116,2593,2025-07-16,1,98.84,In-Store
9161,196,2620,2022-09-18,3,168.41,Online
9162,188,2018,2023-06-04,3,20.04,In-Store
9163,120,2259,2025-05-22,3,203.21,In-Store
9164,177,2434,2025-06-11,4,246.12,In-Store
9165,166,2209,2025-11-12,1,152.81,In-Store
9166,137,2669,2023-10-22,2,67.81,In-Store
9167,121,2210,2022-04-12,5,60.64,Online
9168,172,2946,2025-11-01,5,232.96,Online
9169,142,2149,2024-10-09,1,248.84,Online
9170,179,2592,2025-12-24,3,37.7,In-Store
9171,179,2632,2024-09-04,1,37.7,Online
9172,138,2846,2024-09-26,4,185.66,Online
9173,109,2821,2025-01-08,5,101.18,Online
9174,115,2344,2024-02-10,3,101.23,In-Store
9175,134,2321,2023-06-03,4,99.74,Online
9176,106,2863,2025-11-24,1,117.81,In-Store
9177,198,2498,2025-11-06,4,105.92,In-Store
9178,177,2952,2023-01-01,5,246.12,In-Store
9179,129,2583,2024-07-03,5,216.59,Online
9180,110,2565,2024-10-09,1,73.49,In-Store
9181,169,2483,2025-04-21,4,167.77,Online
9182,184,2767,2024-11-26,4,195.07,Online
9183,125,2665,2025-01-16,1,62.64,Online
9184,108,2588,2025-06-19,2,61.68,In-Store
9185,105,2617,2024-07-15,1,57.72,Online
9186,195,2231,2025-12-23,3,93.92,In-Store
9187,119,2698,2023-10-15,2,212.28,In-Store
9188,175,2676,2025-02-27,3,233.98,In-Store
9189,133,2813,2023-08-06,1,212.0,In-Store
9190,174,2847,2025-03-26,2,139.03,Online
9191,109,2657,2025-03-23,2,101.18,Online
9192,190,2516,2025-06-15,5,197.23,In-Store
9193,132,2783,2025-11-09,5,243.25,In-Store
9194,101,2288,2024-05-18,3,187.97,In-Store
9195,181,2117,2025-01-13,5,175.0,Online
9196,167,2182,2024-08-05,4,235.98,Online
9197,191,2764,2025-04-06,4,217.51,In-Store
9198,183,2382,2025-04-08,5,209.04,Online
9199,139,2877,2024-08-15,4,168.34,In-Store
9200,165,2778,2024-10-04,3,240.59,Online
9201,109,2473,2025-06-03,3,101.18,In-Store
9202,164,2624,2022-12-10,1,22.03,In-Store
9203,159,2883,2024-03-19,3,49.51,In-Store
9204,190,2078,2023-10-11,3,197.23,In-Store
9205,200,2539,2025-11-21,4,241.01,Online
9206,195,2834,2024-03-07,2,93.92,Online
9207,101,2909,2025-02-17,1,187.97,In-Store
9208,175,2958,2023-12-14,5,233.98,Online
9209,181,2552,2023-03-03,1,175.0,Online
9210,198,2541,2024-09-28,5,105.92,In-Store
9211,113,2049,2025-07-25,3,56.15,Online
9212,104,2682,2025-04-01,4,65.84,In-Store
9213,134,2531,2024-10-25,2,99.74,Online
9214,152,2671,2023-12-02,1,106.63,In-Store
9215,139,2406,2025-02-21,5,168.34,In-Store
9216,180,2116,2023-10-24,5,77.62,Online
9217,105,2905,2025-05-06,1,57.72,In-Store
9218,178,2908,2024-02-01,5,81.85,In-Store
9219,146,2810,2025-08-31,2,26.18,Online
9220,124,2991,2023-05-14,2,112.82,In-Store
9221,180,2923,2024-07-25,2,77.62,In-Store
9222,184,2148,2023-11-01,3,195.07,In-Store
9223,128,2381,2022-07-19,1,101.59,In-Store
9224,130,2429,2024-07-21,5,190.21,Online
9225,112,2676,2025-12-28,1,80.36,Online
9226,109,2497,2025-12-06,4,101.18,In-Store
9227,104,2229,2025-07-18,4,65.84,Online
9228,124,2638,2025-08-20,5,112.82,In-Store
9229,148,2643,2023-10-13,3,139.42,In-Store
9230,176,2476,2024-07-18,4,78.4,Online
9231,160,2055,2023-04-05,2,232.36,In-Store
9232,110,2320,2024-03-01,5,73.49,Online
9233,129,2486,2025-12-11,1,216.59,Online
9234,162,2629,2023-05-20,5,55.58,Online
9235,175,2179,2024-05-15,2,233.98,In-Store
9236,116,2653,2024-01-30,5,98.84,In-Store
9237,185,2611,2025-09-03,2,142.4,Online
9238,140,2613,2025-05-15,3,136.64,Online
9239,160,2894,2024-10-23,5,232.36,In-Store
9240,109,2505,2024-12-01,3,101.18,In-Store
9241,189,2932,2024-12-03,2,60.42,In-Store
9242,181,2914,2025-08-13,2,175.0,In-Store
9243,173,2932,2023-04-24,5,159.08,In-Store
9244,133,2912,2023-04-12,2,212.0,In-Store
9245,164,2131,2023-01-12,4,22.03,In-Store
9246,122,2226,2025-09-03,1,167.31,Online
9247,118,2163,2023-10-25,2,120.94,Online
9248,123,2888,2023-03-07,2,73.57,Online
9249,197,2854,2024-06-08,1,217.44,In-Store
9250,179,2411,2025-04-23,4,37.7,In-Store
9251,150,2597,2024-01-31,2,33.26,In-Store
9252,106,2716,2024-12-02,3,117.81,Online
9253,160,2177,2024-01-06,1,232.36,Online
9254,145,2187,2025-07-15,1,62.85,In-Store
9255,186,2922,2024-08-17,4,28.06,In-Store
9256,174,2285,2024-11-21,1,139.03,Online
9257,188,2729,2024-11-29,2,20.04,Online
9258,189,2831,2025-10-20,5,60.42,In-Store
9259,124,2687,2024-06-21,4,112.82,Online
9260,136,2017,2024-12-14,5,220.89,In-Store
9261,128,2345,2024-05-27,4,101.59,Online
9262,132,2395,2024-08-10,2,243.25,In-Store
9263,165,2095,2024-06-28,5,240.59,In-Store
9264,142,2131,2025-04-03,3,248.84,In-Store
9265,103,2956,2024-06-24,2,111.26,Online
9266,152,2448,2023-01-18,2,106.63,In-Store
9267,186,2087,2023-11-04,3,28.06,In-Store
9268,162,2593,2024-03-02,1,55.58,Online
9269,112,2658,2025-08-29,4,80.36,Online
9270,159,2932,2025-05-05,1,49.51,In-Store
9271,132,2171,2025-01-15,1,243.25,Online
9272,132,2021,2024-05-11,1,243.25,Online
9273,112,2855,2023-03-26,4,80.36,In-Store
9274,143,2490,2025-03-13,5,39.04,Online
9275,189,2958,2024-04-02,1,60.42,Online
9276,128,2650,2025-10-05,4,101.59,Online
9277,159,2503,2024-08-14,1,49.51,Online
9278,185,2733,2024-01-21,4,142.4,Online
9279,182,2582,2025-12-03,5,227.28,Online
9280,133,2580,2024-04-21,5,212.0,Online
9281,103,2005,2025-04-20,4,111.26,Online
9282,109,2988,2025-09-25,3,101.18,In-Store
9283,109,2116,2024-08-28,5,101.18,Online
9284,132,2004,2025-04-04,1,243.25,Online
9285,108,2757,2023-08-02,3,61.68,Online
9286,156,2018,2024-09-09,1,22.14,Online
9287,190,2603,2022-07-17,5,197.23,Online
9288,150,2236,2024-12-31,5,33.26,Online
9289,129,2249,2025-05-11,1,216.59,In-Store
9290,119,2216,2024-12-10,2,212.28,Online
9291,168,2297,2024-11-29,1,152.68,In-Store
9292,122,2033,2022-11-09,3,167.31,In-Store
9293,117,2600,2024-08-15,1,156.19,In-Store
9294,150,2206,2025-06-26,1,33.26,In-Store
9295,150,2047,2024-04-04,4,33.26,In-Store
9296,200,2765,2023-03-26,3,241.01,In-Store
9297,198,2317,2025-07-21,2,105.92,Online
9298,152,2378,2023-10-18,2,106.63,Online
9299,181,2946,2025-02-27,3,175.0,In-Store
9300,112,2813,2023-07-14,3,80.36,In-Store
9301,137,2743,2024-03-09,2,67.81,In-Store
9302,139,2604,2025-01-05,4,168.34,In-Store
9303,128,2914,2025-11-21,1,101.59,In-Store
9304,111,2840,2025-08-28,3,243.55,Online
9305,126,2201,2024-09-06,2,191.39,In-Store
9306,147,2489,2024-06-21,3,133.4,In-Store
9307,127,2293,2022-10-24,5,200.1,Online
9308,116,2122,2025-02-14,5,98.84,Online
9309,192,2523,2024-05-08,4,53.05,In-Store
9310,169,2862,2024-11-05,2,167.77,In-Store
9311,195,2157,2024-03-31,1,93.92,Online
9312,125,2754,2025-06-15,1,62.64,Online
9313,189,2009,2024-02-16,4,60.42,In-Store
9314,113,2113,2024-06-01,2,56.15,Online
9315,119,2781,2025-12-14,5,212.28,Online
9316,194,2417,2024-07-17,4,216.06,In-Store
9317,178,2180,2025-01-02,1,81.85,Online
9318,147,2947,2025-01-17,1,133.4,In-Store
9319,161,2229,2025-07-24,3,177.18,In-Store
9320,150,2748,2024-05-31,1,33.26,Online
9321,195,2076,2024-04-01,2,93.92,In-Store
9322,144,2458,2023-11-27,4,15.05,In-Store
9323,173,2337,2023-02-06,1,159.08,In-Store
9324,194,2496,2025-05-09,3,216.06,In-Store
9325,146,2943,2025-03-02,5,26.18,In-Store
9326,183,2586,2025-08-15,4,209.04,In-Store
9327,148,2038,2025-07-23,3,139.42,Online
9328,190,2118,2025-08-21,1,197.23,Online
9329,172,2617,2025-03-27,1,232.96,Online
9330,199,2351,2022-11-16,4,37.68,In-Store
9331,117,2919,2022-05-07,1,156.19,In-Store
9332,142,2590,2025-10-19,2,248.84,In-Store
9333,189,2108,2024-02-20,5,60.42,In-Store
9334,115,2259,2025-08-27,2,101.23,Online
9335,185,2643,2023-03-26,4,142.4,Online
9336,135,2065,2023-06-24,1,87.8,In-Store
9337,116,2695,2023-03-04,5,98.84,In-Store
9338,144,2072,2024-02-19,1,15.05,In-Store
9339,177,2422,2025-10-10,1,246.12,Online
9340,138,2472,2024-05-30,3,185.66,In-Store
9341,162,2613,2024-10-24,1,55.58,In-Store
9342,183,2555,2024-04-20,5,209.04,In-Store
9343,128,2394,2024-09-05,3,101.59,Online
9344,177,2693,2025-01-06,2,246.12,In-Store
9345,140,2461,2025-09-15,5,136.64,In-Store
9346,162,2910,2025-06-05,3,55.58,In-Store
9347,120,2323,2025-11-04,2,203.21,Online
9348,140,2168,2025-12-20,1,136.64,In-Store
9349,166,2142,2024-07-30,2,152.81,Online
9350,156,2778,2024-04-04,2,22.14,Online
9351,146,2455,2025-12-22,1,26.18,In-Store
9352,110,2079,2025-02-04,5,73.49,Online
9353,128,2768,2024-06-20,4,101.59,In-Store
9354,114,2987,2025-02-19,4,195.54,Online
9355,109,2863,2025-08-23,4,101.18,Online
9356,113,2521,2023-09-21,4,56.15,Online
9357,104,2646,2024-09-02,4,65.84,Online
9358,186,2811,2024-07-07,5,28.06,In-Store
9359,107,2389,2025-09-16,2,177.55,Online
9360,134,2404,2025-06-04,3,99.74,In-Store
9361,122,2860,2024-05-29,2,167.31,Online
9362,169,2663,2025-06-20,4,167.77,In-Store
9363,142,2330,2022-12-31,3,248.84,Online
9364,179,2208,2023-05-15,3,37.7,Online
9365,179,2305,2025-07-20,1,37.7,In-Store
9366,106,2884,2025-09-10,4,117.81,In-Store
9367,104,2161,2024-05-27,4,65.84,Online
9368,189,2256,2024-08-24,3,60.42,Online
9369,188,2620,2025-02-27,2,20.04,In-Store
9370,106,2813,2024-08-08,5,117.81,Online
9371,155,2396,2024-08-10,1,219.88,In-Store
9372,128,2328,2023-07-28,3,101.59,Online
9373,177,2540,2025-02-23,5,246.12,Online
9374,140,2894,2024-08-15,3,136.64,In-Store
9375,129,2264,2024-08-28,4,216.59,Online
9376,156,2789,2025-10-24,5,22.14,In-Store
9377,135,2391,2023-12-08,1,87.8,In-Store
9378,115,2013,2025-04-30,3,101.23,In-Store
9379,116,2649,2022-01-30,2,98.84,Online
9380,123,2500,2023-07-14,2,73.57,In-Store
9381,198,2550,2025-07-23,1,105.92,In-Store
9382,167,2155,2024-08-12,5,235.98,Online
9383,156,2827,2024-06-11,3,22.14,Online
9384,123,2637,2025-08-04,1,73.57,In-Store
9385,167,2080,2025-01-04,5,235.98,Online
9386,109,2094,2024-07-19,1,101.18,Online
9387,152,2943,2022-11-01,1,106.63,Online
9388,175,2179,2023-01-18,1,233.98,In-Store
9389,195,2569,2025-02-16,1,93.92,In-Store
9390,134,2201,2024-04-04,5,99.74,In-Store
9391,108,2854,2023-11-28,5,61.68,In-Store
9392,198,2961,2024-01-20,5,105.92,Online
9393,108,2553,2023-11-21,1,61.68,Online
9394,172,2054,2022-09-18,1,232.96,Online
9395,184,2254,2025-12-24,2,195.07,In-Store
9396,116,2086,2025-03-11,5,98.84,Online
9397,141,2939,2025-12-04,5,232.94,In-Store
9398,168,2946,2025-06-17,2,152.68,Online
9399,180,2098,2024-09-29,1,77.62,Online
9400,177,2486,2025-03-26,3,246.12,Online
9401,145,2012,2024-10-08,4,62.85,Online
9402,136,2720,2025-08-05,4,220.89,In-Store
9403,200,2232,2024-02-11,4,241.01,Online
9404,147,2108,2024-12-16,2,133.4,Online
9405,195,2803,2024-02-10,5,93.92,Online
9406,139,2757,2023-02-18,1,168.34,In-Store
9407,162,2628,2024-02-03,1,55.58,In-Store
9408,134,2234,2025-03-06,1,99.74,In-Store
9409,186,2810,2024-11-08,1,28.06,Online
9410,159,2623,2022-09-16,2,49.51,Online
9411,180,2529,2024-12-17,3,77.62,Online
9412,199,2282,2025-10-01,4,37.68,Online
9413,105,2675,2024-05-22,5,57.72,Online
9414,114,2941,2024-04-21,5,195.54,Online
9415,116,2168,2025-07-15,4,98.84,In-Store
9416,200,2320,2024-04-21,1,241.01,Online
9417,177,2067,2024-12-01,2,246.12,Online
9418,108,2786,2025-12-14,2,61.68,Online
9419,181,2110,2024-09-07,2,175.0,Online
9420,133,2400,2025-09-19,4,212.0,In-Store
9421,199,2197,2023-06-09,2,37.68,In-Store
9422,162,2393,2024-07-12,4,55.58,In-Store
9423,131,2829,2025-11-30,5,114.34,In-Store
9424,150,2838,2024-02-01,2,33.26,In-Store
9425,187,2939,2023-02-23,5,149.8,In-Store
9426,116,2036,2025-09-05,3,98.84,In-Store
9427,193,2863,2024-08-27,5,74.03,In-Store
9428,155,2889,2025-07-18,2,219.88,In-Store
9429,168,2269,2025-06-20,4,152.68,Online
9430,175,2530,2025-11-01,1,233.98,Online
9431,181,2726,2025-03-20,2,175.0,Online
9432,158,2622,2024-12-26,4,126.55,In-Store
9433,199,2603,2022-04-15,5,37.68,Online
9434,188,2564,2024-08-30,5,20.04,In-Store
9435,130,2645,2025-06-29,1,190.21,In-Store
9436,103,2922,2025-04-27,3,111.26,Online
9437,153,2960,2024-09-12,2,55.98,In-Store
9438,125,2835,2025-06-30,4,62.64,Online
9439,171,2999,2023-12-15,3,104.99,Online
9440,200,2008,2024-09-18,1,241.01,In-Store
9441,155,2515,2025-03-25,2,219.88,In-Store
9442,147,2739,2023-05-19,1,133.4,In-Store
9443,150,2652,2023-12-09,4,33.26,In-Store
9444,124,2280,2024-02-18,2,112.82,Online
9445,114,2293,2023-11-10,3,195.54,In-Store
9446,131,2568,2023-03-11,5,114.34,Online
9447,165,2120,2024-10-12,5,240.59,In-Store
9448,128,2227,2024-06-18,5,101.59,In-Store
9449,147,2616,2024-07-22,2,133.4,In-Store
9450,178,2579,2025-09-18,2,81.85,In-Store
9451,145,2281,2025-03-31,5,62.85,In-Store
9452,134,2212,2024-12-01,1,99.74,Online
9453,161,2524,2023-08-25,4,177.18,In-Store
9454,147,2023,2024-08-15,1,133.4,Online
9455,114,2419,2025-05-23,2,195.54,In-Store
9456,171,2866,2025-05-13,1,104.99,Online
9457,166,2520,2025-12-19,5,152.81,In-Store
9458,103,2768,2023-10-22,3,111.26,In-Store
9459,192,2518,2025-12-12,4,53.05,In-Store
9460,193,2515,2024-06-05,1,74.03,Online
9461,112,2394,2024-03-20,5,80.36,In-Store
9462,185,2686,2024-06-21,2,142.4,Online
9463,159,2655,2024-10-26,1,49.51,Online
9464,139,2815,2024-04-02,4,168.34,Online
9465,196,2517,2024-03-13,5,168.41,Online
9466,118,2545,2023-10-12,3,120.94,Online
9467,170,2857,2025-08-18,4,59.02,Online
9468,167,2114,2024-04-15,1,235.98,Online
9469,178,2134,2025-11-29,5,81.85,Online
9470,148,2527,2023-02-15,2,139.42,In-Store
9471,170,2913,2023-12-17,4,59.02,In-Store
9472,199,2610,2025-01-22,5,37.68,In-Store
9473,153,2594,2024-02-15,2,55.98,Online
9474,176,2681,2024-12-01,2,78.4,Online
9475,143,2833,2023-09-01,5,39.04,In-Store
9476,102,2930,2023-09-26,5,186.75,In-Store
9477,191,2695,2023-05-07,5,217.51,In-Store
9478,109,2711,2024-11-17,1,101.18,In-Store
9479,182,2326,2025-01-05,4,227.28,In-Store
9480,177,2258,2023-11-24,4,246.12,In-Store
9481,145,2677,2025-02-01,2,62.85,In-Store
9482,101,2910,2024-06-13,3,187.97,Online
9483,154,2508,2025-02-18,1,111.25,Online
9484,119,2828,2024-12-09,1,212.28,Online
9485,114,2120,2025-09-23,1,195.54,In-Store
9486,139,2066,2025-11-21,5,168.34,In-Store
9487,169,2303,2023-08-19,2,167.77,In-Store
9488,130,2572,2025-12-28,2,190.21,Online
9489,147,2201,2025-12-29,1,133.4,Online
9490,106,2348,2025-01-30,4,117.81,Online
9491,187,2707,2025-06-18,2,149.8,Online
9492,197,2098,2024-10-22,3,217.44,Online
9493,122,2081,2024-04-14,5,167.31,Online
9494,103,2682,2024-08-01,2,111.26,In-Store
9495,107,2920,2023-12-21,3,177.55,Online
9496,111,2098,2025-05-31,3,243.55,Online
9497,177,2780,2025-05-21,1,246.12,In-Store
9498,112,2932,2025-12-18,2,80.36,Online
9499,197,2441,2025-09-07,1,217.44,In-Store
9500,146,2064,2025-07-16,2,26.18,Online
9501,102,2459,2024-06-26,4,186.75,In-Store
9502,111,2041,2025-10-06,3,243.55,Online
9503,119,2743,2024-07-13,2,212.28,Online
9504,196,2293,2024-03-20,3,168.41,In-Store
9505,147,2511,2024-05-26,1,133.4,Online
9506,173,2035,2025-06-01,1,159.08,In-Store
9507,135,2365,2025-03-27,3,87.8,In-Store
9508,170,2006,2023-10-09,1,59.02,In-Store
9509,159,2581,2024-05-15,3,49.51,Online
9510,190,2492,2024-08-27,3,197.23,Online
9511,149,2637,2025-06-06,4,198.31,In-Store
9512,150,2606,2024-12-31,5,33.26,In-Store
9513,143,2645,2024-08-17,5,39.04,Online
9514,128,2440,2023-09-12,3,101.59,Online
9515,148,2993,2023-05-06,3,139.42,Online
9516,197,2738,2025-03-23,1,217.44,In-Store
9517,175,2422,2025-10-10,5,233.98,In-Store
9518,169,2383,2023-07-29,2,167.77,Online
9519,135,2134,2025-07-06,2,87.8,In-Store
9520,101,2301,2025-06-22,2,187.97,Online
9521,107,2857,2025-11-21,2,177.55,Online
9522,120,2472,2025-09-12,1,203.21,In-Store
9523,150,2968,2025-06-10,5,33.26,Online
9524,180,2816,2025-05-06,4,77.62,In-Store
9525,150,2533,2024-06-16,3,33.26,In-Store
9526,186,2168,2024-07-15,3,28.06,In-Store
9527,176,2736,2025-04-13,2,78.4,In-Store
9528,158,2230,2023-08-20,5,126.55,In-Store
9529,150,2051,2023-05-22,1,33.26,Online
9530,138,2959,2024-04-30,3,185.66,Online
9531,101,2374,2025-07-19,3,187.97,In-Store
9532,117,2521,2024-11-06,4,156.19,Online
9533,165,2080,2025-08-17,4,240.59,Online
9534,161,2333,2024-07-19,1,177.18,Online
9535,197,2586,2022-12-08,4,217.44,In-Store
9536,175,2773,2024-09-26,5,233.98,Online
9537,170,2510,2024-06-15,1,59.02,In-Store
9538,171,2174,2025-04-15,5,104.99,Online
9539,135,2335,2025-11-27,4,87.8,Online
9540,172,2621,2025-04-09,4,232.96,Online
9541,192,2361,2025-05-22,2,53.05,Online
9542,185,2196,2025-02-28,3,142.4,In-Store
9543,138,2236,2025-10-25,3,185.66,In-Store
9544,125,2823,2025-10-17,2,62.64,Online
9545,144,2108,2024-03-04,3,15.05,In-Store
9546,128,2181,2025-04-17,3,101.59,In-Store
9547,160,2118,2025-10-18,5,232.36,Online
9548,163,2256,2023-12-03,2,186.58,In-Store
9549,182,2802,2025-07-09,5,227.28,Online
9550,180,2971,2023-12-12,3,77.62,In-Store
9551,199,2292,2025-06-18,4,37.68,Online
9552,190,2567,2025-06-02,3,197.23,In-Store
9553,181,2228,2025-07-31,1,175.0,Online
9554,148,2921,2025-01-25,1,139.42,In-Store
9555,156,2259,2025-06-22,5,22.14,In-Store
9556,154,2642,2022-11-17,1,111.25,In-Store
9557,124,2332,2025-07-23,2,112.82,Online
9558,168,2655,2024-12-09,2,152.68,Online
9559,156,2477,2024-10-13,5,22.14,In-Store
9560,124,2027,2024-11-30,1,112.82,Online
9561,142,2899,2024-07-21,4,248.84,In-Store
9562,184,2381,2022-10-23,2,195.07,Online
9563,186,2723,2024-07-24,4,28.06,In-Store
9564,134,2762,2025-08-12,1,99.74,Online
9565,181,2607,2025-07-06,2,175.0,In-Store
9566,179,2231,2025-09-16,5,37.7,Online
9567,181,2543,2024-11-20,1,175.0,In-Store
9568,118,2339,2024-07-24,1,120.94,Online
9569,178,2493,2023-07-10,5,81.85,In-Store
9570,195,2077,2025-10-20,5,93.92,In-Store
9571,198,2919,2023-02-21,5,105.92,In-Store
9572,184,2573,2025-05-03,5,195.07,In-Store
9573,150,2990,2025-06-20,1,33.26,In-Store
9574,102,2400,2024-08-05,5,186.75,In-Store
9575,199,2643,2025-03-30,2,37.68,Online
9576,119,2239,2025-04-06,5,212.28,Online
9577,200,2686,2025-10-30,1,241.01,In-Store
9578,142,2417,2024-03-25,4,248.84,In-Store
9579,147,2987,2025-05-15,3,133.4,In-Store
9580,197,2047,2025-06-03,3,217.44,In-Store
9581,104,2525,2023-12-29,1,65.84,Online
9582,185,2073,2024-10-31,4,142.4,Online
9583,116,2518,2025-05-07,4,98.84,Online
9584,140,2801,2024-04-22,3,136.64,In-Store
9585,153,2837,2025-08-10,2,55.98,In-Store
9586,136,2189,2025-05-07,3,220.89,Online
9587,169,2111,2024-11-20,1,167.77,In-Store
9588,181,2933,2024-06-14,3,175.0,Online
9589,190,2599,2025-05-06,5,197.23,In-Store
9590,175,2656,2025-10-27,1,233.98,In-Store
9591,166,2834,2025-08-10,5,152.81,In-Store
9592,143,2726,2025-04-17,5,39.04,In-Store
9593,181,2687,2025-06-14,5,175.0,Online
9594,169,2478,2025-10-28,4,167.77,In-Store
9595,125,2736,2025-04-25,5,62.64,Online
9596,180,2789,2024-07-29,4,77.62,In-Store
9597,185,2166,2025-12-03,2,142.4,In-Store
9598,136,2628,2023-02-11,4,220.89,Online
9599,174,2135,2023-10-18,4,139.03,Online
9600,113,2940,2025-10-18,4,56.15,In-Store
9601,195,2117,2024-10-08,2,93.92,In-Store
9602,131,2303,2023-01-20,1,114.34,In-Store
9603,188,2947,2025-08-24,5,20.04,Online
9604,163,2983,2024-10-17,5,186.58,Online
9605,116,2082,2024-02-19,2,98.84,Online
9606,174,2489,2025-09-25,5,139.03,In-Store
9607,131,2479,2024-06-10,1,114.34,Online
9608,105,2245,2024-11-18,4,57.72,In-Store
9609,155,2024,2025-01-31,5,219.88,In-Store
9610,137,2959,2025-12-01,1,67.81,Online
9611,190,2866,2024-09-18,1,197.23,Online
9612,155,2773,2025-11-08,4,219.88,In-Store
9613,184,2788,2024-12-28,2,195.07,In-Store
9614,188,2239,2023-12-08,3,20.04,In-Store
9615,163,2659,2025-08-27,1,186.58,In-Store
9616,157,2479,2025-05-20,2,232.33,In-Store
9617,173,2158,2025-05-06,1,159.08,Online
9618,102,2052,2023-01-04,2,186.75,Online
9619,117,2889,2024-03-01,4,156.19,In-Store
9620,112,2726,2024-11-20,3,80.36,In-Store
9621,158,2677,2025-11-08,3,126.55,Online
9622,174,2048,2025-06-22,2,139.03,In-Store
9623,191,2580,2024-11-24,3,217.51,In-Store
9624,173,2485,2025-09-06,1,159.08,Online
9625,140,2796,2024-02-11,1,136.64,In-Store
9626,197,2192,2024-10-05,4,217.44,In-Store
9627,119,2524,2022-08-19,2,212.28,In-Store
9628,147,2593,2024-10-30,3,133.4,In-Store
9629,148,2434,2025-04-07,3,139.42,In-Store
9630,133,2911,2024-11-09,1,212.0,Online
9631,115,2512,2023-12-27,5,101.23,Online
9632,154,2451,2025-05-18,5,111.25,Online
9633,177,2768,2025-03-04,2,246.12,In-Store
9634,160,2466,2024-08-11,4,232.36,In-Store
9635,182,2996,2024-08-24,4,227.28,In-Store
9636,172,2935,2022-09-13,2,232.96,Online
9637,113,2547,2025-12-05,2,56.15,Online
9638,185,2357,2022-12-13,3,142.4,In-Store
9639,160,2582,2025-05-07,3,232.36,In-Store
9640,117,2081,2025-06-01,3,156.19,Online
9641,158,2831,2024-06-12,3,126.55,In-Store
9642,200,2422,2025-06-06,3,241.01,In-Store
9643,179,2532,2025-10-22,3,37.7,Online
9644,173,2845,2023-04-02,4,159.08,Online
9645,167,2326,2025-06-30,4,235.98,Online
9646,126,2062,2025-07-15,4,191.39,In-Store
9647,178,2331,2025-09-14,5,81.85,In-Store
9648,173,2993,2023-11-22,2,159.08,Online
9649,191,2149,2025-11-01,4,217.51,Online
9650,184,2698,2023-04-08,3,195.07,In-Store
9651,113,2470,2022-09-25,1,56.15,Online
9652,109,2110,2025-09-01,2,101.18,In-Store
9653,176,2706,2025-09-11,4,78.4,Online
9654,127,2526,2024-11-20,5,200.1,Online
9655,124,2084,2024-01-26,2,112.82,Online
9656,191,2680,2024-10-21,5,217.51,In-Store
9657,110,2114,2024-11-09,3,73.49,Online
9658,186,2669,2024-12-27,1,28.06,In-Store
9659,175,2645,2025-11-06,1,233.98,In-Store
9660,198,2779,2025-09-22,1,105.92,Online
9661,162,2496,2025-01-26,1,55.58,Online
9662,112,2007,2023-10-17,1,80.36,Online
9663,171,2193,2025-12-05,2,104.99,In-Store
9664,181,2117,2025-01-26,5,175.0,Online
9665,139,2483,2025-06-23,4,168.34,In-Store
9666,147,2337,2023-11-25,1,133.4,In-Store
9667,135,2406,2024-04-06,1,87.8,Online
9668,194,2723,2025-03-17,2,216.06,Online
9669,123,2080,2025-10-24,2,73.57,In-Store
9670,154,2206,2023-12-26,1,111.25,Online
9671,154,2747,2025-10-04,3,111.25,Online
9672,131,2010,2024-06-05,4,114.34,Online
9673,173,2386,2024-04-03,2,159.08,In-Store
9674,153,2614,2024-05-11,1,55.98,Online
9675,120,2807,2024-08-16,5,203.21,Online
9676,133,2676,2025-11-13,4,212.0,In-Store
9677,160,2364,2024-01-27,4,232.36,Online
9678,101,2892,2024-07-30,3,187.97,In-Store
9679,151,2750,2025-06-26,5,108.66,In-Store
9680,121,2859,2024-10-15,5,60.64,Online
9681,189,2794,2024-05-08,4,60.42,Online
9682,178,2924,2023-01-21,2,81.85,Online
9683,101,2920,2023-08-14,2,187.97,In-Store
9684,159,2226,2024-09-09,3,49.51,In-Store
9685,154,2631,2024-06-29,4,111.25,In-Store
9686,191,2929,2025-02-15,5,217.51,In-Store
9687,154,2594,2024-02-03,3,111.25,In-Store
9688,186,2237,2025-04-11,1,28.06,In-Store
9689,181,2719,2023-04-01,4,175.0,In-Store
9690,126,2010,2025-08-04,2,191.39,In-Store
9691,113,2528,2025-01-24,2,56.15,In-Store
9692,111,2071,2025-02-11,2,243.55,In-Store
9693,130,2990,2025-09-05,4,190.21,In-Store
9694,162,2607,2024-09-24,4,55.58,In-Store
9695,168,2518,2023-04-21,4,152.68,Online
9696,139,2513,2024-07-05,4,168.34,In-Store
9697,151,2345,2025-03-15,4,108.66,In-Store
9698,195,2626,2022-11-28,4,93.92,Online
9699,164,2778,2023-01-14,5,22.03,In-Store
9700,114,2906,2023-07-30,5,195.54,In-Store
9701,116,2609,2024-12-13,4,98.84,Online
9702,107,2593,2023-11-11,5,177.55,Online
9703,165,2449,2025-08-08,1,240.59,In-Store
9704,122,2789,2024-03-27,1,167.31,In-Store
9705,118,2971,2023-12-21,1,120.94,In-Store
9706,120,2208,2023-02-11,4,203.21,Online
9707,153,2766,2025-07-07,5,55.98,In-Store
9708,174,2845,2022-09-24,3,139.03,In-Store
9709,126,2846,2025-06-08,5,191.39,Online
9710,147,2982,2023-05-01,1,133.4,In-Store
9711,166,2998,2025-06-27,3,152.81,In-Store
9712,143,2167,2025-07-04,1,39.04,Online
9713,164,2054,2025-04-27,5,22.03,Online
9714,136,2711,2024-07-07,2,220.89,In-Store
9715,150,2022,2023-07-30,5,33.26,In-Store
9716,124,2859,2024-12-27,3,112.82,In-Store
9717,176,2386,2024-01-16,4,78.4,Online
9718,143,2901,2023-09-10,5,39.04,Online
9719,116,2160,2025-12-22,3,98.84,Online
9720,147,2007,2025-02-23,4,133.4,Online
9721,188,2893,2023-03-28,4,20.04,Online
9722,184,2930,2025-08-11,5,195.07,In-Store
9723,199,2545,2025-07-28,1,37.68,In-Store
9724,160,2310,2024-01-28,1,232.36,In-Store
9725,130,2330,2025-02-06,1,190.21,Online
9726,191,2500,2024-10-08,3,217.51,Online
9727,157,2803,2024-09-15,2,232.33,Online
9728,113,2430,2025-04-03,5,56.15,In-Store
9729,145,2361,2025-10-06,5,62.85,In-Store
9730,140,2795,2024-08-05,2,136.64,In-Store
9731,199,2272,2024-08-04,1,37.68,Online
9732,198,2366,2024-06-30,1,105.92,Online
9733,164,2469,2024-12-08,5,22.03,Online
9734,137,2436,2024-11-19,4,67.81,Online
9735,166,2387,2025-01-21,4,152.81,In-Store
9736,104,2780,2022-04-28,2,65.84,Online
9737,181,2563,2024-08-13,1,175.0,Online
9738,113,2792,2024-04-12,3,56.15,In-Store
9739,199,2328,2023-09-21,2,37.68,Online
9740,167,2283,2024-09-17,1,235.98,Online
9741,109,2643,2023-12-28,5,101.18,In-Store
9742,129,2193,2025-04-24,5,216.59,In-Store
9743,108,2379,2025-01-21,4,61.68,In-Store
9744,154,2336,2025-11-01,2,111.25,In-Store
9745,163,2254,2024-02-10,5,186.58,In-Store
9746,106,2649,2023-10-15,3,117.81,Online
9747,184,2342,2025-03-15,2,195.07,In-Store
9748,171,2470,2025-12-26,3,104.99,Online
9749,102,2060,2022-12-29,3,186.75,Online
9750,120,2846,2025-06-15,3,203.21,Online
9751,110,2420,2025-05-05,2,73.49,In-Store
9752,185,2901,2024-04-09,1,142.4,In-Store
9753,106,2233,2023-03-17,2,117.81,Online
9754,177,2140,2025-06-27,5,246.12,Online
9755,133,2207,2025-01-31,4,212.0,In-Store
9756,168,2768,2025-06-21,5,152.68,In-Store
9757,133,2979,2025-07-29,5,212.0,Online
9758,125,2391,2025-12-23,4,62.64,Online
9759,147,2149,2025-12-14,3,133.4,In-Store
9760,147,2019,2024-10-06,1,133.4,In-Store
9761,110,2269,2024-02-12,5,73.49,Online
9762,110,2858,2025-06-09,5,73.49,In-Store
9763,184,2893,2024-10-06,5,195.07,Online
9764,119,2535,2024-05-11,3,212.28,Online
9765,128,2269,2025-04-26,1,101.59,Online
9766,120,2865,2025-08-18,3,203.21,In-Store
9767,142,2078,2024-02-17,3,248.84,Online
9768,114,2990,2024-08-03,4,195.54,In-Store
9769,117,2264,2024-06-13,3,156.19,Online
9770,104,2929,2025-04-19,5,65.84,In-Store
9771,197,2242,2024-07-21,2,217.44,In-Store
9772,144,2876,2025-03-05,2,15.05,In-Store
9773,164,2411,2024-12-23,4,22.03,Online
9774,119,2464,2024-12-17,1,212.28,Online
9775,198,2126,2024-10-01,5,105.92,In-Store
9776,180,2831,2024-08-19,5,77.62,In-Store
9777,187,2452,2024-11-29,4,149.8,In-Store
9778,178,2252,2025-12-19,2,81.85,Online
9779,150,2999,2023-06-03,2,33.26,In-Store
9780,113,2016,2025-09-16,4,56.15,Online
9781,141,2555,2024-10-07,2,232.94,Online
9782,170,2605,2024-12-06,2,59.02,In-Store
9783,149,2060,2025-08-29,1,198.31,Online
9784,130,2215,2025-02-04,2,190.21,In-Store
9785,101,2392,2023-12-10,2,187.97,In-Store
9786,142,2122,2025-08-22,4,248.84,Online
9787,146,2681,2022-04-27,3,26.18,In-Store
9788,126,2545,2024-07-05,5,191.39,Online
9789,197,2766,2025-04-26,5,217.44,In-Store
9790,184,2626,2025-09-07,1,195.07,Online
9791,113,2313,2022-10-30,3,56.15,In-Store
9792,183,2281,2023-12-09,5,209.04,In-Store
9793,197,2052,2024-09-24,3,217.44,In-Store
9794,124,2703,2022-10-24,3,112.82,Online
9795,160,2863,2024-05-09,4,232.36,Online
9796,137,2041,2025-10-17,5,67.81,In-Store
9797,116,2782,2025-06-25,4,98.84,Online
9798,113,2836,2022-06-22,3,56.15,In-Store
9799,112,2129,2023-09-19,4,80.36,Online
9800,191,2280,2025-06-20,3,217.51,Online
9801,196,2851,2025-04-11,3,168.41,Online
9802,126,2544,2023-10-14,4,191.39,In-Store
9803,189,2272,2025-11-10,4,60.42,In-Store
9804,150,2552,2025-08-30,4,33.26,In-Store
9805,123,2575,2024-06-23,3,73.57,In-Store
9806,172,2055,2024-08-29,3,232.96,In-Store
9807,128,2671,2024-06-13,1,101.59,Online
9808,187,2095,2023-11-09,1,149.8,Online
9809,187,2901,2025-03-02,2,149.8,Online
9810,124,2843,2024-08-22,1,112.82,In-Store
9811,136,2672,2025-07-17,2,220.89,In-Store
9812,147,2161,2025-03-29,1,133.4,Online
9813,102,2103,2023-06-04,4,186.75,Online
9814,164,2833,2024-12-07,5,22.03,Online
9815,154,2433,2023-09-02,2,111.25,In-Store
9816,161,2515,2025-08-13,3,177.18,In-Store
9817,132,2156,2025-03-11,5,243.25,Online
9818,150,2231,2025-04-10,3,33.26,In-Store
9819,138,2173,2022-09-17,1,185.66,In-Store
9820,156,2257,2025-05-12,5,22.14,In-Store
9821,168,2291,2024-07-19,2,152.68,Online
9822,158,2946,2024-11-16,4,126.55,Online
9823,109,2776,2024-09-16,3,101.18,In-Store
9824,101,2371,2025-05-26,1,187.97,In-Store
9825,192,2645,2024-10-19,1,53.05,In-Store
9826,139,2509,2024-11-14,2,168.34,Online
9827,146,2178,2025-09-24,3,26.18,Online
9828,178,2594,2024-05-27,1,81.85,Online
9829,200,2474,2025-04-01,2,241.01,In-Store
9830,163,2100,2022-12-08,5,186.58,In-Store
9831,172,2810,2025-07-23,2,232.96,In-Store
9832,110,2526,2024-07-14,4,73.49,In-Store
9833,107,2799,2024-11-26,2,177.55,Online
9834,192,2143,2024-02-27,2,53.05,Online
9835,105,2693,2024-12-14,5,57.72,Online
9836,195,2837,2025-05-19,5,93.92,Online
9837,182,2684,2025-11-14,5,227.28,Online
9838,136,2233,2024-11-25,4,220.89,Online
9839,146,2586,2024-04-06,3,26.18,In-Store
9840,121,2783,2025-02-14,5,60.64,In-Store
9841,112,2989,2025-01-27,4,80.36,In-Store
9842,158,2352,2024-04-22,3,126.55,In-Store
9843,156,2335,2024-05-29,3,22.14,Online
9844,126,2148,2025-02-19,1,191.39,Online
9845,119,2913,2025-10-05,5,212.28,Online
9846,131,2450,2025-02-28,2,114.34,Online
9847,120,2605,2023-05-07,5,203.21,In-Store
9848,151,2109,2025-03-23,5,108.66,Online
9849,146,2883,2024-04-12,5,26.18,In-Store
9850,187,2094,2024-07-20,5,149.8,In-Store
9851,139,2846,2024-10-23,5,168.34,Online
9852,171,2979,2025-04-25,4,104.99,Online
9853,168,2071,2024-09-28,2,152.68,Online
9854,145,2461,2025-02-12,1,62.85,Online
9855,121,2714,2025-10-27,2,60.64,In-Store
9856,159,2258,2023-03-27,2,49.51,Online
9857,150,2699,2024-02-02,1,33.26,Online
9858,129,2322,2024-06-14,4,216.59,In-Store
9859,147,2381,2024-01-22,2,133.4,In-Store
9860,193,2258,2025-06-02,5,74.03,In-Store
9861,186,2719,2023-11-26,4,28.06,In-Store
9862,114,2418,2023-08-03,4,195.54,Online
9863,162,2153,2025-09-24,4,55.58,In-Store
9864,189,2203,2024-08-18,2,60.42,Online
9865,158,2334,2022-05-31,5,126.55,In-Store
9866,137,2139,2024-10-21,5,67.81,Online
9867,114,2501,2025-02-17,4,195.54,Online
9868,192,2132,2022-12-05,4,53.05,Online
9869,109,2266,2025-03-25,5,101.18,Online
9870,155,2231,2024-09-17,3,219.88,In-Store
9871,150,2763,2024-09-28,4,33.26,Online
9872,178,2157,2024-06-24,4,81.85,Online
9873,110,2228,2023-12-21,2,73.49,In-Store
9874,191,2074,2024-11-09,1,217.51,Online
9875,167,2767,2024-07-20,3,235.98,Online
9876,142,2962,2024-06-22,5,248.84,In-Store
9877,114,2272,2025-05-31,5,195.54,In-Store
9878,187,2847,2023-07-26,1,149.8,Online
9879,147,2946,2025-11-17,4,133.4,Online
9880,181,2912,2025-12-18,2,175.0,Online
9881,141,2966,2025-09-02,3,232.94,In-Store
9882,120,2019,2025-12-16,1,203.21,In-Store
9883,103,2103,2025-12-28,2,111.26,In-Store
9884,155,2800,2022-09-27,2,219.88,In-Store
9885,164,2077,2025-03-26,3,22.03,In-Store
9886,103,2982,2024-07-02,5,111.26,Online
9887,119,2753,2025-03-11,4,212.28,In-Store
9888,117,2122,2025-09-08,1,156.19,In-Store
9889,199,2279,2024-11-17,1,37.68,In-Store
9890,153,2155,2025-01-21,5,55.98,Online
9891,112,2068,2024-07-06,5,80.36,In-Store
9892,187,2449,2025-04-12,4,149.8,In-Store
9893,132,2502,2024-01-15,5,243.25,In-Store
9894,170,2666,2025-12-31,3,59.02,In-Store
9895,161,2511,2025-05-26,1,177.18,In-Store
9896,146,2837,2025-01-30,5,26.18,In-Store
9897,194,2298,2025-06-06,4,216.06,Online
9898,115,2578,2024-10-06,2,101.23,Online
9899,149,2889,2025-02-28,1,198.31,Online
9900,174,2744,2024-11-11,5,139.03,In-Store
9901,122,2943,2024-07-16,5,167.31,In-Store
9902,130,2392,2024-11-28,1,190.21,Online
9903,131,2910,2025-04-23,4,114.34,Online
9904,163,2491,2023-11-22,5,186.58,In-Store
9905,128,2013,2025-04-15,5,101.59,In-Store
9906,103,2784,2024-10-03,4,111.26,In-Store
9907,172,2754,2024-12-16,4,232.96,In-Store
9908,156,2337,2023-02-12,5,22.14,In-Store
9909,106,2113,2023-08-10,1,117.81,Online
9910,114,2764,2024-11-22,1,195.54,Online
9911,148,2781,2024-09-01,5,139.42,Online
9912,141,2029,2025-07-01,1,232.94,Online
9913,175,2354,2025-12-02,4,233.98,Online
9914,179,2712,2025-01-27,2,37.7,Online
9915,152,2215,2025-03-23,3,106.63,In-Store
9916,117,2449,2024-08-17,3,156.19,Online
9917,164,2244,2022-05-21,5,22.03,Online
9918,181,2154,2024-11-24,3,175.0,Online
9919,141,2787,2023-04-08,4,232.94,In-Store
9920,181,2281,2023-08-12,3,175.0,In-Store
9921,200,2411,2025-06-01,1,241.01,Online
9922,175,2480,2025-07-13,4,233.98,In-Store
9923,168,2614,2024-09-14,5,152.68,In-Store
9924,157,2251,2024-12-21,3,232.33,In-Store
9925,183,2031,2024-08-17,5,209.04,In-Store
9926,165,2864,2025-12-28,3,240.59,In-Store
9927,152,2880,2025-06-06,3,106.63,In-Store
9928,123,2538,2024-10-06,3,73.57,In-Store
9929,105,2989,2025-05-08,5,57.72,In-Store
9930,191,2629,2024-04-30,1,217.51,In-Store
9931,178,2884,2024-02-04,2,81.85,In-Store
9932,103,2381,2023-03-02,5,111.26,Online
9933,152,2640,2025-06-14,1,106.63,In-Store
9934,102,2706,2025-08-16,3,186.75,In-Store
9935,194,2742,2022-10-21,5,216.06,Online
9936,106,2597,2025-07-19,3,117.81,Online
9937,154,2199,2024-12-14,2,111.25,In-Store
9938,145,2555,2023-10-07,1,62.85,In-Store
9939,156,2316,2025-11-24,5,22.14,Online
9940,198,2352,2025-10-30,1,105.92,In-Store
9941,154,2754,2025-10-28,3,111.25,Online
9942,199,2311,2022-09-01,5,37.68,Online
9943,194,2474,2024-04-10,3,216.06,In-Store
9944,112,2499,2025-06-20,3,80.36,In-Store
9945,104,2440,2024-10-05,2,65.84,Online
9946,169,2732,2024-01-30,1,167.77,Online
9947,107,2030,2024-08-31,4,177.55,In-Store
9948,176,2255,2025-10-12,2,78.4,Online
9949,124,2270,2025-07-30,5,112.82,Online
9950,176,2832,2024-09-12,1,78.4,Online
9951,128,2323,2025-07-07,3,101.59,Online
9952,148,2118,2023-12-25,1,139.42,Online
9953,129,2386,2025-11-16,3,216.59,In-Store
9954,188,2170,2022-08-26,2,20.04,Online
9955,139,2032,2025-12-16,4,168.34,Online
9956,196,2807,2025-01-11,1,168.41,In-Store
9957,112,2833,2023-09-28,2,80.36,Online
9958,199,2204,2025-03-18,1,37.68,In-Store
9959,120,2154,2025-09-28,2,203.21,In-Store
9960,145,2311,2024-12-21,5,62.85,In-Store
9961,192,2983,2025-05-04,5,53.05,Online
9962,160,2997,2025-12-27,1,232.36,In-Store
9963,194,2243,2025-08-02,5,216.06,In-Store
9964,146,2261,2022-12-07,2,26.18,Online
9965,198,2236,2025-01-22,3,105.92,In-Store
9966,118,2468,2025-05-12,1,120.94,Online
9967,135,2116,2025-01-22,5,87.8,Online
9968,135,2449,2024-10-18,2,87.8,In-Store
9969,140,2733,2023-11-19,3,136.64,In-Store
9970,166,2471,2025-02-20,1,152.81,Online
9971,120,2753,2024-03-03,5,203.21,In-Store
9972,155,2625,2023-08-19,4,219.88,In-Store
9973,193,2019,2024-11-26,4,74.03,Online
9974,139,2716,2025-01-26,4,168.34,Online
9975,184,2029,2024-05-14,2,195.07,Online
9976,118,2471,2025-12-19,1,120.94,Online
9977,104,2639,2022-10-14,2,65.84,Online
9978,144,2911,2023-10-21,5,15.05,Online
9979,196,2856,2024-11-08,1,168.41,Online
9980,142,2567,2024-12-28,5,248.84,In-Store
9981,108,2821,2025-02-23,1,61.68,Online
9982,163,2610,2025-12-23,5,186.58,Online
9983,101,2282,2025-05-07,5,187.97,Online
9984,133,2613,2025-08-12,4,212.0,In-Store
9985,147,2234,2025-03-21,3,133.4,Online
9986,199,2606,2025-01-23,1,37.68,Online
9987,117,2669,2025-12-21,5,156.19,Online
9988,158,2369,2025-04-16,2,126.55,Online
9989,168,2073,2025-06-12,2,152.68,Online
9990,162,2484,2024-09-26,4,55.58,Online
9991,184,2866,2024-05-08,4,195.07,Online
9992,121,2137,2024-02-14,4,60.64,In-Store
9993,126,2780,2024-11-27,1,191.39,In-Store
9994,107,2393,2023-07-27,4,177.55,Online
9995,130,2813,2022-01-27,2,190.21,Online
9996,102,2341,2025-09-13,1,186.75,In-Store
9997,141,2337,2024-08-11,1,232.94,In-Store
9998,152,2330,2022-08-25,1,106.63,Online
9999,120,2523,2024-03-22,2,203.21,Online
10000,163,2587,2025-12-28,2,186.58,In-Store
10001,166,2697,2024-04-11,5,152.81,In-Store
10002,148,2640,2025-05-18,1,139.42,In-Store
10003,186,2139,2023-10-06,3,28.06,In-Store
10004,115,2592,2025-07-27,4,101.23,In-Store
10005,161,2219,2024-07-21,4,177.18,In-Store
10006,154,2679,2024-07-24,2,111.25,In-Store
10007,182,2825,2025-10-26,2,227.28,Online
10008,104,2740,2024-12-02,4,65.84,Online
10009,120,2995,2024-08-26,4,203.21,Online
10010,134,2518,2025-08-09,2,99.74,In-Store
10011,160,2135,2025-06-08,5,232.36,Online
10012,188,2359,2024-04-25,1,20.04,In-Store
10013,190,2982,2024-08-31,1,197.23,Online
10014,147,2753,2025-09-12,5,133.4,In-Store
10015,192,2529,2025-12-19,2,53.05,Online
10016,181,2102,2024-07-14,4,175.0,In-Store
10017,102,2193,2024-05-09,1,186.75,In-Store
10018,197,2446,2024-04-04,4,217.44,In-Store
10019,136,2580,2025-02-17,5,220.89,Online
10020,114,2533,2023-11-28,2,195.54,Online
10021,149,2786,2025-08-23,1,198.31,Online
10022,135,2465,2025-05-24,1,87.8,In-Store
10023,188,2516,2025-10-19,1,20.04,Online
10024,188,2051,2024-11-18,4,20.04,Online
10025,140,2830,2023-09-17,1,136.64,In-Store
10026,118,2825,2025-01-31,2,120.94,Online
10027,142,2648,2025-02-18,3,248.84,Online
10028,153,2298,2023-03-08,4,55.98,In-Store
10029,179,2758,2025-02-18,4,37.7,In-Store
10030,149,2860,2024-02-29,5,198.31,Online
10031,151,2454,2025-01-19,2,108.66,Online
10032,188,2507,2024-11-14,3,20.04,Online
10033,111,2585,2025-04-23,4,243.55,Online
10034,199,2773,2023-08-24,5,37.68,In-Store
10035,172,2249,2024-11-17,3,232.96,In-Store
10036,170,2407,2025-12-05,3,59.02,In-Store
10037,120,2116,2024-05-24,1,203.21,Online
10038,107,2055,2024-12-17,1,177.55,In-Store
10039,102,2408,2025-11-19,1,186.75,Online
10040,165,2839,2025-12-10,3,240.59,Online
10041,177,2207,2025-12-12,2,246.12,In-Store
10042,117,2342,2025-08-15,5,156.19,Online
10043,117,2927,2024-12-05,4,156.19,Online
10044,122,2390,2025-03-02,5,167.31,Online
10045,166,2600,2023-10-07,2,152.81,Online
10046,114,2450,2024-09-24,3,195.54,Online
10047,106,2200,2024-06-23,3,117.81,In-Store
10048,136,2539,2025-04-01,5,220.89,In-Store
10049,146,2154,2025-04-25,4,26.18,In-Store
10050,154,2813,2024-11-28,4,111.25,In-Store
10051,113,2991,2024-04-11,1,56.15,In-Store
10052,188,2547,2025-01-12,4,20.04,Online
10053,143,2350,2023-09-28,1,39.04,In-Store
10054,135,2068,2024-02-22,1,87.8,In-Store
10055,172,2151,2025-02-05,3,232.96,Online
10056,170,2635,2025-07-11,4,59.02,In-Store
10057,189,2655,2024-10-30,1,60.42,In-Store
10058,149,2808,2024-09-11,5,198.31,In-Store
10059,171,2919,2022-05-08,5,104.99,Online
10060,134,2825,2024-11-03,3,99.74,In-Store
10061,163,2608,2024-08-05,3,186.58,In-Store
10062,183,2188,2023-12-20,5,209.04,Online
10063,127,2473,2025-10-30,3,200.1,Online
10064,137,2205,2024-10-30,1,67.81,Online
10065,120,2618,2025-05-21,5,203.21,In-Store
10066,145,2883,2023-03-04,1,62.85,In-Store
10067,134,2660,2024-07-22,1,99.74,Online
10068,165,2289,2024-12-12,1,240.59,Online
10069,139,2911,2025-07-22,5,168.34,Online
10070,195,2271,2025-01-25,1,93.92,In-Store
10071,105,2744,2025-01-09,3,57.72,In-Store
10072,193,2426,2025-05-22,3,74.03,In-Store
10073,104,2994,2024-01-20,4,65.84,Online
10074,183,2657,2024-05-12,5,209.04,In-Store
10075,167,2518,2025-11-09,2,235.98,In-Store
10076,120,2454,2024-07-27,1,203.21,In-Store
10077,198,2559,2023-02-10,2,105.92,In-Store
10078,134,2839,2025-11-19,3,99.74,In-Store
10079,159,2439,2025-01-27,3,49.51,In-Store
10080,152,2164,2025-09-26,4,106.63,Online
10081,144,2531,2023-06-29,2,15.05,Online
10082,112,2846,2024-07-24,1,80.36,In-Store
10083,167,2785,2023-04-06,2,235.98,In-Store
10084,192,2378,2025-11-28,2,53.05,Online
10085,112,2087,2025-12-08,4,80.36,In-Store
10086,138,2966,2024-11-16,2,185.66,Online
10087,109,3000,2025-03-19,2,101.18,In-Store
10088,150,2586,2025-06-13,2,33.26,In-Store
10089,197,2188,2025-04-24,1,217.44,In-Store
10090,121,2091,2025-11-16,4,60.64,Online
10091,143,2258,2023-10-23,3,39.04,Online
10092,153,2557,2025-12-20,5,55.98,Online
10093,147,2957,2024-12-05,3,133.4,Online
10094,197,2223,2025-08-06,1,217.44,Online
10095,154,2046,2025-02-12,4,111.25,In-Store
10096,178,2197,2022-12-22,2,81.85,In-Store
10097,150,2764,2025-03-28,5,33.26,In-Store
10098,178,2416,2024-09-11,4,81.85,In-Store
10099,138,2394,2022-05-12,1,185.66,In-Store
10100,142,2160,2024-11-24,4,248.84,In-Store
10101,118,2679,2025-08-02,5,120.94,In-Store
10102,162,2231,2024-06-09,3,55.58,Online
10103,200,2646,2024-12-17,3,241.01,In-Store
10104,115,2808,2025-05-30,4,101.23,In-Store
10105,102,2049,2025-12-23,3,186.75,In-Store
10106,152,2707,2024-08-01,1,106.63,In-Store
10107,150,2393,2025-03-01,4,33.26,Online
10108,157,2277,2025-01-11,3,232.33,Online
10109,122,2342,2025-08-20,1,167.31,Online
10110,137,2582,2024-10-30,4,67.81,Online
10111,157,2905,2025-07-09,2,232.33,In-Store
10112,134,2544,2024-06-26,4,99.74,In-Store
10113,157,2218,2023-12-18,5,232.33,Online
10114,109,2648,2025-03-08,3,101.18,Online
10115,135,2323,2025-06-30,4,87.8,Online
10116,191,2114,2025-05-09,2,217.51,Online
10117,146,2905,2025-05-20,3,26.18,In-Store
10118,189,2121,2023-02-05,1,60.42,Online
10119,199,2403,2024-10-09,4,37.68,Online
10120,184,2943,2025-03-04,5,195.07,Online
10121,148,2389,2024-01-19,5,139.42,In-Store
10122,163,2055,2025-01-02,3,186.58,In-Store
10123,148,2728,2024-12-06,1,139.42,Online
10124,111,2617,2024-03-18,3,243.55,In-Store
10125,128,2738,2025-11-25,3,101.59,Online
10126,139,2674,2024-11-16,2,168.34,Online
10127,132,2701,2024-07-16,3,243.25,Online
10128,200,2633,2025-05-30,5,241.01,Online
10129,125,2240,2025-09-25,2,62.64,In-Store
10130,142,2611,2023-02-26,5,248.84,In-Store
10131,168,2623,2024-07-23,4,152.68,In-Store
10132,165,2895,2025-07-29,5,240.59,Online
10133,127,2464,2025-10-01,2,200.1,Online
10134,124,2299,2023-11-08,4,112.82,In-Store
10135,112,2755,2024-08-05,3,80.36,In-Store
10136,195,2992,2025-06-02,4,93.92,Online
10137,137,2485,2023-08-13,3,67.81,Online
10138,108,2834,2025-10-22,1,61.68,In-Store
10139,173,2015,2025-12-31,1,159.08,In-Store
10140,191,2352,2023-11-11,1,217.51,In-Store
10141,171,2450,2025-09-15,5,104.99,Online
10142,124,2169,2024-01-07,4,112.82,Online
10143,166,2067,2024-10-25,3,152.81,In-Store
10144,151,2856,2024-12-12,3,108.66,In-Store
10145,166,2578,2024-05-30,1,152.81,Online
10146,158,2689,2022-11-06,5,126.55,In-Store
10147,145,2188,2024-06-26,3,62.85,Online
10148,176,2362,2024-02-15,4,78.4,Online
10149,171,2659,2025-06-09,5,104.99,In-Store
10150,124,2996,2025-01-30,2,112.82,In-Store
10151,187,2040,2025-04-04,4,149.8,In-Store
10152,144,2965,2025-06-28,4,15.05,In-Store
10153,119,2067,2024-09-19,1,212.28,In-Store
10154,127,2464,2025-08-11,5,200.1,Online
10155,189,2768,2025-03-01,2,60.42,In-Store
10156,168,2238,2024-09-27,2,152.68,In-Store
10157,144,2358,2023-03-29,2,15.05,Online
10158,191,2469,2025-12-10,5,217.51,Online
10159,190,2485,2024-01-25,2,197.23,In-Store
10160,114,2444,2025-11-14,5,195.54,Online
10161,131,2478,2024-12-17,4,114.34,In-Store
10162,122,2030,2024-06-29,1,167.31,Online
10163,185,2640,2025-05-19,3,142.4,Online
10164,181,2501,2025-12-01,2,175.0,In-Store
10165,176,2998,2025-09-18,1,78.4,In-Store
10166,181,2718,2024-03-11,4,175.0,Online
10167,129,2041,2024-09-30,1,216.59,Online
10168,162,2666,2024-03-03,4,55.58,Online
10169,162,2704,2025-10-19,1,55.58,In-Store
10170,162,2262,2024-05-25,2,55.58,In-Store
10171,145,2572,2024-12-27,1,62.85,In-Store
10172,110,2157,2024-12-31,5,73.49,Online
10173,155,2895,2023-04-12,1,219.88,In-Store
10174,168,2808,2025-12-08,1,152.68,Online
10175,123,2064,2025-03-12,5,73.57,In-Store
10176,161,2558,2025-07-02,2,177.18,In-Store
10177,156,2676,2025-12-12,3,22.14,In-Store
10178,173,2354,2025-08-27,2,159.08,In-Store
10179,185,2799,2024-09-14,1,142.4,In-Store
10180,124,2654,2025-11-09,3,112.82,In-Store
10181,168,2793,2025-08-17,3,152.68,In-Store
10182,191,2744,2024-12-15,4,217.51,Online
10183,156,2428,2025-01-20,4,22.14,In-Store
10184,132,2624,2024-05-25,3,243.25,Online
10185,168,2869,2025-11-30,2,152.68,Online
10186,137,2922,2025-09-07,5,67.81,In-Store
10187,151,2106,2025-12-10,4,108.66,In-Store
10188,133,2262,2024-04-11,1,212.0,Online
10189,167,2435,2024-07-28,3,235.98,Online
10190,126,2792,2025-06-02,2,191.39,Online
10191,193,2258,2023-10-07,4,74.03,Online
10192,135,2677,2025-07-21,5,87.8,Online
10193,143,2752,2024-11-02,2,39.04,Online
10194,113,2226,2025-08-19,3,56.15,In-Store
10195,131,2911,2023-08-16,3,114.34,In-Store
10196,116,2203,2025-03-05,2,98.84,Online
10197,180,2437,2025-10-11,1,77.62,In-Store
10198,160,2448,2023-09-07,1,232.36,In-Store
10199,154,2142,2025-02-20,3,111.25,Online
10200,149,2837,2025-04-19,5,198.31,In-Store
10201,110,2830,2022-12-30,2,73.49,In-Store
10202,128,2733,2025-03-08,4,101.59,In-Store
10203,195,2977,2025-05-11,1,93.92,Online
10204,180,2623,2024-06-19,5,77.62,Online
10205,148,2878,2025-10-26,5,139.42,Online
10206,116,2810,2023-12-14,3,98.84,Online
10207,124,2756,2024-12-27,4,112.82,Online
10208,109,2924,2023-04-20,2,101.18,In-Store
10209,161,2848,2025-04-09,2,177.18,Online
10210,179,2190,2023-08-03,2,37.7,Online
10211,177,2659,2024-11-17,3,246.12,In-Store
10212,121,2239,2023-09-19,5,60.64,Online
10213,151,2048,2025-02-19,2,108.66,Online
10214,140,2336,2025-01-13,2,136.64,Online
10215,146,2266,2024-04-23,5,26.18,Online
10216,120,2626,2023-03-08,1,203.21,Online
10217,114,2608,2025-01-05,4,195.54,Online
10218,143,2358,2022-09-30,5,39.04,In-Store
10219,161,2865,2023-09-24,2,177.18,In-Store
10220,124,2398,2025-12-20,1,112.82,Online
10221,152,2665,2025-08-28,4,106.63,Online
10222,177,2931,2025-04-16,2,246.12,Online
10223,171,2230,2023-10-30,2,104.99,Online
10224,139,2162,2025-12-29,5,168.34,Online
10225,137,2532,2025-07-17,3,67.81,In-Store
10226,139,2359,2025-03-04,1,168.34,Online
10227,169,2079,2024-05-16,4,167.77,Online
10228,194,2508,2023-12-21,4,216.06,Online
10229,151,2080,2025-08-05,1,108.66,In-Store
10230,124,2217,2025-12-23,1,112.82,In-Store
10231,138,2219,2025-07-28,5,185.66,In-Store
10232,142,2616,2024-10-04,1,248.84,In-Store
10233,196,2088,2025-05-29,3,168.41,In-Store
10234,173,2530,2025-01-16,3,159.08,Online
10235,119,2998,2024-09-11,3,212.28,In-Store
10236,161,2750,2025-12-22,5,177.18,Online
10237,160,2377,2025-04-29,5,232.36,Online
10238,130,2058,2025-04-28,3,190.21,Online
10239,123,2266,2024-04-08,2,73.57,Online
10240,135,2704,2025-12-31,4,87.8,Online
10241,199,2855,2025-10-02,4,37.68,In-Store
10242,147,2432,2025-10-20,2,133.4,In-Store
10243,142,2904,2024-05-19,5,248.84,Online
10244,166,2500,2025-09-09,5,152.81,Online
10245,169,2346,2025-01-25,5,167.77,In-Store
10246,183,2329,2025-09-12,5,209.04,In-Store
10247,145,2994,2025-12-21,2,62.85,Online
10248,148,2546,2024-10-12,3,139.42,Online
10249,141,2962,2024-03-10,2,232.94,Online
10250,170,2303,2025-10-08,3,59.02,In-Store
10251,175,2729,2025-05-17,3,233.98,Online
10252,189,2834,2025-03-29,1,60.42,Online
10253,194,2443,2024-08-08,1,216.06,In-Store
10254,184,2720,2025-01-20,4,195.07,In-Store
10255,110,2332,2025-07-12,1,73.49,In-Store
10256,150,2636,2025-11-06,2,33.26,In-Store
10257,147,2377,2025-07-01,4,133.4,In-Store
10258,110,2381,2022-12-09,3,73.49,In-Store
10259,111,2560,2024-07-19,2,243.55,In-Store
10260,185,2050,2025-07-23,1,142.4,Online
10261,150,2756,2024-01-17,5,33.26,In-Store
10262,171,2792,2023-10-28,3,104.99,Online
10263,182,2216,2025-06-25,4,227.28,Online
10264,161,2954,2024-02-02,1,177.18,In-Store
10265,141,2132,2024-11-11,5,232.94,In-Store
10266,114,2753,2024-03-31,4,195.54,In-Store
10267,104,2627,2023-12-11,5,65.84,In-Store
10268,104,2064,2025-01-25,5,65.84,In-Store
10269,149,2263,2024-07-13,5,198.31,In-Store
10270,165,2165,2023-06-14,2,240.59,In-Store
10271,102,2583,2023-12-11,3,186.75,In-Store
10272,130,2445,2025-03-13,4,190.21,In-Store
10273,185,2194,2023-04-28,1,142.4,In-Store
10274,111,2475,2022-12-28,5,243.55,In-Store
10275,165,2469,2025-03-12,1,240.59,Online
10276,172,2638,2024-08-06,1,232.96,Online
10277,116,2229,2025-08-03,2,98.84,In-Store
10278,164,2910,2024-01-12,4,22.03,In-Store
10279,192,2208,2023-04-04,2,53.05,In-Store
10280,144,2600,2025-06-03,4,15.05,In-Store
10281,182,2901,2024-01-11,2,227.28,Online
10282,181,2218,2023-04-27,3,175.0,In-Store
10283,131,2882,2024-09-17,5,114.34,Online
10284,115,2847,2025-09-11,1,101.23,In-Store
10285,147,2985,2025-02-13,4,133.4,Online
10286,176,2033,2023-05-20,5,78.4,Online
10287,148,2476,2024-05-14,5,139.42,Online
10288,198,2603,2023-11-06,5,105.92,In-Store
10289,107,2741,2024-05-12,1,177.55,In-Store
10290,186,2441,2024-07-26,2,28.06,In-Store
10291,135,2752,2025-03-11,3,87.8,In-Store
10292,136,2543,2025-05-26,5,220.89,Online
10293,123,2954,2025-07-10,4,73.57,In-Store
10294,190,2358,2024-09-28,3,197.23,Online
10295,156,2895,2025-01-26,4,22.14,Online
10296,142,2337,2023-02-10,5,248.84,Online
10297,143,2408,2025-06-25,1,39.04,In-Store
10298,193,2024,2025-04-24,3,74.03,Online
10299,153,2318,2022-07-16,3,55.98,In-Store
10300,186,2977,2025-11-23,4,28.06,Online
10301,148,2843,2025-06-25,3,139.42,In-Store
10302,112,2670,2025-01-09,5,80.36,In-Store
10303,192,2431,2023-09-20,4,53.05,Online
10304,102,2104,2025-08-07,2,186.75,In-Store
10305,147,2644,2025-09-19,1,133.4,In-Store
10306,114,2542,2023-01-23,5,195.54,Online
10307,120,2940,2025-06-02,4,203.21,In-Store
10308,174,2263,2024-07-30,1,139.03,Online
10309,124,2020,2025-07-25,5,112.82,In-Store
10310,112,2245,2025-08-12,4,80.36,Online
10311,106,2839,2025-06-26,5,117.81,Online
10312,135,2055,2025-12-17,4,87.8,In-Store
10313,175,2755,2023-11-07,3,233.98,In-Store
10314,158,2781,2024-02-08,5,126.55,In-Store
10315,181,2773,2024-09-02,3,175.0,Online
10316,162,2776,2025-03-08,1,55.58,In-Store
10317,147,2020,2024-10-06,3,133.4,Online
10318,168,2277,2024-02-13,2,152.68,Online
10319,168,2634,2025-03-21,5,152.68,In-Store
10320,194,2264,2024-07-14,4,216.06,Online
10321,162,2534,2023-09-29,2,55.58,In-Store
10322,169,2839,2025-09-27,2,167.77,In-Store
10323,154,2569,2024-08-23,5,111.25,In-Store
10324,118,2848,2025-06-30,3,120.94,Online
10325,156,2743,2024-02-24,2,22.14,Online
10326,169,2119,2025-09-20,3,167.77,In-Store
10327,159,2649,2022-03-26,2,49.51,In-Store
10328,159,2191,2023-06-03,1,49.51,Online
10329,197,2482,2024-08-12,3,217.44,In-Store
10330,126,2658,2024-05-26,5,191.39,In-Store
10331,151,2522,2024-07-31,4,108.66,Online
10332,149,2707,2025-01-13,5,198.31,Online
10333,143,2183,2024-06-29,4,39.04,In-Store
10334,196,2978,2024-01-17,4,168.41,In-Store
10335,153,2439,2025-04-29,4,55.98,Online
10336,117,2702,2025-12-29,1,156.19,In-Store
10337,179,2396,2024-07-03,2,37.7,Online
10338,133,2396,2024-08-07,3,212.0,Online
10339,128,2849,2025-10-16,2,101.59,In-Store
10340,117,2240,2023-11-26,3,156.19,In-Store
10341,173,2099,2025-10-24,1,159.08,Online
10342,179,2949,2024-11-03,3,37.7,Online
10343,129,2341,2023-12-29,5,216.59,Online
10344,177,2592,2024-01-06,2,246.12,In-Store
10345,182,2822,2024-09-20,5,227.28,In-Store
10346,163,2833,2025-06-28,4,186.58,Online
10347,153,2860,2023-02-15,2,55.98,In-Store
10348,186,2992,2024-04-23,1,28.06,Online
10349,143,2118,2023-12-15,5,39.04,In-Store
10350,157,2238,2025-05-30,2,232.33,Online
10351,150,2489,2024-01-10,1,33.26,Online
10352,160,2389,2024-03-19,3,232.36,In-Store
10353,183,2801,2025-08-17,4,209.04,Online
10354,176,2921,2025-12-04,1,78.4,In-Store
10355,120,2927,2024-12-17,1,203.21,In-Store
10356,155,2238,2025-11-22,1,219.88,In-Store
10357,178,2633,2024-11-27,5,81.85,Online
10358,145,2889,2023-12-12,4,62.85,In-Store
10359,180,2121,2022-10-16,3,77.62,In-Store
10360,172,2649,2022-09-24,5,232.96,Online
10361,133,2336,2025-07-28,2,212.0,In-Store
10362,178,2802,2025-05-09,4,81.85,Online
10363,106,2272,2024-11-03,4,117.81,In-Store
10364,181,2481,2022-11-21,4,175.0,Online
10365,124,2588,2025-10-14,1,112.82,In-Store
10366,119,2863,2023-10-17,5,212.28,Online
10367,137,2217,2025-11-30,2,67.81,In-Store
10368,164,2362,2022-07-12,4,22.03,Online
10369,156,2226,2025-09-22,1,22.14,Online
10370,176,2679,2025-03-31,2,78.4,Online
10371,115,2011,2023-10-06,1,101.23,Online
10372,147,2320,2024-05-03,5,133.4,In-Store
10373,186,2762,2024-12-23,2,28.06,Online
10374,189,2742,2025-07-17,3,60.42,Online
10375,117,2936,2025-12-02,1,156.19,Online
10376,187,2248,2024-12-15,1,149.8,In-Store
10377,143,2768,2024-10-12,3,39.04,In-Store
10378,165,2783,2024-06-16,2,240.59,In-Store
10379,102,2471,2024-07-12,5,186.75,Online
10380,103,2227,2024-09-16,4,111.26,Online
10381,196,2958,2023-02-27,2,168.41,In-Store
10382,162,2126,2024-12-16,1,55.58,Online
10383,180,2244,2022-07-03,4,77.62,In-Store
10384,167,2491,2025-11-12,1,235.98,In-Store
10385,134,2334,2024-02-29,4,99.74,Online
10386,103,2848,2024-11-24,1,111.26,Online
10387,183,2739,2025-07-18,4,209.04,Online
10388,180,2989,2025-12-19,1,77.62,Online
10389,101,2646,2023-08-26,2,187.97,Online
10390,194,2543,2025-09-19,5,216.06,Online
10391,200,2219,2024-12-09,1,241.01,Online
10392,197,2134,2025-07-01,3,217.44,In-Store
10393,149,2888,2023-09-24,1,198.31,In-Store
10394,115,2391,2024-04-25,2,101.23,Online
10395,111,2994,2024-08-30,3,243.55,In-Store
10396,198,2839,2025-06-07,5,105.92,Online
10397,200,2810,2023-11-01,5,241.01,In-Store
10398,148,2659,2025-02-28,1,139.42,In-Store
10399,188,2588,2025-11-06,1,20.04,In-Store
10400,178,2320,2024-10-13,1,81.85,In-Store
10401,144,2250,2024-12-08,1,15.05,Online
10402,199,2522,2023-03-26,1,37.68,Online
10403,103,2808,2025-11-30,4,111.26,Online
10404,200,2134,2024-12-06,4,241.01,In-Store
10405,184,2545,2023-06-05,5,195.07,Online
10406,159,2059,2024-01-27,3,49.51,In-Store
10407,180,2867,2023-11-11,5,77.62,Online
10408,162,2184,2025-11-06,4,55.58,Online
10409,102,2157,2024-01-01,1,186.75,Online
10410,118,2585,2023-08-08,4,120.94,In-Store
10411,131,2782,2024-04-22,3,114.34,In-Store
10412,151,2682,2024-08-29,4,108.66,Online
10413,150,2971,2025-07-20,3,33.26,Online
10414,129,2234,2025-07-13,2,216.59,In-Store
10415,189,2210,2023-08-13,3,60.42,In-Store
10416,156,2217,2025-07-12,5,22.14,Online
10417,104,2941,2025-05-02,5,65.84,In-Store
10418,187,2659,2024-12-27,1,149.8,In-Store
10419,195,2628,2024-05-05,2,93.92,In-Store
10420,188,2553,2023-09-20,3,20.04,Online
10421,110,2734,2025-10-14,5,73.49,Online
10422,141,2561,2023-11-13,5,232.94,In-Store
10423,132,2523,2025-08-13,4,243.25,In-Store
10424,182,2185,2024-09-23,3,227.28,Online
10425,178,2156,2025-07-01,3,81.85,In-Store
10426,183,2057,2024-11-18,4,209.04,Online
10427,183,2689,2025-11-16,3,209.04,Online
10428,115,2561,2022-06-28,1,101.23,In-Store
10429,164,2663,2024-05-20,4,22.03,Online
10430,190,2130,2025-12-05,4,197.23,Online
10431,120,2970,2025-01-28,3,203.21,In-Store
10432,178,2146,2025-03-28,3,81.85,Online
10433,150,2030,2023-09-19,4,33.26,Online
10434,142,2982,2025-08-12,4,248.84,In-Store
10435,174,2625,2023-02-13,1,139.03,In-Store
10436,132,2796,2025-02-04,2,243.25,In-Store
10437,110,2873,2025-07-01,1,73.49,Online
10438,194,2447,2024-10-18,5,216.06,Online
10439,132,2729,2025-03-01,4,243.25,In-Store
10440,148,2155,2025-02-03,1,139.42,Online
10441,183,2688,2024-10-27,3,209.04,In-Store
10442,157,2678,2024-01-26,4,232.33,In-Store
10443,138,2929,2025-08-19,3,185.66,Online
10444,168,2564,2024-03-16,1,152.68,In-Store
10445,144,2345,2025-04-03,2,15.05,Online
10446,166,2978,2023-07-24,2,152.81,In-Store
10447,158,2745,2024-02-13,3,126.55,Online
10448,124,2801,2025-12-03,2,112.82,In-Store
10449,139,2475,2023-07-07,3,168.34,In-Store
10450,144,2667,2022-09-22,1,15.05,In-Store
10451,136,2606,2025-11-04,5,220.89,In-Store
10452,179,2727,2025-10-07,4,37.7,Online
10453,147,2380,2024-12-13,2,133.4,Online
10454,133,2221,2024-11-10,1,212.0,In-Store
10455,117,2467,2023-11-20,1,156.19,In-Store
10456,171,2541,2024-01-23,3,104.99,Online
10457,190,2470,2023-01-10,2,197.23,Online
10458,109,2084,2025-12-04,3,101.18,In-Store
10459,160,2338,2025-12-21,4,232.36,Online
10460,196,2808,2024-08-13,5,168.41,Online
10461,165,2124,2024-03-22,2,240.59,Online
10462,119,2336,2023-02-01,2,212.28,Online
10463,106,2828,2022-12-09,5,117.81,Online
10464,164,2200,2025-10-19,2,22.03,In-Store
10465,152,2312,2024-01-09,2,106.63,Online
10466,168,2657,2023-10-15,1,152.68,In-Store
10467,103,2086,2023-04-06,5,111.26,In-Store
10468,182,2201,2025-06-30,2,227.28,In-Store
10469,144,2851,2025-01-25,4,15.05,In-Store
10470,159,2315,2025-10-30,5,49.51,Online
10471,194,2972,2025-04-29,3,216.06,Online
10472,163,2210,2022-12-23,1,186.58,Online
10473,110,2183,2025-02-04,5,73.49,Online
10474,161,2097,2024-12-21,1,177.18,Online
10475,164,2103,2024-10-09,5,22.03,Online
10476,128,2826,2024-12-05,1,101.59,Online
10477,168,2799,2023-11-07,5,152.68,In-Store
10478,143,2370,2024-12-01,3,39.04,Online
10479,176,2042,2025-01-11,3,78.4,In-Store
10480,121,2053,2025-07-23,2,60.64,In-Store
10481,102,2575,2024-09-01,5,186.75,In-Store
10482,136,2395,2024-12-16,3,220.89,In-Store
10483,164,2822,2024-09-16,4,22.03,Online
10484,150,2001,2023-11-25,5,33.26,Online
10485,130,2157,2023-08-29,4,190.21,Online
10486,150,2835,2025-03-12,3,33.26,In-Store
10487,120,2697,2023-11-04,2,203.21,In-Store
10488,189,2348,2025-01-26,3,60.42,Online
10489,141,2742,2022-10-07,4,232.94,Online
10490,196,2225,2024-08-07,3,168.41,Online
10491,109,2553,2024-03-13,3,101.18,In-Store
10492,142,2973,2025-03-08,2,248.84,Online
10493,148,2379,2025-09-26,4,139.42,Online
10494,132,2545,2022-11-20,3,243.25,In-Store
10495,149,2423,2025-06-12,4,198.31,In-Store
10496,114,2678,2025-04-25,4,195.54,Online
10497,142,2562,2025-05-30,2,248.84,In-Store
10498,197,2149,2025-04-22,3,217.44,In-Store
10499,127,2686,2024-03-29,2,200.1,Online
10500,191,2113,2025-12-16,4,217.51,In-Store
10501,145,2505,2024-04-27,1,62.85,Online
10502,120,2336,2024-06-07,5,203.21,In-Store
10503,171,2832,2025-07-20,2,104.99,Online
10504,129,2597,2024-11-02,2,216.59,In-Store
10505,150,2371,2024-04-22,1,33.26,Online
10506,200,2176,2024-10-02,3,241.01,Online
10507,128,2376,2024-09-29,3,101.59,Online
10508,131,2657,2022-04-03,1,114.34,Online
10509,181,2563,2025-10-30,4,175.0,Online
10510,142,2566,2024-06-15,3,248.84,In-Store
10511,145,2028,2024-11-10,5,62.85,In-Store
10512,172,2067,2025-02-20,3,232.96,In-Store
10513,160,2423,2025-04-29,3,232.36,Online
10514,164,2687,2024-02-15,1,22.03,In-Store
10515,156,2370,2024-10-07,1,22.14,In-Store
10516,110,2057,2024-05-19,2,73.49,Online
10517,115,2694,2023-12-13,5,101.23,In-Store
10518,111,2283,2024-11-24,5,243.55,In-Store
10519,156,2405,2025-08-27,1,22.14,Online
10520,127,2948,2024-05-14,1,200.1,Online
10521,188,2629,2025-07-08,3,20.04,Online
10522,135,2185,2025-01-19,3,87.8,In-Store
10523,187,2071,2024-11-04,5,149.8,In-Store
10524,163,2022,2025-12-02,4,186.58,Online
10525,187,2244,2025-02-22,5,149.8,Online
10526,190,2983,2025-01-15,5,197.23,In-Store
10527,169,2270,2024-12-07,2,167.77,Online
10528,104,2863,2025-01-07,5,65.84,Online
10529,170,2243,2025-08-24,5,59.02,In-Store
10530,171,2492,2024-12-25,4,104.99,In-Store
10531,161,2736,2024-10-05,5,177.18,Online
10532,166,2423,2025-07-30,3,152.81,Online
10533,188,2505,2024-05-03,2,20.04,Online
10534,182,2291,2024-08-13,2,227.28,Online
10535,181,2991,2024-01-27,5,175.0,In-Store
10536,155,2647,2024-05-11,5,219.88,Online
10537,137,2922,2025-08-30,1,67.81,In-Store
10538,179,2908,2025-01-09,2,37.7,Online
10539,157,2671,2024-07-19,5,232.33,Online
10540,161,2799,2025-12-19,4,177.18,In-Store
10541,130,2256,2024-06-28,4,190.21,In-Store
10542,200,2225,2025-12-03,3,241.01,Online
10543,137,2544,2025-05-06,1,67.81,Online
10544,149,2711,2025-04-19,4,198.31,In-Store
10545,137,2275,2025-12-12,3,67.81,In-Store
10546,180,2459,2023-05-03,1,77.62,In-Store
10547,160,2721,2025-07-05,2,232.36,Online
10548,119,2340,2025-03-08,2,212.28,Online
10549,185,2865,2025-10-04,2,142.4,Online
10550,196,2572,2023-11-14,5,168.41,Online
10551,141,2847,2025-03-01,4,232.94,Online
10552,131,2382,2025-07-29,5,114.34,In-Store
10553,136,2601,2025-06-08,2,220.89,In-Store
10554,115,2995,2025-01-20,2,101.23,Online
10555,178,2896,2024-05-17,1,81.85,In-Store
10556,117,2937,2025-06-16,3,156.19,In-Store
10557,189,2259,2025-08-01,2,60.42,Online
10558,153,2399,2025-01-22,4,55.98,In-Store
10559,138,2401,2024-12-06,3,185.66,In-Store
10560,151,2746,2024-09-18,1,108.66,Online
10561,137,2740,2025-02-05,3,67.81,In-Store
10562,192,2376,2024-08-07,3,53.05,In-Store
10563,185,2589,2025-07-29,5,142.4,Online
10564,181,2195,2023-03-06,5,175.0,In-Store
10565,199,2249,2025-09-12,3,37.68,Online
10566,105,2280,2024-07-01,3,57.72,Online
10567,108,2157,2023-03-24,1,61.68,In-Store
10568,151,2437,2023-09-01,4,108.66,Online
10569,154,2070,2025-06-15,1,111.25,In-Store
10570,119,2487,2025-11-16,2,212.28,In-Store
10571,137,2049,2025-01-26,5,67.81,Online
10572,165,2038,2024-05-14,4,240.59,In-Store
10573,116,2731,2025-08-23,3,98.84,In-Store
10574,150,2692,2025-02-21,3,33.26,In-Store
10575,199,2098,2024-08-07,1,37.68,Online
10576,101,2483,2025-07-14,5,187.97,Online
10577,124,2651,2024-11-26,2,112.82,In-Store
10578,124,2573,2023-10-28,4,112.82,In-Store
10579,150,2479,2025-08-22,2,33.26,In-Store
10580,101,2211,2024-06-15,4,187.97,In-Store
10581,102,2910,2024-12-01,4,186.75,In-Store
10582,200,2238,2025-06-05,3,241.01,Online
10583,135,2151,2025-02-19,5,87.8,In-Store
10584,141,2776,2022-10-07,2,232.94,In-Store
10585,179,2035,2024-07-29,4,37.7,In-Store
10586,164,2603,2025-06-28,1,22.03,In-Store
10587,148,2874,2024-05-12,5,139.42,Online
10588,107,2227,2025-08-08,5,177.55,In-Store
10589,145,2016,2023-06-24,4,62.85,In-Store
10590,104,2868,2023-04-13,2,65.84,Online
10591,129,2908,2025-11-27,5,216.59,Online
10592,181,2469,2025-11-03,4,175.0,In-Store
10593,140,2628,2023-07-17,3,136.64,Online
10594,138,2310,2023-04-21,1,185.66,Online
10595,152,2065,2023-04-26,2,106.63,Online
10596,184,2804,2024-03-16,3,195.07,Online
10597,113,2273,2024-08-01,3,56.15,Online
10598,104,2102,2025-06-12,2,65.84,In-Store
10599,106,2999,2024-05-26,4,117.81,Online
10600,199,2430,2025-09-21,1,37.68,In-Store
10601,192,2622,2025-09-28,5,53.05,Online
10602,191,2768,2023-08-21,1,217.51,In-Store
10603,190,2801,2023-07-02,4,197.23,In-Store
10604,123,2023,2025-09-03,5,73.57,Online
10605,130,2336,2023-12-30,5,190.21,Online
10606,116,2615,2024-07-06,4,98.84,Online
10607,188,2800,2025-06-24,1,20.04,In-Store
10608,129,2862,2025-05-11,5,216.59,In-Store
10609,185,2523,2025-08-28,2,142.4,In-Store
10610,112,2842,2025-05-03,2,80.36,Online
10611,199,2427,2025-04-26,4,37.68,Online
10612,196,2001,2022-06-20,2,168.41,Online
10613,153,2894,2024-11-13,2,55.98,In-Store
10614,165,2884,2023-12-28,2,240.59,Online
10615,194,2658,2023-05-21,3,216.06,In-Store
10616,175,2062,2025-08-19,5,233.98,In-Store
10617,110,2836,2022-11-28,3,73.49,In-Store
10618,173,2686,2025-10-05,4,159.08,Online
10619,182,2038,2025-12-30,3,227.28,In-Store
10620,182,2039,2025-08-02,4,227.28,Online
10621,104,2170,2023-06-24,4,65.84,In-Store
10622,171,2954,2023-09-06,1,104.99,Online
10623,176,2472,2025-02-02,3,78.4,Online
10624,198,2108,2025-08-06,4,105.92,In-Store
10625,126,2563,2024-02-24,2,191.39,In-Store
10626,121,2696,2023-09-09,5,60.64,In-Store
10627,179,2566,2025-02-06,3,37.7,In-Store
10628,112,2424,2025-03-18,5,80.36,In-Store
10629,146,2693,2024-07-17,1,26.18,In-Store
10630,179,2211,2025-03-22,5,37.7,In-Store
10631,139,2277,2024-04-05,3,168.34,In-Store
10632,175,2142,2025-11-05,5,233.98,In-Store
10633,147,2684,2024-04-29,2,133.4,In-Store
10634,108,2284,2025-04-17,3,61.68,In-Store
10635,168,2310,2023-05-28,2,152.68,In-Store
10636,102,2381,2023-07-17,2,186.75,In-Store
10637,163,2235,2024-11-10,4,186.58,In-Store
10638,130,2410,2024-12-17,5,190.21,In-Store
10639,178,2375,2025-08-04,3,81.85,In-Store
10640,125,2884,2025-03-08,4,62.64,In-Store
10641,106,2742,2024-07-18,5,117.81,In-Store
10642,169,2637,2025-11-22,5,167.77,In-Store
10643,184,2313,2024-12-13,1,195.07,In-Store
10644,134,2158,2024-09-02,2,99.74,In-Store
10645,152,2276,2025-09-15,3,106.63,In-Store
10646,153,2961,2022-11-03,2,55.98,In-Store
10647,161,2893,2022-09-15,3,177.18,Online
10648,153,2868,2025-01-12,4,55.98,Online
10649,152,2464,2025-09-01,1,106.63,In-Store
10650,111,2908,2025-06-09,5,243.55,In-Store
10651,102,2044,2025-06-08,2,186.75,In-Store
10652,151,2300,2024-04-19,1,108.66,Online
10653,159,2393,2025-08-27,3,49.51,In-Store
10654,110,2835,2025-07-12,1,73.49,In-Store
10655,138,2743,2025-04-22,1,185.66,In-Store
10656,187,2845,2023-10-31,5,149.8,Online
10657,167,2226,2025-02-05,5,235.98,In-Store
10658,150,2356,2025-05-28,5,33.26,Online
10659,193,2130,2024-12-24,5,74.03,Online
10660,149,2988,2023-12-09,4,198.31,In-Store
10661,178,2190,2023-11-03,5,81.85,Online
10662,132,2912,2023-12-13,1,243.25,In-Store
10663,158,2802,2024-06-24,4,126.55,Online
10664,147,2033,2023-02-26,3,133.4,Online
10665,186,2356,2025-04-06,1,28.06,In-Store
10666,145,2252,2023-11-06,2,62.85,In-Store
10667,172,2823,2024-03-16,3,232.96,Online
10668,147,2898,2023-06-23,2,133.4,In-Store
10669,116,2918,2024-11-16,5,98.84,Online
10670,200,2058,2025-08-06,4,241.01,In-Store
10671,134,2052,2023-05-19,2,99.74,In-Store
10672,194,2840,2025-12-08,4,216.06,In-Store
10673,162,2300,2024-01-04,4,55.58,In-Store
10674,112,2559,2025-03-03,4,80.36,Online
10675,123,2736,2024-11-03,2,73.57,Online
10676,179,2259,2025-05-07,2,37.7,In-Store
10677,145,2646,2024-06-14,1,62.85,In-Store
10678,133,2848,2025-06-30,2,212.0,Online
10679,145,2423,2025-11-18,5,62.85,In-Store
10680,176,2717,2024-06-13,1,78.4,Online
10681,192,2686,2024-01-30,2,53.05,In-Store
10682,199,2752,2025-05-15,1,37.68,In-Store
10683,165,2818,2025-06-27,1,240.59,In-Store
10684,135,2221,2023-06-23,4,87.8,In-Store
10685,118,2114,2025-04-05,3,120.94,In-Store
10686,185,2600,2024-09-10,5,142.4,In-Store
10687,135,2219,2024-12-16,5,87.8,Online
10688,191,2804,2023-08-28,1,217.51,In-Store
10689,145,2615,2023-01-30,3,62.85,In-Store
10690,187,2819,2023-04-09,3,149.8,In-Store
10691,134,2427,2025-07-08,3,99.74,In-Store
10692,144,2297,2025-05-10,5,15.05,Online
10693,190,2555,2025-10-05,3,197.23,Online
10694,165,2550,2025-11-15,3,240.59,Online
10695,109,2475,2024-12-17,1,101.18,Online
10696,196,2597,2025-12-05,4,168.41,Online
10697,133,2393,2025-06-11,5,212.0,In-Store
10698,122,2301,2025-06-03,4,167.31,In-Store
10699,162,2486,2024-12-11,4,55.58,Online
10700,165,2674,2025-11-07,5,240.59,Online
10701,120,2751,2024-01-18,5,203.21,Online
10702,103,2974,2024-03-21,4,111.26,Online
10703,165,2528,2024-05-15,5,240.59,Online
10704,169,2573,2023-08-21,2,167.77,In-Store
10705,116,2692,2024-08-19,3,98.84,In-Store
10706,175,2293,2025-09-17,3,233.98,Online
10707,153,2331,2025-12-06,2,55.98,Online
10708,104,2126,2025-12-27,4,65.84,In-Store
10709,109,2634,2022-05-27,3,101.18,Online
10710,167,2860,2025-04-22,5,235.98,Online
10711,146,2090,2022-12-16,4,26.18,In-Store
10712,186,2914,2024-01-03,1,28.06,In-Store
10713,182,2568,2024-04-13,1,227.28,In-Store
10714,181,2262,2024-05-14,4,175.0,Online
10715,145,2306,2025-05-12,4,62.85,In-Store
10716,175,2185,2025-08-30,2,233.98,Online
10717,130,2808,2024-05-01,3,190.21,In-Store
10718,127,2200,2024-08-14,2,200.1,In-Store
10719,127,2994,2024-11-28,3,200.1,Online
10720,118,2665,2024-05-23,3,120.94,Online
10721,109,2740,2025-06-27,2,101.18,Online
10722,174,2645,2025-11-15,1,139.03,Online
10723,185,2193,2024-08-14,4,142.4,Online
10724,141,2699,2025-05-19,3,232.94,Online
10725,106,2364,2025-08-20,1,117.81,In-Store
10726,131,2359,2025-06-08,5,114.34,In-Store
10727,199,2548,2025-07-15,5,37.68,In-Store
10728,200,2929,2024-06-12,3,241.01,Online
10729,145,2870,2025-11-18,5,62.85,In-Store
10730,171,2382,2025-12-10,5,104.99,Online
10731,178,2241,2023-02-23,2,81.85,Online
10732,193,2510,2025-07-17,1,74.03,In-Store
10733,187,2380,2025-12-04,3,149.8,In-Store
10734,175,2136,2024-09-17,3,233.98,Online
10735,119,2883,2024-11-17,5,212.28,Online
10736,181,2142,2024-11-07,3,175.0,Online
10737,108,2634,2023-07-06,1,61.68,Online
10738,137,2463,2025-04-18,5,67.81,In-Store
10739,180,2946,2025-04-29,2,77.62,Online
10740,183,2461,2024-10-21,5,209.04,Online
10741,199,2784,2024-12-30,3,37.68,In-Store
10742,130,2489,2024-09-19,3,190.21,Online
10743,115,2675,2023-05-22,1,101.23,In-Store
10744,115,2937,2025-02-08,5,101.23,Online
10745,156,2109,2024-10-11,3,22.14,Online
10746,198,2702,2024-08-28,4,105.92,Online
10747,142,2799,2024-03-10,1,248.84,Online
10748,144,2582,2024-12-04,5,15.05,In-Store
10749,102,2079,2023-12-20,1,186.75,In-Store
10750,179,2264,2022-12-26,1,37.7,In-Store
10751,154,2303,2023-08-18,2,111.25,Online
10752,141,2776,2025-05-05,2,232.94,Online
10753,179,2539,2025-10-20,4,37.7,Online
10754,147,2471,2023-12-20,3,133.4,Online
10755,141,2019,2025-07-25,1,232.94,Online
10756,153,2143,2024-01-08,3,55.98,In-Store
10757,118,2315,2025-06-27,3,120.94,In-Store
10758,103,2873,2025-03-12,5,111.26,In-Store
10759,148,2575,2024-11-24,4,139.42,In-Store
10760,122,2979,2025-01-31,5,167.31,Online
10761,165,2865,2024-02-03,3,240.59,In-Store
10762,190,2133,2024-12-13,5,197.23,Online
10763,152,2249,2025-07-14,1,106.63,Online
10764,126,2554,2025-06-15,2,191.39,Online
10765,191,2776,2025-04-02,2,217.51,In-Store
10766,184,2936,2024-10-28,2,195.07,In-Store
10767,198,2240,2022-09-12,5,105.92,In-Store
10768,166,2023,2024-11-25,3,152.81,In-Store
10769,191,2740,2025-09-21,4,217.51,In-Store
10770,142,2642,2025-08-15,5,248.84,Online
10771,117,2153,2025-06-18,3,156.19,Online
10772,181,2759,2024-07-06,1,175.0,Online
10773,145,2507,2025-06-21,4,62.85,In-Store
10774,186,2285,2024-03-04,3,28.06,In-Store
10775,149,2714,2024-07-21,1,198.31,In-Store
10776,129,2621,2023-10-16,3,216.59,In-Store
10777,153,2358,2025-12-27,1,55.98,In-Store
10778,126,2697,2022-12-21,5,191.39,Online
10779,101,2659,2025-03-22,3,187.97,In-Store
10780,113,2607,2024-07-22,3,56.15,Online
10781,170,2051,2023-12-04,3,59.02,Online
10782,135,2891,2025-10-26,4,87.8,In-Store
10783,198,2313,2024-05-30,3,105.92,Online
10784,184,2945,2024-09-22,3,195.07,Online
10785,142,2116,2025-12-01,1,248.84,Online
10786,159,2466,2024-12-31,4,49.51,In-Store
10787,103,2846,2025-03-30,3,111.26,In-Store
10788,142,2097,2025-08-07,4,248.84,In-Store
10789,141,2478,2024-01-01,3,232.94,Online
10790,152,2195,2024-08-14,3,106.63,Online
10791,117,2647,2023-12-22,2,156.19,In-Store
10792,155,2311,2023-02-14,3,219.88,Online
10793,113,2936,2025-05-29,5,56.15,In-Store
10794,186,2110,2025-06-13,1,28.06,Online
10795,157,2861,2025-04-24,1,232.33,In-Store
10796,197,2519,2024-03-06,3,217.44,In-Store
10797,121,2840,2025-05-29,3,60.64,In-Store
10798,168,2277,2024-12-28,3,152.68,Online
10799,154,2623,2024-12-28,4,111.25,Online
10800,135,2011,2024-01-31,5,87.8,In-Store
10801,110,2345,2025-01-15,4,73.49,Online
10802,164,2407,2025-02-06,3,22.03,In-Store
10803,157,2006,2025-05-27,2,232.33,In-Store
10804,153,2326,2024-08-24,2,55.98,In-Store
10805,184,2412,2024-06-17,4,195.07,In-Store
10806,147,2339,2025-11-08,1,133.4,In-Store
10807,183,2384,2025-03-29,1,209.04,Online
10808,110,2918,2024-04-17,4,73.49,Online
10809,188,2785,2025-03-13,4,20.04,In-Store
10810,162,2281,2023-08-12,1,55.58,In-Store
10811,196,2814,2024-03-30,1,168.41,Online
10812,156,2121,2024-02-19,1,22.14,In-Store
10813,181,2966,2025-11-30,1,175.0,Online
10814,200,2213,2025-04-24,3,241.01,In-Store
10815,106,2670,2024-09-30,5,117.81,Online
10816,181,2975,2024-07-20,3,175.0,In-Store
10817,192,2351,2024-06-17,3,53.05,In-Store
10818,135,2451,2025-10-07,2,87.8,Online
10819,200,2700,2025-09-02,5,241.01,Online
10820,187,2772,2023-12-04,3,149.8,In-Store
10821,105,2324,2025-07-30,4,57.72,In-Store
10822,146,2605,2025-03-29,1,26.18,In-Store
10823,195,2601,2024-03-22,3,93.92,Online
10824,154,2759,2023-11-30,5,111.25,In-Store
10825,188,2263,2022-12-06,3,20.04,Online
10826,111,2629,2023-07-10,4,243.55,Online
10827,123,2674,2025-02-08,3,73.57,In-Store
10828,135,2300,2025-07-27,3,87.8,Online
10829,184,2572,2023-10-17,5,195.07,In-Store
10830,146,2193,2025-12-04,2,26.18,Online
10831,124,2390,2025-02-19,5,112.82,In-Store
10832,190,2863,2023-03-23,5,197.23,Online
10833,181,2347,2024-02-04,4,175.0,Online
10834,139,2081,2025-04-28,5,168.34,In-Store
10835,142,2377,2022-11-12,1,248.84,Online
10836,131,2572,2024-07-25,3,114.34,Online
10837,151,2731,2025-09-10,1,108.66,Online
10838,152,2807,2024-07-09,3,106.63,Online
10839,172,2049,2024-11-06,1,232.96,Online
10840,113,2692,2024-04-27,3,56.15,Online
10841,180,2764,2024-08-16,5,77.62,Online
10842,115,2459,2025-03-23,2,101.23,Online
10843,166,2749,2025-04-02,4,152.81,Online
10844,191,2080,2025-09-04,5,217.51,Online
10845,121,2349,2024-11-24,1,60.64,Online
10846,153,2830,2025-03-21,5,55.98,In-Store
10847,105,2762,2025-12-22,2,57.72,Online
10848,191,2723,2025-02-18,5,217.51,In-Store
10849,117,2127,2025-04-21,4,156.19,Online
10850,198,2229,2025-09-18,4,105.92,In-Store
10851,160,2990,2025-01-07,4,232.36,Online
10852,137,2498,2024-07-13,2,67.81,Online
10853,115,2597,2025-04-27,2,101.23,In-Store
10854,187,2266,2024-10-19,1,149.8,Online
10855,129,2756,2024-05-25,2,216.59,In-Store
10856,175,2494,2024-10-29,3,233.98,In-Store
10857,163,2378,2024-07-06,2,186.58,In-Store
10858,104,2550,2024-06-20,3,65.84,Online
10859,157,2631,2023-08-10,4,232.33,Online
10860,199,2707,2024-08-30,4,37.68,In-Store
10861,103,2564,2024-11-26,2,111.26,In-Store
10862,125,2582,2025-06-08,5,62.64,Online
10863,174,2421,2025-04-19,4,139.03,In-Store
10864,121,2635,2024-09-28,3,60.64,Online
10865,198,2354,2025-05-18,4,105.92,In-Store
10866,172,2253,2025-08-03,1,232.96,In-Store
10867,115,2329,2024-09-12,4,101.23,Online
10868,111,2090,2025-11-24,5,243.55,In-Store
10869,176,2013,2025-02-09,1,78.4,In-Store
10870,153,2695,2024-06-04,4,55.98,In-Store
10871,160,2101,2024-12-04,2,232.36,Online
10872,165,2359,2025-10-11,3,240.59,Online
10873,116,2492,2024-10-20,4,98.84,Online
10874,123,2556,2025-07-26,5,73.57,In-Store
10875,121,2790,2023-12-24,5,60.64,In-Store
10876,108,2417,2024-08-29,4,61.68,Online
10877,153,2016,2023-02-27,5,55.98,Online
10878,114,2650,2024-07-17,5,195.54,Online
10879,147,2930,2024-05-08,2,133.4,In-Store
10880,145,2553,2024-07-28,5,62.85,In-Store
10881,115,2700,2024-11-12,2,101.23,Online
10882,131,2528,2024-05-31,4,114.34,Online
10883,104,2637,2025-01-24,4,65.84,In-Store
10884,147,2908,2022-10-19,4,133.4,Online
10885,194,2380,2023-07-23,5,216.06,In-Store
10886,189,2589,2025-06-14,3,60.42,In-Store
10887,159,2084,2025-10-26,5,49.51,Online
10888,162,2258,2023-01-05,3,55.58,In-Store
10889,105,2465,2024-06-20,5,57.72,In-Store
10890,142,2894,2025-07-04,3,248.84,In-Store
10891,106,2630,2025-04-09,3,117.81,In-Store
10892,108,2354,2025-11-30,4,61.68,Online
10893,193,2870,2024-06-27,3,74.03,In-Store
10894,127,2788,2024-10-23,2,200.1,In-Store
10895,107,2512,2025-06-21,4,177.55,In-Store
10896,162,2807,2024-12-13,3,55.58,In-Store
10897,146,2080,2025-04-11,4,26.18,Online
10898,153,2272,2023-11-25,4,55.98,Online
10899,181,2373,2025-01-13,4,175.0,Online
10900,180,2076,2024-01-24,4,77.62,In-Store
10901,184,2671,2023-11-18,3,195.07,In-Store
10902,190,2735,2023-11-13,1,197.23,Online
10903,109,2478,2024-01-21,2,101.18,Online
10904,149,2064,2025-11-10,4,198.31,In-Store
10905,140,2463,2024-04-18,4,136.64,Online
10906,177,2845,2024-08-11,2,246.12,Online
10907,161,2145,2024-11-05,3,177.18,Online
10908,171,2377,2025-12-12,1,104.99,In-Store
10909,195,2609,2024-07-30,3,93.92,In-Store
10910,117,2767,2024-11-20,1,156.19,Online
10911,185,2831,2025-01-23,3,142.4,In-Store
10912,189,2188,2023-08-10,5,60.42,Online
10913,177,2027,2025-09-15,3,246.12,Online
10914,111,2245,2024-11-15,2,243.55,In-Store
10915,168,2603,2024-07-10,4,152.68,Online
10916,150,2656,2023-09-07,4,33.26,Online
10917,125,2031,2025-10-15,3,62.64,Online
10918,157,2587,2025-03-19,2,232.33,Online
10919,192,2439,2024-09-06,4,53.05,Online
10920,109,2060,2025-07-06,5,101.18,Online
10921,184,2978,2025-05-20,4,195.07,Online
10922,139,2231,2024-03-13,3,168.34,Online
10923,173,2380,2023-02-15,5,159.08,Online
10924,127,2727,2025-07-26,3,200.1,In-Store
10925,189,2341,2024-10-22,3,60.42,In-Store
10926,158,2687,2024-12-15,5,126.55,Online
10927,108,2502,2024-04-27,2,61.68,In-Store
10928,153,2684,2023-03-29,2,55.98,In-Store
10929,105,2977,2025-09-15,5,57.72,In-Store
10930,110,2130,2024-09-21,1,73.49,In-Store
10931,172,2378,2024-05-03,3,232.96,Online
10932,126,2944,2023-01-07,3,191.39,Online
10933,165,2954,2025-06-02,4,240.59,In-Store
10934,144,2351,2024-08-18,1,15.05,Online
10935,183,2706,2024-12-16,4,209.04,Online
10936,156,2040,2023-04-08,5,22.14,Online
10937,121,2731,2024-05-30,1,60.64,In-Store
10938,195,2176,2024-12-11,5,93.92,In-Store
10939,165,2537,2024-08-27,3,240.59,Online
10940,176,2905,2025-08-04,1,78.4,In-Store
10941,136,2232,2024-11-03,2,220.89,Online
10942,110,2046,2024-09-16,3,73.49,Online
10943,123,2871,2024-09-15,5,73.57,Online
10944,148,2910,2024-09-14,3,139.42,Online
10945,110,2903,2025-06-28,1,73.49,Online
10946,132,2262,2025-06-05,4,243.25,In-Store
10947,156,2353,2025-05-16,4,22.14,Online
10948,143,2302,2023-09-20,2,39.04,Online
10949,187,2541,2025-01-13,1,149.8,In-Store
10950,168,2245,2025-05-08,3,152.68,Online
10951,153,2486,2025-06-13,2,55.98,In-Store
10952,120,2914,2024-12-11,3,203.21,In-Store
10953,147,2060,2024-07-28,2,133.4,In-Store
10954,163,2339,2024-11-30,2,186.58,Online
10955,101,2740,2025-10-05,2,187.97,In-Store
10956,106,2296,2025-11-01,4,117.81,Online
10957,107,2929,2024-02-13,4,177.55,In-Store
10958,174,2391,2024-03-17,1,139.03,Online
10959,147,2209,2025-11-24,3,133.4,In-Store
10960,124,2917,2025-09-29,1,112.82,In-Store
10961,106,2251,2025-09-07,1,117.81,In-Store
10962,149,2428,2025-02-25,1,198.31,Online
10963,131,2916,2025-01-24,1,114.34,Online
10964,108,2578,2025-04-04,4,61.68,Online
10965,132,2562,2025-10-19,2,243.25,Online
10966,185,2542,2024-05-17,2,142.4,Online
10967,135,2729,2025-01-20,1,87.8,In-Store
10968,101,2228,2024-03-12,5,187.97,In-Store
10969,161,2575,2025-09-17,5,177.18,In-Store
10970,104,2968,2024-11-06,4,65.84,In-Store
10971,109,2270,2025-07-10,1,101.18,In-Store
10972,102,2424,2025-06-01,3,186.75,Online
10973,184,2867,2024-02-24,1,195.07,Online
10974,118,2177,2022-09-21,2,120.94,In-Store
10975,175,2689,2023-07-02,4,233.98,In-Store
10976,198,2789,2024-09-02,5,105.92,In-Store
10977,133,2528,2024-12-31,1,212.0,Online
10978,161,2429,2024-02-16,1,177.18,In-Store
10979,127,2635,2023-06-07,1,200.1,In-Store
10980,117,2854,2024-07-15,5,156.19,Online
10981,130,2810,2025-12-17,3,190.21,Online
10982,176,2796,2024-02-25,5,78.4,Online
10983,158,2430,2024-12-04,3,126.55,In-Store
10984,143,2757,2024-05-24,2,39.04,Online
10985,149,2693,2025-07-14,2,198.31,Online
10986,200,2041,2024-06-17,3,241.01,In-Store
10987,143,2643,2025-02-02,3,39.04,Online
10988,130,2261,2025-01-17,1,190.21,Online
10989,171,2002,2025-05-18,5,104.99,In-Store
10990,196,2422,2025-01-29,4,168.41,In-Store
10991,155,2294,2024-11-06,4,219.88,In-Store
10992,161,2613,2024-01-31,2,177.18,Online
10993,126,2200,2025-07-12,4,191.39,Online
10994,146,2343,2023-09-19,4,26.18,Online
10995,146,2454,2023-08-13,2,26.18,In-Store
10996,129,2751,2024-02-07,5,216.59,Online
10997,109,2083,2024-04-08,5,101.18,In-Store
10998,137,2318,2022-12-23,4,67.81,In-Store
10999,127,2362,2024-07-25,5,200.1,Online
11000,154,2346,2025-09-20,4,111.25,In-Store
11001,200,2436,2025-05-03,1,241.01,In-Store
11002,182,2116,2025-03-15,1,227.28,In-Store
11003,172,2239,2025-12-08,2,232.96,Online
11004,146,2932,2022-12-03,1,26.18,Online
11005,126,2714,2025-05-23,3,191.39,In-Store
11006,173,2599,2025-12-12,5,159.08,Online
11007,157,2452,2024-09-25,5,232.33,Online
11008,107,2366,2024-01-18,1,177.55,In-Store
11009,115,2354,2025-02-05,4,101.23,In-Store
11010,187,2344,2025-10-22,4,149.8,Online
11011,167,2686,2025-06-23,5,235.98,In-Store
11012,102,2671,2024-06-24,1,186.75,In-Store
11013,141,2682,2025-07-23,3,232.94,In-Store
11014,161,2992,2025-09-29,2,177.18,In-Store
11015,179,2885,2024-11-11,2,37.7,In-Store
11016,135,2318,2025-01-28,1,87.8,In-Store
11017,190,2583,2024-04-15,3,197.23,Online
11018,142,2952,2025-09-26,3,248.84,In-Store
11019,105,2388,2024-02-10,1,57.72,In-Store
11020,175,2603,2025-03-02,3,233.98,In-Store
11021,191,2372,2024-01-15,2,217.51,In-Store
11022,156,2783,2023-09-09,5,22.14,Online
11023,157,2994,2025-05-16,1,232.33,Online
11024,108,2486,2025-09-30,4,61.68,Online
11025,119,2672,2024-08-30,5,212.28,In-Store
11026,131,2192,2025-04-27,1,114.34,Online
11027,180,2304,2024-07-12,5,77.62,Online
11028,154,2817,2025-03-02,1,111.25,Online
11029,109,2897,2025-04-29,3,101.18,Online
11030,101,2434,2025-03-22,1,187.97,In-Store
11031,130,2926,2023-05-06,1,190.21,Online
11032,160,2606,2024-12-27,4,232.36,In-Store
11033,189,2201,2025-12-05,2,60.42,Online
11034,161,2890,2024-07-04,5,177.18,In-Store
11035,142,2034,2025-06-18,4,248.84,In-Store
11036,162,2299,2023-05-10,1,55.58,In-Store
11037,151,2593,2025-09-12,2,108.66,In-Store
11038,144,2820,2025-03-21,2,15.05,Online
11039,187,2841,2024-06-19,5,149.8,In-Store
11040,163,2945,2025-01-20,5,186.58,In-Store
11041,142,2073,2024-06-04,4,248.84,Online
11042,120,2235,2025-02-15,4,203.21,Online
11043,111,2026,2025-06-30,3,243.55,In-Store
11044,137,2993,2024-11-12,5,67.81,Online
11045,182,2032,2025-06-15,2,227.28,Online
11046,179,2896,2023-12-04,3,37.7,Online
11047,149,2652,2024-02-01,3,198.31,In-Store
11048,110,2875,2025-04-10,5,73.49,In-Store
11049,158,2377,2024-04-23,5,126.55,Online
11050,112,2406,2024-09-27,1,80.36,Online
11051,110,2545,2025-08-17,3,73.49,Online
11052,138,2607,2024-08-09,4,185.66,In-Store
11053,165,2236,2025-12-24,5,240.59,In-Store
11054,195,2108,2025-01-19,4,93.92,Online
11055,136,2163,2024-05-14,5,220.89,Online
11056,173,2868,2025-08-22,2,159.08,Online
11057,126,2801,2024-08-07,4,191.39,In-Store
11058,151,2309,2025-07-13,4,108.66,In-Store
11059,181,2620,2025-04-12,4,175.0,Online
11060,190,2962,2024-07-27,5,197.23,In-Store
11061,124,2704,2025-07-22,3,112.82,Online
11062,104,2283,2025-06-02,2,65.84,In-Store
11063,157,2319,2024-11-13,5,232.33,In-Store
11064,115,2796,2024-05-11,2,101.23,In-Store
11065,118,2228,2023-11-02,1,120.94,Online
11066,150,2461,2025-08-20,2,33.26,Online
11067,101,2646,2025-02-06,3,187.97,In-Store
11068,174,2851,2024-11-11,2,139.03,In-Store
11069,197,2093,2025-01-15,1,217.44,Online
11070,125,2325,2025-06-15,4,62.64,Online
11071,184,2541,2023-12-19,3,195.07,Online
11072,199,2309,2025-10-08,1,37.68,Online
11073,162,2353,2024-08-08,2,55.58,In-Store
11074,173,2988,2024-10-21,2,159.08,Online
11075,118,2005,2025-04-26,4,120.94,Online
11076,133,2074,2024-12-11,4,212.0,In-Store
11077,128,2274,2025-02-03,2,101.59,In-Store
11078,125,2962,2025-11-20,3,62.64,Online
11079,152,2309,2025-05-30,2,106.63,Online
11080,155,2336,2023-01-04,5,219.88,In-Store
11081,119,2482,2025-07-26,4,212.28,In-Store
11082,194,2781,2025-04-30,5,216.06,Online
11083,106,2778,2022-11-16,2,117.81,Online
11084,110,2762,2025-08-25,5,73.49,Online
11085,113,2879,2025-03-28,3,56.15,Online
11086,173,2847,2024-11-15,2,159.08,Online
11087,189,2057,2025-12-27,2,60.42,Online
11088,160,2252,2025-11-13,2,232.36,Online
11089,144,2877,2024-08-27,4,15.05,In-Store
11090,192,2144,2024-09-29,1,53.05,Online
11091,169,2985,2024-11-03,3,167.77,In-Store
11092,127,2500,2024-03-21,1,200.1,In-Store
11093,164,2179,2024-07-24,4,22.03,In-Store
11094,124,2683,2025-10-29,5,112.82,Online
11095,149,2481,2025-01-11,3,198.31,Online
11096,169,2069,2023-10-09,2,167.77,In-Store
11097,190,2816,2023-12-23,3,197.23,In-Store
11098,125,2248,2023-06-08,3,62.64,Online
11099,167,2545,2025-08-31,1,235.98,Online
11100,170,2932,2024-08-08,4,59.02,In-Store
11101,165,2814,2022-05-11,5,240.59,Online
11102,159,2868,2025-02-15,2,49.51,Online
11103,157,2139,2025-04-13,3,232.33,Online
11104,187,2390,2024-01-01,4,149.8,In-Store
11105,177,2977,2025-06-22,3,246.12,In-Store
11106,136,2015,2024-11-30,5,220.89,In-Store
11107,126,2105,2024-03-02,2,191.39,Online
11108,122,2652,2025-03-21,5,167.31,In-Store
11109,137,2330,2025-01-23,1,67.81,In-Store
11110,123,2136,2025-02-28,1,73.57,In-Store
11111,149,2967,2025-05-16,3,198.31,Online
11112,103,2567,2025-10-21,3,111.26,In-Store
11113,112,2556,2023-01-18,1,80.36,Online
11114,165,2978,2023-05-13,3,240.59,Online
11115,120,2487,2025-06-20,5,203.21,In-Store
11116,195,2776,2023-10-28,5,93.92,Online
11117,178,2694,2024-05-09,3,81.85,Online
11118,159,2143,2024-03-08,1,49.51,Online
11119,157,2336,2025-03-10,1,232.33,In-Store
11120,114,2161,2024-08-17,2,195.54,Online
11121,173,2859,2025-12-19,2,159.08,In-Store
11122,151,2049,2025-08-15,3,108.66,Online
11123,138,2543,2025-03-27,3,185.66,Online
11124,170,2773,2023-07-13,1,59.02,In-Store
11125,168,2707,2025-08-06,1,152.68,Online
11126,161,2685,2024-07-13,4,177.18,In-Store
11127,117,2861,2025-01-14,1,156.19,Online
11128,108,2399,2025-02-11,3,61.68,Online
11129,148,2695,2024-09-23,2,139.42,In-Store
11130,153,2605,2024-04-05,3,55.98,In-Store
11131,174,2603,2024-06-26,2,139.03,Online
11132,162,2538,2025-12-07,2,55.58,Online
11133,109,2249,2025-02-17,3,101.18,In-Store
11134,115,2271,2025-01-04,5,101.23,Online
11135,199,2665,2023-12-24,2,37.68,In-Store
11136,177,2509,2024-10-30,4,246.12,Online
11137,125,2735,2025-06-22,4,62.64,Online
11138,179,2569,2025-10-22,3,37.7,Online
11139,200,2548,2023-08-02,4,241.01,In-Store
11140,161,2075,2025-11-29,1,177.18,In-Store
11141,148,2680,2025-11-20,3,139.42,In-Store
11142,134,2299,2023-05-10,1,99.74,In-Store
11143,147,2393,2023-06-19,2,133.4,Online
11144,110,2080,2025-01-18,4,73.49,In-Store
11145,185,2996,2024-11-12,4,142.4,Online
11146,141,2808,2024-08-21,2,232.94,Online
11147,134,2882,2024-09-08,1,99.74,Online
11148,110,2179,2022-09-27,2,73.49,Online
11149,169,2432,2025-05-07,1,167.77,In-Store
11150,125,2891,2025-07-10,4,62.64,Online
11151,122,2317,2025-05-09,5,167.31,Online
11152,112,2343,2025-08-10,3,80.36,In-Store
11153,158,2778,2023-08-29,1,126.55,In-Store
11154,121,2143,2024-08-14,1,60.64,Online
11155,126,2188,2024-01-30,2,191.39,In-Store
11156,135,2170,2024-10-17,3,87.8,Online
11157,133,2671,2023-08-02,5,212.0,In-Store
11158,113,2711,2025-11-04,1,56.15,In-Store
11159,141,2480,2025-11-28,4,232.94,In-Store
11160,136,2876,2023-09-25,4,220.89,Online
11161,120,2482,2025-11-23,3,203.21,In-Store
11162,176,2012,2025-01-28,2,78.4,Online
11163,156,2422,2025-11-24,3,22.14,Online
11164,131,2942,2023-10-04,5,114.34,Online
11165,188,2625,2023-08-07,1,20.04,Online
11166,133,2912,2022-12-22,3,212.0,Online
11167,107,2359,2025-08-27,5,177.55,In-Store
11168,178,2722,2024-10-12,1,81.85,In-Store
11169,114,2113,2023-01-25,3,195.54,Online
11170,142,2288,2024-04-29,2,248.84,In-Store
11171,140,2664,2024-07-22,5,136.64,Online
11172,184,2595,2025-10-04,1,195.07,In-Store
11173,141,2823,2024-08-05,4,232.94,In-Store
11174,112,2157,2023-06-05,1,80.36,Online
11175,198,2484,2024-04-17,1,105.92,Online
11176,117,2444,2025-09-08,3,156.19,Online
11177,132,2625,2023-07-01,1,243.25,In-Store
11178,108,2779,2025-04-16,4,61.68,In-Store
11179,112,2259,2025-02-11,3,80.36,In-Store
11180,124,2890,2025-01-24,1,112.82,Online
11181,173,2180,2025-08-17,2,159.08,Online
11182,106,2950,2024-01-04,4,117.81,In-Store
11183,130,2470,2024-05-14,5,190.21,Online
11184,141,2966,2025-04-18,3,232.94,In-Store
11185,138,2810,2025-09-21,5,185.66,Online
11186,163,2131,2023-12-02,2,186.58,Online
11187,166,2131,2022-10-19,5,152.81,Online
11188,185,2557,2024-07-16,1,142.4,Online
11189,196,2003,2023-05-31,5,168.41,In-Store
11190,115,2938,2023-01-15,2,101.23,Online
11191,184,2710,2024-01-30,4,195.07,Online
11192,136,2149,2025-02-16,3,220.89,Online
11193,136,2213,2025-11-19,3,220.89,Online
11194,147,2340,2025-09-06,2,133.4,Online
11195,105,2889,2025-11-19,3,57.72,In-Store
11196,123,2487,2023-09-19,4,73.57,In-Store
11197,152,2796,2024-03-28,2,106.63,Online
11198,172,2085,2024-09-23,2,232.96,In-Store
11199,152,2757,2023-09-25,3,106.63,Online
11200,140,2378,2024-05-30,5,136.64,In-Store
11201,144,2591,2025-05-01,1,15.05,In-Store
11202,143,2598,2025-02-02,4,39.04,Online
11203,169,2875,2025-05-17,2,167.77,Online
11204,195,2944,2025-10-08,4,93.92,In-Store
11205,193,2064,2025-07-15,4,74.03,In-Store
11206,175,2331,2025-01-08,5,233.98,In-Store
11207,149,2293,2025-07-09,2,198.31,Online
11208,145,2839,2024-09-16,4,62.85,In-Store
11209,113,2618,2025-01-20,3,56.15,Online
11210,125,2792,2023-05-12,2,62.64,Online
11211,111,2345,2025-10-26,1,243.55,In-Store
11212,180,2107,2023-07-09,1,77.62,In-Store
11213,128,2156,2023-04-27,3,101.59,In-Store
11214,119,2682,2024-12-17,3,212.28,In-Store
11215,191,2181,2024-07-25,4,217.51,In-Store
11216,172,2652,2024-07-23,1,232.96,In-Store
11217,166,2170,2025-07-31,5,152.81,Online
11218,132,2505,2024-02-26,4,243.25,In-Store
11219,125,2333,2025-07-13,2,62.64,In-Store
11220,181,2791,2025-08-17,2,175.0,Online
11221,136,2984,2024-11-05,5,220.89,Online
11222,167,2893,2025-06-10,5,235.98,Online
11223,187,2397,2024-06-21,2,149.8,Online
11224,185,2352,2025-11-01,4,142.4,In-Store
11225,124,2700,2025-12-05,1,112.82,In-Store
11226,173,2292,2023-01-24,3,159.08,Online
11227,188,2301,2025-11-12,2,20.04,In-Store
11228,117,2263,2025-03-16,2,156.19,Online
11229,102,2026,2025-05-02,5,186.75,In-Store
11230,155,2786,2025-12-21,2,219.88,Online
11231,155,2414,2024-04-11,4,219.88,Online
11232,106,2166,2025-07-03,1,117.81,Online
11233,106,2192,2025-01-18,2,117.81,In-Store
11234,117,2883,2025-02-16,1,156.19,In-Store
11235,184,2137,2022-11-07,4,195.07,Online
11236,173,2020,2025-09-17,4,159.08,In-Store
11237,187,2151,2024-08-22,5,149.8,In-Store
11238,177,2499,2025-11-20,3,246.12,In-Store
11239,196,2115,2023-08-16,3,168.41,In-Store
11240,177,2042,2024-12-10,5,246.12,In-Store
11241,184,2232,2024-08-29,2,195.07,Online
11242,103,2312,2023-11-28,5,111.26,Online
11243,163,2598,2024-09-03,5,186.58,In-Store
11244,172,2363,2024-04-05,5,232.96,In-Store
11245,107,2271,2025-12-04,3,177.55,In-Store
11246,143,2409,2025-03-23,2,39.04,Online
11247,167,2320,2024-11-06,5,235.98,In-Store
11248,136,2021,2025-02-04,1,220.89,Online
11249,154,2862,2025-11-13,2,111.25,Online
11250,149,2238,2024-12-23,5,198.31,Online
11251,156,2760,2024-04-17,3,22.14,Online
11252,119,2873,2025-09-14,4,212.28,Online
11253,171,2243,2025-03-28,1,104.99,Online
11254,176,2965,2024-09-28,5,78.4,In-Store
11255,143,2250,2025-11-15,3,39.04,In-Store
11256,171,2886,2024-08-05,2,104.99,In-Store
11257,200,2802,2024-07-02,4,241.01,In-Store
11258,180,2249,2024-07-06,3,77.62,Online
11259,133,2890,2024-03-31,1,212.0,In-Store
11260,104,2577,2024-10-18,4,65.84,Online
11261,153,2044,2025-03-11,2,55.98,In-Store
11262,173,2771,2023-10-11,4,159.08,In-Store
11263,194,2042,2025-04-17,4,216.06,Online
11264,169,2482,2024-08-01,2,167.77,Online
11265,153,2916,2024-11-17,2,55.98,Online
11266,187,2814,2024-08-27,1,149.8,Online
11267,158,2215,2025-05-16,3,126.55,In-Store
11268,101,2139,2025-08-17,3,187.97,Online
11269,172,2533,2023-10-24,1,232.96,Online
11270,105,2929,2024-12-13,3,57.72,In-Store
11271,165,2033,2024-03-19,4,240.59,Online
11272,108,2057,2023-12-11,1,61.68,In-Store
11273,179,2635,2024-03-14,2,37.7,Online
11274,118,2435,2022-12-10,5,120.94,In-Store
11275,125,2770,2023-11-19,2,62.64,Online
11276,138,2039,2025-12-18,4,185.66,In-Store
11277,127,2390,2024-05-26,1,200.1,Online
11278,105,2492,2025-01-12,5,57.72,Online
11279,188,2302,2025-08-04,1,20.04,Online
11280,191,2433,2025-05-02,4,217.51,In-Store
11281,182,2734,2025-08-15,3,227.28,Online
11282,187,2733,2022-10-14,1,149.8,Online
11283,198,2404,2022-08-30,5,105.92,Online
11284,167,2729,2025-04-05,1,235.98,In-Store
11285,174,2616,2023-04-24,5,139.03,Online
11286,198,2953,2025-01-28,1,105.92,Online
11287,160,2683,2025-12-04,3,232.36,In-Store
11288,171,2067,2024-10-19,4,104.99,In-Store
11289,104,2564,2025-04-04,4,65.84,Online
11290,142,2252,2023-08-27,1,248.84,In-Store
11291,131,2537,2025-06-10,5,114.34,In-Store
11292,106,2814,2022-03-30,2,117.81,Online
11293,174,2352,2023-09-19,3,139.03,Online
11294,123,2930,2025-06-23,3,73.57,In-Store
11295,161,2677,2025-05-09,2,177.18,Online
11296,140,2668,2024-05-31,3,136.64,Online
11297,164,2587,2025-01-25,1,22.03,In-Store
11298,142,2367,2025-07-06,1,248.84,Online
11299,171,2375,2025-08-01,1,104.99,In-Store
11300,123,2266,2025-09-23,4,73.57,Online
11301,114,2150,2023-03-06,1,195.54,In-Store
11302,135,2652,2023-07-23,2,87.8,Online
11303,132,2334,2023-09-11,3,243.25,In-Store
11304,200,2446,2024-07-21,4,241.01,In-Store
11305,119,2520,2025-02-27,1,212.28,In-Store
11306,127,2928,2023-07-19,2,200.1,Online
11307,170,2114,2025-06-25,3,59.02,In-Store
11308,177,2941,2025-07-14,4,246.12,Online
11309,186,2063,2024-08-05,4,28.06,In-Store
11310,139,2512,2025-11-29,1,168.34,In-Store
11311,173,2394,2025-04-11,4,159.08,In-Store
11312,133,2934,2024-06-19,4,212.0,In-Store
11313,178,2316,2024-03-24,1,81.85,Online
11314,178,2766,2025-02-09,4,81.85,In-Store
11315,126,2746,2025-11-27,1,191.39,Online
11316,117,2001,2023-05-30,5,156.19,Online
11317,118,2015,2025-05-26,5,120.94,Online
11318,179,2498,2025-07-23,2,37.7,Online
11319,162,2066,2025-04-25,5,55.58,In-Store
11320,148,2396,2024-11-27,1,139.42,In-Store
11321,153,2731,2025-01-11,1,55.98,In-Store
11322,137,2974,2024-09-01,3,67.81,In-Store
11323,147,2247,2025-05-02,1,133.4,In-Store
11324,108,2358,2023-12-17,3,61.68,Online
11325,150,2159,2025-05-01,5,33.26,Online
11326,188,2287,2025-08-21,5,20.04,In-Store
11327,109,2999,2024-09-27,1,101.18,Online
11328,157,2171,2025-10-08,1,232.33,In-Store
11329,106,2387,2025-08-03,3,117.81,In-Store
11330,111,2983,2025-06-11,2,243.55,Online
11331,163,2486,2025-12-08,5,186.58,In-Store
11332,132,2132,2024-03-23,4,243.25,Online
11333,161,2281,2022-09-09,3,177.18,In-Store
11334,120,2067,2025-11-14,3,203.21,Online
11335,110,2465,2023-12-14,5,73.49,Online
11336,132,2164,2025-11-03,1,243.25,In-Store
11337,122,2876,2024-06-28,1,167.31,In-Store
11338,130,2171,2024-08-26,5,190.21,In-Store
11339,196,2942,2024-05-30,4,168.41,Online
11340,175,2018,2023-11-26,1,233.98,In-Store
11341,179,2588,2023-03-13,3,37.7,Online
11342,132,2635,2025-08-14,5,243.25,In-Store
11343,110,2154,2024-12-30,1,73.49,In-Store
11344,112,2758,2024-08-22,3,80.36,In-Store
11345,192,2055,2025-05-04,2,53.05,In-Store
11346,124,2422,2025-04-14,3,112.82,Online
11347,153,2789,2024-10-10,5,55.98,In-Store
11348,102,2535,2025-05-16,4,186.75,Online
11349,141,2508,2025-01-08,2,232.94,Online
11350,186,2853,2022-08-13,1,28.06,In-Store
11351,127,2291,2024-07-23,1,200.1,In-Store
11352,145,2649,2022-03-05,5,62.85,In-Store
11353,192,2617,2025-06-26,1,53.05,Online
11354,138,2254,2023-04-13,3,185.66,In-Store
11355,196,2395,2023-12-28,4,168.41,In-Store
11356,163,2528,2025-11-26,5,186.58,Online
11357,186,2182,2025-12-10,3,28.06,Online
11358,126,2404,2022-05-31,3,191.39,In-Store
11359,153,2105,2024-10-05,4,55.98,Online
11360,162,2169,2025-02-26,4,55.58,In-Store
11361,150,2098,2024-11-24,2,33.26,In-Store
11362,158,2160,2024-10-08,3,126.55,In-Store
11363,162,2973,2025-07-21,1,55.58,In-Store
11364,173,2569,2025-07-08,5,159.08,In-Store
11365,106,2398,2025-05-16,1,117.81,Online
11366,151,2091,2022-02-27,1,108.66,In-Store
11367,140,2520,2025-08-16,1,136.64,Online
11368,163,2809,2025-02-16,2,186.58,In-Store
11369,174,2834,2024-08-18,1,139.03,In-Store
11370,155,2124,2025-04-06,3,219.88,Online
11371,149,2464,2025-12-05,1,198.31,In-Store
11372,143,2532,2023-12-03,2,39.04,In-Store
11373,135,2159,2024-06-03,4,87.8,In-Store
11374,170,2576,2023-11-07,5,59.02,Online
11375,170,2810,2025-11-22,2,59.02,Online
11376,141,2825,2025-04-06,2,232.94,Online
11377,131,2277,2025-12-13,4,114.34,In-Store
11378,168,2373,2025-10-12,5,152.68,Online
11379,108,2794,2024-11-28,4,61.68,Online
11380,122,2418,2024-02-18,4,167.31,Online
11381,151,2190,2023-09-22,5,108.66,Online
11382,153,2510,2024-01-31,2,55.98,Online
11383,105,2548,2022-07-23,5,57.72,In-Store
11384,180,2646,2024-08-02,2,77.62,Online
11385,158,2252,2024-01-04,1,126.55,In-Store
11386,116,2907,2025-01-10,4,98.84,In-Store
11387,108,2393,2023-09-22,5,61.68,Online
11388,164,2284,2024-12-28,4,22.03,In-Store
11389,123,2349,2024-08-09,4,73.57,Online
11390,179,2463,2023-08-28,2,37.7,In-Store
11391,164,2358,2024-01-24,4,22.03,In-Store
11392,150,2243,2024-10-19,2,33.26,In-Store
11393,135,2754,2025-06-13,4,87.8,In-Store
11394,174,2799,2023-10-24,3,139.03,Online
11395,163,2822,2025-06-02,2,186.58,In-Store
11396,109,2174,2024-11-29,2,101.18,Online
11397,148,2259,2024-05-01,1,139.42,In-Store
11398,167,2137,2024-04-04,1,235.98,Online
11399,133,2455,2024-03-03,5,212.0,Online
11400,113,2581,2023-07-07,1,56.15,In-Store
11401,192,2132,2022-12-14,4,53.05,Online
11402,162,2803,2024-08-08,4,55.58,Online
11403,188,2659,2023-07-15,1,20.04,In-Store
11404,142,2171,2024-05-16,2,248.84,Online
11405,152,2604,2024-11-28,3,106.63,Online
11406,132,2353,2025-07-30,4,243.25,Online
11407,113,2060,2024-09-22,2,56.15,In-Store
11408,177,2590,2024-10-26,3,246.12,In-Store
11409,178,2104,2024-10-20,1,81.85,In-Store
11410,127,2470,2023-02-22,3,200.1,In-Store
11411,130,2245,2025-02-09,2,190.21,In-Store
11412,172,2286,2025-08-11,1,232.96,In-Store
11413,152,2415,2024-12-08,3,106.63,Online
11414,112,2042,2025-02-11,3,80.36,Online
11415,137,2832,2024-12-25,5,67.81,Online
11416,174,2309,2025-10-29,5,139.03,In-Store
11417,119,2503,2023-09-18,5,212.28,Online
11418,129,2233,2024-03-13,5,216.59,In-Store
11419,195,2814,2022-05-11,2,93.92,Online
11420,120,2468,2023-10-31,2,203.21,In-Store
11421,142,2152,2025-10-14,3,248.84,Online
11422,197,2674,2025-01-16,5,217.44,Online
11423,139,2759,2025-10-10,2,168.34,In-Store
11424,133,2835,2025-12-24,2,212.0,Online
11425,121,2134,2025-07-13,1,60.64,In-Store
11426,131,2895,2024-02-17,1,114.34,In-Store
11427,168,2350,2025-11-11,1,152.68,In-Store
11428,140,2484,2024-06-06,3,136.64,In-Store
11429,102,2672,2025-02-23,2,186.75,In-Store
11430,181,2584,2023-07-15,3,175.0,In-Store
11431,105,2983,2025-02-01,4,57.72,In-Store
11432,176,2952,2023-12-04,3,78.4,In-Store
11433,134,2802,2025-06-12,4,99.74,In-Store
11434,102,2250,2025-03-02,1,186.75,In-Store
11435,134,2595,2025-04-30,3,99.74,Online
11436,116,2533,2023-05-31,4,98.84,Online
11437,122,2128,2025-07-24,5,167.31,Online
11438,184,2796,2025-02-07,3,195.07,In-Store
11439,116,2700,2024-10-31,4,98.84,In-Store
11440,158,2706,2025-05-31,2,126.55,In-Store
11441,161,2881,2025-10-18,5,177.18,Online
11442,105,2080,2025-10-06,3,57.72,In-Store
11443,135,2166,2025-06-11,4,87.8,Online
11444,143,2777,2025-10-13,1,39.04,Online
11445,151,2313,2023-02-24,1,108.66,In-Store
11446,163,2783,2023-06-12,4,186.58,Online
11447,124,2252,2024-08-23,3,112.82,In-Store
11448,116,2548,2023-02-23,5,98.84,In-Store
11449,167,2805,2023-01-15,1,235.98,In-Store
11450,118,2051,2023-06-05,5,120.94,Online
11451,123,2403,2024-11-30,3,73.57,In-Store
11452,102,2890,2023-08-18,4,186.75,Online
11453,172,2903,2024-05-11,2,232.96,In-Store
11454,114,2787,2025-11-08,1,195.54,In-Store
11455,161,2136,2025-02-13,2,177.18,Online
11456,177,2334,2024-08-03,1,246.12,Online
11457,126,2610,2024-08-12,3,191.39,Online
11458,144,2457,2025-07-30,2,15.05,In-Store
11459,176,2419,2024-09-27,5,78.4,In-Store
11460,136,2156,2024-01-03,2,220.89,In-Store
11461,139,2095,2025-06-03,5,168.34,In-Store
11462,173,2209,2023-11-04,2,159.08,In-Store
11463,158,2998,2024-09-05,4,126.55,In-Store
11464,119,2191,2024-11-02,4,212.28,In-Store
11465,180,2863,2024-11-06,3,77.62,In-Store
11466,115,2811,2024-12-20,4,101.23,Online
11467,119,2347,2024-05-21,4,212.28,Online
11468,131,2174,2025-10-20,1,114.34,In-Store
11469,172,2034,2024-06-20,2,232.96,In-Store
11470,108,2993,2023-04-11,5,61.68,Online
11471,134,2698,2023-08-31,2,99.74,In-Store
11472,158,2659,2025-11-30,1,126.55,Online
11473,182,2786,2024-12-12,5,227.28,Online
11474,176,2879,2025-05-20,2,78.4,In-Store
11475,149,2040,2024-04-27,1,198.31,In-Store
11476,141,2463,2024-09-27,3,232.94,Online
11477,134,2548,2025-10-09,3,99.74,Online
11478,156,2619,2025-02-04,4,22.14,In-Store
11479,162,2031,2025-06-18,3,55.58,Online
11480,179,2040,2023-06-18,2,37.7,In-Store
11481,185,2813,2023-04-22,5,142.4,Online
11482,193,2432,2025-02-09,1,74.03,In-Store
11483,124,2592,2023-06-06,2,112.82,Online
11484,116,2087,2025-12-27,5,98.84,Online
11485,117,2280,2024-03-04,4,156.19,In-Store
11486,127,2289,2025-10-19,3,200.1,In-Store
11487,174,2027,2025-01-24,5,139.03,Online
11488,127,2378,2024-12-21,4,200.1,In-Store
11489,106,2425,2025-01-10,3,117.81,Online
11490,181,2419,2024-08-17,5,175.0,Online
11491,191,2215,2025-04-28,3,217.51,Online
11492,173,2959,2024-08-24,4,159.08,Online
11493,182,2344,2024-05-17,4,227.28,Online
11494,116,2124,2025-02-12,4,98.84,Online
11495,188,2586,2022-12-03,3,20.04,Online
11496,172,2020,2024-06-09,1,232.96,Online
11497,104,2549,2024-03-21,1,65.84,In-Store
11498,174,2123,2024-09-05,2,139.03,Online
11499,167,2782,2024-04-16,2,235.98,In-Store
11500,110,2638,2025-08-22,4,73.49,In-Store
11501,134,2719,2025-01-24,2,99.74,In-Store
11502,183,2837,2024-10-14,3,209.04,In-Store
11503,140,2018,2025-10-14,2,136.64,Online
11504,168,2731,2024-02-03,3,152.68,Online
11505,116,2351,2022-08-07,5,98.84,Online
11506,161,2955,2022-12-05,5,177.18,In-Store
11507,122,2894,2024-03-16,1,167.31,In-Store
11508,174,2233,2022-12-22,4,139.03,Online
11509,191,2586,2023-10-13,4,217.51,In-Store
11510,149,2355,2025-01-28,1,198.31,Online
11511,124,2832,2025-07-28,4,112.82,Online
11512,149,2344,2024-10-09,1,198.31,In-Store
11513,159,2760,2024-10-04,3,49.51,Online
11514,121,2931,2025-12-28,2,60.64,In-Store
11515,199,2500,2025-11-18,3,37.68,Online
11516,107,2381,2025-05-12,2,177.55,In-Store
11517,125,2190,2025-03-11,1,62.64,Online
11518,195,2392,2025-11-11,1,93.92,In-Store
11519,121,2090,2023-07-21,2,60.64,Online
11520,125,2377,2025-11-14,4,62.64,Online
11521,107,2333,2025-11-12,2,177.55,Online
11522,196,2686,2025-06-26,5,168.41,In-Store
11523,131,2217,2025-05-29,2,114.34,Online
11524,168,2655,2025-08-12,3,152.68,In-Store
11525,149,2411,2025-11-09,1,198.31,Online
11526,155,2795,2023-12-26,2,219.88,Online
11527,198,2314,2025-06-09,5,105.92,In-Store
11528,165,2411,2025-04-07,1,240.59,In-Store
11529,157,2033,2024-11-12,4,232.33,Online
11530,113,2587,2025-03-14,2,56.15,Online
11531,192,2730,2022-07-05,5,53.05,Online
11532,189,2831,2025-08-26,1,60.42,In-Store
11533,122,2115,2022-11-21,4,167.31,In-Store
11534,106,2039,2023-09-16,2,117.81,In-Store
11535,172,2290,2024-03-20,2,232.96,Online
11536,128,2196,2024-09-04,4,101.59,In-Store
11537,109,2928,2025-06-28,3,101.18,In-Store
11538,172,2753,2024-06-24,3,232.96,In-Store
11539,137,2775,2023-06-20,5,67.81,In-Store
11540,194,2918,2025-06-23,1,216.06,In-Store
11541,182,2573,2024-03-21,1,227.28,In-Store
11542,131,2773,2024-12-24,4,114.34,Online
11543,178,2771,2025-12-04,2,81.85,In-Store
11544,119,2728,2024-12-21,5,212.28,In-Store
11545,116,2282,2024-06-08,2,98.84,In-Store
11546,181,2183,2024-05-25,5,175.0,In-Store
11547,164,2412,2023-12-12,1,22.03,Online
11548,171,2106,2025-05-08,2,104.99,Online
11549,145,2834,2024-03-12,2,62.85,In-Store
11550,138,2351,2024-05-23,1,185.66,In-Store
11551,116,2344,2025-02-15,2,98.84,Online
11552,185,2825,2025-11-23,4,142.4,In-Store
11553,176,2303,2023-12-30,3,78.4,Online
11554,153,2294,2025-10-21,3,55.98,Online
11555,111,2046,2025-10-12,4,243.55,In-Store
11556,132,2170,2024-01-14,1,243.25,In-Store
11557,122,2547,2025-06-27,5,167.31,In-Store
11558,115,2326,2025-12-30,3,101.23,In-Store
11559,132,2024,2025-07-12,3,243.25,Online
11560,176,2021,2024-05-24,1,78.4,In-Store
11561,113,2353,2025-08-12,4,56.15,Online
11562,197,2017,2024-07-09,3,217.44,Online
11563,127,2650,2025-07-26,4,200.1,Online
11564,166,2097,2025-12-15,4,152.81,In-Store
11565,177,2906,2023-12-07,4,246.12,In-Store
11566,189,2829,2022-10-25,1,60.42,Online
11567,114,2214,2023-12-02,5,195.54,Online
11568,179,2093,2022-11-26,4,37.7,In-Store
11569,115,2605,2024-05-20,5,101.23,Online
11570,155,2328,2024-04-03,2,219.88,In-Store
11571,192,2360,2025-03-31,1,53.05,In-Store
11572,142,2744,2025-04-20,1,248.84,In-Store
11573,189,2553,2023-08-11,4,60.42,Online
11574,111,2229,2025-03-16,3,243.55,Online
11575,144,2946,2025-11-30,5,15.05,In-Store
11576,145,2761,2024-09-14,4,62.85,Online
11577,129,2782,2024-10-12,5,216.59,Online
11578,173,2047,2024-04-07,2,159.08,Online
11579,159,2456,2025-05-27,2,49.51,In-Store
11580,124,2720,2025-03-23,1,112.82,Online
11581,151,2771,2024-06-02,4,108.66,In-Store
11582,131,2395,2024-03-18,1,114.34,Online
11583,116,2063,2025-01-20,1,98.84,Online
11584,111,2846,2025-11-13,3,243.55,In-Store
11585,135,2893,2025-05-30,5,87.8,In-Store
11586,163,2471,2025-06-17,1,186.58,In-Store
11587,104,2424,2024-06-10,2,65.84,In-Store
11588,116,2757,2023-05-14,3,98.84,In-Store
11589,196,2505,2025-04-16,1,168.41,Online
11590,148,2418,2025-10-18,5,139.42,Online
11591,117,2629,2025-10-02,3,156.19,In-Store
11592,147,2234,2025-11-17,2,133.4,In-Store
11593,129,2527,2022-12-01,2,216.59,Online
11594,168,2324,2024-03-08,3,152.68,Online
11595,130,2406,2024-06-10,4,190.21,In-Store
11596,133,2044,2025-11-28,2,212.0,Online
11597,143,2896,2025-06-21,5,39.04,In-Store
11598,156,2312,2025-01-03,5,22.14,In-Store
11599,108,2290,2025-08-09,5,61.68,In-Store
11600,188,2027,2025-11-02,4,20.04,Online
11601,134,2697,2025-08-05,1,99.74,In-Store
11602,154,2852,2023-04-30,1,111.25,In-Store
11603,115,2045,2023-09-05,4,101.23,Online
11604,146,2423,2025-04-12,2,26.18,Online
11605,121,2811,2025-06-24,1,60.64,Online
11606,103,2854,2024-05-20,5,111.26,Online
11607,104,2732,2025-09-02,3,65.84,In-Store
11608,126,2141,2024-03-23,4,191.39,In-Store
11609,164,2648,2024-10-04,4,22.03,Online
11610,106,2720,2025-03-30,4,117.81,In-Store
11611,104,2047,2024-08-24,1,65.84,In-Store
11612,136,2468,2025-10-05,4,220.89,In-Store
11613,158,2472,2024-03-02,3,126.55,In-Store
11614,161,2943,2024-08-31,5,177.18,In-Store
11615,195,2685,2024-11-23,1,93.92,Online
11616,180,2133,2025-02-06,5,77.62,In-Store
11617,145,2722,2024-03-25,1,62.85,In-Store
11618,133,2876,2024-01-13,4,212.0,In-Store
11619,182,2410,2024-08-19,1,227.28,In-Store
11620,176,2375,2023-08-19,5,78.4,In-Store
11621,179,2451,2024-01-03,4,37.7,Online
11622,144,2142,2025-03-24,5,15.05,Online
11623,178,2627,2023-08-07,2,81.85,Online
11624,114,2490,2024-01-01,2,195.54,Online
11625,191,2718,2023-02-27,3,217.51,Online
11626,152,2652,2023-01-07,4,106.63,Online
11627,181,2266,2023-12-16,2,175.0,Online
11628,119,2447,2024-09-29,3,212.28,In-Store
11629,159,2537,2024-10-31,4,49.51,In-Store
11630,145,2399,2025-07-07,1,62.85,In-Store
11631,127,2030,2025-08-31,3,200.1,Online
11632,151,2786,2025-08-26,4,108.66,In-Store
11633,111,2500,2022-03-02,3,243.55,In-Store
11634,192,2127,2025-06-28,5,53.05,Online
11635,115,2810,2025-05-24,1,101.23,Online
11636,170,2402,2024-06-25,3,59.02,In-Store
11637,191,2711,2025-05-27,4,217.51,In-Store
11638,184,2388,2025-08-16,4,195.07,In-Store
11639,139,2899,2025-02-13,4,168.34,In-Store
11640,193,2447,2025-01-21,3,74.03,In-Store
11641,143,2941,2024-07-09,1,39.04,In-Store
11642,111,2291,2024-07-08,1,243.55,In-Store
11643,149,2238,2025-11-09,2,198.31,In-Store
11644,118,2047,2024-12-30,3,120.94,In-Store
11645,135,2616,2025-11-03,2,87.8,Online
11646,129,2158,2025-01-20,3,216.59,Online
11647,165,2455,2024-08-28,5,240.59,In-Store
11648,110,2511,2025-03-05,2,73.49,In-Store
11649,199,2176,2023-10-23,4,37.68,In-Store
11650,101,2281,2024-03-07,3,187.97,Online
11651,103,2475,2023-08-07,1,111.26,In-Store
11652,149,2674,2024-04-13,5,198.31,In-Store
11653,170,2227,2022-10-05,4,59.02,Online
11654,157,2626,2025-12-12,5,232.33,In-Store
11655,183,2520,2025-12-03,2,209.04,In-Store
11656,195,2464,2025-12-04,3,93.92,Online
11657,166,2365,2023-05-23,4,152.81,In-Store
11658,179,2707,2024-08-03,3,37.7,In-Store
11659,190,2015,2025-11-10,4,197.23,Online
11660,161,2137,2023-01-08,2,177.18,Online
11661,200,2997,2022-07-07,3,241.01,Online
11662,147,2249,2024-08-21,2,133.4,Online
11663,139,2003,2024-02-17,5,168.34,Online
11664,118,2856,2024-11-26,1,120.94,Online
11665,188,2273,2023-06-20,1,20.04,In-Store
11666,111,2865,2025-03-16,1,243.55,In-Store
11667,191,2768,2024-05-20,3,217.51,In-Store
11668,200,2063,2025-04-26,5,241.01,In-Store
11669,120,2726,2025-03-25,3,203.21,Online
11670,125,2026,2025-07-31,3,62.64,In-Store
11671,198,2033,2023-09-15,5,105.92,In-Store
11672,185,2537,2024-02-21,3,142.4,Online
11673,102,2675,2023-07-26,2,186.75,In-Store
11674,175,2175,2025-09-06,4,233.98,In-Store
11675,159,2814,2024-02-15,4,49.51,Online
11676,197,2635,2024-10-28,1,217.44,In-Store
11677,123,2552,2024-03-13,5,73.57,In-Store
11678,144,2328,2023-04-22,2,15.05,In-Store
11679,101,2143,2024-11-03,4,187.97,In-Store
11680,101,2900,2025-08-09,4,187.97,Online
11681,143,2988,2025-01-31,2,39.04,In-Store
11682,103,2652,2025-12-13,4,111.26,In-Store
11683,173,2742,2022-10-08,4,159.08,Online
11684,123,2243,2025-02-28,4,73.57,Online
11685,140,2699,2023-11-19,5,136.64,Online
11686,130,2763,2025-02-06,2,190.21,In-Store
11687,192,2821,2024-05-21,5,53.05,In-Store
11688,164,2850,2025-10-01,4,22.03,In-Store
11689,194,2389,2025-09-02,2,216.06,Online
11690,140,2685,2024-10-17,5,136.64,In-Store
11691,173,2157,2023-05-02,4,159.08,In-Store
11692,114,2008,2024-08-13,4,195.54,In-Store
11693,168,2345,2024-05-24,4,152.68,In-Store
11694,146,2040,2024-10-26,5,26.18,Online
11695,159,2389,2023-12-14,1,49.51,Online
11696,104,2700,2025-11-13,1,65.84,Online
11697,139,2667,2024-04-15,2,168.34,Online
11698,172,2906,2023-10-09,5,232.96,In-Store
11699,179,2311,2023-03-08,1,37.7,Online
11700,187,2363,2024-05-28,3,149.8,Online
11701,196,2145,2025-10-01,1,168.41,In-Store
11702,108,2161,2025-04-18,4,61.68,Online
11703,192,2617,2024-12-14,3,53.05,In-Store
11704,191,2730,2023-06-16,2,217.51,Online
11705,122,2454,2023-07-27,4,167.31,In-Store
11706,130,2906,2025-02-06,4,190.21,Online
11707,181,2371,2025-09-20,2,175.0,Online
11708,189,2677,2025-12-12,3,60.42,Online
11709,165,2839,2025-05-21,2,240.59,In-Store
11710,143,2137,2023-11-14,2,39.04,In-Store
11711,134,2693,2024-09-22,3,99.74,Online
11712,171,2861,2025-10-25,5,104.99,Online
11713,188,2603,2023-09-14,1,20.04,Online
11714,148,2492,2024-07-10,4,139.42,In-Store
11715,149,2194,2023-12-19,5,198.31,In-Store
11716,134,2719,2023-07-05,3,99.74,Online
11717,138,2083,2023-06-04,2,185.66,In-Store
11718,155,2249,2025-12-19,3,219.88,Online
11719,137,2121,2024-07-12,1,67.81,In-Store
11720,113,2306,2025-04-20,3,56.15,Online
11721,114,2419,2025-09-24,2,195.54,Online
11722,106,2737,2024-11-12,5,117.81,Online
11723,145,2418,2025-10-26,5,62.85,In-Store
11724,117,2377,2022-11-12,2,156.19,In-Store
11725,161,2903,2024-01-02,1,177.18,In-Store
11726,170,2553,2025-09-15,2,59.02,Online
11727,162,2305,2023-05-26,5,55.58,Online
11728,129,2245,2025-08-31,4,216.59,Online
11729,153,2210,2025-11-23,5,55.98,Online
11730,115,2867,2024-05-27,3,101.23,Online
11731,114,2540,2023-09-01,4,195.54,In-Store
11732,165,2365,2024-04-12,4,240.59,In-Store
11733,105,2676,2025-07-25,3,57.72,In-Store
11734,147,2782,2024-10-21,4,133.4,Online
11735,186,2815,2024-06-19,2,28.06,In-Store
11736,144,2283,2025-03-02,4,15.05,Online
11737,137,2588,2024-09-02,3,67.81,In-Store
11738,186,2789,2025-01-28,1,28.06,In-Store
11739,153,2678,2025-10-23,1,55.98,Online
11740,105,2168,2025-06-20,4,57.72,In-Store
11741,188,2842,2024-05-14,3,20.04,Online
11742,198,2595,2025-10-04,2,105.92,Online
11743,166,2195,2025-12-13,3,152.81,Online
11744,190,2058,2025-05-26,1,197.23,Online
11745,119,2442,2024-10-23,3,212.28,Online
11746,116,2171,2025-10-24,1,98.84,Online
11747,113,2518,2025-09-28,3,56.15,Online
11748,168,2227,2023-12-07,5,152.68,Online
11749,149,2966,2025-05-09,2,198.31,In-Store
11750,113,2275,2025-07-18,5,56.15,In-Store
11751,132,2568,2025-08-11,2,243.25,In-Store
11752,188,2774,2025-05-04,4,20.04,Online
11753,160,2113,2023-08-28,5,232.36,Online
11754,196,2192,2025-10-07,2,168.41,Online
11755,127,2183,2024-07-08,4,200.1,Online
11756,178,2788,2025-09-06,5,81.85,Online
11757,141,2742,2023-03-21,4,232.94,In-Store
11758,118,2473,2025-07-12,2,120.94,In-Store
11759,101,2294,2025-01-29,4,187.97,Online
11760,125,2522,2024-01-21,2,62.64,Online
11761,133,2275,2025-11-19,1,212.0,In-Store
11762,183,2925,2025-12-24,2,209.04,Online
11763,176,2387,2024-12-15,4,78.4,In-Store
11764,142,2870,2024-08-01,1,248.84,Online
11765,148,2116,2025-07-09,3,139.42,In-Store
11766,189,2913,2023-09-26,4,60.42,In-Store
11767,174,2889,2025-11-14,2,139.03,In-Store
11768,161,2754,2025-04-15,3,177.18,In-Store
11769,144,2269,2023-08-10,2,15.05,In-Store
11770,198,2896,2025-06-21,1,105.92,In-Store
11771,165,2394,2022-12-30,2,240.59,Online
11772,176,2645,2025-12-02,1,78.4,In-Store
11773,113,2616,2025-01-03,2,56.15,Online
11774,185,2441,2025-03-23,4,142.4,Online
11775,121,2589,2025-03-18,2,60.64,In-Store
11776,138,2502,2024-10-23,1,185.66,In-Store
11777,122,2741,2025-11-01,5,167.31,In-Store
11778,159,2106,2025-11-23,1,49.51,Online
11779,197,2490,2025-02-11,2,217.44,Online
11780,154,2882,2025-06-23,3,111.25,Online
11781,115,2833,2023-08-07,1,101.23,Online
11782,168,2185,2025-11-16,1,152.68,Online
11783,102,2358,2025-01-29,2,186.75,Online
11784,159,2303,2024-10-29,5,49.51,In-Store
11785,197,2454,2025-02-10,4,217.44,In-Store
11786,156,2994,2024-12-03,3,22.14,In-Store
11787,112,2693,2025-05-27,5,80.36,In-Store
11788,101,2733,2023-04-02,4,187.97,Online
11789,181,2151,2025-05-29,3,175.0,In-Store
11790,193,2407,2025-10-20,1,74.03,Online
11791,131,2631,2023-10-14,3,114.34,In-Store
11792,138,2980,2025-07-24,2,185.66,Online
11793,161,2101,2024-03-19,3,177.18,In-Store
11794,164,2244,2024-02-26,4,22.03,In-Store
11795,141,2565,2023-03-05,3,232.94,In-Store
11796,115,2537,2025-12-12,4,101.23,Online
11797,115,2815,2024-03-03,1,101.23,In-Store
11798,103,2194,2023-12-18,4,111.26,Online
11799,179,2162,2024-09-27,1,37.7,In-Store
11800,165,2144,2024-02-09,4,240.59,In-Store
11801,130,2033,2025-01-04,3,190.21,In-Store
11802,163,2719,2025-06-06,3,186.58,In-Store
11803,140,2313,2022-07-16,1,136.64,Online
11804,167,2830,2023-05-27,4,235.98,In-Store
11805,178,2184,2023-04-14,2,81.85,In-Store
11806,197,2042,2025-12-13,3,217.44,In-Store
11807,117,2446,2023-06-20,1,156.19,Online
11808,120,2111,2025-11-09,2,203.21,Online
11809,200,2701,2023-07-02,3,241.01,Online
11810,196,2062,2025-11-11,3,168.41,In-Store
11811,124,2033,2024-10-28,4,112.82,In-Store
11812,172,2820,2023-06-28,4,232.96,Online
11813,158,2618,2025-02-15,4,126.55,In-Store
11814,163,2991,2025-02-07,1,186.58,In-Store
11815,118,2143,2024-01-22,3,120.94,Online
11816,165,2690,2025-08-09,3,240.59,Online
11817,152,2898,2023-07-05,2,106.63,In-Store
11818,200,2460,2024-06-21,5,241.01,Online
11819,167,2471,2024-06-06,4,235.98,Online
11820,188,2419,2024-07-20,5,20.04,Online
11821,158,2866,2024-06-05,1,126.55,Online
11822,138,2159,2024-05-04,2,185.66,In-Store
11823,110,2389,2025-07-31,2,73.49,Online
11824,173,2092,2024-12-01,5,159.08,In-Store
11825,111,2144,2023-11-24,1,243.55,In-Store
11826,196,2117,2025-06-07,4,168.41,Online
11827,109,2008,2025-11-07,3,101.18,Online
11828,173,2574,2025-08-16,4,159.08,In-Store
11829,171,2052,2023-05-03,5,104.99,Online
11830,170,2603,2025-03-18,4,59.02,Online
11831,191,2940,2025-04-25,4,217.51,In-Store
11832,192,2370,2025-10-11,5,53.05,Online
11833,122,2428,2023-12-31,4,167.31,Online
11834,137,2298,2024-10-02,3,67.81,In-Store
11835,177,2743,2025-01-16,4,246.12,In-Store
11836,138,2700,2025-05-07,5,185.66,Online
11837,195,2564,2024-12-21,1,93.92,In-Store
11838,148,2655,2025-01-26,5,139.42,In-Store
11839,148,2066,2025-08-19,2,139.42,In-Store
11840,174,2107,2023-03-15,5,139.03,In-Store
11841,124,2584,2024-05-26,5,112.82,Online
11842,137,2289,2024-10-31,4,67.81,Online
11843,188,2033,2025-07-08,2,20.04,In-Store
11844,134,2993,2024-10-22,5,99.74,Online
11845,172,2843,2024-01-25,2,232.96,In-Store
11846,189,2359,2025-04-23,2,60.42,In-Store
11847,184,2105,2024-04-20,3,195.07,In-Store
11848,102,2565,2025-11-02,5,186.75,Online
11849,160,2651,2025-06-03,1,232.36,In-Store
11850,153,2147,2025-06-12,2,55.98,Online
11851,154,2951,2023-11-07,3,111.25,In-Store
11852,198,2905,2025-06-05,4,105.92,In-Store
11853,166,2950,2023-08-11,1,152.81,In-Store
11854,151,2482,2024-04-22,3,108.66,In-Store
11855,159,2644,2024-06-03,5,49.51,Online
11856,154,2916,2025-08-17,5,111.25,In-Store
11857,154,2032,2024-04-06,5,111.25,In-Store
11858,163,2293,2025-09-15,5,186.58,In-Store
11859,123,2805,2023-09-29,3,73.57,In-Store
11860,140,2337,2024-05-29,1,136.64,Online
11861,172,2351,2024-08-05,1,232.96,In-Store
11862,131,2053,2024-12-07,4,114.34,Online
11863,111,2626,2023-11-25,3,243.55,In-Store
11864,175,2573,2023-05-31,5,233.98,Online
11865,131,2149,2025-02-15,1,114.34,Online
11866,174,2177,2025-08-06,1,139.03,Online
11867,153,2851,2025-08-16,5,55.98,Online
11868,107,2016,2023-12-23,4,177.55,In-Store
11869,194,2937,2025-01-27,1,216.06,Online
11870,103,2791,2025-07-20,2,111.26,In-Store
11871,122,2173,2024-10-24,5,167.31,Online
11872,181,2530,2025-07-01,5,175.0,Online
11873,135,2947,2025-01-22,2,87.8,Online
11874,111,2722,2025-12-23,1,243.55,Online
11875,200,2703,2024-12-11,2,241.01,Online
11876,139,2868,2025-05-12,3,168.34,Online
11877,151,2704,2022-08-24,1,108.66,Online
11878,160,2786,2025-01-09,5,232.36,Online
11879,168,2816,2024-10-30,2,152.68,Online
11880,139,2404,2022-09-10,2,168.34,Online
11881,179,2569,2025-01-17,2,37.7,Online
11882,198,2238,2024-11-16,1,105.92,Online
11883,198,2566,2023-11-25,2,105.92,In-Store
11884,119,2367,2024-08-17,2,212.28,Online
11885,119,2624,2023-01-23,5,212.28,In-Store
11886,199,2121,2025-04-20,2,37.68,Online
11887,107,2523,2023-09-13,2,177.55,In-Store
11888,157,2694,2025-10-14,1,232.33,Online
11889,122,2309,2024-12-15,4,167.31,In-Store
11890,111,2334,2025-12-10,3,243.55,In-Store
11891,182,2724,2023-01-23,1,227.28,Online
11892,192,2171,2025-12-12,1,53.05,Online
11893,128,2995,2025-08-15,4,101.59,In-Store
11894,129,2502,2025-10-01,2,216.59,Online
11895,102,2352,2024-06-25,3,186.75,Online
11896,197,2555,2024-02-01,2,217.44,In-Store
11897,106,2675,2022-08-26,3,117.81,Online
11898,174,2158,2024-07-22,3,139.03,In-Store
11899,112,2526,2024-07-20,4,80.36,Online
11900,166,2419,2024-05-14,4,152.81,Online
11901,177,2566,2025-09-06,5,246.12,In-Store
11902,102,2703,2022-11-05,2,186.75,In-Store
11903,145,2239,2023-08-31,5,62.85,Online
11904,132,2022,2023-01-05,3,243.25,Online
11905,157,2149,2024-08-06,5,232.33,Online
11906,191,2903,2025-02-01,5,217.51,Online
11907,177,2527,2025-09-18,2,246.12,In-Store
11908,148,2874,2025-07-03,5,139.42,Online
11909,151,2491,2023-09-22,2,108.66,Online
11910,173,2072,2024-04-21,4,159.08,Online
11911,146,2602,2023-04-06,3,26.18,Online
11912,148,2425,2024-03-05,3,139.42,Online
11913,187,2187,2025-10-03,2,149.8,Online
11914,102,2997,2025-11-08,3,186.75,Online
11915,200,2742,2024-11-30,4,241.01,Online
11916,178,2672,2025-05-02,2,81.85,Online
11917,176,2571,2024-09-06,1,78.4,Online
11918,113,2187,2023-04-27,1,56.15,In-Store
11919,154,2936,2025-05-13,5,111.25,In-Store
11920,125,2211,2025-05-14,3,62.64,Online
11921,156,2086,2024-04-17,2,22.14,In-Store
11922,148,2622,2025-08-12,1,139.42,Online
11923,188,2005,2024-08-26,4,20.04,In-Store
11924,103,2245,2025-10-08,1,111.26,Online
11925,127,2104,2025-10-05,4,200.1,In-Store
11926,165,2499,2025-09-21,4,240.59,Online
11927,196,2185,2025-11-26,1,168.41,Online
11928,107,2781,2024-11-17,1,177.55,In-Store
11929,153,2361,2025-01-19,5,55.98,In-Store
11930,163,2265,2024-09-30,2,186.58,In-Store
11931,174,2013,2025-08-26,2,139.03,Online
11932,138,2160,2024-11-22,2,185.66,Online
11933,124,2794,2025-11-25,5,112.82,In-Store
11934,192,2089,2022-10-10,4,53.05,In-Store
11935,103,2106,2025-02-16,1,111.26,In-Store
11936,160,2182,2025-04-30,1,232.36,In-Store
11937,157,2623,2023-08-27,1,232.33,In-Store
11938,196,2585,2022-06-27,1,168.41,In-Store
11939,166,2330,2022-08-20,4,152.81,In-Store
11940,105,2343,2023-12-30,1,57.72,In-Store
11941,200,2355,2025-11-04,3,241.01,Online
11942,149,2789,2025-01-18,3,198.31,In-Store
11943,137,2453,2025-01-10,4,67.81,Online
11944,145,2634,2023-08-28,4,62.85,In-Store
11945,156,2415,2025-07-15,4,22.14,In-Store
11946,102,2689,2022-10-15,1,186.75,Online
11947,140,2044,2025-01-10,4,136.64,In-Store
11948,136,2116,2024-04-10,3,220.89,Online
11949,193,2882,2024-11-29,5,74.03,Online
11950,111,2993,2024-06-25,3,243.55,Online
11951,141,2472,2024-05-21,4,232.94,Online
11952,185,2954,2024-11-24,2,142.4,In-Store
11953,151,2169,2025-06-28,5,108.66,In-Store
11954,165,2228,2024-02-10,2,240.59,Online
11955,199,2456,2025-12-08,1,37.68,Online
11956,169,2272,2025-10-23,5,167.77,Online
11957,141,2703,2023-07-08,1,232.94,In-Store
11958,125,2711,2024-06-21,1,62.64,Online
11959,162,2375,2023-07-03,2,55.58,In-Store
11960,179,2042,2023-12-18,4,37.7,Online
11961,187,2385,2025-01-03,5,149.8,Online
11962,118,2727,2024-04-15,5,120.94,Online
11963,114,2468,2025-02-14,1,195.54,Online
11964,110,2326,2025-05-31,1,73.49,In-Store
11965,150,2956,2024-07-06,1,33.26,Online
11966,102,2555,2025-04-03,4,186.75,In-Store
11967,189,2607,2025-10-25,4,60.42,Online
11968,102,2981,2022-08-06,4,186.75,Online
11969,152,2312,2024-10-11,3,106.63,In-Store
11970,154,2551,2025-01-24,5,111.25,In-Store
11971,165,2660,2024-11-26,5,240.59,In-Store
11972,136,2721,2024-12-30,1,220.89,Online
11973,195,2059,2025-11-13,3,93.92,Online
11974,194,2675,2024-07-11,5,216.06,Online
11975,119,2263,2024-05-15,3,212.28,Online
11976,139,2542,2023-09-17,5,168.34,Online
11977,124,2456,2023-02-13,1,112.82,Online
11978,167,2989,2025-09-30,3,235.98,In-Store
11979,173,2739,2024-09-19,4,159.08,In-Store
11980,184,2005,2025-09-20,4,195.07,In-Store
11981,134,2577,2024-04-30,5,99.74,In-Store
11982,151,2458,2024-02-29,3,108.66,In-Store
11983,144,2212,2023-02-20,1,15.05,In-Store
11984,160,2839,2024-09-15,5,232.36,Online
11985,147,2523,2023-08-07,4,133.4,In-Store
11986,188,2069,2024-06-03,3,20.04,Online
11987,193,2529,2025-02-26,4,74.03,Online
11988,179,2034,2023-07-31,2,37.7,Online
11989,200,2313,2025-07-31,1,241.01,In-Store
11990,182,2260,2024-03-13,2,227.28,In-Store
11991,172,2322,2024-07-24,5,232.96,Online
11992,191,2994,2025-07-15,4,217.51,Online
11993,102,2827,2024-03-22,2,186.75,Online
11994,176,2894,2023-10-01,5,78.4,In-Store
11995,184,2061,2025-11-17,5,195.07,Online
11996,165,2006,2025-04-01,3,240.59,In-Store
11997,148,2232,2023-08-28,3,139.42,In-Store
11998,141,2837,2024-12-08,4,232.94,Online
11999,176,2565,2023-11-16,2,78.4,In-Store
12000,185,2999,2025-08-22,1,142.4,Online
12001,142,2144,2025-10-07,3,248.84,Online
12002,181,2339,2025-10-15,2,175.0,In-Store
12003,126,2265,2025-11-23,4,191.39,Online
12004,158,2124,2025-06-01,5,126.55,In-Store
12005,145,2446,2024-11-01,3,62.85,In-Store
12006,114,2993,2024-03-03,2,195.54,In-Store
12007,174,2714,2024-03-01,5,139.03,Online
12008,190,2682,2025-06-21,4,197.23,In-Store
12009,105,2233,2023-06-03,2,57.72,Online
12010,143,2194,2025-04-23,5,39.04,In-Store
12011,152,2771,2025-04-03,4,106.63,In-Store
12012,138,2424,2024-04-02,2,185.66,In-Store
12013,110,2530,2024-12-17,3,73.49,Online
12014,161,2032,2024-06-13,3,177.18,Online
12015,200,2157,2024-10-01,2,241.01,Online
12016,167,2003,2023-08-26,4,235.98,In-Store
12017,153,2468,2024-03-04,2,55.98,In-Store
12018,177,2233,2023-01-07,1,246.12,In-Store
12019,164,2217,2025-11-21,2,22.03,Online
12020,135,2489,2024-10-11,4,87.8,Online
12021,114,2203,2025-04-07,3,195.54,Online
12022,189,2288,2025-04-03,2,60.42,In-Store
12023,169,2384,2025-01-21,5,167.77,In-Store
12024,139,2649,2023-01-27,2,168.34,Online
12025,197,2888,2025-01-05,4,217.44,Online
12026,176,2966,2024-12-03,3,78.4,In-Store
12027,166,2236,2025-05-10,3,152.81,Online
12028,185,2991,2024-07-03,2,142.4,In-Store
12029,122,2351,2024-03-15,2,167.31,Online
12030,164,2933,2023-06-28,1,22.03,In-Store
12031,112,2609,2025-06-20,3,80.36,In-Store
12032,183,2757,2023-12-29,5,209.04,In-Store
12033,155,2717,2025-08-05,3,219.88,Online
12034,188,2344,2024-03-24,5,20.04,In-Store
12035,124,2189,2024-08-01,3,112.82,In-Store
12036,193,2613,2024-08-28,5,74.03,Online
12037,171,2521,2025-12-13,3,104.99,Online
12038,178,2527,2023-07-25,5,81.85,Online
12039,140,2018,2023-10-21,4,136.64,In-Store
12040,178,2202,2025-08-10,5,81.85,Online
12041,177,2469,2025-03-29,4,246.12,In-Store
12042,168,2377,2023-09-22,5,152.68,In-Store
12043,152,2726,2025-01-09,3,106.63,In-Store
12044,122,2279,2025-02-28,3,167.31,Online
12045,104,2424,2025-08-12,5,65.84,In-Store
12046,117,2943,2024-08-31,5,156.19,Online
12047,121,2504,2025-05-11,2,60.64,Online
12048,122,2664,2022-09-04,4,167.31,In-Store
12049,145,2867,2024-01-29,3,62.85,In-Store
12050,173,2584,2022-12-11,5,159.08,Online
12051,140,2923,2025-03-08,4,136.64,Online
12052,112,2942,2025-11-27,2,80.36,Online
12053,119,2015,2025-02-16,4,212.28,Online
12054,168,2330,2023-12-09,3,152.68,Online
12055,137,2236,2024-12-14,1,67.81,Online
12056,191,2590,2024-10-30,3,217.51,In-Store
12057,124,2729,2025-04-01,2,112.82,In-Store
12058,105,2972,2024-11-22,4,57.72,Online
12059,102,2945,2024-05-22,2,186.75,Online
12060,136,2723,2024-09-27,3,220.89,In-Store
12061,128,2285,2022-07-19,4,101.59,In-Store
12062,196,2184,2025-09-25,4,168.41,Online
12063,197,2065,2023-01-03,4,217.44,In-Store
12064,135,2394,2023-07-13,4,87.8,In-Store
12065,148,2094,2025-10-08,1,139.42,Online
12066,147,2834,2025-07-28,1,133.4,In-Store
12067,199,2915,2022-12-23,4,37.68,In-Store
12068,181,2003,2023-02-12,4,175.0,Online
12069,160,2666,2025-10-22,3,232.36,In-Store
12070,105,2907,2023-06-30,3,57.72,Online
12071,153,2948,2024-08-01,1,55.98,Online
12072,187,2383,2024-10-21,1,149.8,Online
12073,143,2310,2024-03-10,1,39.04,In-Store
12074,189,2941,2023-07-17,1,60.42,In-Store
12075,195,2322,2022-04-28,2,93.92,In-Store
12076,187,2621,2024-03-18,5,149.8,In-Store
12077,175,2526,2025-11-29,5,233.98,Online
12078,106,2068,2025-04-18,2,117.81,Online
12079,115,2087,2023-12-22,1,101.23,In-Store
12080,158,2742,2022-11-01,3,126.55,In-Store
12081,174,2619,2024-11-26,3,139.03,Online
12082,174,2148,2024-10-18,5,139.03,In-Store
12083,153,2142,2025-07-27,5,55.98,In-Store
12084,109,2659,2024-10-20,3,101.18,Online
12085,151,2970,2023-11-08,1,108.66,Online
12086,126,2683,2025-04-10,1,191.39,In-Store
12087,192,2402,2025-09-15,3,53.05,Online
12088,153,2786,2025-01-26,4,55.98,Online
12089,117,2936,2025-11-08,4,156.19,Online
12090,112,2867,2025-02-10,2,80.36,Online
12091,177,2471,2025-10-16,5,246.12,In-Store
12092,127,2425,2023-11-13,3,200.1,In-Store
12093,193,2013,2024-11-19,5,74.03,In-Store
12094,130,2417,2025-08-22,5,190.21,In-Store
12095,186,2831,2025-09-18,3,28.06,In-Store
12096,193,2917,2025-06-17,2,74.03,In-Store
12097,125,2522,2025-11-08,5,62.64,Online
12098,120,2487,2024-01-11,1,203.21,In-Store
12099,157,2052,2023-12-27,4,232.33,In-Store
12100,169,2481,2025-09-06,4,167.77,Online
12101,103,2965,2025-04-02,4,111.26,In-Store
12102,119,2939,2022-03-14,4,212.28,In-Store
12103,177,2509,2025-10-31,1,246.12,Online
12104,115,2199,2025-02-09,5,101.23,Online
12105,112,2233,2024-03-19,5,80.36,Online
12106,134,2561,2024-01-06,1,99.74,In-Store
12107,127,2317,2025-12-17,2,200.1,Online
12108,151,2538,2024-01-16,3,108.66,In-Store
12109,190,2547,2025-09-30,1,197.23,Online
12110,117,2900,2025-02-12,3,156.19,In-Store
12111,174,2254,2025-10-11,4,139.03,In-Store
12112,130,2771,2025-05-29,1,190.21,In-Store
12113,162,2682,2025-03-03,3,55.58,In-Store
12114,151,2014,2025-10-15,4,108.66,Online
12115,152,2611,2024-12-06,3,106.63,Online
12116,130,2654,2025-11-08,2,190.21,Online
12117,193,2491,2023-05-20,1,74.03,In-Store
12118,162,2038,2024-06-30,4,55.58,Online
12119,176,2769,2025-12-29,2,78.4,In-Store
12120,195,2581,2024-06-26,3,93.92,Online
12121,119,2803,2025-05-21,1,212.28,Online
12122,199,2912,2023-12-15,3,37.68,In-Store
12123,115,2601,2024-05-16,5,101.23,In-Store
12124,115,2234,2025-01-10,3,101.23,In-Store
12125,136,2524,2024-04-24,2,220.89,In-Store
12126,200,2753,2024-01-05,3,241.01,Online
12127,141,2712,2025-08-09,4,232.94,In-Store
12128,168,2458,2023-11-27,4,152.68,In-Store
12129,169,2202,2025-04-01,3,167.77,In-Store
12130,187,2652,2024-03-10,4,149.8,In-Store
12131,170,2127,2025-09-09,3,59.02,Online
12132,186,2008,2025-03-20,1,28.06,Online
12133,200,2691,2023-09-30,3,241.01,In-Store
12134,135,2408,2025-05-17,4,87.8,Online
12135,195,2096,2023-12-08,4,93.92,In-Store
12136,177,2427,2025-11-05,2,246.12,Online
12137,163,2233,2025-05-18,5,186.58,Online
12138,119,2675,2025-07-01,3,212.28,In-Store
12139,183,2280,2024-12-26,2,209.04,Online
12140,152,2959,2025-10-03,4,106.63,In-Store
12141,118,2102,2024-01-22,5,120.94,Online
12142,129,2225,2024-12-05,1,216.59,Online
12143,138,2423,2025-10-27,5,185.66,In-Store
12144,192,2447,2024-09-08,1,53.05,In-Store
12145,145,2518,2023-04-07,1,62.85,In-Store
12146,156,2017,2025-06-12,1,22.14,In-Store
12147,175,2454,2024-11-26,1,233.98,Online
12148,133,2695,2024-02-28,2,212.0,In-Store
12149,181,2214,2025-07-09,3,175.0,In-Store
12150,194,2647,2024-07-07,2,216.06,In-Store
12151,176,2406,2023-12-12,2,78.4,In-Store
12152,173,2817,2024-12-30,2,159.08,In-Store
12153,134,2165,2023-11-18,5,99.74,In-Store
12154,128,2277,2024-11-13,1,101.59,In-Store
12155,140,2638,2024-07-17,4,136.64,Online
12156,118,2390,2023-01-25,3,120.94,Online
12157,128,2707,2025-08-18,3,101.59,Online
12158,146,2083,2023-03-16,4,26.18,Online
12159,182,2106,2025-02-12,3,227.28,In-Store
12160,114,2470,2022-12-18,1,195.54,In-Store
12161,131,2752,2025-06-30,4,114.34,Online
12162,175,2268,2025-02-28,2,233.98,Online
12163,181,2999,2025-02-19,3,175.0,Online
12164,112,2552,2024-04-20,5,80.36,Online
12165,138,2753,2024-05-16,1,185.66,Online
12166,131,2987,2025-11-19,1,114.34,In-Store
12167,186,2093,2022-07-23,2,28.06,Online
12168,170,2406,2025-10-27,2,59.02,Online
12169,133,2782,2024-12-25,3,212.0,In-Store
12170,193,2760,2024-02-06,1,74.03,In-Store
12171,128,2305,2024-01-12,4,101.59,In-Store
12172,137,2613,2024-02-22,2,67.81,Online
12173,175,2453,2025-10-26,5,233.98,Online
12174,187,2694,2022-11-20,2,149.8,In-Store
12175,112,2075,2025-11-27,5,80.36,Online
12176,102,2075,2025-05-27,2,186.75,Online
12177,159,2993,2022-11-08,5,49.51,Online
12178,179,2707,2025-05-12,4,37.7,In-Store
12179,148,2235,2025-02-23,4,139.42,In-Store
12180,167,2402,2024-08-18,2,235.98,In-Store
12181,136,2139,2024-07-04,4,220.89,In-Store
12182,167,2619,2025-02-21,3,235.98,In-Store
12183,102,2534,2023-12-06,3,186.75,Online
12184,112,2644,2024-10-05,3,80.36,Online
12185,137,2770,2024-10-30,3,67.81,Online
12186,118,2812,2024-08-27,1,120.94,Online
12187,114,2839,2025-12-01,1,195.54,Online
12188,130,2996,2025-08-19,5,190.21,Online
12189,169,2840,2025-06-11,3,167.77,In-Store
12190,194,2900,2023-04-18,2,216.06,Online
12191,101,2637,2025-07-01,5,187.97,Online
12192,149,2882,2024-07-01,2,198.31,Online
12193,172,2095,2025-12-16,1,232.96,Online
12194,188,2631,2024-03-17,1,20.04,In-Store
12195,162,2442,2025-08-19,5,55.58,In-Store
12196,121,2696,2024-08-14,1,60.64,In-Store
12197,120,2352,2023-09-21,2,203.21,In-Store
12198,102,2918,2024-07-26,1,186.75,In-Store
12199,200,2096,2024-02-03,4,241.01,Online
12200,130,2876,2025-03-29,4,190.21,In-Store
12201,112,2096,2025-09-18,1,80.36,In-Store
12202,166,2746,2025-11-02,1,152.81,In-Store
12203,200,2987,2025-05-24,5,241.01,In-Store
12204,128,2287,2025-07-20,2,101.59,Online
12205,169,2311,2024-08-24,3,167.77,Online
12206,193,2635,2024-06-23,2,74.03,In-Store
12207,179,2084,2025-07-31,2,37.7,Online
12208,161,2026,2024-11-06,5,177.18,In-Store
12209,138,2456,2023-01-26,4,185.66,In-Store
12210,136,2432,2025-08-10,2,220.89,In-Store
12211,128,2016,2023-06-01,1,101.59,Online
12212,198,2874,2024-05-21,3,105.92,Online
12213,191,2018,2025-08-29,4,217.51,Online
12214,182,2050,2023-01-04,3,227.28,Online
12215,141,2713,2025-02-07,3,232.94,Online
12216,167,2094,2025-09-06,5,235.98,In-Store
12217,113,2259,2025-09-04,3,56.15,Online
12218,188,2327,2024-03-30,3,20.04,Online
12219,108,2014,2025-04-01,3,61.68,In-Store
12220,164,2587,2025-11-04,3,22.03,In-Store
12221,191,2209,2024-08-13,3,217.51,In-Store
12222,151,2535,2023-08-17,2,108.66,Online
12223,167,2580,2024-02-07,3,235.98,Online
12224,102,2024,2025-06-03,2,186.75,In-Store
12225,183,2903,2025-09-10,2,209.04,In-Store
12226,148,2383,2025-10-18,5,139.42,In-Store
12227,199,2173,2023-11-24,3,37.68,In-Store
12228,103,2046,2024-08-12,1,111.26,In-Store
12229,172,2663,2025-07-08,5,232.96,In-Store
12230,174,2019,2025-07-07,1,139.03,Online
12231,198,2745,2025-08-16,3,105.92,In-Store
12232,164,2114,2025-01-27,1,22.03,Online
12233,177,2645,2025-05-03,4,246.12,Online
12234,166,2580,2025-10-26,3,152.81,Online
12235,119,2866,2024-06-12,5,212.28,Online
12236,129,2743,2023-12-30,3,216.59,Online
12237,133,2033,2025-06-07,4,212.0,Online
12238,124,2738,2025-09-21,2,112.82,In-Store
12239,200,2915,2025-02-22,1,241.01,Online
12240,129,2310,2023-09-17,4,216.59,Online
12241,144,2465,2023-11-15,3,15.05,Online
12242,191,2994,2025-10-20,5,217.51,Online
12243,197,2319,2025-09-15,1,217.44,In-Store
12244,155,2430,2025-11-25,3,219.88,In-Store
12245,151,2898,2024-09-11,3,108.66,Online
12246,123,2315,2025-04-01,3,73.57,In-Store
12247,198,2851,2025-01-07,5,105.92,Online
12248,155,2835,2025-12-21,2,219.88,In-Store
12249,194,2029,2024-12-04,5,216.06,In-Store
12250,141,2925,2024-05-06,3,232.94,Online
12251,131,2499,2025-01-31,4,114.34,Online
12252,154,2966,2025-02-06,3,111.25,In-Store
12253,136,2152,2024-07-15,3,220.89,In-Store
12254,168,2352,2025-12-31,4,152.68,In-Store
12255,170,2261,2022-11-21,4,59.02,In-Store
12256,199,2174,2025-07-27,5,37.68,In-Store
12257,130,2371,2024-01-26,5,190.21,Online
12258,200,2450,2025-04-11,2,241.01,In-Store
12259,177,2893,2023-12-24,4,246.12,Online
12260,146,2674,2025-01-09,5,26.18,In-Store
12261,149,2865,2024-03-18,1,198.31,In-Store
12262,166,2089,2022-12-16,1,152.81,Online
12263,167,2649,2023-03-20,5,235.98,In-Store
12264,120,2496,2025-04-13,2,203.21,Online
12265,198,2167,2024-11-04,3,105.92,In-Store
12266,136,2777,2022-12-07,5,220.89,Online
12267,189,2248,2024-05-15,4,60.42,In-Store
12268,179,3000,2023-02-04,5,37.7,Online
12269,152,2488,2022-10-12,2,106.63,In-Store
12270,133,2290,2025-06-20,4,212.0,In-Store
12271,132,2043,2025-02-06,5,243.25,In-Store
12272,155,2999,2024-09-11,5,219.88,In-Store
12273,114,2405,2025-12-11,5,195.54,In-Store
12274,159,2396,2024-10-30,1,49.51,In-Store
12275,149,2474,2024-08-23,1,198.31,In-Store
12276,200,2724,2023-11-22,4,241.01,Online
12277,200,2347,2024-08-18,2,241.01,In-Store
12278,127,2815,2024-11-02,2,200.1,Online
12279,188,2901,2025-08-04,3,20.04,Online
12280,191,2520,2025-07-25,3,217.51,Online
12281,165,2460,2024-12-31,1,240.59,Online
12282,163,2181,2024-06-05,4,186.58,In-Store
12283,169,2697,2025-01-27,5,167.77,Online
12284,200,2679,2023-11-25,4,241.01,In-Store
12285,123,2898,2023-12-02,1,73.57,Online
12286,181,2499,2025-11-29,5,175.0,In-Store
12287,161,2107,2024-06-23,4,177.18,Online
12288,136,2973,2025-08-17,3,220.89,In-Store
12289,123,2929,2024-05-07,4,73.57,Online
12290,163,2014,2025-08-27,2,186.58,Online
12291,153,2424,2024-04-29,1,55.98,In-Store
12292,168,2123,2023-04-07,3,152.68,In-Store
12293,136,2068,2024-10-27,2,220.89,In-Store
12294,124,2340,2025-01-07,4,112.82,In-Store
12295,111,2780,2024-05-11,5,243.55,In-Store
12296,112,2139,2024-01-06,5,80.36,In-Store
12297,155,2244,2022-07-14,1,219.88,In-Store
12298,184,2344,2024-01-10,1,195.07,Online
12299,116,2462,2022-12-11,4,98.84,Online
12300,129,2011,2023-01-29,2,216.59,Online
12301,157,2006,2024-08-15,5,232.33,Online
12302,188,2297,2025-04-11,3,20.04,In-Store
12303,145,2682,2025-02-26,3,62.85,Online
12304,153,2330,2023-10-07,3,55.98,In-Store
12305,174,2412,2022-07-01,1,139.03,Online
12306,178,2223,2024-11-07,2,81.85,Online
12307,114,2199,2025-04-12,5,195.54,In-Store
12308,111,2848,2025-05-15,4,243.55,Online
12309,157,2286,2025-03-30,1,232.33,In-Store
12310,182,2253,2024-04-15,1,227.28,Online
12311,175,2739,2022-12-18,2,233.98,Online
12312,193,2608,2025-09-05,4,74.03,Online
12313,107,2459,2025-07-27,2,177.55,In-Store
12314,120,2425,2024-11-12,4,203.21,In-Store
12315,114,2508,2023-11-10,4,195.54,In-Store
12316,118,2101,2025-11-16,2,120.94,Online
12317,133,2886,2024-12-26,2,212.0,In-Store
12318,141,2542,2024-02-28,5,232.94,In-Store
12319,176,2122,2025-04-01,1,78.4,Online
12320,104,2009,2024-03-21,4,65.84,Online
12321,145,2364,2025-07-28,2,62.85,In-Store
12322,175,2438,2023-05-03,2,233.98,In-Store
12323,124,2286,2024-05-26,2,112.82,In-Store
12324,148,2240,2025-09-11,2,139.42,Online
12325,183,2947,2025-11-09,2,209.04,Online
12326,164,2265,2024-09-24,3,22.03,Online
12327,102,2754,2025-11-17,4,186.75,In-Store
12328,179,2765,2024-12-30,4,37.7,Online
12329,178,2599,2025-04-07,3,81.85,Online
12330,170,2285,2023-11-15,1,59.02,In-Store
12331,105,2794,2025-04-22,5,57.72,In-Store
12332,111,2762,2024-09-10,4,243.55,Online
12333,116,2997,2022-09-23,4,98.84,In-Store
12334,144,2624,2023-03-24,3,15.05,In-Store
12335,134,2494,2025-11-02,5,99.74,Online
12336,111,2399,2025-08-12,3,243.55,Online
12337,157,2862,2025-11-04,5,232.33,Online
12338,151,2044,2025-09-14,5,108.66,Online
12339,198,2526,2023-09-17,1,105.92,In-Store
12340,128,2143,2024-03-14,3,101.59,In-Store
12341,199,2219,2025-08-18,4,37.68,In-Store
12342,108,2512,2024-06-08,5,61.68,Online
12343,137,2716,2025-02-25,4,67.81,Online
12344,141,2141,2024-10-26,3,232.94,In-Store
12345,140,2275,2024-12-20,3,136.64,Online
12346,195,2037,2025-10-12,2,93.92,Online
12347,171,2759,2025-10-20,4,104.99,Online
12348,155,2816,2025-12-21,3,219.88,In-Store
12349,132,2376,2025-08-09,1,243.25,Online
12350,163,2350,2024-09-20,5,186.58,In-Store
12351,172,2294,2025-10-28,3,232.96,Online
12352,135,2781,2025-11-12,3,87.8,In-Store
12353,174,2885,2024-07-19,4,139.03,In-Store
12354,161,2372,2024-09-25,1,177.18,Online
12355,136,2751,2025-08-07,3,220.89,In-Store
12356,185,2012,2022-02-03,1,142.4,Online
12357,139,2690,2025-04-04,5,168.34,In-Store
12358,136,2931,2025-12-04,4,220.89,In-Store
12359,111,2890,2024-12-26,2,243.55,Online
12360,163,2562,2025-12-28,2,186.58,In-Store
12361,168,2668,2025-09-03,5,152.68,Online
12362,191,2007,2024-10-04,1,217.51,Online
12363,162,2680,2025-07-13,3,55.58,Online
12364,118,2213,2024-10-16,4,120.94,Online
12365,198,2228,2024-08-05,4,105.92,Online
12366,159,2723,2025-06-17,2,49.51,In-Store
12367,125,2340,2023-09-28,5,62.64,In-Store
12368,142,2855,2025-05-17,1,248.84,In-Store
12369,116,2448,2022-12-31,1,98.84,Online
12370,120,2532,2022-09-18,2,203.21,Online
12371,120,2643,2023-08-03,1,203.21,Online
12372,149,2465,2022-09-11,5,198.31,In-Store
12373,151,2321,2024-12-31,4,108.66,In-Store
12374,165,2400,2024-07-21,4,240.59,Online
12375,177,2096,2023-10-02,2,246.12,In-Store
12376,190,2345,2024-06-26,3,197.23,In-Store
12377,140,2433,2024-10-08,2,136.64,In-Store
12378,152,2140,2025-05-09,4,106.63,In-Store
12379,126,2400,2023-12-09,4,191.39,Online
12380,149,2888,2022-12-26,3,198.31,In-Store
12381,144,2197,2024-09-10,4,15.05,In-Store
12382,116,2227,2023-08-14,5,98.84,In-Store
12383,165,2128,2025-11-06,4,240.59,Online
12384,169,2041,2025-05-02,3,167.77,In-Store
12385,118,2299,2025-08-08,2,120.94,Online
12386,116,2805,2023-03-22,4,98.84,In-Store
12387,149,2175,2025-08-25,1,198.31,In-Store
12388,195,2951,2024-01-07,4,93.92,In-Store
12389,109,2351,2023-12-05,1,101.18,In-Store
12390,168,2981,2024-12-31,5,152.68,In-Store
12391,160,2806,2025-07-17,1,232.36,Online
12392,174,2166,2025-12-30,2,139.03,In-Store
12393,185,2838,2024-05-07,1,142.4,Online
12394,129,2501,2024-11-14,4,216.59,In-Store
12395,192,2390,2023-08-30,3,53.05,In-Store
12396,167,2971,2025-04-14,5,235.98,Online
12397,146,2652,2023-02-13,5,26.18,In-Store
12398,176,2815,2024-09-07,1,78.4,In-Store
12399,113,2445,2024-09-16,1,56.15,In-Store
12400,130,2044,2025-07-14,1,190.21,In-Store
12401,107,2389,2025-05-27,4,177.55,Online
12402,175,2650,2024-04-07,1,233.98,Online
12403,126,2521,2025-12-31,5,191.39,Online
12404,162,2244,2022-05-14,4,55.58,Online
12405,179,2157,2025-06-22,5,37.7,In-Store
12406,149,2304,2025-03-05,4,198.31,In-Store
12407,108,2998,2025-01-28,3,61.68,In-Store
12408,140,2317,2025-03-18,2,136.64,In-Store
12409,177,2917,2024-04-24,5,246.12,Online
12410,186,2204,2025-03-24,5,28.06,In-Store
12411,151,2577,2024-06-04,2,108.66,Online
12412,176,2608,2025-12-25,5,78.4,In-Store
12413,193,2150,2024-12-05,4,74.03,Online
12414,167,2880,2025-02-08,2,235.98,Online
12415,193,2537,2024-02-26,2,74.03,Online
12416,185,2079,2024-05-06,3,142.4,Online
12417,181,2230,2025-07-23,3,175.0,Online
12418,137,2443,2024-09-05,1,67.81,Online
12419,126,2927,2023-08-21,5,191.39,Online
12420,138,2447,2024-06-26,3,185.66,In-Store
12421,104,2268,2025-12-31,1,65.84,In-Store
12422,164,2771,2023-11-13,5,22.03,In-Store
12423,171,2816,2023-02-22,2,104.99,In-Store
12424,102,2325,2025-06-07,4,186.75,Online
12425,191,2384,2025-11-03,2,217.51,Online
12426,169,2638,2024-11-13,5,167.77,In-Store
12427,145,2574,2025-05-22,4,62.85,In-Store
12428,147,2577,2025-05-03,1,133.4,In-Store
12429,167,2473,2024-04-24,5,235.98,In-Store
12430,175,2407,2024-12-26,2,233.98,In-Store
12431,178,2458,2023-11-06,2,81.85,In-Store
12432,101,2405,2025-11-20,2,187.97,In-Store
12433,161,2157,2024-03-03,3,177.18,Online
12434,125,2423,2024-12-01,5,62.64,Online
12435,128,2039,2025-02-07,2,101.59,In-Store
12436,108,2352,2024-04-29,2,61.68,Online
12437,142,2636,2025-10-27,1,248.84,Online
12438,113,2098,2025-03-19,4,56.15,Online
12439,144,2341,2025-02-03,2,15.05,Online
12440,180,2666,2024-12-18,1,77.62,In-Store
12441,172,2077,2025-03-09,5,232.96,Online
12442,131,2167,2025-05-22,1,114.34,Online
12443,164,2150,2024-01-23,1,22.03,Online
12444,125,2869,2025-10-20,5,62.64,In-Store
12445,162,2603,2022-06-20,3,55.58,In-Store
12446,148,2682,2025-11-01,4,139.42,In-Store
12447,170,2449,2025-11-11,1,59.02,Online
12448,189,2034,2025-12-27,5,60.42,Online
12449,147,2659,2025-07-11,1,133.4,Online
12450,162,2965,2024-10-15,2,55.58,In-Store
12451,113,2141,2024-07-27,4,56.15,In-Store
12452,109,2011,2023-03-01,3,101.18,Online
12453,158,2640,2024-04-20,1,126.55,Online
12454,114,2626,2024-12-14,1,195.54,In-Store
12455,158,2973,2025-05-21,4,126.55,In-Store
12456,187,2222,2024-02-18,5,149.8,Online
12457,121,2452,2024-02-08,5,60.64,In-Store
12458,155,2665,2025-06-07,2,219.88,In-Store
12459,156,2214,2024-03-03,3,22.14,In-Store
12460,109,2575,2023-11-01,2,101.18,In-Store
12461,139,2009,2024-06-12,5,168.34,In-Store
12462,113,2725,2025-06-11,3,56.15,In-Store
12463,121,2185,2024-06-29,3,60.64,In-Store
12464,109,2581,2024-01-10,4,101.18,In-Store
12465,193,2548,2023-01-12,3,74.03,In-Store
12466,177,2815,2025-04-03,3,246.12,In-Store
12467,200,2159,2025-03-21,5,241.01,Online
12468,132,2352,2024-07-24,2,243.25,In-Store
12469,128,2345,2025-09-11,5,101.59,Online
12470,199,2235,2025-09-25,1,37.68,In-Store
12471,144,2161,2024-08-07,1,15.05,Online
12472,143,2650,2025-01-13,4,39.04,In-Store
12473,134,2146,2024-06-25,2,99.74,In-Store
12474,112,2928,2023-02-21,3,80.36,In-Store
12475,168,2424,2024-12-26,3,152.68,In-Store
12476,198,2952,2025-04-11,1,105.92,In-Store
12477,140,2646,2023-04-23,4,136.64,Online
12478,162,2655,2025-08-18,5,55.58,Online
12479,143,2344,2025-06-01,2,39.04,Online
12480,161,2052,2025-06-29,2,177.18,In-Store
12481,173,2465,2025-01-23,3,159.08,Online
12482,180,2583,2023-02-21,4,77.62,In-Store
12483,105,2923,2025-10-31,4,57.72,Online
12484,119,2817,2024-08-22,3,212.28,In-Store
12485,133,2235,2024-10-21,2,212.0,Online
12486,184,2232,2023-06-30,5,195.07,Online
12487,115,2870,2025-01-08,3,101.23,In-Store
12488,134,2026,2024-10-18,3,99.74,In-Store
12489,118,2405,2025-08-11,1,120.94,In-Store
12490,150,2686,2024-03-27,3,33.26,In-Store
12491,155,2962,2025-07-19,4,219.88,Online
12492,121,2237,2025-04-08,2,60.64,Online
12493,162,2952,2023-08-22,2,55.58,In-Store
12494,117,2419,2025-12-12,2,156.19,In-Store
12495,118,2375,2023-07-29,4,120.94,Online
12496,163,2378,2025-08-07,5,186.58,In-Store
12497,143,2511,2025-11-10,2,39.04,In-Store
12498,153,2564,2025-05-22,4,55.98,In-Store
12499,183,2609,2025-11-12,4,209.04,Online
12500,132,2673,2023-09-24,4,243.25,Online
12501,103,2434,2023-04-12,5,111.26,In-Store
12502,172,2293,2024-05-10,4,232.96,In-Store
12503,168,2486,2025-12-01,2,152.68,In-Store
12504,159,2899,2025-04-08,1,49.51,Online
12505,190,2024,2025-01-27,5,197.23,Online
12506,153,2660,2023-12-23,5,55.98,In-Store
12507,152,2273,2023-05-13,2,106.63,Online
12508,191,2889,2023-10-21,5,217.51,Online
12509,102,2408,2025-11-10,4,186.75,Online
12510,127,2729,2025-05-20,2,200.1,In-Store
12511,162,2534,2022-10-15,5,55.58,In-Store
12512,160,2148,2023-09-30,3,232.36,In-Store
12513,137,2421,2023-10-11,1,67.81,Online
12514,166,2575,2024-07-18,5,152.81,Online
12515,194,2530,2024-09-24,3,216.06,Online
12516,146,2881,2024-08-23,2,26.18,In-Store
12517,135,2903,2024-05-16,2,87.8,Online
12518,196,2619,2024-12-27,2,168.41,Online
12519,157,2601,2025-05-30,4,232.33,Online
12520,124,2996,2025-06-24,3,112.82,Online
12521,111,2125,2025-04-25,4,243.55,In-Store
12522,160,2144,2024-10-24,4,232.36,Online
12523,157,2478,2024-06-07,5,232.33,In-Store
12524,116,2320,2023-07-21,1,98.84,Online
12525,112,2480,2024-11-05,3,80.36,Online
12526,160,2499,2025-08-27,4,232.36,Online
12527,188,2993,2025-09-14,4,20.04,In-Store
12528,164,2509,2025-05-13,3,22.03,Online
12529,163,2957,2024-04-27,4,186.58,In-Store
12530,198,2803,2024-01-19,5,105.92,Online
12531,192,2624,2023-07-23,1,53.05,Online
12532,136,2618,2025-12-30,3,220.89,In-Store
12533,122,2984,2025-01-20,5,167.31,In-Store
12534,103,2964,2024-07-18,4,111.26,Online
12535,154,2287,2025-06-28,2,111.25,Online
12536,157,2873,2025-06-12,2,232.33,Online
12537,131,2413,2023-07-12,5,114.34,In-Store
12538,162,2245,2025-06-09,1,55.58,Online
12539,131,2207,2025-02-26,2,114.34,In-Store
12540,199,2424,2024-03-18,5,37.68,Online
12541,183,2463,2024-04-03,2,209.04,In-Store
12542,122,2394,2023-12-02,5,167.31,Online
12543,146,2594,2025-02-24,3,26.18,In-Store
12544,137,2366,2024-03-28,5,67.81,Online
12545,168,2714,2025-03-28,1,152.68,In-Store
12546,149,2379,2024-12-22,3,198.31,Online
12547,146,2324,2025-07-10,1,26.18,Online
12548,125,2575,2023-12-03,1,62.64,Online
12549,158,2344,2025-02-02,4,126.55,Online
12550,174,2859,2025-05-17,4,139.03,Online
12551,121,2203,2024-12-14,5,60.64,In-Store
12552,162,2412,2024-01-30,3,55.58,In-Store
12553,175,2487,2023-02-23,3,233.98,Online
12554,138,2225,2025-06-17,4,185.66,In-Store
12555,186,2801,2023-08-27,2,28.06,In-Store
12556,129,2650,2024-05-13,1,216.59,Online
12557,163,2600,2024-10-16,3,186.58,In-Store
12558,190,2639,2023-02-01,1,197.23,In-Store
12559,113,2828,2025-03-24,1,56.15,Online
12560,119,2657,2023-04-05,4,212.28,Online
12561,176,2899,2024-08-15,4,78.4,Online
12562,199,2824,2025-07-31,1,37.68,In-Store
12563,196,2671,2024-04-07,5,168.41,In-Store
12564,120,2673,2023-08-22,5,203.21,Online
12565,109,2738,2025-05-25,2,101.18,In-Store
12566,140,2779,2025-03-17,1,136.64,Online
12567,196,2390,2025-04-12,4,168.41,In-Store
12568,183,2481,2025-07-08,5,209.04,In-Store
12569,144,2292,2024-08-19,4,15.05,Online
12570,149,2012,2022-10-30,1,198.31,In-Store
12571,154,2970,2024-09-27,1,111.25,Online
12572,177,2866,2024-11-08,2,246.12,Online
12573,191,2035,2025-10-18,5,217.51,Online
12574,186,2925,2025-01-23,3,28.06,In-Store
12575,121,2244,2022-04-01,4,60.64,Online
12576,154,2597,2023-12-27,1,111.25,In-Store
12577,195,2432,2025-12-31,2,93.92,In-Store
12578,155,2579,2022-08-25,2,219.88,Online
12579,121,2272,2025-04-16,1,60.64,In-Store
12580,112,2105,2025-05-29,1,80.36,In-Store
12581,117,2213,2025-07-30,4,156.19,Online
12582,149,2368,2025-02-08,5,198.31,In-Store
12583,142,2716,2025-02-19,2,248.84,Online
12584,114,2488,2023-01-03,4,195.54,Online
12585,123,2468,2024-07-05,4,73.57,In-Store
12586,177,2687,2024-12-04,3,246.12,Online
12587,151,2914,2024-02-25,5,108.66,Online
12588,187,2304,2025-04-10,5,149.8,Online
12589,133,2453,2023-02-28,1,212.0,Online
12590,176,2202,2025-08-27,5,78.4,Online
12591,128,2245,2025-05-09,2,101.59,Online
12592,195,2371,2025-05-17,5,93.92,In-Store
12593,153,2312,2023-05-10,1,55.98,In-Store
12594,192,2436,2025-05-12,5,53.05,Online
12595,185,2946,2024-12-16,2,142.4,In-Store
12596,101,2663,2025-03-11,2,187.97,In-Store
12597,105,2320,2023-01-10,3,57.72,Online
12598,131,2801,2024-07-25,2,114.34,Online
12599,154,2282,2023-10-17,5,111.25,Online
12600,191,2656,2023-12-09,5,217.51,In-Store
12601,137,2580,2024-09-08,1,67.81,Online
12602,165,2293,2023-09-27,3,240.59,Online
12603,162,2550,2025-09-08,2,55.58,In-Store
12604,112,2603,2023-07-23,5,80.36,In-Store
12605,196,2735,2025-08-26,2,168.41,Online
12606,154,2351,2025-09-21,2,111.25,In-Store
12607,165,2979,2025-05-04,1,240.59,Online
12608,170,2230,2025-03-22,4,59.02,In-Store
12609,133,2466,2025-04-17,2,212.0,In-Store
12610,125,2449,2024-11-29,5,62.64,In-Store
12611,137,2717,2025-09-22,1,67.81,Online
12612,196,2734,2025-03-03,1,168.41,In-Store
12613,171,2006,2025-07-21,3,104.99,Online
12614,176,2298,2024-08-15,5,78.4,In-Store
12615,113,2782,2025-05-29,2,56.15,Online
12616,139,2015,2025-06-25,1,168.34,In-Store
12617,151,2061,2025-01-06,3,108.66,Online
12618,150,2151,2025-09-09,3,33.26,In-Store
12619,180,2823,2025-12-22,1,77.62,In-Store
12620,119,2859,2025-12-17,1,212.28,In-Store
12621,193,2300,2023-02-04,5,74.03,Online
12622,191,2729,2024-12-31,4,217.51,In-Store
12623,121,2216,2025-01-23,1,60.64,Online
12624,187,2153,2025-11-07,1,149.8,In-Store
12625,160,2750,2024-10-26,3,232.36,In-Store
12626,129,2956,2024-12-12,5,216.59,Online
12627,155,2798,2023-08-28,1,219.88,In-Store
12628,157,2248,2022-12-23,4,232.33,In-Store
12629,154,2120,2024-04-26,1,111.25,Online
12630,111,2297,2024-09-30,3,243.55,In-Store
12631,190,2963,2025-11-23,5,197.23,In-Store
12632,113,2264,2025-12-07,4,56.15,In-Store
12633,194,2710,2025-11-05,4,216.06,Online
12634,159,2287,2025-08-11,3,49.51,In-Store
12635,195,2432,2025-10-11,4,93.92,In-Store
12636,134,2738,2025-05-23,1,99.74,In-Store
12637,192,2618,2024-12-29,2,53.05,In-Store
12638,116,2150,2024-12-06,1,98.84,In-Store
12639,140,2032,2025-02-09,3,136.64,Online
12640,197,2674,2024-06-25,1,217.44,Online
12641,147,2425,2025-03-14,1,133.4,Online
12642,149,2985,2024-06-21,5,198.31,Online
12643,141,2117,2025-05-04,2,232.94,In-Store
12644,184,2110,2024-02-04,5,195.07,In-Store
12645,165,2867,2023-10-03,3,240.59,Online
12646,187,2543,2025-07-12,2,149.8,In-Store
12647,126,2002,2024-02-01,4,191.39,Online
12648,134,2200,2023-09-16,4,99.74,In-Store
12649,132,2564,2025-02-12,4,243.25,In-Store
12650,164,2194,2022-12-14,4,22.03,In-Store
12651,139,2556,2025-08-06,3,168.34,Online
12652,198,2774,2024-09-11,1,105.92,In-Store
12653,175,2851,2025-01-25,4,233.98,In-Store
12654,171,2743,2025-04-20,1,104.99,In-Store
12655,132,2540,2024-09-16,2,243.25,In-Store
12656,127,2295,2025-12-05,5,200.1,Online
12657,151,2771,2024-02-05,3,108.66,Online
12658,127,2974,2025-08-12,4,200.1,In-Store
12659,116,2090,2023-08-02,5,98.84,Online
12660,172,2437,2025-10-14,2,232.96,Online
12661,173,2527,2023-10-31,5,159.08,In-Store
12662,196,2900,2023-06-29,5,168.41,In-Store
12663,101,2171,2024-05-23,4,187.97,Online
12664,189,2095,2025-03-23,5,60.42,In-Store
12665,115,2580,2024-07-18,2,101.23,In-Store
12666,139,2968,2025-12-20,2,168.34,In-Store
12667,199,2549,2022-04-06,1,37.68,Online
12668,111,2429,2024-06-09,5,243.55,In-Store
12669,181,2376,2024-11-16,4,175.0,In-Store
12670,150,2553,2024-04-05,4,33.26,Online
12671,197,2554,2025-12-23,4,217.44,In-Store
12672,184,2044,2025-01-16,3,195.07,Online
12673,181,2127,2025-09-17,4,175.0,In-Store
12674,132,2653,2025-02-18,1,243.25,In-Store
12675,107,2238,2025-01-30,4,177.55,In-Store
12676,189,2929,2025-04-29,4,60.42,In-Store
12677,158,2109,2024-02-08,5,126.55,In-Store
12678,103,2044,2025-02-15,1,111.26,Online
12679,166,2320,2024-03-05,1,152.81,In-Store
12680,127,2863,2025-08-07,2,200.1,In-Store
12681,141,2063,2025-11-15,5,232.94,Online
12682,191,2541,2023-01-26,5,217.51,Online
12683,140,2946,2025-03-15,1,136.64,In-Store
12684,108,2155,2024-02-22,4,61.68,In-Store
12685,128,2023,2024-12-25,1,101.59,In-Store
12686,179,2756,2023-08-27,1,37.7,In-Store
12687,165,2557,2025-07-18,1,240.59,In-Store
12688,198,2019,2025-12-17,5,105.92,Online
12689,183,2190,2024-04-23,3,209.04,In-Store
12690,150,2734,2025-02-08,2,33.26,In-Store
12691,138,2611,2023-08-05,3,185.66,Online
12692,197,2462,2022-09-19,1,217.44,In-Store
12693,198,2037,2025-11-11,3,105.92,In-Store
12694,169,2489,2025-04-15,4,167.77,In-Store
12695,166,2430,2025-12-19,1,152.81,Online
12696,117,2037,2025-06-08,3,156.19,In-Store
12697,177,2351,2023-06-22,5,246.12,Online
12698,190,2752,2025-07-14,2,197.23,Online
12699,107,2529,2024-04-08,4,177.55,In-Store
12700,129,2535,2023-09-28,3,216.59,Online
12701,161,2897,2025-06-04,4,177.18,Online
12702,193,2556,2025-06-04,3,74.03,Online
12703,144,2767,2025-11-08,3,15.05,In-Store
12704,113,2408,2025-04-21,2,56.15,In-Store
12705,175,2803,2025-11-28,2,233.98,Online
12706,149,2013,2025-03-10,2,198.31,In-Store
12707,107,2930,2024-11-02,2,177.55,Online
12708,106,2117,2025-05-19,3,117.81,In-Store
12709,197,2179,2025-11-28,4,217.44,In-Store
12710,126,2044,2025-01-09,4,191.39,Online
12711,141,2064,2025-08-25,5,232.94,In-Store
12712,116,2883,2023-12-09,5,98.84,Online
12713,112,2764,2025-04-17,3,80.36,Online
12714,170,2599,2023-08-24,1,59.02,In-Store
12715,127,2241,2023-03-20,4,200.1,In-Store
12716,101,2411,2025-05-08,1,187.97,Online
12717,121,2401,2025-03-22,1,60.64,Online
12718,111,2424,2025-10-28,4,243.55,In-Store
12719,155,2202,2024-05-06,4,219.88,In-Store
12720,145,2665,2024-01-08,5,62.85,In-Store
12721,191,2256,2025-02-02,2,217.51,Online
12722,129,2517,2025-09-07,5,216.59,In-Store
12723,103,2727,2024-12-09,2,111.26,In-Store
12724,115,2800,2023-08-30,3,101.23,In-Store
12725,169,2824,2025-07-06,4,167.77,Online
12726,106,2617,2025-02-23,1,117.81,In-Store
12727,120,2482,2025-12-17,2,203.21,In-Store
12728,118,2750,2025-04-02,3,120.94,In-Store
12729,125,2970,2025-01-04,3,62.64,In-Store
12730,187,2708,2025-12-12,5,149.8,Online
12731,198,2180,2025-09-07,1,105.92,Online
12732,128,2232,2024-02-22,2,101.59,Online
12733,199,2910,2024-06-15,5,37.68,Online
12734,152,2148,2024-08-13,4,106.63,In-Store
12735,146,2492,2024-09-17,5,26.18,In-Store
12736,182,2427,2024-03-23,4,227.28,Online
12737,187,2955,2023-02-27,4,149.8,In-Store
12738,197,2911,2023-12-02,1,217.44,In-Store
12739,183,2623,2022-11-21,2,209.04,In-Store
12740,129,2185,2025-04-14,1,216.59,Online
12741,131,2885,2024-02-01,1,114.34,Online
12742,186,2314,2024-10-18,4,28.06,In-Store
12743,102,2265,2025-06-01,4,186.75,In-Store
12744,168,2238,2024-06-22,4,152.68,Online
12745,126,2178,2025-09-12,1,191.39,Online
12746,149,2707,2025-06-14,5,198.31,In-Store
12747,136,2862,2024-11-12,4,220.89,In-Store
12748,139,2996,2025-02-28,3,168.34,Online
12749,191,2262,2025-06-02,3,217.51,Online
12750,116,2951,2025-01-26,2,98.84,Online
12751,148,2664,2023-12-25,2,139.42,Online
12752,108,2691,2024-08-19,4,61.68,In-Store
12753,173,2049,2025-06-24,2,159.08,Online
12754,128,2627,2025-09-29,4,101.59,Online
12755,173,2983,2024-02-10,3,159.08,In-Store
12756,128,2144,2024-06-30,1,101.59,In-Store
12757,106,2469,2025-10-14,2,117.81,Online
12758,122,2420,2025-04-20,5,167.31,In-Store
12759,110,2224,2025-01-01,3,73.49,In-Store
12760,110,2250,2024-10-31,3,73.49,In-Store
12761,161,2106,2024-09-11,3,177.18,In-Store
12762,152,2080,2025-08-19,5,106.63,Online
12763,166,2779,2024-07-21,2,152.81,In-Store
12764,103,2253,2025-06-20,1,111.26,In-Store
12765,189,2753,2025-07-07,1,60.42,In-Store
12766,169,2979,2025-06-30,1,167.77,Online
12767,128,2087,2025-03-17,1,101.59,Online
12768,179,2362,2023-11-16,1,37.7,In-Store
12769,181,2679,2024-03-22,1,175.0,Online
12770,107,2793,2023-10-14,1,177.55,In-Store
12771,156,2420,2025-05-23,4,22.14,In-Store
12772,163,2413,2024-08-14,3,186.58,In-Store
12773,150,2784,2024-04-27,3,33.26,Online
12774,122,2439,2025-09-17,2,167.31,In-Store
12775,170,2393,2024-01-23,1,59.02,In-Store
12776,125,2195,2025-09-18,3,62.64,Online
12777,111,2286,2024-04-29,2,243.55,Online
12778,180,2311,2025-02-05,4,77.62,Online
12779,181,2136,2025-05-11,5,175.0,Online
12780,191,2120,2025-04-25,5,217.51,Online
12781,175,2221,2024-03-05,5,233.98,Online
12782,167,2887,2023-12-01,4,235.98,Online
12783,152,2633,2023-09-23,1,106.63,Online
12784,101,2494,2024-09-01,4,187.97,In-Store
12785,142,2743,2024-08-31,3,248.84,In-Store
12786,165,2802,2024-11-26,2,240.59,In-Store
12787,177,2137,2023-06-06,3,246.12,Online
12788,170,2845,2022-09-17,4,59.02,Online
12789,190,2569,2025-12-31,3,197.23,In-Store
12790,186,2347,2025-04-18,1,28.06,In-Store
12791,192,2500,2023-01-02,5,53.05,In-Store
12792,119,2812,2023-10-02,5,212.28,In-Store
12793,140,2891,2025-12-15,3,136.64,In-Store
12794,103,2822,2024-08-11,2,111.26,Online
12795,172,2427,2024-08-22,5,232.96,In-Store
12796,113,2422,2025-10-30,2,56.15,In-Store
12797,157,2157,2025-09-16,4,232.33,Online
12798,159,2006,2024-11-16,2,49.51,In-Store
12799,170,2534,2024-09-02,1,59.02,Online
12800,181,2909,2024-10-17,2,175.0,In-Store
12801,113,2721,2025-06-03,1,56.15,In-Store
12802,104,2875,2025-01-22,4,65.84,In-Store
12803,162,2737,2025-05-14,1,55.58,Online
12804,111,2954,2024-12-28,5,243.55,In-Store
12805,115,2673,2025-10-26,3,101.23,Online
12806,168,2417,2023-10-03,2,152.68,In-Store
12807,187,2256,2025-11-14,2,149.8,In-Store
12808,196,2516,2025-01-14,3,168.41,Online
12809,117,2666,2025-07-08,1,156.19,In-Store
12810,161,2545,2025-03-21,2,177.18,Online
12811,151,2859,2024-11-16,3,108.66,In-Store
12812,154,2318,2022-12-16,4,111.25,In-Store
12813,130,2385,2024-12-20,1,190.21,In-Store
12814,134,2839,2024-11-11,4,99.74,In-Store
12815,169,2334,2023-10-09,2,167.77,Online
12816,131,2030,2023-09-12,3,114.34,In-Store
12817,126,2892,2023-10-21,5,191.39,Online
12818,197,2998,2024-06-07,1,217.44,In-Store
12819,121,2980,2025-04-02,1,60.64,Online
12820,108,2600,2024-12-28,4,61.68,Online
12821,192,2027,2025-09-10,5,53.05,In-Store
12822,168,2953,2022-10-24,5,152.68,In-Store
12823,165,2473,2024-07-16,4,240.59,In-Store
12824,133,2035,2025-11-17,1,212.0,Online
12825,103,2447,2025-01-22,5,111.26,Online
12826,195,2666,2025-01-03,5,93.92,Online
12827,197,2470,2022-07-31,1,217.44,Online
12828,199,2868,2024-05-13,5,37.68,Online
12829,119,2181,2024-12-22,5,212.28,Online
12830,171,2385,2025-12-03,1,104.99,In-Store
12831,110,2172,2023-09-13,2,73.49,Online
12832,121,2114,2024-08-07,1,60.64,In-Store
12833,182,2407,2024-12-07,5,227.28,Online
12834,114,2666,2025-08-03,1,195.54,In-Store
12835,133,2912,2024-07-05,2,212.0,In-Store
12836,127,2411,2025-09-03,5,200.1,In-Store
12837,121,2783,2025-08-25,5,60.64,Online
12838,182,2742,2025-12-11,2,227.28,Online
12839,167,2468,2024-05-28,1,235.98,Online
12840,145,2554,2025-03-30,4,62.85,In-Store
12841,153,2888,2025-04-25,1,55.98,Online
12842,182,2625,2023-01-24,2,227.28,In-Store
12843,183,2996,2025-10-08,4,209.04,In-Store
12844,158,2384,2025-11-27,3,126.55,Online
12845,103,2167,2025-11-22,1,111.26,Online
12846,142,2219,2025-05-13,5,248.84,Online
12847,162,2632,2025-07-09,2,55.58,Online
12848,164,2218,2024-09-26,3,22.03,In-Store
12849,181,2622,2025-09-28,3,175.0,Online
12850,164,2246,2024-07-22,4,22.03,Online
12851,149,2933,2023-11-21,1,198.31,Online
12852,172,2733,2023-10-31,1,232.96,In-Store
12853,129,2784,2025-07-10,3,216.59,In-Store
12854,103,2750,2025-02-06,4,111.26,Online
12855,159,2308,2025-08-24,4,49.51,In-Store
12856,198,2883,2025-04-05,5,105.92,Online
12857,149,2320,2023-12-15,1,198.31,In-Store
12858,172,2686,2025-08-19,5,232.96,In-Store
12859,173,2619,2025-11-23,1,159.08,In-Store
12860,122,2956,2024-04-15,5,167.31,In-Store
12861,112,2170,2024-03-24,1,80.36,In-Store
12862,154,2590,2025-03-13,3,111.25,Online
12863,103,2855,2025-05-04,4,111.26,Online
12864,106,2770,2024-10-14,2,117.81,Online
12865,155,2295,2024-06-20,2,219.88,Online
12866,180,2199,2025-05-26,2,77.62,In-Store
12867,191,2936,2025-08-08,4,217.51,In-Store
12868,160,2662,2024-09-05,1,232.36,Online
12869,102,2788,2025-04-18,1,186.75,Online
12870,115,2489,2025-08-09,5,101.23,In-Store
12871,112,2217,2025-06-06,4,80.36,In-Store
12872,134,2221,2024-08-17,5,99.74,In-Store
12873,182,2864,2024-08-01,5,227.28,Online
12874,123,2691,2025-03-13,3,73.57,Online
12875,142,2898,2024-12-18,2,248.84,In-Store
12876,150,2760,2025-10-15,1,33.26,Online
12877,119,2914,2024-09-15,3,212.28,In-Store
12878,163,2382,2025-02-05,4,186.58,In-Store
12879,121,2426,2025-08-25,5,60.64,Online
12880,154,2421,2025-07-10,2,111.25,Online
12881,165,2857,2025-07-09,5,240.59,In-Store
12882,112,2039,2024-09-19,4,80.36,Online
12883,151,2730,2023-06-06,3,108.66,In-Store
12884,163,2669,2023-07-16,4,186.58,In-Store
12885,193,2335,2023-07-01,2,74.03,Online
12886,162,2146,2024-12-11,5,55.58,Online
12887,160,2825,2024-10-05,2,232.36,In-Store
12888,152,2775,2024-05-28,2,106.63,In-Store
12889,157,2443,2024-01-07,5,232.33,Online
12890,132,2568,2024-09-18,3,243.25,In-Store
12891,135,2813,2025-02-25,1,87.8,Online
12892,184,2450,2025-12-15,2,195.07,Online
12893,144,2883,2023-01-01,4,15.05,In-Store
12894,184,2584,2022-12-22,1,195.07,In-Store
12895,154,2015,2024-11-01,5,111.25,In-Store
12896,172,2622,2025-06-06,1,232.96,Online
12897,120,2252,2024-10-15,5,203.21,In-Store
12898,198,2481,2023-12-16,4,105.92,Online
12899,186,2090,2024-10-02,2,28.06,In-Store
12900,180,2142,2024-10-08,3,77.62,Online
12901,145,2678,2023-08-06,1,62.85,Online
12902,149,2458,2024-04-27,2,198.31,Online
12903,124,2579,2025-06-23,4,112.82,In-Store
12904,116,2825,2025-11-04,5,98.84,Online
12905,168,2916,2025-10-03,4,152.68,In-Store
12906,148,2298,2024-06-14,4,139.42,In-Store
12907,182,2100,2023-04-27,1,227.28,Online
12908,112,2145,2024-05-15,1,80.36,In-Store
12909,187,2201,2024-01-24,5,149.8,Online
12910,198,2500,2024-12-25,3,105.92,Online
12911,161,2388,2025-09-23,5,177.18,Online
12912,185,2797,2025-01-28,1,142.4,Online
12913,158,2442,2025-08-12,5,126.55,In-Store
12914,127,2986,2025-04-23,4,200.1,In-Store
12915,159,2116,2025-04-25,2,49.51,Online
12916,125,2753,2025-12-31,3,62.64,Online
12917,191,2424,2024-02-28,3,217.51,Online
12918,126,2848,2025-06-28,2,191.39,Online
12919,122,2459,2023-09-05,3,167.31,Online
12920,120,2181,2025-01-22,4,203.21,In-Store
12921,123,2067,2025-05-05,2,73.57,In-Store
12922,108,2465,2025-03-10,3,61.68,In-Store
12923,111,2457,2025-04-17,3,243.55,Online
12924,180,2359,2024-07-07,1,77.62,In-Store
12925,167,2428,2024-05-19,1,235.98,Online
12926,162,2404,2023-11-12,5,55.58,In-Store
12927,147,2233,2025-02-08,1,133.4,Online
12928,148,2894,2025-07-30,4,139.42,Online
12929,124,2482,2025-07-07,2,112.82,In-Store
12930,169,2713,2025-02-02,4,167.77,In-Store
12931,139,2484,2024-05-01,1,168.34,In-Store
12932,199,2484,2025-02-18,3,37.68,Online
12933,146,2957,2024-09-18,5,26.18,In-Store
12934,197,2139,2024-10-19,4,217.44,Online
12935,194,2506,2024-05-03,5,216.06,Online
12936,151,2998,2024-12-03,5,108.66,In-Store
12937,181,2665,2024-04-02,2,175.0,Online
12938,198,2644,2024-08-06,3,105.92,In-Store
12939,189,2709,2025-05-16,1,60.42,In-Store
12940,182,2067,2025-09-16,4,227.28,In-Store
12941,184,2487,2025-01-17,4,195.07,In-Store
12942,121,2915,2025-09-18,1,60.64,In-Store
12943,154,2906,2023-12-04,4,111.25,Online
12944,105,2936,2024-09-07,5,57.72,In-Store
12945,150,2483,2025-09-13,3,33.26,In-Store
12946,170,2974,2023-08-21,1,59.02,Online
12947,197,2542,2025-06-21,3,217.44,In-Store
12948,161,2179,2023-09-16,2,177.18,In-Store
12949,121,2885,2025-12-16,1,60.64,Online
12950,149,2397,2025-10-21,3,198.31,In-Store
12951,106,2486,2025-02-28,4,117.81,In-Store
12952,196,2042,2025-06-26,4,168.41,Online
12953,142,2048,2024-12-15,2,248.84,In-Store
12954,168,2635,2025-01-10,3,152.68,In-Store
12955,157,2460,2025-08-23,5,232.33,Online
12956,162,2869,2025-10-29,5,55.58,Online
12957,160,2810,2024-02-27,1,232.36,Online
12958,162,2460,2025-11-19,1,55.58,Online
12959,198,2517,2024-03-11,1,105.92,In-Store
12960,113,2628,2023-11-23,5,56.15,In-Store
12961,166,2582,2025-09-07,5,152.81,Online
12962,119,2515,2025-03-30,2,212.28,In-Store
12963,158,2375,2023-07-26,3,126.55,In-Store
12964,123,2597,2024-09-14,5,73.57,In-Store
12965,109,2842,2024-05-16,3,101.18,Online
12966,104,2681,2025-06-10,4,65.84,In-Store
12967,188,2988,2023-07-09,1,20.04,Online
12968,194,2257,2024-10-15,3,216.06,In-Store
12969,137,2344,2025-06-12,4,67.81,Online
12970,184,2848,2025-01-16,2,195.07,Online
12971,109,2118,2025-09-23,3,101.18,In-Store
12972,169,2140,2025-06-09,3,167.77,Online
12973,152,2551,2024-04-08,5,106.63,Online
12974,184,2661,2022-11-28,3,195.07,Online
12975,177,2015,2025-04-17,1,246.12,In-Store
12976,200,2364,2023-12-31,3,241.01,Online
12977,183,2643,2024-01-13,2,209.04,In-Store
12978,192,2339,2023-07-05,2,53.05,In-Store
12979,192,2021,2024-10-20,4,53.05,In-Store
12980,128,2131,2024-04-03,4,101.59,In-Store
12981,110,2637,2025-06-10,4,73.49,Online
12982,171,2844,2023-12-21,2,104.99,In-Store
12983,159,2999,2024-11-13,5,49.51,In-Store
12984,165,2029,2024-06-16,1,240.59,Online
12985,149,2856,2024-06-03,1,198.31,In-Store
12986,192,2394,2025-10-19,5,53.05,In-Store
12987,195,2917,2023-07-12,3,93.92,Online
12988,102,2056,2025-07-30,4,186.75,Online
12989,155,2476,2024-10-13,5,219.88,Online
12990,167,2282,2024-07-18,1,235.98,Online
12991,146,2545,2025-07-18,3,26.18,In-Store
12992,138,2543,2024-06-22,4,185.66,In-Store
12993,147,2752,2025-12-04,3,133.4,In-Store
12994,156,2795,2023-10-02,1,22.14,In-Store
12995,115,2610,2024-07-31,2,101.23,In-Store
12996,146,2335,2023-11-15,3,26.18,In-Store
12997,180,2061,2025-07-31,5,77.62,Online
12998,177,2159,2022-08-06,2,246.12,Online
12999,195,2332,2025-02-14,2,93.92,In-Store
13000,157,2189,2025-09-08,3,232.33,Online
13001,164,2807,2025-03-27,3,22.03,In-Store
13002,147,2784,2025-05-16,4,133.4,Online
13003,167,2066,2025-05-16,1,235.98,In-Store
13004,148,2966,2025-09-12,1,139.42,Online
13005,161,2141,2025-07-12,4,177.18,Online
13006,162,2536,2025-10-22,2,55.58,In-Store
13007,158,2626,2025-03-13,4,126.55,In-Store
13008,166,3000,2025-01-17,1,152.81,Online
13009,165,2560,2025-10-06,4,240.59,Online
13010,192,2936,2024-10-13,5,53.05,Online
13011,186,2565,2025-01-29,2,28.06,Online
13012,112,2358,2025-12-02,4,80.36,Online
13013,127,2085,2025-12-02,4,200.1,In-Store
13014,159,2878,2025-04-29,3,49.51,In-Store
13015,111,2577,2024-10-03,5,243.55,Online
13016,175,2185,2025-11-11,3,233.98,Online
13017,131,2876,2024-12-19,4,114.34,In-Store
13018,131,2907,2024-03-30,1,114.34,Online
13019,136,2480,2025-07-21,4,220.89,Online
13020,153,2442,2025-04-05,2,55.98,Online
13021,174,2475,2022-12-19,3,139.03,Online
13022,139,2676,2025-08-29,3,168.34,Online
13023,184,2516,2025-08-01,5,195.07,In-Store
13024,191,2501,2024-07-13,3,217.51,Online
13025,171,2501,2024-08-18,2,104.99,In-Store
13026,129,2830,2023-04-09,4,216.59,Online
13027,192,2568,2025-02-11,3,53.05,Online
13028,152,2443,2025-01-10,2,106.63,In-Store
13029,169,2048,2025-06-17,5,167.77,In-Store
13030,169,2979,2025-09-30,4,167.77,In-Store
13031,130,2114,2025-10-05,1,190.21,In-Store
13032,178,2077,2025-04-04,3,81.85,Online
13033,156,2185,2025-07-22,1,22.14,Online
13034,123,2732,2025-02-01,5,73.57,Online
13035,185,2539,2025-03-12,3,142.4,Online
13036,183,2906,2025-05-26,1,209.04,Online
13037,200,2336,2025-12-06,2,241.01,Online
13038,107,2049,2024-12-21,1,177.55,Online
13039,116,2309,2024-12-30,4,98.84,Online
13040,183,2555,2024-09-07,3,209.04,In-Store
13041,126,2509,2024-11-07,2,191.39,Online
13042,149,2630,2024-06-07,4,198.31,In-Store
13043,176,2647,2023-10-31,3,78.4,In-Store
13044,169,2987,2025-11-20,1,167.77,Online
13045,116,2549,2025-07-02,1,98.84,In-Store
13046,179,2181,2024-07-14,3,37.7,Online
13047,149,2492,2025-05-13,4,198.31,Online
13048,140,2767,2025-03-01,4,136.64,In-Store
13049,195,2529,2024-09-29,5,93.92,Online
13050,154,2544,2023-08-22,2,111.25,In-Store
13051,154,2407,2025-05-24,2,111.25,In-Store
13052,111,2501,2025-12-08,4,243.55,Online
13053,192,2282,2024-09-06,2,53.05,Online
13054,158,2191,2025-06-09,2,126.55,Online
13055,157,2886,2025-10-30,2,232.33,Online
13056,136,2426,2025-12-22,2,220.89,In-Store
13057,137,2956,2024-01-13,5,67.81,In-Store
13058,174,2356,2025-10-02,5,139.03,In-Store
13059,186,2817,2024-03-27,3,28.06,Online
13060,178,2674,2025-01-19,5,81.85,In-Store
13061,147,2358,2024-05-23,4,133.4,Online
13062,132,2562,2025-03-29,5,243.25,In-Store
13063,130,2942,2024-11-06,3,190.21,In-Store
13064,135,2880,2023-09-22,3,87.8,In-Store
13065,161,2669,2022-12-07,4,177.18,Online
13066,139,2417,2025-01-09,2,168.34,Online
13067,110,2118,2023-01-27,1,73.49,In-Store
13068,130,2878,2023-05-23,5,190.21,Online
13069,132,2617,2025-08-11,4,243.25,In-Store
13070,200,2585,2024-04-30,3,241.01,In-Store
13071,134,2136,2025-10-04,1,99.74,In-Store
13072,171,2508,2024-09-26,1,104.99,Online
13073,178,2934,2024-03-05,5,81.85,Online
13074,108,2895,2022-12-19,1,61.68,In-Store
13075,175,2365,2025-10-09,5,233.98,In-Store
13076,121,2415,2024-07-19,3,60.64,In-Store
13077,156,2085,2025-04-28,1,22.14,Online
13078,137,2309,2025-06-11,5,67.81,In-Store
13079,132,2898,2024-05-27,2,243.25,In-Store
13080,196,2183,2025-09-04,3,168.41,In-Store
13081,171,2369,2024-04-07,2,104.99,Online
13082,197,2122,2025-02-07,3,217.44,In-Store
13083,103,2885,2024-07-03,3,111.26,In-Store
13084,112,2776,2023-08-24,2,80.36,In-Store
13085,141,2583,2025-05-20,2,232.94,Online
13086,171,2768,2025-08-13,4,104.99,Online
13087,153,2944,2025-08-01,1,55.98,Online
13088,132,2322,2023-12-18,1,243.25,Online
13089,145,2593,2024-04-27,4,62.85,In-Store
13090,176,2902,2023-05-11,5,78.4,In-Store
13091,167,2176,2024-02-03,3,235.98,In-Store
13092,143,2730,2022-09-17,3,39.04,Online
13093,193,2558,2024-10-30,5,74.03,In-Store
13094,163,2260,2022-04-14,3,186.58,Online
13095,126,2150,2024-03-23,4,191.39,Online
13096,190,2825,2025-09-12,1,197.23,In-Store
13097,155,2525,2025-08-22,5,219.88,In-Store
13098,102,2474,2024-06-22,5,186.75,Online
13099,141,2468,2024-08-05,3,232.94,In-Store
13100,161,2501,2025-08-22,2,177.18,In-Store
13101,172,2495,2025-05-31,1,232.96,In-Store
13102,117,2016,2025-09-24,1,156.19,Online
13103,113,2688,2024-12-10,3,56.15,In-Store
13104,178,2408,2025-10-18,2,81.85,In-Store
13105,102,2643,2025-06-20,3,186.75,Online
13106,162,2710,2025-07-05,4,55.58,In-Store
13107,103,2897,2025-02-21,4,111.26,In-Store
13108,152,2420,2025-07-25,5,106.63,In-Store
13109,154,2746,2025-11-25,3,111.25,In-Store
13110,181,2069,2023-11-22,2,175.0,Online
13111,194,2460,2025-11-04,3,216.06,In-Store
13112,147,2304,2025-03-12,5,133.4,In-Store
13113,143,2177,2022-11-27,4,39.04,Online
13114,121,2595,2025-09-18,3,60.64,Online
13115,113,2855,2024-04-11,4,56.15,In-Store
13116,150,2909,2025-01-21,4,33.26,In-Store
13117,194,2132,2024-06-11,2,216.06,In-Store
13118,144,2605,2025-12-23,2,15.05,Online
13119,191,2703,2023-07-31,2,217.51,In-Store
13120,171,2671,2025-09-08,4,104.99,In-Store
13121,185,2673,2024-08-04,4,142.4,Online
13122,179,2688,2025-11-30,5,37.7,Online
13123,119,2020,2025-11-10,5,212.28,In-Store
13124,159,2447,2024-11-12,3,49.51,In-Store
13125,115,2098,2025-10-17,5,101.23,Online
13126,188,2208,2022-09-22,2,20.04,Online
13127,108,2378,2025-07-11,1,61.68,Online
13128,130,2182,2024-05-07,5,190.21,Online
13129,139,2459,2024-03-13,3,168.34,In-Store
13130,144,2056,2023-07-30,4,15.05,Online
13131,134,2885,2024-04-29,3,99.74,In-Store
13132,131,2944,2024-05-12,1,114.34,In-Store
13133,176,2517,2025-09-12,1,78.4,Online
13134,186,2036,2024-12-31,3,28.06,Online
13135,117,2767,2024-08-26,4,156.19,Online
13136,154,2022,2025-06-17,1,111.25,Online
13137,172,2417,2024-02-04,5,232.96,Online
13138,169,2389,2024-05-22,1,167.77,In-Store
13139,177,2164,2025-07-12,2,246.12,Online
13140,101,2598,2024-10-20,2,187.97,In-Store
13141,122,2521,2025-02-23,4,167.31,In-Store
13142,120,2974,2025-12-01,1,203.21,In-Store
13143,124,2643,2023-11-26,5,112.82,Online
13144,125,2362,2023-02-07,5,62.64,In-Store
13145,200,2873,2024-11-21,5,241.01,In-Store
13146,162,2424,2025-05-10,4,55.58,In-Store
13147,131,2075,2025-02-16,4,114.34,Online
13148,147,2402,2025-07-15,4,133.4,Online
13149,150,2005,2025-09-21,4,33.26,Online
13150,158,2938,2022-07-15,5,126.55,In-Store
13151,122,2600,2024-08-20,2,167.31,Online
13152,162,2470,2024-12-26,4,55.58,In-Store
13153,114,2456,2022-12-03,5,195.54,In-Store
13154,195,2546,2025-12-14,5,93.92,In-Store
13155,194,2165,2024-05-15,1,216.06,Online
13156,186,2349,2025-03-14,3,28.06,In-Store
13157,115,2306,2024-08-24,4,101.23,Online
13158,118,2339,2025-09-21,4,120.94,Online
13159,116,2668,2025-04-06,1,98.84,Online
13160,148,2141,2023-09-21,4,139.42,Online
13161,127,2782,2025-07-24,2,200.1,Online
13162,159,2664,2024-08-07,3,49.51,Online
13163,115,2460,2025-08-07,5,101.23,Online
13164,179,2226,2025-07-05,3,37.7,In-Store
13165,159,2060,2024-01-04,1,49.51,In-Store
13166,154,2773,2024-12-27,3,111.25,Online
13167,142,2017,2025-05-21,3,248.84,In-Store
13168,141,2321,2025-07-31,1,232.94,Online
13169,163,2675,2024-08-02,4,186.58,In-Store
13170,123,2544,2023-11-29,5,73.57,In-Store
13171,190,2873,2025-02-13,3,197.23,In-Store
13172,124,2535,2025-12-02,1,112.82,In-Store
13173,138,2729,2024-07-03,5,185.66,In-Store
13174,120,2166,2023-08-20,4,203.21,In-Store
13175,147,2999,2024-10-04,2,133.4,Online
13176,170,2586,2024-07-08,2,59.02,In-Store
13177,139,2987,2025-06-26,5,168.34,In-Store
13178,117,2991,2023-08-01,4,156.19,Online
13179,146,2089,2025-10-11,3,26.18,Online
13180,153,2470,2025-01-28,1,55.98,In-Store
13181,165,2774,2024-04-26,2,240.59,Online
13182,193,2621,2024-11-22,5,74.03,In-Store
13183,136,2356,2025-07-14,2,220.89,Online
13184,156,2384,2025-11-29,2,22.14,Online
13185,142,2373,2024-10-03,4,248.84,Online
13186,173,2816,2025-11-21,4,159.08,Online
13187,177,2303,2023-12-09,4,246.12,In-Store
13188,126,2827,2023-09-03,4,191.39,Online
13189,176,2212,2023-08-08,3,78.4,Online
13190,158,2653,2024-07-04,1,126.55,Online
13191,151,2735,2024-09-11,1,108.66,In-Store
13192,110,2754,2025-04-02,1,73.49,In-Store
13193,105,2795,2025-04-04,2,57.72,Online
13194,158,2634,2025-04-26,3,126.55,Online
13195,120,2961,2022-10-29,4,203.21,In-Store
13196,102,2720,2025-09-30,5,186.75,Online
13197,174,2994,2025-06-14,5,139.03,Online
13198,188,2642,2025-01-13,4,20.04,Online
13199,171,2205,2023-10-27,5,104.99,In-Store
13200,152,2503,2024-09-26,3,106.63,In-Store
13201,156,2332,2024-09-12,4,22.14,In-Store
13202,137,2201,2025-05-29,3,67.81,In-Store
13203,190,2094,2025-07-12,3,197.23,In-Store
13204,187,2951,2023-11-12,3,149.8,In-Store
13205,180,2273,2023-06-03,1,77.62,In-Store
13206,121,2894,2025-09-02,4,60.64,In-Store
13207,116,2655,2025-09-13,2,98.84,In-Store
13208,165,2576,2022-06-24,3,240.59,Online
13209,181,2611,2023-03-18,3,175.0,Online
13210,112,2415,2023-03-27,5,80.36,In-Store
13211,194,2528,2024-12-20,5,216.06,In-Store
13212,106,2952,2023-05-09,2,117.81,In-Store
13213,193,2767,2025-03-13,5,74.03,In-Store
13214,166,2749,2024-01-26,4,152.81,Online
13215,150,2236,2024-11-28,5,33.26,Online
13216,162,2401,2025-02-06,3,55.58,Online
13217,169,2779,2024-06-22,3,167.77,Online
13218,188,2065,2024-12-06,1,20.04,In-Store
13219,127,2366,2024-05-11,5,200.1,Online
13220,103,2733,2023-03-26,4,111.26,In-Store
13221,159,2006,2023-10-19,5,49.51,Online
13222,160,2019,2024-07-28,1,232.36,Online
13223,198,2023,2025-05-06,3,105.92,In-Store
13224,129,2952,2024-12-14,1,216.59,Online
13225,179,2847,2025-12-21,3,37.7,Online
13226,195,2449,2025-04-02,4,93.92,In-Store
13227,161,2155,2022-08-21,1,177.18,Online
13228,107,2878,2024-11-11,3,177.55,In-Store
13229,195,2145,2024-03-29,5,93.92,Online
13230,124,2128,2024-11-04,4,112.82,Online
13231,166,2945,2024-12-08,5,152.81,Online
13232,178,2438,2025-04-26,3,81.85,In-Store
13233,146,2333,2025-03-03,2,26.18,In-Store
13234,118,2576,2024-11-11,3,120.94,Online
13235,172,2005,2025-01-18,4,232.96,Online
13236,105,2195,2025-09-12,2,57.72,In-Store
13237,191,2894,2024-05-27,4,217.51,Online
13238,160,2826,2023-01-14,3,232.36,In-Store
13239,121,2073,2024-06-24,5,60.64,Online
13240,199,2966,2025-06-27,1,37.68,Online
13241,146,2357,2024-02-14,3,26.18,Online
13242,197,2168,2025-03-17,2,217.44,In-Store
13243,112,2491,2023-12-26,5,80.36,In-Store
13244,198,2989,2024-10-05,2,105.92,Online
13245,145,2774,2024-03-14,1,62.85,In-Store
13246,150,2514,2025-04-12,2,33.26,Online
13247,110,2849,2024-06-10,5,73.49,In-Store
13248,116,2170,2025-05-18,2,98.84,In-Store
13249,127,2259,2024-04-11,3,200.1,Online
13250,186,2785,2025-09-19,4,28.06,Online
13251,192,2119,2025-10-17,4,53.05,Online
13252,120,2833,2025-01-26,5,203.21,In-Store
13253,154,2039,2024-04-06,1,111.25,In-Store
13254,108,2815,2025-07-20,1,61.68,Online
13255,199,2515,2025-04-02,4,37.68,Online
13256,136,2691,2023-11-23,1,220.89,Online
13257,185,2906,2025-10-11,3,142.4,In-Store
13258,123,2361,2024-10-29,2,73.57,Online
13259,166,2500,2024-03-04,1,152.81,Online
13260,121,2516,2025-05-27,3,60.64,In-Store
13261,126,2795,2024-01-22,4,191.39,In-Store
13262,195,2560,2024-04-15,3,93.92,In-Store
13263,119,2112,2024-11-27,1,212.28,Online
13264,136,2999,2024-12-13,2,220.89,In-Store
13265,170,2306,2024-10-26,2,59.02,In-Store
13266,114,2676,2025-09-12,5,195.54,In-Store
13267,193,2635,2025-04-05,2,74.03,Online
13268,172,2938,2025-07-18,3,232.96,In-Store
13269,107,2146,2025-11-15,5,177.55,In-Store
13270,140,2631,2024-11-25,3,136.64,In-Store
13271,107,2767,2023-12-11,5,177.55,Online
13272,147,2259,2025-10-03,5,133.4,In-Store
13273,115,2146,2024-02-13,4,101.23,Online
13274,198,2948,2024-11-30,1,105.92,In-Store
13275,144,2058,2025-06-29,1,15.05,In-Store
13276,136,2902,2022-05-28,3,220.89,Online
13277,153,2921,2025-01-12,1,55.98,In-Store
13278,174,2593,2024-07-06,4,139.03,Online
13279,200,2958,2025-02-11,3,241.01,Online
13280,162,2615,2024-01-29,3,55.58,Online
13281,174,2204,2024-03-11,2,139.03,In-Store
13282,159,2680,2025-01-31,3,49.51,In-Store
13283,195,2697,2025-08-09,2,93.92,In-Store
13284,140,2973,2025-10-30,3,136.64,In-Store
13285,169,3000,2024-02-28,1,167.77,Online
13286,166,2253,2024-05-05,4,152.81,Online
13287,195,2309,2025-03-05,5,93.92,In-Store
13288,104,2984,2025-10-04,2,65.84,Online
13289,197,2280,2025-10-04,2,217.44,Online
13290,199,2617,2025-05-05,2,37.68,In-Store
13291,143,2879,2025-04-15,2,39.04,In-Store
13292,200,2351,2023-07-20,4,241.01,In-Store
13293,149,2608,2024-05-18,4,198.31,In-Store
13294,193,2390,2023-08-16,3,74.03,In-Store
13295,177,2172,2024-05-21,3,246.12,Online
13296,159,2315,2023-06-20,4,49.51,Online
13297,164,2647,2024-02-25,3,22.03,Online
13298,188,2451,2024-04-24,2,20.04,In-Store
13299,102,2404,2024-04-06,3,186.75,In-Store
13300,109,2100,2023-01-15,5,101.18,Online
13301,118,2761,2023-06-01,4,120.94,Online
13302,150,2731,2024-04-07,2,33.26,In-Store
13303,189,2616,2025-11-16,1,60.42,In-Store
13304,138,2033,2024-10-10,1,185.66,Online
13305,164,2484,2025-06-14,3,22.03,In-Store
13306,135,2490,2023-10-19,3,87.8,Online
13307,129,2065,2025-07-22,3,216.59,Online
13308,167,2556,2024-07-07,4,235.98,Online
13309,164,2611,2025-01-25,3,22.03,Online
13310,120,2787,2022-03-08,4,203.21,Online
13311,125,2777,2025-02-26,1,62.64,Online
13312,164,2212,2025-03-03,2,22.03,Online
13313,178,2498,2024-09-20,1,81.85,Online
13314,162,2291,2025-11-25,2,55.58,In-Store
13315,192,2601,2025-09-08,1,53.05,Online
13316,161,2747,2023-10-20,4,177.18,In-Store
13317,156,2289,2024-05-04,4,22.14,Online
13318,190,2239,2023-12-14,2,197.23,In-Store
13319,124,2413,2023-11-01,4,112.82,In-Store
13320,125,2751,2025-07-23,4,62.64,In-Store
13321,161,2961,2025-01-27,5,177.18,In-Store
13322,118,2770,2025-10-25,5,120.94,Online
13323,140,2908,2025-10-03,3,136.64,In-Store
13324,198,2502,2024-11-22,4,105.92,In-Store
13325,175,2288,2024-11-30,5,233.98,Online
13326,141,2669,2025-12-19,3,232.94,In-Store
13327,131,2275,2025-07-06,5,114.34,Online
13328,126,2191,2025-06-13,1,191.39,Online
13329,115,2499,2025-01-19,4,101.23,In-Store
13330,193,2313,2025-03-30,2,74.03,In-Store
13331,136,2442,2025-04-15,5,220.89,In-Store
13332,140,2639,2022-08-31,3,136.64,Online
13333,127,2592,2024-07-18,4,200.1,In-Store
13334,142,2081,2025-08-31,5,248.84,Online
13335,138,2831,2024-12-16,1,185.66,Online
13336,178,2666,2023-11-08,4,81.85,Online
13337,153,2490,2025-12-15,2,55.98,Online
13338,195,2034,2025-07-26,4,93.92,Online
13339,105,2683,2025-06-06,2,57.72,In-Store
13340,130,2031,2023-09-20,2,190.21,Online
13341,126,2902,2023-04-05,2,191.39,Online
13342,120,2025,2025-03-25,3,203.21,Online
13343,175,2832,2025-04-17,1,233.98,Online
13344,190,2321,2025-01-04,4,197.23,In-Store
13345,148,2995,2025-11-02,1,139.42,Online
13346,123,2779,2025-02-16,4,73.57,Online
13347,155,2361,2024-09-07,1,219.88,Online
13348,113,2677,2025-09-12,5,56.15,In-Store
13349,173,2368,2025-01-09,1,159.08,Online
13350,145,2199,2025-01-25,3,62.85,Online
13351,170,2402,2024-12-07,4,59.02,Online
13352,143,2924,2024-03-24,4,39.04,Online
13353,121,2763,2024-02-19,1,60.64,In-Store
13354,173,2338,2025-06-30,1,159.08,Online
13355,165,2980,2025-08-29,4,240.59,In-Store
13356,130,2932,2022-10-27,5,190.21,In-Store
13357,197,2572,2025-11-26,2,217.44,Online
13358,139,2093,2024-06-02,3,168.34,Online
13359,117,2720,2024-08-23,4,156.19,Online
13360,188,2516,2024-09-23,4,20.04,Online
13361,110,2486,2025-12-30,2,73.49,In-Store
13362,164,2503,2025-12-18,4,22.03,Online
13363,124,2922,2024-11-02,3,112.82,Online
13364,170,2438,2023-12-25,4,59.02,Online
13365,121,2959,2024-09-09,3,60.64,Online
13366,109,2641,2024-10-21,2,101.18,Online
13367,157,2486,2024-12-11,5,232.33,In-Store
13368,142,2549,2022-04-12,1,248.84,In-Store
13369,186,2348,2025-06-17,5,28.06,In-Store
13370,112,2628,2022-12-30,4,80.36,Online
13371,115,2654,2025-08-10,5,101.23,Online
13372,103,2980,2023-11-17,5,111.26,In-Store
13373,137,2346,2025-06-10,2,67.81,In-Store
13374,162,2041,2025-12-06,4,55.58,In-Store
13375,103,2687,2025-01-09,1,111.26,Online
13376,121,2349,2025-07-21,5,60.64,Online
13377,174,2141,2025-10-24,4,139.03,Online
13378,192,2097,2024-08-26,3,53.05,Online
13379,197,2188,2024-09-16,2,217.44,In-Store
13380,158,2334,2023-06-24,1,126.55,In-Store
13381,121,2125,2024-12-31,3,60.64,Online
13382,158,2714,2025-02-02,1,126.55,Online
13383,142,2392,2025-12-04,1,248.84,Online
13384,185,2316,2022-04-18,1,142.4,In-Store
13385,141,2222,2025-11-22,4,232.94,Online
13386,134,2653,2024-10-02,1,99.74,In-Store
13387,171,2560,2023-11-17,2,104.99,In-Store
13388,134,2411,2025-06-19,3,99.74,In-Store
13389,149,2725,2025-04-15,5,198.31,Online
13390,155,2625,2022-12-31,2,219.88,Online
13391,157,2507,2024-11-01,2,232.33,Online
13392,185,2095,2024-02-25,2,142.4,Online
13393,103,2896,2025-06-29,2,111.26,Online
13394,183,2756,2023-07-04,5,209.04,In-Store
13395,126,2163,2025-03-25,2,191.39,In-Store
13396,185,2450,2025-01-17,1,142.4,Online
13397,171,2140,2025-04-05,5,104.99,Online
13398,143,2474,2025-07-23,3,39.04,In-Store
13399,108,2019,2025-07-14,3,61.68,In-Store
13400,128,2147,2024-10-17,1,101.59,In-Store
13401,128,2056,2024-09-07,3,101.59,In-Store
13402,183,2860,2025-02-09,5,209.04,Online
13403,147,2343,2022-07-11,4,133.4,Online
13404,182,2382,2025-12-07,3,227.28,In-Store
13405,131,2955,2023-10-10,4,114.34,In-Store
13406,127,2560,2025-07-15,5,200.1,Online
13407,106,2700,2025-10-27,3,117.81,In-Store
13408,145,2471,2025-08-08,3,62.85,Online
13409,150,2233,2024-04-03,3,33.26,Online
13410,145,2640,2025-12-29,4,62.85,In-Store
13411,127,2661,2022-11-16,1,200.1,In-Store
13412,155,2563,2025-09-01,4,219.88,Online
13413,196,2707,2025-12-04,5,168.41,Online
13414,101,2043,2023-12-25,1,187.97,In-Store
13415,138,2740,2025-12-03,2,185.66,Online
13416,141,2658,2024-12-28,1,232.94,Online
13417,178,2876,2025-02-10,5,81.85,Online
13418,107,2691,2024-01-23,2,177.55,Online
13419,192,2443,2024-05-03,1,53.05,In-Store
13420,154,2190,2025-11-30,4,111.25,In-Store
13421,109,2645,2024-11-21,1,101.18,Online
13422,181,2604,2023-06-13,1,175.0,In-Store
13423,167,2009,2024-10-17,1,235.98,Online
13424,166,2708,2025-08-22,2,152.81,Online
13425,188,2430,2025-02-12,2,20.04,Online
13426,110,2928,2025-02-28,2,73.49,Online
13427,130,2558,2025-10-20,4,190.21,Online
13428,173,2266,2025-04-16,5,159.08,Online
13429,196,2119,2024-11-12,4,168.41,In-Store
13430,119,2288,2024-06-15,4,212.28,In-Store
13431,160,2876,2024-05-08,2,232.36,Online
13432,158,2896,2024-11-19,1,126.55,In-Store
13433,168,2993,2022-12-21,5,152.68,Online
13434,123,2337,2024-01-18,1,73.57,Online
13435,170,2884,2022-08-20,4,59.02,Online
13436,188,2271,2025-05-06,1,20.04,In-Store
13437,174,2966,2025-01-06,4,139.03,In-Store
13438,176,2312,2022-11-01,3,78.4,Online
13439,161,2931,2025-10-06,5,177.18,In-Store
13440,168,2276,2024-07-18,5,152.68,Online
13441,108,2938,2025-08-15,1,61.68,Online
13442,191,2450,2025-11-12,3,217.51,In-Store
13443,183,2981,2024-07-28,2,209.04,In-Store
13444,150,2771,2023-11-04,4,33.26,Online
13445,164,2653,2024-08-29,5,22.03,In-Store
13446,191,2539,2024-11-10,4,217.51,In-Store
13447,181,2348,2025-02-14,3,175.0,Online
13448,168,2022,2024-04-22,1,152.68,Online
13449,153,2165,2025-04-04,1,55.98,Online
13450,188,2990,2023-08-21,5,20.04,In-Store
13451,171,2292,2025-07-11,1,104.99,Online
13452,167,2015,2025-03-18,4,235.98,In-Store
13453,166,2250,2025-08-31,1,152.81,Online
13454,160,2532,2024-03-15,5,232.36,Online
13455,176,2350,2024-02-04,3,78.4,In-Store
13456,194,2025,2024-08-18,4,216.06,In-Store
13457,124,2572,2023-10-05,3,112.82,Online
13458,172,2734,2025-05-15,4,232.96,Online
13459,112,2355,2025-11-01,3,80.36,Online
13460,164,2937,2023-11-09,2,22.03,In-Store
13461,163,2231,2025-11-03,5,186.58,In-Store
13462,156,2459,2025-03-31,3,22.14,Online
13463,194,2599,2024-09-26,1,216.06,In-Store
13464,197,2764,2025-11-01,5,217.44,Online
13465,190,2100,2024-10-21,5,197.23,Online
13466,144,2854,2023-05-20,4,15.05,Online
13467,179,2866,2024-12-22,1,37.7,Online
13468,200,2258,2023-02-05,3,241.01,Online
13469,165,2539,2025-10-02,3,240.59,Online
13470,101,2597,2024-03-27,3,187.97,In-Store
13471,165,2611,2024-04-01,3,240.59,In-Store
13472,131,2275,2025-01-16,2,114.34,Online
13473,182,2497,2023-11-21,4,227.28,Online
13474,164,2042,2025-12-17,4,22.03,In-Store
13475,148,2293,2023-04-24,5,139.42,Online
13476,104,2373,2025-04-10,4,65.84,In-Store
13477,105,2536,2025-03-18,3,57.72,Online
13478,122,2721,2025-12-21,3,167.31,In-Store
13479,198,2786,2024-05-13,2,105.92,In-Store
13480,166,2857,2024-12-03,1,152.81,Online
13481,162,2635,2025-10-23,4,55.58,Online
13482,166,2821,2024-08-05,1,152.81,In-Store
13483,158,2289,2024-03-09,2,126.55,Online
13484,141,2584,2023-02-27,1,232.94,Online
13485,150,2913,2025-03-16,2,33.26,Online
13486,182,2802,2024-02-11,5,227.28,Online
13487,108,2534,2024-10-21,2,61.68,Online
13488,108,2255,2024-07-21,3,61.68,In-Store
13489,151,2673,2025-10-24,4,108.66,In-Store
13490,149,2560,2025-01-15,3,198.31,Online
13491,163,2193,2024-05-17,1,186.58,Online
13492,139,2892,2025-07-23,3,168.34,In-Store
13493,127,2360,2022-11-28,4,200.1,Online
13494,150,2537,2025-11-02,4,33.26,Online
13495,184,2152,2025-01-16,1,195.07,Online
13496,105,2758,2024-10-25,3,57.72,Online
13497,193,2573,2024-01-15,2,74.03,In-Store
13498,175,2412,2025-10-01,1,233.98,Online
13499,150,2261,2023-11-10,4,33.26,In-Store
13500,152,2815,2025-09-12,3,106.63,In-Store
13501,154,2775,2024-09-03,2,111.25,In-Store
13502,155,2560,2025-12-19,5,219.88,Online
13503,165,2988,2023-08-07,2,240.59,Online
13504,113,2949,2025-09-07,4,56.15,In-Store
13505,158,2494,2023-12-18,1,126.55,Online
13506,139,2799,2024-11-30,5,168.34,In-Store
13507,184,2105,2024-09-26,1,195.07,Online
13508,151,2679,2025-01-15,5,108.66,In-Store
13509,102,2969,2022-10-22,3,186.75,Online
13510,188,2041,2025-02-09,3,20.04,In-Store
13511,119,2635,2025-03-28,3,212.28,Online
13512,107,2473,2024-01-12,4,177.55,In-Store
13513,145,2722,2024-07-23,3,62.85,In-Store
13514,157,2934,2023-10-22,2,232.33,Online
13515,120,2884,2024-09-15,3,203.21,In-Store
13516,146,2257,2024-10-19,4,26.18,Online
13517,144,2633,2025-05-21,3,15.05,In-Store
13518,182,2185,2024-07-07,1,227.28,Online
13519,139,2606,2025-06-19,1,168.34,Online
13520,109,2618,2025-09-14,3,101.18,In-Store
13521,101,2587,2025-12-18,2,187.97,Online
13522,121,2185,2024-04-05,4,60.64,Online
13523,181,2800,2025-03-20,5,175.0,In-Store
13524,124,2664,2025-07-25,3,112.82,In-Store
13525,175,2622,2025-12-20,4,233.98,Online
13526,122,2184,2023-01-18,5,167.31,Online
13527,157,2918,2023-11-27,3,232.33,Online
13528,113,2444,2024-12-20,3,56.15,In-Store
13529,101,2080,2025-08-30,3,187.97,In-Store
13530,128,2711,2024-11-04,2,101.59,In-Store
13531,145,2274,2025-10-02,2,62.85,In-Store
13532,190,2119,2025-09-04,5,197.23,In-Store
13533,162,2771,2024-02-05,4,55.58,In-Store
13534,147,2812,2023-10-01,1,133.4,In-Store
13535,149,2861,2025-05-03,3,198.31,Online
13536,110,2920,2025-03-17,2,73.49,Online
13537,141,2893,2025-04-14,3,232.94,Online
13538,199,2611,2023-08-19,1,37.68,Online
13539,186,2281,2025-02-28,1,28.06,Online
13540,177,2960,2023-03-03,5,246.12,In-Store
13541,177,2519,2025-10-22,4,246.12,In-Store
13542,178,2778,2023-09-30,1,81.85,In-Store
13543,198,2336,2023-03-13,5,105.92,Online
13544,165,2364,2024-06-24,3,240.59,Online
13545,187,2735,2025-01-18,3,149.8,In-Store
13546,181,2271,2023-09-08,5,175.0,Online
13547,146,2735,2024-11-09,3,26.18,In-Store
13548,137,2081,2025-11-25,2,67.81,In-Store
13549,191,2232,2024-07-26,5,217.51,Online
13550,144,2502,2024-07-01,2,15.05,Online
13551,193,2174,2025-03-10,1,74.03,In-Store
13552,135,2360,2025-09-29,1,87.8,Online
13553,197,2039,2025-05-07,3,217.44,In-Store
13554,157,2045,2022-05-08,4,232.33,Online
13555,199,2936,2025-06-03,5,37.68,Online
13556,174,2892,2025-02-14,5,139.03,Online
13557,146,2646,2025-03-06,5,26.18,Online
13558,117,2515,2024-05-21,1,156.19,Online
13559,146,2533,2023-10-20,4,26.18,In-Store
13560,137,2707,2025-11-20,2,67.81,Online
13561,191,2256,2025-10-21,2,217.51,Online
13562,145,2195,2023-11-25,1,62.85,Online
13563,178,2249,2025-05-29,4,81.85,In-Store
13564,178,2056,2025-09-25,2,81.85,In-Store
13565,128,2676,2024-07-29,2,101.59,In-Store
13566,119,2355,2025-08-22,1,212.28,In-Store
13567,186,2056,2023-12-03,4,28.06,Online
13568,162,2650,2024-11-19,1,55.58,Online
13569,149,2034,2024-06-02,2,198.31,In-Store
13570,137,2417,2025-05-25,4,67.81,Online
13571,104,2376,2024-06-05,2,65.84,In-Store
13572,172,2969,2025-11-27,4,232.96,Online
13573,163,2755,2025-03-22,3,186.58,Online
13574,142,2173,2022-08-12,3,248.84,Online
13575,137,2541,2022-11-07,5,67.81,In-Store
13576,161,2698,2023-12-17,1,177.18,In-Store
13577,116,2007,2025-05-08,2,98.84,In-Store
13578,189,2675,2023-06-24,1,60.42,In-Store
13579,176,2043,2025-10-10,4,78.4,Online
13580,107,2713,2025-07-22,5,177.55,In-Store
13581,102,2418,2023-05-07,3,186.75,Online
13582,139,2815,2025-12-23,3,168.34,Online
13583,182,2337,2024-10-30,2,227.28,Online
13584,103,2062,2025-11-29,5,111.26,In-Store
13585,187,2005,2025-06-04,5,149.8,In-Store
13586,154,2352,2025-01-16,5,111.25,Online
13587,175,2296,2025-07-04,3,233.98,Online
13588,169,2792,2024-09-03,2,167.77,In-Store
13589,162,2081,2025-06-30,3,55.58,In-Store
13590,159,2451,2023-12-09,2,49.51,Online
13591,187,2793,2024-07-14,1,149.8,Online
13592,185,2849,2025-04-23,2,142.4,Online
13593,121,2769,2023-08-14,3,60.64,Online
13594,169,2367,2024-10-14,1,167.77,Online
13595,170,2354,2025-02-01,1,59.02,Online
13596,128,2839,2024-09-11,4,101.59,In-Store
13597,137,2519,2023-05-18,3,67.81,Online
13598,191,2511,2024-03-11,3,217.51,In-Store
13599,112,2883,2025-09-28,3,80.36,In-Store
13600,195,2068,2025-07-01,1,93.92,Online
13601,105,2392,2023-08-22,2,57.72,Online
13602,107,2802,2024-05-14,2,177.55,Online
13603,193,2352,2023-10-02,5,74.03,In-Store
13604,193,2721,2025-02-24,5,74.03,In-Store
13605,147,2151,2025-11-15,4,133.4,Online
13606,153,2096,2025-11-09,5,55.98,In-Store
13607,153,2621,2024-04-30,5,55.98,Online
13608,190,2920,2024-07-26,4,197.23,Online
13609,195,2318,2025-05-30,3,93.92,In-Store
13610,196,2037,2025-10-23,2,168.41,In-Store
13611,178,2296,2025-10-26,2,81.85,Online
13612,118,2613,2024-08-15,1,120.94,In-Store
13613,145,2285,2025-07-30,2,62.85,Online
13614,185,2011,2025-01-30,1,142.4,Online
13615,119,2513,2024-02-26,4,212.28,Online
13616,162,2555,2024-05-29,1,55.58,Online
13617,125,2257,2024-11-22,4,62.64,In-Store
13618,122,2668,2024-04-23,5,167.31,Online
13619,169,2851,2024-07-11,2,167.77,In-Store
13620,185,2614,2025-01-07,4,142.4,Online
13621,141,2229,2025-06-03,1,232.94,Online
13622,199,2208,2023-04-08,2,37.68,In-Store
13623,105,2830,2022-07-08,3,57.72,In-Store
13624,118,2288,2025-03-14,2,120.94,In-Store
13625,122,2609,2025-07-18,3,167.31,In-Store
13626,195,2512,2023-10-09,4,93.92,In-Store
13627,126,2141,2023-09-19,1,191.39,In-Store
13628,179,2102,2025-11-27,2,37.7,In-Store
13629,188,2044,2025-06-11,5,20.04,Online
13630,159,2026,2025-10-20,2,49.51,In-Store
13631,121,2065,2025-12-14,1,60.64,Online
13632,112,2358,2025-07-28,1,80.36,Online
13633,163,2470,2025-09-13,2,186.58,In-Store
13634,159,2069,2023-09-23,2,49.51,In-Store
13635,153,2544,2025-07-12,4,55.98,Online
13636,130,2436,2025-04-16,5,190.21,In-Store
13637,153,2159,2024-04-19,2,55.98,In-Store
13638,184,2706,2024-12-31,3,195.07,In-Store
13639,177,2350,2024-08-30,1,246.12,In-Store
13640,159,2690,2024-07-06,2,49.51,Online
13641,153,2538,2024-08-17,1,55.98,In-Store
13642,133,2865,2024-06-25,4,212.0,In-Store
13643,109,2617,2024-04-08,4,101.18,Online
13644,105,2115,2023-10-27,1,57.72,Online
13645,135,2673,2025-09-25,1,87.8,In-Store
13646,191,2833,2025-06-10,1,217.51,Online
13647,123,2038,2025-10-15,3,73.57,In-Store
13648,140,2665,2025-08-29,2,136.64,Online
13649,180,2030,2025-01-03,2,77.62,In-Store
13650,126,2076,2023-12-04,1,191.39,Online
13651,192,2652,2024-05-15,1,53.05,Online
13652,129,2546,2025-12-03,4,216.59,Online
13653,133,2888,2025-08-02,1,212.0,Online
13654,140,2530,2025-04-17,5,136.64,Online
13655,122,2961,2022-10-17,4,167.31,Online
13656,179,2162,2025-12-31,5,37.7,Online
13657,118,2082,2023-11-11,1,120.94,In-Store
13658,133,2909,2024-10-04,5,212.0,Online
13659,169,2621,2023-11-16,4,167.77,Online
13660,140,2353,2024-08-28,4,136.64,Online
13661,109,2070,2024-11-18,4,101.18,In-Store
13662,149,2252,2023-05-03,3,198.31,In-Store
13663,181,2434,2025-03-28,3,175.0,In-Store
13664,143,2845,2023-11-29,2,39.04,In-Store
13665,156,2498,2024-10-19,1,22.14,In-Store
13666,166,2676,2025-06-28,2,152.81,Online
13667,148,2771,2024-05-04,2,139.42,In-Store
13668,200,2460,2025-07-30,5,241.01,Online
13669,103,2143,2024-03-23,1,111.26,In-Store
13670,141,2646,2023-11-11,1,232.94,In-Store
13671,138,2067,2025-05-19,5,185.66,Online
13672,154,2663,2024-02-04,3,111.25,In-Store
13673,137,2622,2024-12-08,5,67.81,Online
13674,147,2109,2025-12-26,5,133.4,In-Store
13675,112,2740,2025-07-28,3,80.36,In-Store
13676,198,2100,2024-05-12,4,105.92,In-Store
13677,150,2999,2025-06-30,5,33.26,Online
13678,112,2862,2025-11-17,4,80.36,In-Store
13679,114,2748,2023-10-13,2,195.54,Online
13680,155,2237,2025-02-22,3,219.88,Online
13681,109,2642,2024-09-08,1,101.18,In-Store
13682,111,2832,2025-10-17,3,243.55,In-Store
13683,153,2320,2025-06-26,3,55.98,Online
13684,176,2556,2025-08-13,2,78.4,Online
13685,105,2002,2024-02-01,4,57.72,In-Store
13686,190,2861,2024-10-24,5,197.23,Online
13687,197,2674,2024-03-02,1,217.44,Online
13688,154,2735,2023-12-31,3,111.25,Online
13689,143,2797,2024-10-27,1,39.04,In-Store
13690,131,2875,2025-12-21,5,114.34,Online
13691,173,2378,2024-10-26,4,159.08,Online
13692,178,2283,2025-06-20,1,81.85,In-Store
13693,156,2386,2024-07-27,4,22.14,In-Store
13694,119,2800,2024-03-28,5,212.28,In-Store
13695,171,2391,2023-11-28,1,104.99,Online
13696,126,2088,2025-01-18,3,191.39,Online
13697,192,2097,2024-05-25,3,53.05,In-Store
13698,185,2706,2025-04-05,3,142.4,In-Store
13699,146,2974,2025-06-21,4,26.18,Online
13700,194,2610,2025-01-27,5,216.06,In-Store
13701,158,2235,2024-09-25,2,126.55,In-Store
13702,161,2640,2025-03-31,1,177.18,In-Store
13703,187,2319,2025-05-01,5,149.8,Online
13704,129,2885,2025-09-03,3,216.59,In-Store
13705,110,2815,2024-06-06,2,73.49,In-Store
13706,122,2309,2025-06-10,4,167.31,Online
13707,166,2131,2022-08-18,2,152.81,Online
13708,134,2384,2025-10-17,4,99.74,In-Store
13709,177,2127,2025-12-10,1,246.12,Online
13710,160,2221,2025-09-03,1,232.36,Online
13711,181,2674,2025-12-09,1,175.0,In-Store
13712,126,2565,2024-10-14,2,191.39,In-Store
13713,170,2519,2022-08-29,5,59.02,Online
13714,192,2232,2024-05-25,5,53.05,In-Store
13715,111,2023,2024-06-12,3,243.55,Online
13716,166,2706,2025-01-20,3,152.81,Online
13717,172,2592,2024-08-22,1,232.96,In-Store
13718,187,2336,2023-09-08,1,149.8,In-Store
13719,193,2371,2025-11-12,3,74.03,In-Store
13720,115,2545,2025-07-24,4,101.23,Online
13721,196,2072,2024-04-09,1,168.41,Online
13722,185,2598,2025-12-09,2,142.4,Online
13723,122,2871,2024-10-25,5,167.31,In-Store
13724,110,2967,2024-06-01,4,73.49,Online
13725,115,2691,2023-09-22,3,101.23,In-Store
13726,114,2576,2024-07-08,1,195.54,In-Store
13727,106,2868,2025-05-30,3,117.81,In-Store
13728,110,2914,2024-06-14,4,73.49,In-Store
13729,146,2067,2025-02-08,3,26.18,Online
13730,199,2173,2023-06-15,3,37.68,Online
13731,153,2238,2025-12-03,5,55.98,Online
13732,125,2243,2024-10-06,5,62.64,Online
13733,115,2892,2023-12-10,2,101.23,In-Store
13734,181,2390,2023-08-29,3,175.0,In-Store
13735,188,2667,2025-04-19,5,20.04,Online
13736,196,2038,2025-10-03,4,168.41,In-Store
13737,196,2070,2025-09-26,1,168.41,In-Store
13738,137,2925,2024-12-06,5,67.81,In-Store
13739,127,2117,2024-08-31,1,200.1,In-Store
13740,196,2474,2025-02-03,3,168.41,In-Store
13741,172,2228,2025-12-11,4,232.96,Online
13742,155,2527,2025-11-28,2,219.88,In-Store
13743,124,2528,2025-12-19,4,112.82,Online
13744,122,2634,2025-12-17,4,167.31,Online
13745,190,2391,2025-03-26,4,197.23,In-Store
13746,185,2146,2024-12-15,3,142.4,In-Store
13747,169,2804,2023-06-27,4,167.77,Online
13748,131,2541,2024-08-02,2,114.34,In-Store
13749,174,2171,2024-06-05,3,139.03,Online
13750,110,2219,2025-12-20,1,73.49,In-Store
13751,165,2937,2023-10-11,4,240.59,Online
13752,123,2082,2025-03-24,5,73.57,In-Store
13753,157,2637,2025-03-04,4,232.33,In-Store
13754,133,2653,2025-11-25,4,212.0,In-Store
13755,117,2707,2025-05-22,4,156.19,Online
13756,130,2991,2023-03-31,5,190.21,Online
13757,152,2140,2025-09-08,2,106.63,In-Store
13758,127,2577,2024-08-03,4,200.1,In-Store
13759,137,2637,2024-12-02,3,67.81,Online
13760,171,2693,2024-09-06,4,104.99,In-Store
13761,175,2940,2025-11-18,1,233.98,In-Store
13762,128,2246,2025-04-02,4,101.59,In-Store
13763,157,2835,2025-07-23,1,232.33,Online
13764,180,2355,2025-06-27,4,77.62,Online
13765,189,2369,2025-09-23,4,60.42,In-Store
13766,183,2858,2024-12-29,3,209.04,In-Store
13767,147,2769,2024-10-09,4,133.4,In-Store
13768,114,2574,2023-08-31,3,195.54,Online
13769,153,2609,2025-07-06,4,55.98,In-Store
13770,195,2224,2022-12-14,2,93.92,In-Store
13771,180,2789,2025-08-13,1,77.62,Online
13772,194,2855,2024-05-24,3,216.06,In-Store
13773,147,2511,2024-05-30,5,133.4,In-Store
13774,108,2382,2024-12-13,5,61.68,In-Store
13775,152,2792,2024-08-03,3,106.63,Online
13776,195,2827,2024-06-28,4,93.92,Online
13777,159,2244,2024-12-02,3,49.51,In-Store
13778,117,2520,2025-09-28,3,156.19,In-Store
13779,129,2565,2024-09-11,3,216.59,In-Store
13780,145,2902,2024-05-21,4,62.85,Online
13781,169,2336,2023-08-09,3,167.77,In-Store
13782,155,2201,2024-07-29,1,219.88,In-Store
13783,162,2438,2023-04-24,5,55.58,In-Store
13784,119,2450,2024-12-27,1,212.28,In-Store
13785,181,2026,2024-10-30,4,175.0,In-Store
13786,165,2365,2023-10-11,5,240.59,Online
13787,118,2470,2025-03-13,4,120.94,In-Store
13788,102,2544,2025-08-13,5,186.75,In-Store
13789,104,2205,2023-01-16,5,65.84,In-Store
13790,122,2724,2023-11-13,4,167.31,In-Store
13791,168,2890,2023-08-10,2,152.68,In-Store
13792,177,2539,2025-05-01,5,246.12,Online
13793,139,2646,2024-01-08,4,168.34,In-Store
13794,157,2523,2024-10-14,3,232.33,Online
13795,106,2814,2025-10-11,5,117.81,In-Store
13796,197,2846,2024-11-14,3,217.44,Online
13797,137,2772,2023-02-06,4,67.81,In-Store
13798,166,2917,2023-08-03,4,152.81,In-Store
13799,112,2342,2024-11-10,4,80.36,In-Store
13800,124,2604,2025-10-17,5,112.82,In-Store
13801,181,2278,2023-02-05,3,175.0,In-Store
13802,172,2585,2022-08-31,4,232.96,In-Store
13803,200,2442,2025-07-03,1,241.01,Online
13804,113,2863,2025-02-23,2,56.15,In-Store
13805,196,2538,2025-01-03,3,168.41,Online
13806,135,2821,2025-11-09,4,87.8,Online
13807,136,2336,2024-03-03,5,220.89,Online
13808,119,2855,2024-04-22,1,212.28,Online
13809,142,2854,2025-01-02,5,248.84,Online
13810,139,2061,2025-06-23,4,168.34,In-Store
13811,147,2825,2024-09-14,4,133.4,Online
13812,146,2397,2023-07-03,1,26.18,In-Store
13813,168,2454,2025-03-07,1,152.68,Online
13814,179,2390,2025-11-18,1,37.7,Online
13815,115,2111,2023-11-27,3,101.23,Online
13816,191,2127,2025-02-07,2,217.51,In-Store
13817,149,2545,2024-07-11,2,198.31,Online
13818,138,2913,2025-02-04,5,185.66,Online
13819,166,2292,2024-05-27,5,152.81,In-Store
13820,115,2688,2023-12-27,5,101.23,Online
13821,158,2537,2024-02-07,4,126.55,In-Store
13822,142,2618,2025-08-29,5,248.84,Online
13823,123,2289,2024-03-23,2,73.57,In-Store
13824,186,2792,2024-06-25,3,28.06,Online
13825,146,2259,2024-09-05,1,26.18,Online
13826,104,2747,2024-11-23,2,65.84,In-Store
13827,165,2570,2024-12-24,1,240.59,In-Store
13828,186,2189,2025-04-20,3,28.06,In-Store
13829,155,2338,2024-10-26,1,219.88,Online
13830,108,2562,2024-09-14,2,61.68,Online
13831,110,2436,2025-08-08,1,73.49,In-Store
13832,128,2962,2025-03-19,4,101.59,In-Store
13833,168,2620,2024-11-27,5,152.68,In-Store
13834,160,2118,2023-11-18,2,232.36,In-Store
13835,113,2461,2025-12-08,2,56.15,Online
13836,117,2008,2025-08-22,3,156.19,In-Store
13837,109,2391,2024-05-03,5,101.18,In-Store
13838,143,2162,2025-02-20,2,39.04,In-Store
13839,172,2671,2025-06-26,2,232.96,In-Store
13840,182,2775,2025-03-18,5,227.28,In-Store
13841,144,2193,2024-06-09,2,15.05,Online
13842,194,2751,2024-02-27,4,216.06,In-Store
13843,165,2465,2023-05-25,1,240.59,In-Store
13844,119,2686,2025-08-20,2,212.28,Online
13845,199,2444,2025-05-30,2,37.68,In-Store
13846,147,2993,2022-12-09,3,133.4,In-Store
13847,181,2882,2024-07-07,2,175.0,In-Store
13848,126,2466,2025-10-25,5,191.39,Online
13849,101,2355,2025-03-20,3,187.97,Online
13850,105,2154,2025-09-14,4,57.72,Online
13851,195,2603,2024-05-13,5,93.92,In-Store
13852,171,2168,2025-09-29,5,104.99,Online
13853,161,2897,2025-09-24,5,177.18,In-Store
13854,198,2203,2024-10-09,2,105.92,In-Store
13855,140,2310,2025-08-07,2,136.64,In-Store
13856,155,2636,2025-11-29,3,219.88,In-Store
13857,107,2912,2025-06-01,4,177.55,Online
13858,111,2478,2023-05-21,3,243.55,Online
13859,128,2143,2025-02-07,4,101.59,Online
13860,150,2220,2025-07-18,5,33.26,In-Store
13861,112,2313,2024-03-24,2,80.36,In-Store
13862,123,2846,2024-08-07,3,73.57,In-Store
13863,127,2798,2024-04-16,1,200.1,Online
13864,131,2535,2023-08-10,1,114.34,In-Store
13865,113,2391,2023-12-13,3,56.15,Online
13866,166,2678,2023-03-26,4,152.81,Online
13867,161,2783,2024-12-19,1,177.18,Online
13868,129,2025,2025-01-24,3,216.59,Online
13869,187,2444,2024-07-21,4,149.8,Online
13870,167,2469,2025-02-21,4,235.98,In-Store
13871,117,2756,2025-03-15,5,156.19,Online
13872,122,2540,2024-07-29,5,167.31,In-Store
13873,108,2587,2025-03-26,3,61.68,In-Store
13874,187,2412,2022-03-19,1,149.8,Online
13875,154,2554,2025-02-16,2,111.25,Online
13876,149,2512,2025-07-16,1,198.31,Online
13877,103,2331,2025-02-09,3,111.26,In-Store
13878,109,2756,2024-10-26,4,101.18,In-Store
13879,119,2758,2025-12-31,2,212.28,Online
13880,157,2722,2025-08-25,2,232.33,In-Store
13881,188,2002,2023-12-02,1,20.04,Online
13882,130,2400,2025-10-19,4,190.21,In-Store
13883,125,2005,2024-12-14,1,62.64,In-Store
13884,180,2404,2024-04-19,4,77.62,Online
13885,164,2130,2025-11-09,2,22.03,Online
13886,101,2030,2023-11-10,1,187.97,In-Store
13887,110,2921,2024-01-31,4,73.49,Online
13888,102,2173,2023-05-15,5,186.75,In-Store
13889,170,2981,2025-08-26,1,59.02,Online
13890,191,2449,2024-06-29,1,217.51,In-Store
13891,152,2494,2025-03-12,2,106.63,In-Store
13892,190,2020,2024-10-05,1,197.23,Online
13893,108,2318,2023-05-09,3,61.68,Online
13894,181,2398,2024-09-18,4,175.0,Online
13895,154,2994,2024-03-28,5,111.25,In-Store
13896,191,2620,2024-05-10,3,217.51,In-Store
13897,170,2506,2024-06-12,1,59.02,Online
13898,175,2117,2025-12-02,3,233.98,Online
13899,105,2741,2025-12-27,3,57.72,Online
13900,197,2720,2024-10-15,5,217.44,Online
13901,186,2036,2025-10-13,3,28.06,In-Store
13902,103,2670,2024-01-15,1,111.26,Online
13903,155,2635,2023-03-25,3,219.88,In-Store
13904,138,2470,2022-10-30,1,185.66,In-Store
13905,121,2518,2025-05-10,2,60.64,Online
13906,138,2753,2025-07-21,1,185.66,In-Store
13907,161,2626,2024-11-21,1,177.18,Online
13908,117,2776,2025-01-23,4,156.19,Online
13909,117,2455,2025-10-27,3,156.19,In-Store
13910,196,2110,2025-01-30,5,168.41,In-Store
13911,127,2030,2024-07-05,1,200.1,In-Store
13912,126,2472,2024-11-13,5,191.39,In-Store
13913,125,2584,2024-08-18,2,62.64,In-Store
13914,111,2233,2025-05-02,3,243.55,Online
13915,161,2536,2025-02-08,2,177.18,Online
13916,121,2867,2024-08-11,4,60.64,In-Store
13917,147,2856,2024-05-21,4,133.4,In-Store
13918,136,2247,2025-04-12,4,220.89,Online
13919,196,2151,2025-09-22,4,168.41,In-Store
13920,127,2260,2023-09-07,1,200.1,Online
13921,172,2334,2025-03-05,4,232.96,Online
13922,190,2282,2022-11-18,3,197.23,Online
13923,118,2705,2024-04-17,1,120.94,In-Store
13924,125,2244,2025-04-16,1,62.64,Online
13925,180,2370,2025-11-23,3,77.62,In-Store
13926,198,2279,2025-12-17,1,105.92,Online
13927,148,2673,2024-10-09,4,139.42,In-Store
13928,115,2226,2025-06-15,1,101.23,In-Store
13929,176,2551,2024-02-13,3,78.4,Online
13930,151,2159,2023-12-28,3,108.66,Online
13931,141,2311,2025-10-16,3,232.94,Online
13932,112,2617,2025-03-26,4,80.36,Online
13933,144,2498,2025-12-21,5,15.05,Online
13934,184,2748,2024-01-28,1,195.07,Online
13935,105,2394,2024-01-05,1,57.72,Online
13936,158,2871,2025-09-14,5,126.55,In-Store
13937,129,2016,2023-06-20,4,216.59,In-Store
13938,135,2886,2025-07-16,1,87.8,In-Store
13939,181,2194,2023-01-04,3,175.0,Online
13940,190,2822,2025-07-03,5,197.23,Online
13941,138,2534,2023-11-28,2,185.66,Online
13942,144,2038,2025-05-19,4,15.05,Online
13943,113,2054,2025-03-03,1,56.15,Online
13944,130,2273,2025-04-06,5,190.21,Online
13945,101,2064,2025-03-04,2,187.97,In-Store
13946,107,2380,2024-06-07,5,177.55,In-Store
13947,158,2248,2023-02-21,2,126.55,In-Store
13948,121,2575,2024-10-01,4,60.64,Online
13949,194,2014,2024-08-10,3,216.06,In-Store
13950,144,2150,2023-06-28,4,15.05,Online
13951,106,2726,2025-03-27,1,117.81,Online
13952,173,2994,2025-11-03,4,159.08,Online
13953,191,2893,2023-01-09,4,217.51,In-Store
13954,185,2578,2024-06-29,5,142.4,Online
13955,129,2739,2022-06-20,4,216.59,In-Store
13956,160,2368,2025-07-12,3,232.36,Online
13957,171,2164,2025-05-19,3,104.99,In-Store
13958,191,2221,2025-05-23,4,217.51,Online
13959,112,2890,2025-01-10,4,80.36,In-Store
13960,124,2505,2025-11-10,1,112.82,In-Store
13961,124,2577,2025-05-01,4,112.82,Online
13962,195,2912,2022-12-01,5,93.92,Online
13963,129,2520,2025-03-21,5,216.59,Online
13964,162,2200,2024-02-29,5,55.58,Online
13965,191,2269,2023-11-18,2,217.51,Online
13966,169,2892,2025-06-22,5,167.77,Online
13967,164,2185,2024-07-15,3,22.03,Online
13968,195,2158,2024-12-12,2,93.92,In-Store
13969,113,2051,2025-01-01,4,56.15,Online
13970,137,2362,2023-07-13,4,67.81,In-Store
13971,197,2649,2023-08-17,1,217.44,Online
13972,153,2864,2024-09-23,1,55.98,In-Store
13973,184,2559,2024-06-17,3,195.07,In-Store
13974,143,2474,2025-10-11,4,39.04,Online
13975,109,2419,2024-04-20,2,101.18,Online
13976,113,2645,2025-02-09,4,56.15,Online
13977,112,2460,2024-07-06,5,80.36,Online
13978,142,2382,2025-06-25,1,248.84,Online
13979,145,2448,2025-05-16,5,62.85,Online
13980,175,2526,2024-02-12,3,233.98,In-Store
13981,151,2611,2025-11-23,1,108.66,Online
13982,153,2585,2024-05-01,2,55.98,Online
13983,145,2049,2025-06-24,2,62.85,In-Store
13984,180,2449,2024-08-26,2,77.62,In-Store
13985,159,2729,2025-05-09,5,49.51,In-Store
13986,113,2122,2025-08-25,1,56.15,In-Store
13987,176,2047,2024-06-21,4,78.4,In-Store
13988,197,2233,2024-10-22,1,217.44,In-Store
13989,127,2891,2025-09-25,2,200.1,In-Store
13990,135,2115,2024-06-17,5,87.8,In-Store
13991,192,2815,2025-10-29,2,53.05,In-Store
13992,198,2706,2024-12-23,2,105.92,In-Store
13993,129,2237,2025-01-16,4,216.59,In-Store
13994,166,2942,2023-02-09,2,152.81,Online
13995,166,2845,2023-05-17,2,152.81,In-Store
13996,139,2713,2023-08-23,3,168.34,Online
13997,184,2491,2025-06-24,5,195.07,Online
13998,119,2980,2024-11-09,5,212.28,In-Store
13999,113,2400,2023-12-27,5,56.15,In-Store
14000,190,2378,2025-04-20,4,197.23,Online
14001,188,2169,2025-12-31,5,20.04,In-Store
14002,128,2772,2023-04-30,5,101.59,Online
14003,175,2710,2025-08-19,3,233.98,Online
14004,113,2001,2022-07-12,1,56.15,Online
14005,120,2131,2024-08-12,4,203.21,In-Store
14006,129,2507,2025-04-10,3,216.59,In-Store
14007,150,2138,2025-03-09,5,33.26,Online
14008,111,2483,2024-11-14,1,243.55,In-Store
14009,139,2803,2025-02-11,1,168.34,Online
14010,143,2523,2024-10-28,4,39.04,Online
14011,151,2725,2025-10-05,5,108.66,In-Store
14012,113,2224,2022-11-09,4,56.15,In-Store
14013,104,2528,2024-07-08,4,65.84,In-Store
14014,101,2136,2025-07-31,1,187.97,In-Store
14015,198,2776,2023-12-12,4,105.92,Online
14016,134,2792,2025-01-31,3,99.74,Online
14017,159,2473,2024-01-05,3,49.51,In-Store
14018,198,2410,2024-01-08,2,105.92,In-Store
14019,177,2554,2025-12-05,5,246.12,Online
14020,116,2174,2025-01-03,4,98.84,In-Store
14021,194,2238,2024-10-18,3,216.06,Online
14022,147,2151,2024-11-23,1,133.4,Online
14023,135,2991,2024-08-01,1,87.8,Online
14024,179,2222,2025-07-27,5,37.7,In-Store
14025,175,2116,2024-11-19,3,233.98,In-Store
14026,171,2949,2025-06-16,2,104.99,Online
14027,178,2665,2025-02-03,3,81.85,Online
14028,195,2474,2025-05-17,3,93.92,Online
14029,126,2464,2025-05-12,2,191.39,Online
14030,191,2938,2025-01-29,3,217.51,Online
14031,161,2069,2024-10-23,2,177.18,In-Store
14032,126,2322,2023-10-17,2,191.39,Online
14033,125,2691,2023-04-22,3,62.64,Online
14034,126,2655,2025-07-12,3,191.39,Online
14035,138,2437,2024-02-21,3,185.66,Online
14036,138,2589,2024-12-04,2,185.66,In-Store
14037,102,2393,2024-01-23,3,186.75,In-Store
14038,179,2092,2024-10-18,1,37.7,In-Store
14039,195,2583,2025-03-31,5,93.92,In-Store
14040,188,2492,2025-05-05,1,20.04,In-Store
14041,142,2195,2023-03-26,2,248.84,Online
14042,186,2122,2025-07-09,3,28.06,Online
14043,182,2099,2025-11-04,1,227.28,In-Store
14044,140,2751,2023-09-02,3,136.64,Online
14045,178,2533,2023-11-08,1,81.85,Online
14046,170,2567,2025-07-24,3,59.02,Online
14047,174,2671,2024-05-03,3,139.03,Online
14048,185,2828,2024-10-04,4,142.4,Online
14049,200,2809,2025-01-20,2,241.01,In-Store
14050,142,2738,2025-06-22,5,248.84,Online
14051,114,2950,2025-07-07,4,195.54,In-Store
14052,176,2334,2024-11-21,2,78.4,In-Store
14053,165,2366,2023-10-19,1,240.59,Online
14054,134,2116,2025-05-26,3,99.74,Online
14055,160,2570,2025-09-08,2,232.36,Online
14056,167,2574,2025-02-22,1,235.98,In-Store
14057,168,2765,2024-12-26,2,152.68,In-Store
14058,101,2827,2022-09-01,4,187.97,Online
14059,147,2385,2023-09-10,3,133.4,Online
14060,196,2457,2024-12-14,4,168.41,Online
14061,157,2729,2025-03-29,5,232.33,Online
14062,128,2998,2024-10-23,3,101.59,Online
14063,110,2107,2024-05-09,4,73.49,In-Store
14064,184,2528,2024-10-03,2,195.07,In-Store
14065,137,2948,2025-02-17,2,67.81,In-Store
14066,157,2735,2024-05-08,2,232.33,Online
14067,155,2905,2024-09-24,3,219.88,In-Store
14068,166,2118,2025-02-08,4,152.81,Online
14069,154,2857,2025-06-06,1,111.25,In-Store
14070,195,2642,2023-04-09,3,93.92,In-Store
14071,128,2616,2025-03-18,2,101.59,Online
14072,149,2328,2025-10-19,4,198.31,In-Store
14073,156,2605,2024-09-09,2,22.14,Online
14074,179,2021,2024-04-13,2,37.7,Online
14075,195,2711,2024-03-11,3,93.92,Online
14076,147,2147,2024-09-22,2,133.4,Online
14077,180,2238,2025-12-31,5,77.62,Online
14078,167,2860,2023-02-22,5,235.98,In-Store
14079,115,2928,2022-09-30,2,101.23,In-Store
14080,125,2399,2022-12-16,5,62.64,Online
14081,174,2484,2025-03-24,1,139.03,In-Store
14082,108,2348,2024-10-17,1,61.68,In-Store
14083,127,2264,2024-05-03,5,200.1,In-Store
14084,164,2301,2025-06-26,4,22.03,In-Store
14085,161,2238,2025-05-15,1,177.18,In-Store
14086,185,2215,2025-10-16,2,142.4,In-Store
14087,145,2240,2022-05-21,2,62.85,In-Store
14088,169,2029,2024-06-08,4,167.77,In-Store
14089,176,2306,2025-09-17,2,78.4,In-Store
14090,182,2095,2025-02-14,1,227.28,In-Store
14091,115,2063,2024-12-06,4,101.23,Online
14092,149,2959,2025-06-28,1,198.31,Online
14093,152,2357,2023-12-06,2,106.63,Online
14094,136,2208,2025-03-06,4,220.89,Online
14095,178,2078,2023-11-29,5,81.85,Online
14096,172,2734,2025-04-07,4,232.96,In-Store
14097,133,2956,2023-10-09,4,212.0,In-Store
14098,142,2953,2023-02-15,5,248.84,In-Store
14099,180,2387,2025-02-06,1,77.62,Online
14100,118,2608,2025-12-13,5,120.94,In-Store
14101,190,2120,2024-10-25,4,197.23,In-Store
14102,132,2960,2025-06-24,2,243.25,Online
14103,129,2807,2025-05-28,5,216.59,In-Store
14104,126,2614,2024-04-09,1,191.39,In-Store
14105,165,2986,2025-09-26,4,240.59,Online
14106,136,2419,2024-06-30,4,220.89,Online
14107,102,2443,2024-07-19,2,186.75,In-Store
14108,184,2593,2024-01-22,5,195.07,In-Store
14109,143,2230,2024-08-20,3,39.04,Online
14110,127,2602,2025-06-27,5,200.1,Online
14111,176,2516,2025-08-05,5,78.4,Online
14112,114,2693,2024-10-21,3,195.54,Online
14113,200,2153,2025-12-03,5,241.01,In-Store
14114,120,2217,2025-10-08,4,203.21,Online
14115,152,2823,2024-09-24,1,106.63,Online
14116,135,2676,2024-09-28,5,87.8,Online
14117,155,2145,2024-11-20,5,219.88,Online
14118,193,2213,2025-11-22,3,74.03,In-Store
14119,150,2694,2023-11-04,5,33.26,In-Store
14120,120,2023,2025-12-05,5,203.21,Online
14121,138,2266,2025-08-30,3,185.66,Online
14122,191,2411,2025-01-16,3,217.51,In-Store
14123,180,2981,2023-11-19,5,77.62,In-Store
14124,157,2137,2025-05-18,2,232.33,In-Store
14125,116,2496,2024-04-14,2,98.84,Online
14126,190,2572,2024-02-20,1,197.23,Online
14127,125,2187,2025-01-22,4,62.64,In-Store
14128,169,2922,2025-04-07,1,167.77,In-Store
14129,189,2659,2025-12-21,5,60.42,In-Store
14130,199,2707,2025-12-23,3,37.68,Online
14131,136,2332,2025-07-13,1,220.89,In-Store
14132,185,2511,2025-09-22,5,142.4,Online
14133,156,2183,2025-11-13,2,22.14,In-Store
14134,163,2935,2025-01-22,2,186.58,In-Store
14135,167,2354,2025-03-07,4,235.98,Online
14136,102,2696,2024-01-12,4,186.75,In-Store
14137,165,2846,2024-05-20,3,240.59,Online
14138,150,2543,2024-02-22,3,33.26,In-Store
14139,145,2477,2025-09-08,1,62.85,Online
14140,174,2592,2025-03-07,4,139.03,Online
14141,113,2818,2022-12-07,3,56.15,Online
14142,169,2421,2022-11-20,4,167.77,In-Store
14143,121,2132,2025-01-23,2,60.64,In-Store
14144,138,2586,2025-03-03,5,185.66,In-Store
14145,161,2477,2024-01-27,2,177.18,Online
14146,141,2201,2024-05-15,4,232.94,Online
14147,148,2362,2024-12-13,2,139.42,Online
14148,188,2099,2025-05-23,5,20.04,In-Store
14149,178,2251,2025-06-12,4,81.85,Online
14150,119,2486,2024-11-27,5,212.28,In-Store
14151,161,2562,2025-10-27,1,177.18,In-Store
14152,153,2467,2025-12-18,3,55.98,In-Store
14153,173,2890,2024-04-02,1,159.08,Online
14154,165,2125,2025-05-08,4,240.59,In-Store
14155,152,2063,2025-03-07,4,106.63,In-Store
14156,149,2591,2024-11-28,1,198.31,In-Store
14157,106,2494,2025-01-15,3,117.81,In-Store
14158,192,2518,2024-03-23,2,53.05,In-Store
14159,183,2606,2025-04-12,3,209.04,Online
14160,163,2720,2024-07-27,3,186.58,In-Store
14161,119,2595,2025-04-04,4,212.28,Online
14162,182,2735,2025-01-29,2,227.28,Online
14163,179,2607,2024-09-18,2,37.7,Online
14164,184,2666,2025-08-27,4,195.07,In-Store
14165,128,2266,2025-02-02,3,101.59,Online
14166,149,2280,2025-04-13,1,198.31,Online
14167,134,2943,2024-04-29,3,99.74,Online
14168,151,2714,2024-02-09,5,108.66,Online
14169,187,2049,2025-08-04,2,149.8,In-Store
14170,128,2517,2025-12-28,5,101.59,Online
14171,122,2342,2024-11-23,5,167.31,Online
14172,196,2339,2023-06-29,5,168.41,In-Store
14173,171,2471,2024-03-14,2,104.99,In-Store
14174,148,2997,2025-08-25,3,139.42,In-Store
14175,190,2003,2025-11-16,4,197.23,Online
14176,141,2656,2025-10-18,4,232.94,In-Store
14177,155,2059,2023-08-09,1,219.88,Online
14178,133,2618,2025-04-23,4,212.0,In-Store
14179,126,2883,2025-04-18,3,191.39,Online
14180,169,2208,2025-02-24,3,167.77,Online
14181,161,2489,2025-02-07,1,177.18,In-Store
14182,154,2570,2025-08-20,5,111.25,Online
14183,189,2674,2025-03-21,2,60.42,In-Store
14184,134,2392,2023-10-03,3,99.74,Online
14185,122,2493,2025-12-20,4,167.31,Online
14186,152,2687,2023-03-22,1,106.63,Online
14187,116,2672,2025-07-10,4,98.84,In-Store
14188,152,2385,2025-01-17,1,106.63,In-Store
14189,191,2886,2024-07-04,3,217.51,Online
14190,190,2541,2025-12-17,1,197.23,Online
14191,120,2037,2024-06-27,5,203.21,Online
14192,168,2886,2025-07-02,4,152.68,In-Store
14193,133,2965,2025-11-16,5,212.0,In-Store
14194,127,2500,2023-11-10,3,200.1,In-Store
14195,128,2224,2024-01-14,1,101.59,Online
14196,140,2047,2024-05-24,4,136.64,In-Store
14197,119,2985,2025-08-23,4,212.28,Online
14198,175,2535,2025-07-27,3,233.98,Online
14199,103,2146,2023-10-18,3,111.26,Online
14200,186,2232,2023-01-25,3,28.06,In-Store
14201,197,2800,2023-08-12,1,217.44,In-Store
14202,120,2834,2025-07-02,2,203.21,Online
14203,174,2846,2024-08-16,4,139.03,In-Store
14204,108,2623,2024-08-21,4,61.68,Online
14205,112,2362,2022-09-08,4,80.36,Online
14206,122,2105,2025-05-17,5,167.31,In-Store
14207,163,2646,2023-05-04,1,186.58,In-Store
14208,167,2660,2023-09-26,2,235.98,In-Store
14209,155,2546,2024-07-22,2,219.88,In-Store
14210,117,2181,2024-02-23,1,156.19,In-Store
14211,117,2100,2024-01-26,2,156.19,Online
14212,173,2494,2024-11-22,4,159.08,In-Store
14213,156,2021,2024-11-03,3,22.14,In-Store
14214,182,2434,2025-11-14,4,227.28,In-Store
14215,189,2167,2024-11-13,4,60.42,In-Store
14216,138,2863,2023-04-22,3,185.66,Online
14217,126,2789,2024-04-24,4,191.39,In-Store
14218,152,2157,2024-01-15,1,106.63,Online
14219,167,2469,2025-06-19,1,235.98,Online
14220,123,2951,2025-05-08,3,73.57,In-Store
14221,126,2831,2024-12-21,5,191.39,In-Store
14222,166,2268,2024-11-12,3,152.81,In-Store
14223,176,2590,2025-04-29,5,78.4,Online
14224,115,2671,2023-02-17,3,101.23,Online
14225,189,2799,2025-08-14,3,60.42,In-Store
14226,117,2603,2023-01-26,5,156.19,Online
14227,145,2936,2024-09-10,1,62.85,Online
14228,184,2346,2025-07-26,3,195.07,Online
14229,106,2974,2022-12-29,2,117.81,Online
14230,128,2487,2025-07-07,4,101.59,In-Store
14231,170,2528,2024-10-18,3,59.02,Online
14232,143,2267,2023-09-20,2,39.04,In-Store
14233,109,2624,2024-04-23,4,101.18,In-Store
14234,200,2086,2025-11-19,3,241.01,Online
14235,130,2359,2024-11-18,4,190.21,In-Store
14236,172,2128,2024-11-03,3,232.96,In-Store
14237,186,2077,2025-10-05,3,28.06,In-Store
14238,163,2149,2024-11-20,5,186.58,Online
14239,113,2792,2025-02-27,3,56.15,Online
14240,149,2134,2024-08-13,4,198.31,In-Store
14241,148,2318,2025-12-23,1,139.42,Online
14242,148,2359,2024-02-22,5,139.42,In-Store
14243,150,2195,2025-09-05,3,33.26,In-Store
14244,131,2019,2023-11-10,5,114.34,Online
14245,148,2774,2025-09-16,5,139.42,Online
14246,168,2407,2024-12-23,4,152.68,In-Store
14247,122,2271,2023-07-25,1,167.31,Online
14248,182,2896,2025-03-25,2,227.28,In-Store
14249,132,2865,2024-04-30,5,243.25,In-Store
14250,139,2921,2025-07-10,1,168.34,Online
14251,149,2047,2024-12-03,5,198.31,Online
14252,128,2102,2023-05-08,3,101.59,In-Store
14253,143,2091,2024-09-13,5,39.04,Online
14254,184,2180,2025-05-05,5,195.07,In-Store
14255,126,2192,2024-12-03,3,191.39,In-Store
14256,173,2530,2025-11-11,4,159.08,In-Store
14257,170,2254,2022-12-18,2,59.02,Online
14258,161,2948,2025-02-06,2,177.18,In-Store
14259,189,2286,2024-02-28,1,60.42,In-Store
14260,160,2663,2022-12-06,5,232.36,Online
14261,107,2673,2024-11-04,2,177.55,Online
14262,186,2502,2025-06-11,2,28.06,In-Store
14263,200,2250,2025-04-19,2,241.01,In-Store
14264,165,2306,2025-10-11,5,240.59,In-Store
14265,135,2549,2023-12-03,5,87.8,Online
14266,187,2953,2025-03-20,2,149.8,Online
14267,114,2480,2024-11-09,5,195.54,Online
14268,196,2227,2022-12-11,1,168.41,Online
14269,135,2817,2024-06-15,4,87.8,In-Store
14270,139,2104,2025-07-12,2,168.34,Online
14271,172,2748,2025-10-31,5,232.96,Online
14272,180,2318,2024-04-01,3,77.62,In-Store
14273,155,2160,2025-10-21,5,219.88,Online
14274,119,2139,2025-09-12,4,212.28,In-Store
14275,194,2132,2023-03-07,4,216.06,Online
14276,173,2023,2025-06-02,1,159.08,In-Store
14277,109,2326,2024-08-19,5,101.18,In-Store
14278,168,2697,2022-11-29,4,152.68,Online
14279,142,2777,2024-09-03,2,248.84,Online
14280,160,2814,2024-09-01,4,232.36,Online
14281,176,2942,2023-06-26,2,78.4,Online
14282,140,2929,2024-11-29,3,136.64,In-Store
14283,187,2969,2023-02-12,1,149.8,In-Store
14284,102,2684,2023-06-06,3,186.75,In-Store
14285,183,2926,2023-04-18,4,209.04,Online
14286,169,2332,2025-04-02,5,167.77,In-Store
14287,169,2676,2025-12-15,3,167.77,Online
14288,183,2706,2025-11-19,2,209.04,In-Store
14289,105,2101,2024-04-11,4,57.72,Online
14290,141,2146,2025-03-28,3,232.94,In-Store
14291,167,2941,2024-03-11,3,235.98,Online
14292,121,3000,2025-10-10,2,60.64,In-Store
14293,148,2891,2025-11-04,5,139.42,Online
14294,177,2576,2025-05-14,2,246.12,In-Store
14295,107,2840,2025-10-09,2,177.55,Online
14296,171,2355,2024-09-20,4,104.99,In-Store
14297,191,2723,2024-11-01,3,217.51,In-Store
14298,179,2974,2023-10-23,4,37.7,In-Store
14299,102,2282,2024-09-25,5,186.75,In-Store
14300,102,2564,2024-01-16,3,186.75,In-Store
14301,119,2985,2025-04-23,2,212.28,Online
14302,159,2810,2024-05-08,1,49.51,In-Store
14303,188,2169,2025-04-20,2,20.04,Online
14304,179,2707,2024-10-17,3,37.7,In-Store
14305,110,2558,2025-02-16,4,73.49,Online
14306,132,2063,2025-07-17,1,243.25,In-Store
14307,200,2760,2024-05-16,3,241.01,Online
14308,114,2532,2023-05-08,1,195.54,Online
14309,134,2695,2022-09-08,1,99.74,Online
14310,190,2328,2025-08-08,5,197.23,In-Store
14311,155,2246,2024-12-08,5,219.88,In-Store
14312,108,2125,2025-08-13,4,61.68,Online
14313,142,2341,2022-04-06,3,248.84,Online
14314,142,2355,2024-10-15,3,248.84,Online
14315,111,2239,2024-09-15,1,243.55,In-Store
14316,171,2759,2024-05-15,1,104.99,Online
14317,156,2952,2024-05-11,2,22.14,In-Store
14318,167,2668,2025-11-22,4,235.98,Online
14319,137,2825,2025-01-03,5,67.81,In-Store
14320,156,2153,2025-11-17,5,22.14,Online
14321,152,2276,2025-11-10,3,106.63,In-Store
14322,138,2400,2024-06-17,2,185.66,In-Store
14323,192,2336,2025-02-19,5,53.05,In-Store
14324,168,2415,2024-11-13,2,152.68,Online
14325,137,2571,2024-06-09,3,67.81,Online
14326,138,2208,2025-10-05,3,185.66,Online
14327,156,2756,2025-10-08,4,22.14,Online
14328,110,2934,2025-09-08,1,73.49,In-Store
14329,173,2059,2024-04-09,4,159.08,Online
14330,153,2458,2025-11-08,1,55.98,In-Store
14331,170,2149,2025-04-22,3,59.02,In-Store
14332,158,2963,2023-07-31,5,126.55,In-Store
14333,102,2245,2025-02-09,3,186.75,In-Store
14334,126,2864,2024-09-29,3,191.39,Online
14335,118,2619,2025-06-25,3,120.94,Online
14336,153,2518,2025-12-21,5,55.98,Online
14337,147,2825,2025-11-29,4,133.4,Online
14338,185,2755,2024-06-18,4,142.4,Online
14339,156,2597,2025-08-30,4,22.14,In-Store
14340,148,2606,2024-10-21,4,139.42,Online
14341,122,2884,2024-01-28,1,167.31,Online
14342,159,2715,2025-03-18,1,49.51,Online
14343,144,2412,2022-03-20,2,15.05,Online
14344,132,2151,2025-07-19,5,243.25,In-Store
14345,190,2206,2025-09-13,2,197.23,Online
14346,136,2124,2024-10-01,3,220.89,Online
14347,110,2122,2025-02-28,3,73.49,In-Store
14348,183,2165,2024-08-04,4,209.04,Online
14349,106,2416,2025-11-26,4,117.81,In-Store
14350,104,2866,2025-05-17,4,65.84,Online
14351,134,2586,2022-12-28,3,99.74,Online
14352,150,2052,2023-09-28,2,33.26,In-Store
14353,151,2328,2022-10-25,1,108.66,Online
14354,131,2936,2024-07-28,4,114.34,In-Store
14355,162,2960,2024-06-09,4,55.58,In-Store
14356,123,2444,2024-11-12,4,73.57,In-Store
14357,142,2479,2025-03-17,4,248.84,In-Store
14358,140,2765,2025-03-28,2,136.64,Online
14359,142,2725,2025-06-11,4,248.84,In-Store
14360,121,2040,2023-06-21,1,60.64,In-Store
14361,180,2557,2024-04-12,4,77.62,In-Store
14362,180,2889,2025-02-19,1,77.62,Online
14363,156,2253,2024-05-28,2,22.14,Online
14364,179,2351,2024-03-29,4,37.7,Online
14365,119,2757,2023-01-03,3,212.28,In-Store
14366,176,2502,2025-03-03,1,78.4,In-Store
14367,131,2707,2024-06-21,4,114.34,In-Store
14368,120,2139,2024-03-01,4,203.21,Online
14369,146,2542,2022-05-26,3,26.18,Online
14370,101,2347,2024-09-24,2,187.97,Online
14371,162,2907,2025-10-11,5,55.58,Online
14372,169,2360,2025-09-28,4,167.77,Online
14373,130,2971,2025-07-08,2,190.21,Online
14374,161,2921,2025-01-02,1,177.18,In-Store
14375,153,2686,2024-03-06,4,55.98,Online
14376,111,2612,2022-10-05,4,243.55,In-Store
14377,140,2073,2023-11-28,4,136.64,Online
14378,144,2402,2023-12-22,4,15.05,In-Store
14379,179,2810,2023-12-10,3,37.7,Online
14380,146,2603,2023-08-30,1,26.18,Online
14381,142,2579,2025-02-03,5,248.84,In-Store
14382,197,2027,2025-06-13,5,217.44,In-Store
14383,179,2618,2025-10-01,2,37.7,Online
14384,121,2552,2024-09-03,4,60.64,In-Store
14385,101,2609,2024-08-10,5,187.97,In-Store
14386,159,2479,2023-02-17,5,49.51,In-Store
14387,130,2828,2024-06-03,5,190.21,In-Store
14388,118,2935,2022-07-05,2,120.94,Online
14389,175,2576,2025-10-21,5,233.98,Online
14390,105,2128,2024-07-12,5,57.72,In-Store
14391,147,2580,2025-07-15,5,133.4,In-Store
14392,180,2956,2025-08-17,4,77.62,In-Store
14393,200,2144,2025-05-20,5,241.01,Online
14394,124,2374,2023-12-23,2,112.82,In-Store
14395,160,2811,2024-12-08,5,232.36,In-Store
14396,154,2662,2025-06-15,4,111.25,In-Store
14397,197,2315,2023-07-04,4,217.44,In-Store
14398,153,2402,2025-12-08,5,55.98,Online
14399,189,2192,2025-12-01,2,60.42,Online
14400,177,2102,2025-10-16,1,246.12,In-Store
14401,104,2932,2023-02-11,3,65.84,In-Store
14402,188,2065,2025-08-05,3,20.04,In-Store
14403,118,2382,2024-12-03,1,120.94,Online
14404,112,2479,2024-01-26,4,80.36,In-Store
14405,102,2336,2023-02-05,1,186.75,Online
14406,193,2439,2025-11-07,3,74.03,In-Store
14407,136,2139,2024-10-18,5,220.89,Online
14408,113,2659,2024-02-29,1,56.15,Online
14409,126,2729,2025-11-27,2,191.39,In-Store
14410,140,2880,2024-06-11,3,136.64,Online
14411,142,2034,2024-03-14,4,248.84,Online
14412,193,2194,2024-07-25,3,74.03,Online
14413,183,2315,2025-09-12,3,209.04,Online
14414,159,2876,2024-04-17,1,49.51,In-Store
14415,137,2033,2025-02-18,2,67.81,In-Store
14416,132,2313,2025-06-28,1,243.25,Online
14417,158,2332,2024-10-19,5,126.55,Online
14418,187,2947,2025-06-11,1,149.8,Online
14419,102,2507,2023-08-08,4,186.75,Online
14420,137,2265,2024-02-07,3,67.81,In-Store
14421,152,2786,2024-06-26,3,106.63,In-Store
14422,113,2464,2025-11-08,3,56.15,In-Store
14423,109,2403,2025-04-03,1,101.18,In-Store
14424,136,2345,2025-10-09,5,220.89,Online
14425,197,2697,2024-08-22,1,217.44,Online
14426,133,2560,2025-08-02,3,212.0,Online
14427,140,2749,2024-10-28,5,136.64,Online
14428,101,2581,2023-02-24,5,187.97,Online
14429,165,2845,2024-12-22,5,240.59,Online
14430,125,2145,2024-03-16,5,62.64,In-Store
14431,123,2778,2022-07-09,4,73.57,Online
14432,174,2647,2025-12-14,3,139.03,In-Store
14433,135,2893,2023-01-10,4,87.8,In-Store
14434,183,2635,2025-03-24,1,209.04,Online
14435,188,2277,2025-01-13,4,20.04,Online
14436,133,2093,2025-09-14,3,212.0,Online
14437,101,2399,2022-10-26,4,187.97,In-Store
14438,183,2066,2024-12-29,5,209.04,Online
14439,165,2453,2024-03-15,5,240.59,In-Store
14440,153,2663,2025-11-21,2,55.98,In-Store
14441,163,2497,2022-10-23,3,186.58,In-Store
14442,170,2081,2025-03-19,5,59.02,In-Store
14443,168,2479,2025-07-28,2,152.68,In-Store
14444,196,2711,2024-03-09,1,168.41,Online
14445,102,2908,2022-10-30,2,186.75,Online
14446,180,2877,2024-03-26,1,77.62,In-Store
14447,137,2461,2024-11-27,4,67.81,In-Store
14448,137,2138,2025-09-03,5,67.81,In-Store
14449,158,2407,2025-02-19,2,126.55,In-Store
14450,181,2804,2025-10-03,3,175.0,In-Store
14451,102,2267,2024-10-16,3,186.75,Online
14452,148,2039,2025-05-20,3,139.42,In-Store
14453,166,2259,2025-05-28,2,152.81,Online
14454,127,2422,2025-06-02,1,200.1,Online
14455,106,2431,2022-10-02,1,117.81,Online
14456,133,2626,2024-11-15,2,212.0,Online
14457,192,2696,2024-05-30,5,53.05,Online
14458,117,2053,2023-12-06,4,156.19,In-Store
14459,149,2370,2025-10-27,1,198.31,In-Store
14460,117,2285,2025-09-16,3,156.19,Online
14461,140,2946,2025-05-20,5,136.64,Online
14462,172,2937,2024-02-03,5,232.96,In-Store
14463,134,2914,2025-10-02,3,99.74,In-Store
14464,151,2646,2024-01-31,3,108.66,In-Store
14465,158,2888,2025-12-27,2,126.55,Online
14466,111,2534,2023-08-10,5,243.55,Online
14467,193,2866,2024-06-01,1,74.03,In-Store
14468,115,2612,2024-05-18,4,101.23,In-Store
14469,151,2725,2024-04-27,1,108.66,In-Store
14470,144,2426,2024-12-31,2,15.05,In-Store
14471,151,2029,2024-08-02,2,108.66,Online
14472,109,2921,2024-01-14,4,101.18,In-Store
14473,131,2457,2024-09-08,5,114.34,Online
14474,110,2334,2025-10-18,4,73.49,Online
14475,142,2855,2023-01-13,4,248.84,In-Store
14476,134,2943,2023-07-02,3,99.74,Online
14477,179,2005,2025-01-13,2,37.7,In-Store
14478,148,2424,2024-06-11,3,139.42,Online
14479,193,2683,2024-09-28,2,74.03,In-Store
14480,175,2308,2025-10-28,5,233.98,In-Store
14481,157,2946,2025-03-31,4,232.33,Online
14482,195,2059,2024-11-27,1,93.92,In-Store
14483,168,2743,2024-05-22,2,152.68,In-Store
14484,111,2528,2023-04-02,1,243.55,In-Store
14485,106,2039,2025-08-30,3,117.81,In-Store
14486,196,2318,2024-04-14,5,168.41,Online
14487,168,2863,2024-09-03,5,152.68,Online
14488,167,2176,2025-02-14,3,235.98,Online
14489,138,2111,2025-05-13,5,185.66,Online
14490,154,2149,2025-12-03,4,111.25,Online
14491,136,2106,2025-07-27,3,220.89,In-Store
14492,144,2029,2025-08-26,2,15.05,Online
14493,131,2661,2025-03-11,1,114.34,In-Store
14494,134,2674,2024-07-05,3,99.74,In-Store
14495,161,2701,2024-01-02,4,177.18,Online
14496,148,2314,2025-12-27,1,139.42,In-Store
14497,157,2405,2025-05-01,5,232.33,Online
14498,188,2201,2025-12-15,2,20.04,In-Store
14499,117,2616,2023-08-25,2,156.19,Online
14500,126,2022,2025-02-13,4,191.39,In-Store
14501,101,2727,2024-02-21,1,187.97,Online
14502,112,2466,2025-08-10,2,80.36,Online
14503,110,2485,2025-09-02,1,73.49,Online
14504,119,2749,2023-09-27,1,212.28,In-Store
14505,174,2148,2024-09-10,4,139.03,In-Store
14506,174,2111,2024-10-28,5,139.03,In-Store
14507,182,2724,2024-03-03,4,227.28,Online
14508,186,2183,2024-07-24,4,28.06,In-Store
14509,107,2111,2022-09-28,5,177.55,Online
14510,144,2970,2025-09-11,3,15.05,Online
14511,123,2866,2025-07-04,2,73.57,Online
14512,119,2963,2023-12-03,2,212.28,Online
14513,179,2366,2024-11-06,3,37.7,In-Store
14514,182,2309,2025-10-13,3,227.28,Online
14515,182,2177,2025-04-09,4,227.28,In-Store
14516,142,2115,2024-02-17,3,248.84,Online
14517,118,2503,2023-12-28,3,120.94,In-Store
14518,111,2171,2024-06-12,2,243.55,Online
14519,186,2353,2024-06-03,5,28.06,Online
14520,167,2443,2025-11-15,3,235.98,In-Store
14521,175,2462,2023-06-28,3,233.98,Online
14522,200,2215,2025-09-14,5,241.01,In-Store
14523,185,2365,2023-09-23,2,142.4,Online
14524,157,2788,2025-05-06,1,232.33,In-Store
14525,193,2286,2023-07-07,4,74.03,Online
14526,200,2744,2025-10-06,5,241.01,In-Store
14527,102,2096,2024-08-28,1,186.75,Online
14528,103,2112,2025-05-02,5,111.26,Online
14529,196,2983,2025-02-28,2,168.41,Online
14530,158,2113,2022-11-05,4,126.55,Online
14531,136,2390,2025-11-03,4,220.89,Online
14532,165,2440,2024-09-07,2,240.59,In-Store
14533,158,2736,2025-07-27,3,126.55,In-Store
14534,144,2713,2022-09-08,1,15.05,Online
14535,160,2229,2025-04-01,2,232.36,Online
14536,119,2459,2024-04-23,4,212.28,In-Store
14537,164,2255,2025-07-06,2,22.03,In-Store
14538,148,2784,2024-05-28,5,139.42,In-Store
14539,175,2899,2025-07-06,3,233.98,Online
14540,165,2243,2024-08-21,2,240.59,In-Store
14541,145,2277,2024-03-03,5,62.85,Online
14542,153,2310,2025-04-08,1,55.98,Online
14543,109,2744,2024-04-28,1,101.18,In-Store
14544,133,2258,2023-04-13,3,212.0,Online
14545,126,2019,2025-12-08,2,191.39,In-Store
14546,112,2123,2022-05-08,2,80.36,In-Store
14547,169,2331,2025-08-31,1,167.77,In-Store
14548,183,2305,2024-11-23,5,209.04,In-Store
14549,140,2793,2024-01-31,3,136.64,Online
14550,162,2215,2025-07-24,2,55.58,Online
14551,163,2660,2025-10-30,2,186.58,Online
14552,132,2023,2025-08-04,4,243.25,In-Store
14553,186,2438,2025-07-01,2,28.06,Online
14554,147,2528,2023-07-21,5,133.4,Online
14555,193,2566,2025-08-05,5,74.03,Online
14556,187,2407,2025-04-24,2,149.8,In-Store
14557,137,2363,2024-09-24,1,67.81,In-Store
14558,125,2887,2025-03-31,4,62.64,In-Store
14559,139,2505,2025-04-06,5,168.34,In-Store
14560,186,2803,2024-05-27,1,28.06,Online
14561,156,2107,2023-04-18,1,22.14,In-Store
14562,131,2242,2024-09-30,4,114.34,Online
14563,181,2963,2023-06-13,2,175.0,Online
14564,114,2877,2022-11-15,2,195.54,In-Store
14565,197,2947,2025-06-07,5,217.44,In-Store
14566,183,2262,2025-02-18,4,209.04,Online
14567,133,2933,2024-04-09,1,212.0,Online
14568,198,2826,2025-12-17,2,105.92,Online
14569,187,2572,2023-11-27,1,149.8,In-Store
14570,126,2030,2024-10-26,1,191.39,In-Store
14571,180,2414,2024-02-06,3,77.62,Online
14572,195,2151,2025-08-14,2,93.92,Online
14573,116,2787,2024-11-16,3,98.84,Online
14574,123,2487,2023-03-09,5,73.57,In-Store
14575,107,2408,2025-08-23,2,177.55,Online
14576,120,2315,2024-11-01,2,203.21,Online
14577,151,2940,2025-03-22,1,108.66,In-Store
14578,122,2999,2024-12-02,2,167.31,In-Store
14579,136,2301,2025-03-09,4,220.89,Online
14580,167,2573,2024-10-30,5,235.98,Online
14581,159,2609,2024-07-17,5,49.51,In-Store
14582,170,2563,2024-03-15,1,59.02,Online
14583,138,2786,2024-05-27,1,185.66,In-Store
14584,163,2199,2025-10-06,2,186.58,In-Store
14585,122,2360,2022-07-17,2,167.31,In-Store
14586,114,2985,2025-09-06,2,195.54,Online
14587,170,2735,2023-12-01,5,59.02,Online
14588,180,2738,2024-07-17,2,77.62,In-Store
14589,106,2438,2023-05-05,2,117.81,Online
14590,134,2373,2023-06-27,5,99.74,In-Store
14591,130,2648,2024-07-17,1,190.21,In-Store
14592,170,2247,2024-08-25,5,59.02,In-Store
14593,180,2691,2023-07-02,2,77.62,In-Store
14594,111,2804,2022-07-14,4,243.55,In-Store
14595,139,2136,2024-11-27,4,168.34,Online
14596,152,2452,2022-10-25,3,106.63,In-Store
14597,163,2258,2022-12-30,5,186.58,Online
14598,154,2360,2024-08-12,2,111.25,In-Store
14599,174,2472,2024-10-16,2,139.03,Online
14600,159,2179,2024-10-08,1,49.51,Online
14601,179,2598,2024-11-20,2,37.7,In-Store
14602,197,2607,2023-10-15,3,217.44,Online
14603,144,2452,2022-10-24,3,15.05,In-Store
14604,200,2562,2025-03-12,1,241.01,In-Store
14605,174,2536,2025-01-10,1,139.03,In-Store
14606,134,2311,2022-09-16,3,99.74,Online
14607,198,2979,2025-02-02,2,105.92,Online
14608,124,2474,2024-02-06,5,112.82,In-Store
14609,170,2660,2024-09-18,2,59.02,Online
14610,163,2797,2025-08-13,2,186.58,In-Store
14611,133,2761,2022-08-12,4,212.0,In-Store
14612,157,2191,2023-07-03,2,232.33,In-Store
14613,109,2699,2025-07-19,4,101.18,In-Store
14614,122,2389,2024-05-14,2,167.31,Online
14615,176,2904,2024-08-19,4,78.4,Online
14616,177,2565,2025-09-16,3,246.12,In-Store
14617,131,2037,2025-02-18,2,114.34,Online
14618,174,2806,2025-09-28,1,139.03,In-Store
14619,178,2875,2025-08-24,1,81.85,Online
14620,192,2651,2024-10-18,5,53.05,In-Store
14621,142,2027,2024-12-21,4,248.84,Online
14622,148,2800,2024-08-14,4,139.42,In-Store
14623,165,2721,2024-07-28,1,240.59,In-Store
14624,126,2641,2024-11-20,5,191.39,Online
14625,110,2562,2025-07-28,1,73.49,In-Store
14626,190,2771,2024-06-30,3,197.23,Online
14627,140,2335,2022-09-06,2,136.64,In-Store
14628,148,2156,2024-08-01,3,139.42,In-Store
14629,126,2184,2024-08-07,3,191.39,Online
14630,104,2935,2022-06-14,1,65.84,Online
14631,168,2125,2025-12-14,5,152.68,Online
14632,113,2688,2024-02-08,2,56.15,Online
14633,183,2571,2024-03-25,1,209.04,In-Store
14634,108,2429,2024-09-13,1,61.68,Online
14635,174,2245,2025-06-28,1,139.03,Online
14636,132,2722,2025-10-04,4,243.25,In-Store
14637,147,2138,2024-11-22,4,133.4,In-Store
14638,165,2384,2024-12-26,5,240.59,Online
14639,159,2059,2024-06-15,4,49.51,In-Store
14640,181,2685,2025-06-21,3,175.0,Online
14641,103,2922,2025-03-21,4,111.26,Online
14642,114,2769,2024-06-20,2,195.54,Online
14643,142,2216,2025-10-07,5,248.84,In-Store
14644,165,2023,2024-12-06,5,240.59,In-Store
14645,139,2782,2024-07-16,4,168.34,In-Store
14646,155,2934,2025-06-24,2,219.88,Online
14647,195,2612,2023-04-11,1,93.92,In-Store
14648,106,2008,2025-11-06,4,117.81,Online
14649,110,2647,2023-09-14,2,73.49,In-Store
14650,145,2378,2025-12-05,3,62.85,Online
14651,145,2813,2023-08-09,4,62.85,In-Store
14652,111,2323,2025-04-26,3,243.55,Online
14653,167,2553,2024-03-16,3,235.98,Online
14654,114,2806,2025-05-12,1,195.54,In-Store
14655,138,2525,2025-11-05,3,185.66,In-Store
14656,183,2905,2024-03-27,1,209.04,In-Store
14657,112,2653,2024-08-28,5,80.36,In-Store
14658,113,2538,2024-05-16,1,56.15,Online
14659,113,2136,2024-10-10,2,56.15,Online
14660,158,2427,2024-11-15,5,126.55,In-Store
14661,124,2763,2024-05-21,4,112.82,Online
14662,191,2751,2024-12-01,4,217.51,In-Store
14663,183,2200,2023-09-14,4,209.04,Online
14664,168,2796,2025-09-03,3,152.68,Online
14665,187,2231,2025-03-31,1,149.8,Online
14666,127,2380,2025-11-01,1,200.1,Online
14667,145,2310,2024-07-31,3,62.85,Online
14668,196,2224,2025-07-26,1,168.41,In-Store
14669,157,2905,2025-06-05,3,232.33,In-Store
14670,138,2275,2023-12-05,2,185.66,Online
14671,161,2816,2025-02-18,1,177.18,In-Store
14672,121,2084,2024-09-11,1,60.64,In-Store
14673,111,2483,2024-12-01,4,243.55,Online
14674,134,2003,2024-01-02,2,99.74,In-Store
14675,152,2671,2023-10-01,3,106.63,In-Store
14676,132,2537,2024-06-01,1,243.25,Online
14677,167,2552,2024-07-03,1,235.98,In-Store
14678,175,2189,2025-04-06,2,233.98,Online
14679,162,2041,2025-12-22,1,55.58,In-Store
14680,118,2667,2024-03-18,1,120.94,In-Store
14681,174,2906,2024-10-16,3,139.03,Online
14682,147,2122,2024-11-29,4,133.4,Online
14683,160,2155,2024-11-25,5,232.36,Online
14684,114,2055,2024-03-16,5,195.54,In-Store
14685,138,2412,2025-02-25,2,185.66,Online
14686,143,2623,2025-01-16,2,39.04,Online
14687,112,2102,2023-12-09,5,80.36,In-Store
14688,188,2242,2025-09-13,1,20.04,Online
14689,128,2892,2025-10-29,5,101.59,Online
14690,128,2418,2025-10-28,4,101.59,In-Store
14691,162,2614,2025-06-16,1,55.58,Online
14692,184,2754,2024-12-31,4,195.07,In-Store
14693,198,2295,2025-03-12,3,105.92,In-Store
14694,122,2789,2025-11-10,4,167.31,In-Store
14695,109,2314,2025-03-31,4,101.18,In-Store
14696,131,2560,2024-12-05,2,114.34,In-Store
14697,159,2504,2024-06-25,5,49.51,In-Store
14698,127,2491,2025-10-21,3,200.1,Online
14699,183,2020,2024-07-16,3,209.04,Online
14700,102,2863,2023-11-01,3,186.75,In-Store
14701,196,2109,2022-11-19,5,168.41,Online
14702,136,2749,2024-12-08,4,220.89,Online
14703,197,2947,2024-12-11,2,217.44,In-Store
14704,129,2076,2025-02-09,3,216.59,Online
14705,109,2431,2023-09-11,2,101.18,Online
14706,188,2673,2024-04-30,3,20.04,Online
14707,185,2029,2023-08-02,2,142.4,Online
14708,179,2796,2025-11-23,5,37.7,In-Store
14709,151,2556,2024-05-05,5,108.66,Online
14710,185,2823,2025-08-17,1,142.4,Online
14711,135,2112,2025-03-27,2,87.8,Online
14712,149,2341,2025-08-16,1,198.31,In-Store
14713,177,2359,2024-08-07,1,246.12,In-Store
14714,120,2434,2024-11-05,2,203.21,Online
14715,195,2629,2025-05-10,5,93.92,Online
14716,114,2810,2023-12-05,2,195.54,In-Store
14717,137,2089,2022-05-30,1,67.81,In-Store
14718,181,2500,2025-09-13,4,175.0,In-Store
14719,194,2843,2025-09-11,4,216.06,Online
14720,136,2954,2025-08-11,1,220.89,Online
14721,190,2737,2024-05-25,3,197.23,Online
14722,167,2381,2025-02-27,1,235.98,In-Store
14723,198,2559,2023-02-26,5,105.92,In-Store
14724,177,2374,2025-12-31,4,246.12,In-Store
14725,180,2571,2025-01-30,3,77.62,In-Store
14726,101,2396,2024-05-06,4,187.97,Online
14727,140,2332,2025-11-18,3,136.64,Online
14728,123,2936,2025-06-26,4,73.57,In-Store
14729,163,2564,2025-01-31,2,186.58,In-Store
14730,126,2326,2025-04-02,1,191.39,In-Store
14731,154,2969,2024-05-07,4,111.25,In-Store
14732,168,2355,2025-08-17,5,152.68,In-Store
14733,122,2366,2025-04-01,5,167.31,Online
14734,104,2244,2025-04-30,4,65.84,Online
14735,198,2138,2025-11-18,4,105.92,Online
14736,174,2304,2024-11-30,4,139.03,Online
14737,136,2019,2023-11-04,3,220.89,Online
14738,125,2175,2025-05-06,1,62.64,Online
14739,174,2250,2024-09-12,5,139.03,Online
14740,148,2147,2025-01-19,4,139.42,In-Store
14741,193,2711,2025-01-25,1,74.03,In-Store
14742,130,2662,2024-02-22,2,190.21,In-Store
14743,108,2607,2023-12-14,1,61.68,In-Store
14744,159,2594,2024-10-26,5,49.51,Online
14745,184,2947,2025-02-21,5,195.07,In-Store
14746,115,2114,2024-11-19,5,101.23,Online
14747,111,2155,2025-12-23,4,243.55,Online
14748,179,2177,2024-07-12,1,37.7,Online
14749,174,2355,2025-10-04,1,139.03,Online
14750,103,2086,2024-08-03,2,111.26,Online
14751,196,2990,2024-12-29,2,168.41,In-Store
14752,197,2936,2024-10-03,2,217.44,In-Store
14753,126,2908,2023-11-24,5,191.39,Online
14754,131,2904,2024-03-13,2,114.34,Online
14755,169,2539,2025-06-23,3,167.77,Online
14756,118,2688,2024-07-08,1,120.94,Online
14757,119,2802,2024-10-28,4,212.28,Online
14758,170,2075,2025-08-11,4,59.02,Online
14759,135,2762,2025-09-05,1,87.8,Online
14760,172,2071,2024-02-16,3,232.96,In-Store
14761,157,2795,2024-05-24,2,232.33,Online
14762,154,2157,2025-01-21,2,111.25,In-Store
14763,160,2633,2024-06-30,5,232.36,In-Store
14764,113,2004,2025-02-01,3,56.15,In-Store
14765,112,2212,2023-08-27,3,80.36,In-Store
14766,185,2632,2025-05-21,4,142.4,In-Store
14767,143,2820,2024-11-29,2,39.04,Online
14768,157,2068,2025-05-01,1,232.33,In-Store
14769,112,2506,2025-01-21,5,80.36,In-Store
14770,122,2387,2025-09-27,2,167.31,In-Store
14771,111,2114,2024-12-08,2,243.55,In-Store
14772,110,2692,2025-08-13,1,73.49,Online
14773,121,2452,2025-09-02,5,60.64,In-Store
14774,192,2923,2025-01-11,5,53.05,Online
14775,147,2996,2024-09-09,1,133.4,In-Store
14776,138,2269,2025-06-30,3,185.66,In-Store
14777,134,2463,2025-01-06,1,99.74,In-Store
14778,111,2387,2025-06-07,4,243.55,Online
14779,172,2023,2025-11-02,5,232.96,Online
14780,163,2776,2023-11-05,1,186.58,Online
14781,180,2355,2024-10-19,3,77.62,In-Store
14782,108,2296,2025-07-07,2,61.68,Online
14783,145,2089,2024-09-23,1,62.85,In-Store
14784,188,2772,2023-12-08,3,20.04,In-Store
14785,187,2147,2024-03-25,5,149.8,In-Store
14786,128,2472,2024-10-04,4,101.59,Online
14787,122,2281,2022-12-11,3,167.31,Online
14788,112,2523,2023-08-05,5,80.36,Online
14789,179,2230,2023-08-03,4,37.7,Online
14790,155,2818,2023-05-07,5,219.88,Online
14791,114,2171,2025-06-21,1,195.54,In-Store
14792,182,2779,2025-05-19,1,227.28,Online
14793,155,2904,2024-01-08,5,219.88,Online
14794,121,2807,2024-12-29,5,60.64,Online
14795,110,3000,2023-03-04,4,73.49,In-Store
14796,189,2150,2025-07-22,4,60.42,In-Store
14797,137,2816,2023-10-29,4,67.81,Online
14798,149,2786,2025-12-03,4,198.31,Online
14799,198,2401,2025-03-04,2,105.92,In-Store
14800,156,2101,2023-12-03,2,22.14,In-Store
14801,181,2953,2025-09-12,1,175.0,Online
14802,111,2480,2025-02-24,3,243.55,Online
14803,189,2544,2023-10-23,3,60.42,Online
14804,126,2147,2024-03-25,2,191.39,Online
14805,193,2881,2025-01-22,4,74.03,In-Store
14806,107,2507,2022-08-08,4,177.55,Online
14807,138,2441,2025-10-24,2,185.66,Online
14808,104,2025,2024-10-22,3,65.84,Online
14809,170,2692,2024-09-12,5,59.02,In-Store
14810,127,2449,2025-08-11,1,200.1,Online
14811,131,2188,2024-11-25,4,114.34,In-Store
14812,199,2301,2025-10-16,1,37.68,In-Store
14813,166,2620,2023-05-18,4,152.81,In-Store
14814,153,2949,2025-07-11,5,55.98,Online
14815,140,2238,2024-01-26,3,136.64,Online
14816,123,2178,2025-03-02,5,73.57,Online
14817,196,2220,2025-08-28,4,168.41,Online
14818,153,2904,2024-06-30,5,55.98,Online
14819,176,2213,2025-08-09,5,78.4,Online
14820,103,2381,2025-10-15,5,111.26,In-Store
14821,140,2995,2025-11-29,2,136.64,Online
14822,195,2979,2024-12-11,2,93.92,In-Store
14823,171,2096,2025-07-07,5,104.99,Online
14824,145,2248,2023-10-24,4,62.85,In-Store
14825,134,2410,2024-09-04,5,99.74,In-Store
14826,131,2006,2024-06-11,4,114.34,Online
14827,171,2752,2025-02-05,2,104.99,Online
14828,149,2133,2025-07-08,2,198.31,In-Store
14829,156,2264,2025-10-30,4,22.14,Online
14830,141,2149,2024-09-15,3,232.94,In-Store
14831,175,2173,2025-10-24,2,233.98,Online
14832,154,2792,2023-06-14,4,111.25,In-Store
14833,128,2538,2024-12-04,1,101.59,Online
14834,110,2872,2025-09-01,5,73.49,In-Store
14835,142,2485,2025-04-24,4,248.84,Online
14836,171,2109,2023-04-10,3,104.99,Online
14837,119,2843,2025-11-09,2,212.28,Online
14838,158,2661,2024-02-02,3,126.55,In-Store
14839,128,2114,2024-02-07,2,101.59,Online
14840,194,2036,2025-12-30,5,216.06,Online
14841,130,2273,2025-03-18,2,190.21,In-Store
14842,186,2981,2025-03-05,4,28.06,In-Store
14843,134,2619,2025-05-30,3,99.74,In-Store
14844,168,2314,2025-01-15,2,152.68,In-Store
14845,192,2992,2024-12-13,5,53.05,In-Store
14846,137,2092,2025-09-01,1,67.81,In-Store
14847,188,2896,2024-06-10,2,20.04,In-Store
14848,159,2974,2025-06-15,4,49.51,Online
14849,112,2086,2025-06-02,2,80.36,In-Store
14850,136,2127,2025-10-20,1,220.89,Online
14851,144,2126,2025-09-25,5,15.05,Online
14852,186,2228,2024-08-16,3,28.06,In-Store
14853,163,2485,2024-10-14,1,186.58,In-Store
14854,106,2685,2025-05-10,5,117.81,In-Store
14855,122,2987,2025-02-24,4,167.31,In-Store
14856,144,2374,2025-11-13,2,15.05,Online
14857,133,2947,2025-08-07,3,212.0,In-Store
14858,187,2211,2025-07-10,1,149.8,In-Store
14859,145,2876,2025-01-23,2,62.85,In-Store
14860,115,2097,2025-09-07,4,101.23,In-Store
14861,144,2428,2025-11-10,4,15.05,In-Store
14862,195,2506,2025-05-05,2,93.92,In-Store
14863,154,2245,2025-04-21,5,111.25,Online
14864,103,2414,2025-03-18,1,111.26,Online
14865,142,2547,2025-04-29,3,248.84,In-Store
14866,177,2331,2025-09-16,5,246.12,Online
14867,196,2003,2024-02-18,5,168.41,In-Store
14868,142,2585,2022-04-12,3,248.84,Online
14869,101,2333,2024-03-05,3,187.97,In-Store
14870,106,2360,2022-03-16,2,117.81,In-Store
14871,104,2737,2025-06-11,4,65.84,Online
14872,101,2282,2023-02-07,1,187.97,In-Store
14873,142,2843,2025-10-02,5,248.84,Online
14874,150,2287,2025-10-21,3,33.26,Online
14875,151,2306,2025-08-19,1,108.66,Online
14876,167,2077,2025-01-29,4,235.98,In-Store
14877,131,2427,2024-04-06,2,114.34,In-Store
14878,120,2379,2024-04-23,2,203.21,Online
14879,105,2682,2025-06-06,2,57.72,In-Store
14880,131,2270,2025-03-20,1,114.34,Online
14881,123,2055,2024-06-12,5,73.57,Online
14882,109,2534,2025-02-16,4,101.18,In-Store
14883,171,2011,2024-10-06,1,104.99,Online
14884,172,2453,2025-03-22,4,232.96,Online
14885,129,2531,2025-03-10,5,216.59,In-Store
14886,188,2487,2022-10-04,4,20.04,Online
14887,104,2541,2023-12-11,1,65.84,Online
14888,175,2956,2023-12-27,5,233.98,In-Store
14889,122,2023,2024-06-22,2,167.31,In-Store
14890,116,2455,2024-11-17,5,98.84,In-Store
14891,172,2412,2023-01-23,3,232.96,Online
14892,173,2624,2022-09-30,4,159.08,In-Store
14893,148,2550,2024-11-12,3,139.42,In-Store
14894,167,2598,2024-08-28,4,235.98,In-Store
14895,154,2856,2025-09-08,4,111.25,Online
14896,137,2332,2025-07-10,2,67.81,Online
14897,192,2122,2024-10-16,4,53.05,Online
14898,134,2027,2025-12-05,3,99.74,In-Store
14899,139,2336,2022-07-31,3,168.34,In-Store
14900,141,2225,2025-11-15,2,232.94,In-Store
14901,156,2007,2024-01-04,1,22.14,In-Store
14902,143,2526,2023-09-19,1,39.04,In-Store
14903,104,2110,2024-10-14,1,65.84,In-Store
14904,171,2183,2025-10-15,1,104.99,In-Store
14905,106,2542,2023-06-01,1,117.81,In-Store
14906,106,2946,2025-04-27,4,117.81,Online
14907,138,2838,2024-01-30,3,185.66,In-Store
14908,195,2483,2025-10-22,3,93.92,In-Store
14909,111,2439,2025-07-10,4,243.55,Online
14910,150,2897,2025-02-07,1,33.26,In-Store
14911,197,2556,2023-08-25,2,217.44,In-Store
14912,191,2137,2025-05-05,3,217.51,In-Store
14913,175,2362,2024-04-17,3,233.98,In-Store
14914,195,2686,2025-02-14,1,93.92,In-Store
14915,195,2954,2025-03-21,2,93.92,In-Store
14916,123,2762,2025-01-09,4,73.57,Online
14917,118,2200,2024-05-14,2,120.94,Online
14918,156,2523,2023-12-14,3,22.14,In-Store
14919,131,2138,2025-09-03,4,114.34,In-Store
14920,176,2397,2022-08-13,5,78.4,Online
14921,165,2260,2025-02-12,4,240.59,In-Store
14922,165,2577,2025-07-31,5,240.59,Online
14923,131,2755,2024-02-03,1,114.34,In-Store
14924,111,2722,2025-02-28,1,243.55,Online
14925,147,2792,2024-06-24,2,133.4,In-Store
14926,190,2130,2025-12-07,4,197.23,In-Store
14927,133,2877,2024-01-21,1,212.0,Online
14928,123,2956,2025-11-17,4,73.57,Online
14929,148,2215,2025-09-01,2,139.42,In-Store
14930,142,2984,2024-09-18,2,248.84,Online
14931,105,2358,2023-11-16,1,57.72,In-Store
14932,141,2290,2024-09-13,2,232.94,Online
14933,144,2840,2025-08-08,2,15.05,Online
14934,123,2972,2025-08-12,2,73.57,In-Store
14935,133,2736,2025-01-20,3,212.0,In-Store
14936,116,2876,2023-04-02,1,98.84,In-Store
14937,157,2879,2025-02-02,3,232.33,In-Store
14938,181,2055,2024-04-22,5,175.0,In-Store
14939,101,2956,2023-12-31,2,187.97,Online
14940,179,2294,2025-04-07,2,37.7,In-Store
14941,159,2101,2025-02-19,4,49.51,Online
14942,114,2497,2025-03-23,1,195.54,In-Store
14943,129,2196,2024-11-06,1,216.59,In-Store
14944,143,2732,2023-06-28,2,39.04,In-Store
14945,147,2675,2024-09-26,4,133.4,In-Store
14946,179,2957,2024-10-11,4,37.7,In-Store
14947,105,2380,2025-08-31,2,57.72,Online
14948,158,2184,2023-03-02,3,126.55,In-Store
14949,180,2523,2025-10-03,2,77.62,In-Store
14950,164,2841,2024-05-24,5,22.03,In-Store
14951,183,2748,2024-10-10,3,209.04,In-Store
14952,176,2672,2025-08-03,5,78.4,Online
14953,196,2808,2025-12-17,2,168.41,Online
14954,119,2233,2024-05-26,3,212.28,In-Store
14955,154,2176,2025-04-14,1,111.25,Online
14956,153,2801,2024-09-26,5,55.98,In-Store
14957,125,2927,2025-12-03,3,62.64,Online
14958,154,2169,2025-04-06,5,111.25,Online
14959,138,2831,2025-06-29,5,185.66,In-Store
14960,133,2306,2025-08-25,5,212.0,In-Store
14961,111,2223,2025-01-01,2,243.55,In-Store
14962,126,2189,2025-03-02,4,191.39,In-Store
14963,194,2964,2025-05-23,5,216.06,In-Store
14964,197,2806,2025-06-19,5,217.44,In-Store
14965,118,2865,2025-01-07,1,120.94,In-Store
14966,165,2206,2025-07-16,2,240.59,Online
14967,155,2819,2023-09-24,1,219.88,Online
14968,158,2163,2024-04-04,5,126.55,Online
14969,147,2897,2025-10-06,5,133.4,In-Store
14970,194,2469,2025-09-29,1,216.06,In-Store
14971,109,2004,2025-04-06,3,101.18,In-Store
14972,117,2866,2024-11-13,2,156.19,In-Store
14973,175,2289,2024-01-17,4,233.98,Online
14974,137,2216,2025-05-01,3,67.81,In-Store
14975,196,2945,2024-08-02,2,168.41,In-Store
14976,157,2429,2025-04-19,4,232.33,Online
14977,178,2296,2025-01-14,5,81.85,In-Store
14978,136,2761,2024-01-11,4,220.89,Online
14979,168,2864,2025-10-16,4,152.68,In-Store
14980,195,2209,2025-12-10,1,93.92,In-Store
14981,191,2450,2025-02-17,1,217.51,Online
14982,160,2313,2025-11-23,1,232.36,In-Store
14983,146,2429,2024-10-17,1,26.18,Online
14984,181,2212,2025-06-29,5,175.0,Online
14985,105,2161,2025-11-16,1,57.72,Online
14986,114,2806,2024-12-04,4,195.54,Online
14987,192,2775,2025-05-07,1,53.05,In-Store
14988,178,2449,2025-12-23,4,81.85,In-Store
14989,192,2179,2025-04-24,1,53.05,In-Store
14990,124,2039,2024-09-04,1,112.82,Online
14991,102,2338,2024-12-13,5,186.75,Online
14992,174,2543,2025-08-22,2,139.03,In-Store
14993,116,2465,2024-11-02,4,98.84,In-Store
14994,130,2526,2025-08-21,3,190.21,In-Store
14995,141,2038,2024-10-26,1,232.94,In-Store
14996,137,2263,2025-05-07,1,67.81,In-Store
14997,129,2787,2023-02-15,4,216.59,In-Store
14998,117,2816,2025-04-03,5,156.19,In-Store
14999,137,2499,2023-02-08,4,67.81,Online
15000,104,2073,2025-10-18,2,65.84,In-Store
